Year,Quarter,LocationAbbr,LocationDesc,TopicDesc,MeasureDesc,ProvisionGroupDesc,ProvisionDesc,ProvisionValue,ProvisionAltValue,DataType,Enacted_Date,Effective_Date,GeoLocation,ProvisionGroupID,ProvisionID
1995,4,PR,Puerto Rico,Legislation - Smokefree Indoor Air,Government Worksites,Restrictions,Type of Restriction in Government Worksite,Designated Smoking Area,0,Ranking,1993-08-03,1994-01-30,"(18.220833, -66.590149)",10GRP,1
1995,4,UT,Utah,Legislation - Smokefree Indoor Air,Home-based Day Care Centers,Restrictions,Type of Restriction in Home-Based Day Care,Banned,4,Ranking,1994-03-22,1995-01-01,"(39.360700171000474, -111.58713063499971)",10GRP,65
1995,4,KS,Kansas,Legislation - Smokefree Indoor Air,Smokefree Indoor Air – Other Sites,Restriction Areas,Enclosed Arenas,Designated Areas,3,Ranking,1987-04-14,1987-07-01,"(38.34774030000045, -98.20078122699965)",15GRP,98
1995,4,OR,Oregon,Legislation - Smokefree Indoor Air,Restaurants,Restrictions,Type of Restriction in Restaurant (Summary),Designated Areas,3,Ranking,1981-01-01,1981-12-31,"(44.56744942400047, -120.15503132599969)",10GRP,37
1995,4,MI,Michigan,Legislation - Smokefree Indoor Air,Smokefree Indoor Air – Other Sites,Restriction Areas,Public Transportation,Designated Areas,3,Ranking,1986-07-15,1986-07-15,"(44.6613195430005, -84.71439026999968)",15GRP,99
1995,4,MO,Missouri,Legislation - Smokefree Indoor Air,Restaurants,Restriction Areas,Type of Restriction in Restaurant Patron Area,Designated Areas,3,Ranking,1992-06-11,1992-12-31,"(38.635790776000476, -92.56630005299968)",15GRP,233
1995,4,MO,Missouri,Legislation - Smokefree Indoor Air,Restaurants,Restriction Areas,Type of Restriction in Restaurant Bar Area,Designated Areas,3,Ranking,1992-06-11,1992-12-31,"(38.635790776000476, -92.56630005299968)",15GRP,231
1995,4,ME,Maine,Legislation - Smokefree Indoor Air,Hotels and Motels,Restrictions,Type of Restriction in Lobby and Common Area of Hotel and Motel,Designated Areas,3,Ranking,1993-06-15,1994-01-01,"(45.254228894000505, -68.98503133599962)",10GRP,81
1995,4,NY,New York,Legislation - Smokefree Indoor Air,Commercial Day Care Centers,Restrictions,Type of Restriction in Commercial Day Care,Banned,4,Ranking,1994-07-26,1994-08-25,"(42.82700103200045, -75.54397042699964)",10GRP,50
1995,4,KS,Kansas,Legislation - Smokefree Indoor Air,Restaurants,Restriction Areas,Type of Restriction in Restaurant Employee Area,Designated Areas,3,Ranking,1987-07-01,1987-12-31,"(38.34774030000045, -98.20078122699965)",15GRP,232
1995,4,RI,Rhode Island,Legislation - Smokefree Indoor Air,Restaurants,Restriction Areas,Type of Restriction in Restaurant Employee Area,Designated Areas,3,Ranking,1977-01-01,1977-12-31,"(41.70828019300046, -71.52247031399963)",15GRP,232
1995,4,UT,Utah,Legislation - Smokefree Indoor Air,Commercial Day Care Centers,Restrictions,Type of Restriction in Commercial Day Care,Banned,4,Ranking,1994-03-22,1995-01-01,"(39.360700171000474, -111.58713063499971)",10GRP,50
1995,4,ME,Maine,Legislation - Smokefree Indoor Air,Smokefree Indoor Air – Other Sites,Restriction Areas,Malls,Designated Areas,3,Ranking,1993-06-15,1994-01-01,"(45.254228894000505, -68.98503133599962)",15GRP,96
1995,4,UT,Utah,Legislation - Smokefree Indoor Air,Government Worksites,Restrictions,Type of Restriction in Government Worksite,Banned,4,Ranking,1994-03-22,1995-01-01,"(39.360700171000474, -111.58713063499971)",10GRP,1
1995,4,UT,Utah,Legislation - Smokefree Indoor Air,Restaurants,Restriction Areas,Type of Restriction in Restaurant Bar Area,Banned,4,Ranking,1994-03-22,1995-01-01,"(39.360700171000474, -111.58713063499971)",15GRP,231
1995,4,RI,Rhode Island,Legislation - Smokefree Indoor Air,Restaurants,Restrictions,Type of Restriction in Restaurant (Summary),Designated Areas,3,Ranking,1977-01-01,1977-12-31,"(41.70828019300046, -71.52247031399963)",10GRP,37
1995,4,WA,Washington,Legislation - Smokefree Indoor Air,Smokefree Indoor Air – Other Sites,Restriction Areas,Hospitals,Designated Areas,3,Ranking,1985-05-10,1995-07-28,"(47.52227862900048, -120.47001078999972)",15GRP,100
1995,4,NE,Nebraska,Legislation - Smokefree Indoor Air,Smokefree Indoor Air – Other Sites,Restriction Areas,Public Transportation,Designated Areas,3,Ranking,1979-05-21,1980-01-01,"(41.6410409880005, -99.36572062299967)",15GRP,99
1995,4,MD,Maryland,Legislation - Smokefree Indoor Air,Hotels and Motels,Additional Requirements,Sleeping Room Designation (Type),Smoking Room,3,Ranking,1995-04-27,1995-04-27,"(39.29058096400047, -76.60926011099963)",20GRP,83
1995,4,GA,Georgia,Legislation - Smokefree Indoor Air,Home-based Day Care Centers,Restrictions,Type of Restriction in Home-Based Day Care,Banned,4,Ranking,1994-04-01,1994-07-01,"(32.83968109300048, -83.62758034599966)",10GRP,65
1995,4,SD,South Dakota,Legislation - Smokefree Indoor Air,Commercial Day Care Centers,Restrictions,Type of Restriction in Commercial Day Care,Designated Areas,3,Ranking,1994-03-11,1994-07-01,"(44.353130053000484, -100.3735306369997)",10GRP,50
1995,4,IL,Illinois,Legislation - Smokefree Indoor Air,Restaurants,Restriction Areas,Type of Restriction in Restaurant Bar Area,Designated Areas,3,Ranking,1990-01-01,1990-07-01,"(40.48501028300046, -88.99771017799969)",15GRP,231
1995,4,IL,Illinois,Legislation - Smokefree Indoor Air,Hotels and Motels,Additional Requirements,Sleeping Room Designation (Type),Smoking Room,3,Ranking,1990-01-01,1990-07-01,"(40.48501028300046, -88.99771017799969)",20GRP,83
1995,4,MI,Michigan,Legislation - Smokefree Indoor Air,Smokefree Indoor Air – Other Sites,Restriction Areas,Prisons,Designated Areas,3,Ranking,1992-03-18,1992-06-15,"(44.6613195430005, -84.71439026999968)",15GRP,101
1995,4,OK,Oklahoma,Legislation - Smokefree Indoor Air,Smokefree Indoor Air – Other Sites,Restriction Areas,Enclosed Arenas,Designated Areas,3,Ranking,1987-06-24,1987-11-01,"(35.47203135600046, -97.52107021399968)",15GRP,98
1995,4,CO,Colorado,Legislation - Smokefree Indoor Air,Smokefree Indoor Air – Other Sites,Restriction Areas,Public Transportation,Designated Areas,3,Ranking,1977-07-01,1977-07-01,"(38.843840757000464, -106.13361092099967)",15GRP,99
1995,4,ND,North Dakota,Legislation - Smokefree Indoor Air,Home-based Day Care Centers,Restrictions,Type of Restriction in Home-Based Day Care,Banned,4,Ranking,1993-04-01,1993-08-01,"(47.47531977900047, -100.11842104899966)",10GRP,65
1995,4,FL,Florida,Legislation - Smokefree Indoor Air,Restaurants,Restriction Areas,Type of Restriction in Restaurant Bar Area,Designated Areas,3,Ranking,1985-01-01,1985-01-01,"(28.932040377000476, -81.92896053899966)",15GRP,231
1995,4,NH,New Hampshire,Legislation - Smokefree Indoor Air,Hotels and Motels,Restrictions,Type of Restriction in Lobby and Common Area of Hotel and Motel,Designated Areas,3,Ranking,1990-04-27,1991-01-01,"(43.65595011300047, -71.50036091999965)",10GRP,81
1995,4,SD,South Dakota,Legislation - Smokefree Indoor Air,Home-based Day Care Centers,Restrictions,Type of Restriction in Home-Based Day Care,Designated Areas,3,Ranking,1994-03-11,1994-07-01,"(44.353130053000484, -100.3735306369997)",10GRP,65
1995,4,AK,Alaska,Legislation - Smokefree Indoor Air,Smokefree Indoor Air – Other Sites,Restriction Areas,Prisons,Designated Areas,3,Ranking,1990-05-16,1990-08-14,"(64.84507995700051, -147.72205903599973)",15GRP,101
1995,4,MN,Minnesota,Legislation - Smokefree Indoor Air,Private Worksites,Restrictions,Type of Restriction in Private Worksite,Designated Areas,3,Ranking,1975-06-02,1975-06-02,"(46.35564873600049, -94.79420050299967)",10GRP,20
1995,4,PA,Pennsylvania,Legislation - Smokefree Indoor Air,Smokefree Indoor Air – Other Sites,Restriction Areas,Public Transportation,Designated Areas,3,Ranking,1992-07-09,1992-07-09,"(40.79373015200048, -77.86070029399963)",15GRP,99
1995,4,MD,Maryland,Legislation - Smokefree Indoor Air,Restaurants,Restrictions,Type of Restriction in Restaurant (Summary),Designated Areas,3,Ranking,1995-04-27,1995-04-27,"(39.29058096400047, -76.60926011099963)",10GRP,37
1995,4,MT,Montana,Legislation - Smokefree Indoor Air,Smokefree Indoor Air – Other Sites,Restriction Areas,Grocery Stores,Designated Areas,3,Ranking,1979-03-29,1979-07-01,"(47.06652897200047, -109.42442064499971)",15GRP,97
1995,4,NY,New York,Legislation - Smokefree Indoor Air,Government Worksites,Restrictions,Type of Restriction in Government Worksite,Designated Areas,3,Ranking,1989-07-05,1990-01-01,"(42.82700103200045, -75.54397042699964)",10GRP,1
1995,4,LA,Louisiana,Legislation - Smokefree Indoor Air,Smokefree Indoor Air – Other Sites,Restriction Areas,Public Transportation,Banned,4,Ranking,1992-07-14,1992-08-15,"(31.31266064400046, -92.44568007099969)",15GRP,99
1995,4,MI,Michigan,Legislation - Smokefree Indoor Air,Home-based Day Care Centers,Restrictions,Type of Restriction in Home-Based Day Care,Banned,4,Ranking,1993-10-29,1994-04-01,"(44.6613195430005, -84.71439026999968)",10GRP,65
1995,4,ID,Idaho,Legislation - Smokefree Indoor Air,Restaurants,Restrictions,Type of Restriction in Restaurant (Summary),Designated Areas,3,Ranking,1985-01-01,1985-01-01,"(43.682630005000476, -114.3637300419997)",10GRP,37
1995,4,MO,Missouri,Legislation - Smokefree Indoor Air,Bars,Restriction Areas,Type of Restriction in Bar Employee Area,Designated Areas,3,Ranking,1992-06-11,1992-12-31,"(38.635790776000476, -92.56630005299968)",15GRP,236
1995,4,LA,Louisiana,Legislation - Smokefree Indoor Air,Commercial Day Care Centers,Restrictions,Type of Restriction in Commercial Day Care,Banned,4,Ranking,1993-06-10,1993-08-15,"(31.31266064400046, -92.44568007099969)",10GRP,50
1995,4,GU,Guam,Legislation - Smokefree Indoor Air,Restaurants,Restriction Areas,Type of Restriction in Restaurant Employee Area,Designated Smoking Area,0,Ranking,1992-10-01,1992-11-01,"(13.444304, 144.793731)",15GRP,232
1995,4,ND,North Dakota,Legislation - Smokefree Indoor Air,Commercial Day Care Centers,Restrictions,Type of Restriction in Commercial Day Care,Banned,4,Ranking,1993-04-01,1993-08-01,"(47.47531977900047, -100.11842104899966)",10GRP,50
1995,4,ME,Maine,Legislation - Smokefree Indoor Air,Smokefree Indoor Air – Other Sites,Restriction Areas,Hospitals,Designated Areas,3,Ranking,1989-10-16,1989-10-16,"(45.254228894000505, -68.98503133599962)",15GRP,100
1995,4,MI,Michigan,Legislation - Smokefree Indoor Air,Commercial Day Care Centers,Restrictions,Type of Restriction in Commercial Day Care,Banned,4,Ranking,1993-10-22,1993-10-22,"(44.6613195430005, -84.71439026999968)",10GRP,50
1995,4,NE,Nebraska,Legislation - Smokefree Indoor Air,Private Worksites,Restrictions,Type of Restriction in Private Worksite,Designated Areas,3,Ranking,1979-05-21,1980-01-01,"(41.6410409880005, -99.36572062299967)",10GRP,20
1995,4,MT,Montana,Legislation - Smokefree Indoor Air,Private Worksites,Restrictions,Type of Restriction in Private Worksite,Designated Areas,3,Ranking,1979-03-29,1979-07-01,"(47.06652897200047, -109.42442064499971)",10GRP,20
1995,4,CA,California,Legislation - Smokefree Indoor Air,Home-based Day Care Centers,Restrictions,Type of Restriction in Home-Based Day Care,Banned,4,Ranking,1994-07-21,1995-01-01,"(37.63864012300047, -120.99999953799971)",10GRP,65
1995,4,PA,Pennsylvania,Legislation - Smokefree Indoor Air,Restaurants,Restriction Areas,Type of Restriction in Restaurant Patron Area,Designated Areas,3,Ranking,1988-12-21,1988-12-31,"(40.79373015200048, -77.86070029399963)",15GRP,233
1995,4,NH,New Hampshire,Legislation - Smokefree Indoor Air,Government Worksites,Restrictions,Type of Restriction in Government Worksite,Designated Areas,3,Ranking,1990-04-27,1991-01-01,"(43.65595011300047, -71.50036091999965)",10GRP,1
1995,4,ND,North Dakota,Legislation - Smokefree Indoor Air,Smokefree Indoor Air – Other Sites,Restriction Areas,Public Transportation,Designated Areas,3,Ranking,1987-04-04,1987-07-01,"(47.47531977900047, -100.11842104899966)",15GRP,99
1995,4,MN,Minnesota,Legislation - Smokefree Indoor Air,Government Worksites,Vehicles,Type of Restriction in Government Worksite Vehicle,Banned,4,Ranking,1987-06-04,1990-01-01,"(46.35564873600049, -94.79420050299967)",30GRP,17
1995,4,MI,Michigan,Legislation - Smokefree Indoor Air,Restaurants,Restrictions,Type of Restriction in Restaurant (Summary),Designated Areas,3,Ranking,1993-10-15,1994-04-01,"(44.6613195430005, -84.71439026999968)",10GRP,37
1995,4,IL,Illinois,Legislation - Smokefree Indoor Air,Private Worksites,Restrictions,Type of Restriction in Private Worksite,Designated Areas,3,Ranking,1990-01-01,1990-07-01,"(40.48501028300046, -88.99771017799969)",10GRP,20
1995,4,IA,Iowa,Legislation - Smokefree Indoor Air,Restaurants,Restriction Areas,Type of Restriction in Restaurant Employee Area,Designated Areas,3,Ranking,1990-04-24,1990-04-24,"(42.46940091300047, -93.81649055599968)",15GRP,232
1995,4,VT,Vermont,Legislation - Smokefree Indoor Air,Restaurants,Restriction Areas,Type of Restriction in Restaurant Employee Area,Designated Areas,3,Ranking,1993-05-28,1993-07-01,"(43.62538123900049, -72.51764079099962)",15GRP,232
1995,4,WA,Washington,Legislation - Smokefree Indoor Air,Smokefree Indoor Air – Other Sites,Restriction Areas,Enclosed Arenas,Designated Areas,3,Ranking,1985-05-10,1985-07-28,"(47.52227862900048, -120.47001078999972)",15GRP,98
1995,4,GU,Guam,Legislation - Smokefree Indoor Air,Smokefree Indoor Air – Other Sites,Restriction Areas,Public Transportation,Banned,4,Ranking,1992-10-01,1992-11-01,"(13.444304, 144.793731)",15GRP,99
1995,4,MO,Missouri,Legislation - Smokefree Indoor Air,Home-based Day Care Centers,Restrictions,Type of Restriction in Home-Based Day Care,Banned,4,Ranking,1993-06-15,1993-09-13,"(38.635790776000476, -92.56630005299968)",10GRP,65
1995,4,HI,Hawaii,Legislation - Smokefree Indoor Air,Restaurants,Restriction Areas,Type of Restriction in Restaurant Employee Area,Designated Areas,3,Ranking,1987-01-01,1987-01-01,"(21.304850435000446, -157.85774940299973)",15GRP,232
1995,4,GU,Guam,Legislation - Smokefree Indoor Air,Smokefree Indoor Air – Other Sites,Restriction Areas,Grocery Stores,Designated Smoking Area,0,Ranking,1992-10-01,1992-11-01,"(13.444304, 144.793731)",15GRP,97
1995,4,PA,Pennsylvania,Legislation - Smokefree Indoor Air,Restaurants,Restriction Areas,Type of Restriction in Restaurant Bar Area,Designated Areas,3,Ranking,1988-12-21,1988-12-31,"(40.79373015200048, -77.86070029399963)",15GRP,231
1995,4,VT,Vermont,Legislation - Smokefree Indoor Air,Hotels and Motels,Restrictions,Type of Restriction in Lobby and Common Area of Hotel and Motel,Banned,4,Ranking,1993-06-03,1995-01-01,"(43.62538123900049, -72.51764079099962)",10GRP,81
1995,4,MN,Minnesota,Legislation - Smokefree Indoor Air,Restaurants,Restriction Areas,Type of Restriction in Restaurant Employee Area,Designated Areas,3,Ranking,1975-01-01,1975-01-01,"(46.35564873600049, -94.79420050299967)",15GRP,232
1995,4,VA,Virginia,Legislation - Smokefree Indoor Air,Smokefree Indoor Air – Other Sites,Restriction Areas,Grocery Stores,Designated Areas,3,Ranking,1990-04-18,1991-07-01,"(37.54268067400045, -78.45789046299967)",15GRP,97
1995,4,NE,Nebraska,Legislation - Smokefree Indoor Air,Smokefree Indoor Air – Other Sites,Restriction Areas,Hospitals,Designated Areas,3,Ranking,1979-05-21,1980-01-01,"(41.6410409880005, -99.36572062299967)",15GRP,100
1995,4,DC,District of Columbia,Legislation - Smokefree Indoor Air,Restaurants,Restriction Areas,Type of Restriction in Restaurant Employee Area,Designated Areas,3,Ranking,1990-12-14,1991-02-14,"(38.89037138500049, -77.03196112699965)",15GRP,232
1995,4,MN,Minnesota,Legislation - Smokefree Indoor Air,Home-based Day Care Centers,Restrictions,Type of Restriction in Home-Based Day Care,Banned,4,Ranking,1987-06-04,1990-01-01,"(46.35564873600049, -94.79420050299967)",10GRP,65
1995,4,GA,Georgia,Legislation - Smokefree Indoor Air,Commercial Day Care Centers,Restrictions,Type of Restriction in Commercial Day Care,Banned,4,Ranking,1994-04-01,1994-07-01,"(32.83968109300048, -83.62758034599966)",10GRP,50
1995,4,IL,Illinois,Legislation - Smokefree Indoor Air,Commercial Day Care Centers,Restrictions,Type of Restriction in Commercial Day Care,Banned,4,Ranking,1993-07-20,1994-01-01,"(40.48501028300046, -88.99771017799969)",10GRP,50
1995,4,ID,Idaho,Legislation - Smokefree Indoor Air,Smokefree Indoor Air – Other Sites,Restriction Areas,Grocery Stores,Designated Areas,3,Ranking,1985-03-11,1986-01-01,"(43.682630005000476, -114.3637300419997)",15GRP,97
1995,4,UT,Utah,Legislation - Smokefree Indoor Air,Restaurants,Restriction Areas,Type of Restriction in Restaurant Patron Area,Banned,4,Ranking,1994-03-22,1995-01-01,"(39.360700171000474, -111.58713063499971)",15GRP,233
1995,4,IA,Iowa,Legislation - Smokefree Indoor Air,Smokefree Indoor Air – Other Sites,Restriction Areas,Enclosed Arenas,Designated Areas,3,Ranking,1987-06-08,1987-07-01,"(42.46940091300047, -93.81649055599968)",15GRP,98
1995,4,SD,South Dakota,Legislation - Smokefree Indoor Air,Smokefree Indoor Air – Other Sites,Restriction Areas,Public Transportation,Designated Areas,3,Ranking,1974-02-22,1974-05-23,"(44.353130053000484, -100.3735306369997)",15GRP,99
1995,4,PA,Pennsylvania,Legislation - Smokefree Indoor Air,Private Worksites,Restrictions,Type of Restriction in Private Worksite,Designated Areas,3,Ranking,1988-12-21,1989-02-19,"(40.79373015200048, -77.86070029399963)",10GRP,20
1995,4,NH,New Hampshire,Legislation - Smokefree Indoor Air,Restaurants,Restrictions,Type of Restriction in Restaurant (Summary),Designated Areas,3,Ranking,1990-04-27,1991-01-01,"(43.65595011300047, -71.50036091999965)",10GRP,37
1995,4,DC,District of Columbia,Legislation - Smokefree Indoor Air,Government Worksites,Vehicles,Type of Restriction in Government Worksite Vehicle,Banned,4,Ranking,1979-01-01,1979-01-01,"(38.89037138500049, -77.03196112699965)",30GRP,17
1995,4,UT,Utah,Legislation - Smokefree Indoor Air,Hotels and Motels,Restrictions,Type of Restriction in Lobby and Common Area of Hotel and Motel,Banned,4,Ranking,1994-03-22,1995-01-01,"(39.360700171000474, -111.58713063499971)",10GRP,81
1995,4,IL,Illinois,Legislation - Smokefree Indoor Air,Home-based Day Care Centers,Restrictions,Type of Restriction in Home-Based Day Care,Banned,4,Ranking,1993-07-20,1994-01-01,"(40.48501028300046, -88.99771017799969)",10GRP,65
1995,4,PW,Palau,Legislation - Smokefree Indoor Air,Government Worksites,Restrictions,Type of Restriction in Government Worksite,Banned,4,Ranking,1991-11-11,1991-11-11,"(7.514979999999999, 134.58251999999993)",10GRP,1
1995,4,OR,Oregon,Legislation - Smokefree Indoor Air,Restaurants,Restriction Areas,Type of Restriction in Restaurant Bar Area,Designated Areas,3,Ranking,1981-01-01,1981-12-31,"(44.56744942400047, -120.15503132599969)",15GRP,231
1995,4,NV,Nevada,Legislation - Smokefree Indoor Air,Commercial Day Care Centers,Restrictions,Type of Restriction in Commercial Day Care,Designated Areas,3,Ranking,1989-06-21,1989-06-21,"(39.493240390000494, -117.07184056399967)",10GRP,50
1995,4,OH,Ohio,Legislation - Smokefree Indoor Air,Government Worksites,Restrictions,Type of Restriction in Government Worksite,Banned,4,Ranking,1993-01-08,1993-01-08,"(40.06021014100048, -82.40426005599966)",10GRP,1
1995,4,IA,Iowa,Legislation - Smokefree Indoor Air,Smokefree Indoor Air – Other Sites,Restriction Areas,Hospitals,Designated Areas,3,Ranking,1987-06-08,1987-07-01,"(42.46940091300047, -93.81649055599968)",15GRP,100
1995,4,VA,Virginia,Legislation - Smokefree Indoor Air,Restaurants,Restrictions,Type of Restriction in Restaurant (Summary),Designated Areas,3,Ranking,1990-04-18,1990-12-31,"(37.54268067400045, -78.45789046299967)",10GRP,37
1995,4,NE,Nebraska,Legislation - Smokefree Indoor Air,Smokefree Indoor Air – Other Sites,Restriction Areas,Grocery Stores,Designated Areas,3,Ranking,1979-05-21,1980-01-01,"(41.6410409880005, -99.36572062299967)",15GRP,97
1995,4,DC,District of Columbia,Legislation - Smokefree Indoor Air,Restaurants,Restrictions,Type of Restriction in Restaurant (Summary),Designated Areas,3,Ranking,1990-12-14,1991-02-14,"(38.89037138500049, -77.03196112699965)",10GRP,37
1995,4,NV,Nevada,Legislation - Smokefree Indoor Air,Smokefree Indoor Air – Other Sites,Restriction Areas,Public Transportation,Designated Areas,3,Ranking,1975-05-05,1975-05-05,"(39.493240390000494, -117.07184056399967)",15GRP,99
1995,4,PR,Puerto Rico,Legislation - Smokefree Indoor Air,Smokefree Indoor Air – Other Sites,Restriction Areas,Mental Health - Outpatient Facilities,Designated Smoking Area,0,Ranking,1993-08-03,1994-01-30,"(18.220833, -66.590149)",15GRP,340
1995,4,NY,New York,Legislation - Smokefree Indoor Air,Restaurants,Restrictions,Type of Restriction in Restaurant (Summary),Designated Areas,3,Ranking,1989-07-05,1990-01-01,"(42.82700103200045, -75.54397042699964)",10GRP,37
1995,4,MN,Minnesota,Legislation - Smokefree Indoor Air,Smokefree Indoor Air – Other Sites,Restriction Areas,Grocery Stores,Designated Areas,3,Ranking,1975-06-02,1975-06-02,"(46.35564873600049, -94.79420050299967)",15GRP,97
1995,4,NH,New Hampshire,Legislation - Smokefree Indoor Air,Smokefree Indoor Air – Other Sites,Restriction Areas,Hospitals,Banned,4,Ranking,1990-04-27,1991-01-01,"(43.65595011300047, -71.50036091999965)",15GRP,100
1995,4,MA,Massachusetts,Legislation - Smokefree Indoor Air,Smokefree Indoor Air – Other Sites,Restriction Areas,Hospitals,Designated Areas,3,Ranking,1988-01-14,1988-04-13,"(42.27687047000046, -72.08269067499964)",15GRP,100
1995,4,ND,North Dakota,Legislation - Smokefree Indoor Air,Restaurants,Restrictions,Type of Restriction in Restaurant (Summary),Designated Areas,3,Ranking,1993-01-01,1993-12-31,"(47.47531977900047, -100.11842104899966)",10GRP,37
1995,4,UT,Utah,Legislation - Smokefree Indoor Air,Restaurants,Restrictions,Type of Restriction in Restaurant (Summary),Banned,4,Ranking,1994-03-22,1995-01-01,"(39.360700171000474, -111.58713063499971)",10GRP,37
1995,4,CA,California,Legislation - Smokefree Indoor Air,Hotels and Motels,Restrictions,Type of Restriction in Lobby and Common Area of Hotel and Motel,Designated Areas,3,Ranking,1994-07-21,1995-01-01,"(37.63864012300047, -120.99999953799971)",10GRP,81
1995,4,RI,Rhode Island,Legislation - Smokefree Indoor Air,Government Worksites,Restrictions,Type of Restriction in Government Worksite,Designated Areas,3,Ranking,1986-06-27,1986-06-27,"(41.70828019300046, -71.52247031399963)",10GRP,1
1995,4,SC,South Carolina,Legislation - Smokefree Indoor Air,Smokefree Indoor Air – Other Sites,Restriction Areas,Hospitals,Designated Areas,3,Ranking,1990-05-30,1990-08-01,"(33.998821303000454, -81.04537120699968)",15GRP,100
1995,4,DC,District of Columbia,Legislation - Smokefree Indoor Air,Government Worksites,Restrictions,Type of Restriction in Government Worksite,Designated Areas,3,Ranking,1979-07-09,1979-09-28,"(38.89037138500049, -77.03196112699965)",10GRP,1
1995,4,CO,Colorado,Legislation - Smokefree Indoor Air,Home-based Day Care Centers,Restrictions,Type of Restriction in Home-Based Day Care,Banned,4,Ranking,1994-04-19,1994-04-19,"(38.843840757000464, -106.13361092099967)",10GRP,65
1995,4,MO,Missouri,Legislation - Smokefree Indoor Air,Smokefree Indoor Air – Other Sites,Restriction Areas,Public Transportation,Designated Areas,3,Ranking,1992-06-11,1992-08-13,"(38.635790776000476, -92.56630005299968)",15GRP,99
1995,4,UT,Utah,Legislation - Smokefree Indoor Air,Smokefree Indoor Air – Other Sites,Restriction Areas,Enclosed Arenas,Banned,4,Ranking,1994-03-22,1995-01-01,"(39.360700171000474, -111.58713063499971)",15GRP,98
1995,4,NY,New York,Legislation - Smokefree Indoor Air,Smokefree Indoor Air – Other Sites,Restriction Areas,Grocery Stores,Designated Areas,3,Ranking,1989-07-05,1990-01-01,"(42.82700103200045, -75.54397042699964)",15GRP,97
1995,4,NY,New York,Legislation - Smokefree Indoor Air,Smokefree Indoor Air – Other Sites,Restriction Areas,Public Transportation,Banned,4,Ranking,1989-07-05,1990-01-01,"(42.82700103200045, -75.54397042699964)",15GRP,99
1995,4,UT,Utah,Legislation - Smokefree Indoor Air,Smokefree Indoor Air – Other Sites,Restriction Areas,Hospitals,Designated Areas,3,Ranking,1994-03-22,1995-01-01,"(39.360700171000474, -111.58713063499971)",15GRP,100
1995,4,OR,Oregon,Legislation - Smokefree Indoor Air,Smokefree Indoor Air – Other Sites,Restriction Areas,Enclosed Arenas,Designated Areas,3,Ranking,1981-07-21,1983-07-01,"(44.56744942400047, -120.15503132599969)",15GRP,98
1995,4,CO,Colorado,Legislation - Smokefree Indoor Air,Commercial Day Care Centers,Restrictions,Type of Restriction in Commercial Day Care,Banned,4,Ranking,1994-04-19,1994-04-19,"(38.843840757000464, -106.13361092099967)",10GRP,50
1995,4,NE,Nebraska,Legislation - Smokefree Indoor Air,Government Worksites,Restrictions,Type of Restriction in Government Worksite,Designated Areas,3,Ranking,1979-05-21,1980-01-01,"(41.6410409880005, -99.36572062299967)",10GRP,1
1995,4,IL,Illinois,Legislation - Smokefree Indoor Air,Restaurants,Restriction Areas,Type of Restriction in Restaurant Patron Area,Designated Areas,3,Ranking,1990-01-01,1990-07-01,"(40.48501028300046, -88.99771017799969)",15GRP,233
1995,4,ID,Idaho,Legislation - Smokefree Indoor Air,Government Worksites,Restrictions,Type of Restriction in Government Worksite,Banned,4,Ranking,1992-01-07,1992-01-07,"(43.682630005000476, -114.3637300419997)",10GRP,1
1995,4,MO,Missouri,Legislation - Smokefree Indoor Air,Government Worksites,Restrictions,Type of Restriction in Government Worksite,Designated Areas,3,Ranking,1992-06-11,1992-08-28,"(38.635790776000476, -92.56630005299968)",10GRP,1
1995,4,CT,Connecticut,Legislation - Smokefree Indoor Air,Restaurants,Restriction Areas,Type of Restriction in Restaurant Patron Area,Designated Areas,3,Ranking,1979-01-01,1979-12-31,"(41.56266102000046, -72.64984095199964)",15GRP,233
1995,4,MA,Massachusetts,Legislation - Smokefree Indoor Air,Smokefree Indoor Air – Other Sites,Restriction Areas,Grocery Stores,Banned,4,Ranking,1988-01-14,1988-04-13,"(42.27687047000046, -72.08269067499964)",15GRP,97
1995,4,MI,Michigan,Legislation - Smokefree Indoor Air,Restaurants,Restriction Areas,Type of Restriction in Restaurant Patron Area,Designated Areas,3,Ranking,1993-10-15,1994-04-01,"(44.6613195430005, -84.71439026999968)",15GRP,233
1995,4,KS,Kansas,Legislation - Smokefree Indoor Air,Restaurants,Restriction Areas,Type of Restriction in Restaurant Bar Area,Designated Areas,3,Ranking,1987-07-01,1987-12-31,"(38.34774030000045, -98.20078122699965)",15GRP,231
1995,4,MN,Minnesota,Legislation - Smokefree Indoor Air,Private Worksites,Vehicles,Type of Restriction in Private Worksite Vehicle,Banned,4,Ranking,1987-06-04,1990-01-01,"(46.35564873600049, -94.79420050299967)",30GRP,34
1995,4,NV,Nevada,Legislation - Smokefree Indoor Air,Smokefree Indoor Air – Other Sites,Restriction Areas,Grocery Stores,Designated Areas,3,Ranking,1987-05-21,1987-05-21,"(39.493240390000494, -117.07184056399967)",15GRP,97
1995,4,NV,Nevada,Legislation - Smokefree Indoor Air,Restaurants,Restrictions,Type of Restriction in Restaurant (Summary),Designated Areas,3,Ranking,1991-06-06,1991-10-01,"(39.493240390000494, -117.07184056399967)",10GRP,37
1995,4,DE,Delaware,Legislation - Smokefree Indoor Air,Private Worksites,Restrictions,Type of Restriction in Private Worksite,Designated Areas,3,Ranking,1994-06-28,1994-06-28,"(39.008830667000495, -75.57774116799965)",10GRP,20
1995,4,NV,Nevada,Legislation - Smokefree Indoor Air,Restaurants,Restriction Areas,Type of Restriction in Restaurant Bar Area,Designated Areas,3,Ranking,1991-06-06,1991-10-01,"(39.493240390000494, -117.07184056399967)",15GRP,231
1995,4,WI,Wisconsin,Legislation - Smokefree Indoor Air,Smokefree Indoor Air – Other Sites,Restriction Areas,Hospitals,Banned,4,Ranking,1984-04-18,1984-04-26,"(44.39319117400049, -89.81637074199966)",15GRP,100
1995,4,OR,Oregon,Legislation - Smokefree Indoor Air,Restaurants,Restriction Areas,Type of Restriction in Restaurant Employee Area,Designated Areas,3,Ranking,1981-01-01,1981-12-31,"(44.56744942400047, -120.15503132599969)",15GRP,232
1995,4,MN,Minnesota,Legislation - Smokefree Indoor Air,Smokefree Indoor Air – Other Sites,Restriction Areas,Enclosed Arenas,Designated Areas,3,Ranking,1975-06-02,1975-06-02,"(46.35564873600049, -94.79420050299967)",15GRP,98
1995,4,DE,Delaware,Legislation - Smokefree Indoor Air,Restaurants,Restrictions,Type of Restriction in Restaurant (Summary),Designated Areas,3,Ranking,1994-06-28,1994-06-28,"(39.008830667000495, -75.57774116799965)",10GRP,37
1995,4,NY,New York,Legislation - Smokefree Indoor Air,Smokefree Indoor Air – Other Sites,Restriction Areas,Hospitals,Designated Areas,3,Ranking,1989-07-05,1990-01-01,"(42.82700103200045, -75.54397042699964)",15GRP,100
1995,4,MO,Missouri,Legislation - Smokefree Indoor Air,Commercial Day Care Centers,Restrictions,Type of Restriction in Commercial Day Care,Banned,4,Ranking,1993-06-15,1993-09-13,"(38.635790776000476, -92.56630005299968)",10GRP,50
1995,4,UT,Utah,Legislation - Smokefree Indoor Air,Hotels and Motels,Additional Requirements,Sleeping Room Designation (Type),Smoking Room,3,Ranking,1994-03-22,1995-01-01,"(39.360700171000474, -111.58713063499971)",20GRP,83
1995,4,DE,Delaware,Legislation - Smokefree Indoor Air,Smokefree Indoor Air – Other Sites,Restriction Areas,Public Transportation,Banned,4,Ranking,1994-06-28,1994-06-28,"(39.008830667000495, -75.57774116799965)",15GRP,99
1995,4,RI,Rhode Island,Legislation - Smokefree Indoor Air,Smokefree Indoor Air – Other Sites,Restriction Areas,Hospitals,Designated Areas,3,Ranking,1977-05-17,1977-07-16,"(41.70828019300046, -71.52247031399963)",15GRP,100
1995,4,KS,Kansas,Legislation - Smokefree Indoor Air,Home-based Day Care Centers,Restrictions,Type of Restriction in Home-Based Day Care,Banned,4,Ranking,1994-04-25,1994-07-01,"(38.34774030000045, -98.20078122699965)",10GRP,65
1995,4,LA,Louisiana,Legislation - Smokefree Indoor Air,Private Worksites,Restrictions,Type of Restriction in Private Worksite,Designated Areas,3,Ranking,1992-07-14,1992-08-15,"(31.31266064400046, -92.44568007099969)",10GRP,20
1995,4,VA,Virginia,Legislation - Smokefree Indoor Air,Restaurants,Restriction Areas,Type of Restriction in Restaurant Patron Area,Designated Areas,3,Ranking,1990-04-18,1990-12-31,"(37.54268067400045, -78.45789046299967)",15GRP,233
1995,4,SC,South Carolina,Legislation - Smokefree Indoor Air,Home-based Day Care Centers,Restrictions,Type of Restriction in Home-Based Day Care,Banned,4,Ranking,1994-03-01,1994-03-01,"(33.998821303000454, -81.04537120699968)",10GRP,65
1995,4,NH,New Hampshire,Legislation - Smokefree Indoor Air,Smokefree Indoor Air – Other Sites,Restriction Areas,Public Transportation,Banned,4,Ranking,1990-04-27,1991-01-01,"(43.65595011300047, -71.50036091999965)",15GRP,99
1995,4,PR,Puerto Rico,Legislation - Smokefree Indoor Air,Smokefree Indoor Air – Other Sites,Restriction Areas,Substance Use - Residential Facilities,Designated Smoking Area,0,Ranking,1993-08-03,1994-01-30,"(18.220833, -66.590149)",15GRP,339
1995,4,DC,District of Columbia,Legislation - Smokefree Indoor Air,Restaurants,Restriction Areas,Type of Restriction in Restaurant Patron Area,Designated Areas,3,Ranking,1990-12-14,1991-02-14,"(38.89037138500049, -77.03196112699965)",15GRP,233
1995,4,TN,Tennessee,Legislation - Smokefree Indoor Air,Smokefree Indoor Air – Other Sites,Restriction Areas,Hospitals,Designated Areas,3,Ranking,1995-06-12,1995-07-01,"(35.68094058000048, -85.77449091399967)",15GRP,100
1995,4,TX,Texas,Legislation - Smokefree Indoor Air,Smokefree Indoor Air – Other Sites,Restriction Areas,Hospitals,Designated Areas,3,Ranking,1975-05-23,1975-09-01,"(31.827240407000488, -99.42677020599967)",15GRP,100
1995,4,VT,Vermont,Legislation - Smokefree Indoor Air,Restaurants,Restrictions,Type of Restriction in Restaurant (Summary),Designated Areas,3,Ranking,1993-05-28,1993-07-01,"(43.62538123900049, -72.51764079099962)",10GRP,37
1995,4,AZ,Arizona,Legislation - Smokefree Indoor Air,Smokefree Indoor Air – Other Sites,Restriction Areas,Public Transportation,Designated Areas,3,Ranking,1973-05-04,1973-08-08,"(34.865970280000454, -111.76381127699972)",15GRP,99
1995,4,NE,Nebraska,Legislation - Smokefree Indoor Air,Restaurants,Restrictions,Type of Restriction in Restaurant (Summary),Designated Areas,3,Ranking,1979-01-01,1979-12-31,"(41.6410409880005, -99.36572062299967)",10GRP,37
1995,4,MD,Maryland,Legislation - Smokefree Indoor Air,Restaurants,Restriction Areas,Type of Restriction in Restaurant Patron Area,Designated Areas,3,Ranking,1995-04-27,1995-04-27,"(39.29058096400047, -76.60926011099963)",15GRP,233
1995,4,NE,Nebraska,Legislation - Smokefree Indoor Air,Smokefree Indoor Air – Other Sites,Restriction Areas,Enclosed Arenas,Designated Areas,3,Ranking,1979-05-21,1980-01-01,"(41.6410409880005, -99.36572062299967)",15GRP,98
1995,4,VT,Vermont,Legislation - Smokefree Indoor Air,Restaurants,Restriction Areas,Type of Restriction in Restaurant Bar Area,Banned,4,Ranking,1993-05-28,1993-07-01,"(43.62538123900049, -72.51764079099962)",15GRP,231
1995,4,MD,Maryland,Legislation - Smokefree Indoor Air,Hotels and Motels,Restrictions,Type of Restriction in Lobby and Common Area of Hotel and Motel,Banned,4,Ranking,1995-04-27,1995-04-27,"(39.29058096400047, -76.60926011099963)",10GRP,81
1995,4,IL,Illinois,Legislation - Smokefree Indoor Air,Hotels and Motels,Restrictions,Type of Restriction in Lobby and Common Area of Hotel and Motel,Designated Areas,3,Ranking,1990-01-09,1990-07-01,"(40.48501028300046, -88.99771017799969)",10GRP,81
1995,4,NV,Nevada,Legislation - Smokefree Indoor Air,Government Worksites,Restrictions,Type of Restriction in Government Worksite,Designated Areas,3,Ranking,1977-05-05,1977-05-05,"(39.493240390000494, -117.07184056399967)",10GRP,1
1995,4,WI,Wisconsin,Legislation - Smokefree Indoor Air,Restaurants,Restriction Areas,Type of Restriction in Restaurant Patron Area,Designated Areas,3,Ranking,1983-01-01,1983-12-31,"(44.39319117400049, -89.81637074199966)",15GRP,233
1995,4,NY,New York,Legislation - Smokefree Indoor Air,Private Worksites,Restrictions,Type of Restriction in Private Worksite,Designated Areas,3,Ranking,1989-07-05,1990-04-01,"(42.82700103200045, -75.54397042699964)",10GRP,20
1995,4,UT,Utah,Legislation - Smokefree Indoor Air,Smokefree Indoor Air – Other Sites,Restriction Areas,Public Transportation,Banned,4,Ranking,1994-03-22,1995-01-01,"(39.360700171000474, -111.58713063499971)",15GRP,99
1995,4,IL,Illinois,Legislation - Smokefree Indoor Air,Restaurants,Restrictions,Type of Restriction in Restaurant (Summary),Designated Areas,3,Ranking,1990-01-01,1990-07-01,"(40.48501028300046, -88.99771017799969)",10GRP,37
1995,4,SC,South Carolina,Legislation - Smokefree Indoor Air,Smokefree Indoor Air – Other Sites,Restriction Areas,Public Transportation,Banned,4,Ranking,1990-05-30,1990-08-01,"(33.998821303000454, -81.04537120699968)",15GRP,99
1995,4,HI,Hawaii,Legislation - Smokefree Indoor Air,Home-based Day Care Centers,Restrictions,Type of Restriction in Home-Based Day Care,Banned,4,Ranking,1993-04-26,1993-04-26,"(21.304850435000446, -157.85774940299973)",10GRP,65
1995,4,NE,Nebraska,Legislation - Smokefree Indoor Air,Bars,Restriction Areas,Type of Restriction in Bar Employee Area,Designated Areas,3,Ranking,1979-01-01,1979-12-31,"(41.6410409880005, -99.36572062299967)",15GRP,236
1995,4,WI,Wisconsin,Legislation - Smokefree Indoor Air,Restaurants,Restrictions,Type of Restriction in Restaurant (Summary),Designated Areas,3,Ranking,1983-01-01,1983-12-31,"(44.39319117400049, -89.81637074199966)",10GRP,37
1995,4,RI,Rhode Island,Legislation - Smokefree Indoor Air,Restaurants,Restriction Areas,Type of Restriction in Restaurant Patron Area,Designated Areas,3,Ranking,1977-01-01,1977-12-31,"(41.70828019300046, -71.52247031399963)",15GRP,233
1995,4,KS,Kansas,Legislation - Smokefree Indoor Air,Smokefree Indoor Air – Other Sites,Restriction Areas,Public Transportation,Banned,4,Ranking,1987-04-14,1987-07-01,"(38.34774030000045, -98.20078122699965)",15GRP,99
1995,4,OR,Oregon,Legislation - Smokefree Indoor Air,Restaurants,Restriction Areas,Type of Restriction in Restaurant Patron Area,Designated Areas,3,Ranking,1981-01-01,1981-12-31,"(44.56744942400047, -120.15503132599969)",15GRP,233
1995,4,HI,Hawaii,Legislation - Smokefree Indoor Air,Restaurants,Restriction Areas,Type of Restriction in Restaurant Bar Area,Designated Areas,3,Ranking,1987-01-01,1987-01-01,"(21.304850435000446, -157.85774940299973)",15GRP,231
1995,4,CA,California,Legislation - Smokefree Indoor Air,Restaurants,Restriction Areas,Type of Restriction in Restaurant Patron Area,Banned,4,Ranking,1994-07-21,1995-01-01,"(37.63864012300047, -120.99999953799971)",15GRP,233
1995,4,GU,Guam,Legislation - Smokefree Indoor Air,Commercial Day Care Centers,Restrictions,Type of Restriction in Commercial Day Care,Designated Smoking Area,0,Ranking,1992-10-01,1992-11-01,"(13.444304, 144.793731)",10GRP,50
1995,4,VT,Vermont,Legislation - Smokefree Indoor Air,Government Worksites,Restrictions,Type of Restriction in Government Worksite,Designated Areas,3,Ranking,1993-05-28,1993-07-01,"(43.62538123900049, -72.51764079099962)",10GRP,1
1995,4,FL,Florida,Legislation - Smokefree Indoor Air,Restaurants,Restriction Areas,Type of Restriction in Restaurant Employee Area,Designated Areas,3,Ranking,1985-01-01,1985-01-01,"(28.932040377000476, -81.92896053899966)",15GRP,232
1995,4,GU,Guam,Legislation - Smokefree Indoor Air,Restaurants,Restriction Areas,Type of Restriction in Restaurant Patron Area,Designated Smoking Area,0,Ranking,1992-10-01,1992-11-01,"(13.444304, 144.793731)",15GRP,233
1995,4,MI,Michigan,Legislation - Smokefree Indoor Air,Smokefree Indoor Air – Other Sites,Restriction Areas,Enclosed Arenas,Designated Areas,3,Ranking,1986-07-15,1986-07-15,"(44.6613195430005, -84.71439026999968)",15GRP,98
1995,4,AK,Alaska,Legislation - Smokefree Indoor Air,Restaurants,Restrictions,Type of Restriction in Restaurant (Summary),Designated Areas,3,Ranking,1975-01-01,1975-12-31,"(64.84507995700051, -147.72205903599973)",10GRP,37
1995,4,MA,Massachusetts,Legislation - Smokefree Indoor Air,Restaurants,Restrictions,Type of Restriction in Restaurant (Summary),Designated Areas,3,Ranking,1990-06-26,1990-09-24,"(42.27687047000046, -72.08269067499964)",10GRP,37
1995,4,DE,Delaware,Legislation - Smokefree Indoor Air,Restaurants,Restriction Areas,Type of Restriction in Restaurant Employee Area,Designated Areas,3,Ranking,1994-06-28,1994-06-28,"(39.008830667000495, -75.57774116799965)",15GRP,232
1995,4,FL,Florida,Legislation - Smokefree Indoor Air,Hotels and Motels,Restrictions,Type of Restriction in Lobby and Common Area of Hotel and Motel,Designated Areas,3,Ranking,1992-04-10,1992-10-01,"(28.932040377000476, -81.92896053899966)",10GRP,81
1995,4,PR,Puerto Rico,Legislation - Smokefree Indoor Air,Smokefree Indoor Air – Other Sites,Restriction Areas,Substance Use - Outpatient Facilities,Designated Smoking Area,0,Ranking,1993-08-03,1994-01-30,"(18.220833, -66.590149)",15GRP,338
1995,4,NH,New Hampshire,Legislation - Smokefree Indoor Air,Restaurants,Restriction Areas,Type of Restriction in Restaurant Employee Area,Designated Areas,3,Ranking,1990-04-27,1991-01-01,"(43.65595011300047, -71.50036091999965)",15GRP,232
1995,4,IA,Iowa,Legislation - Smokefree Indoor Air,Smokefree Indoor Air – Other Sites,Restriction Areas,Malls,Designated Areas,3,Ranking,1990-04-24,1990-07-01,"(42.46940091300047, -93.81649055599968)",15GRP,96
1995,4,VT,Vermont,Legislation - Smokefree Indoor Air,Smokefree Indoor Air – Other Sites,Restriction Areas,Enclosed Arenas,Designated Areas,3,Ranking,1993-05-28,1993-07-01,"(43.62538123900049, -72.51764079099962)",15GRP,98
1995,4,MA,Massachusetts,Legislation - Smokefree Indoor Air,Government Worksites,Restrictions,Type of Restriction in Government Worksite,Designated Areas,3,Ranking,1988-01-14,1988-04-13,"(42.27687047000046, -72.08269067499964)",10GRP,1
1995,4,PA,Pennsylvania,Legislation - Smokefree Indoor Air,Government Worksites,Restrictions,Type of Restriction in Government Worksite,Designated Areas,3,Ranking,1988-12-21,1989-02-19,"(40.79373015200048, -77.86070029399963)",10GRP,1
1995,4,VT,Vermont,Legislation - Smokefree Indoor Air,Bars,Restriction Areas,Type of Restriction in Bar Employee Area,Designated Areas,3,Ranking,1993-05-28,1993-07-01,"(43.62538123900049, -72.51764079099962)",15GRP,236
1995,4,MN,Minnesota,Legislation - Smokefree Indoor Air,Restaurants,Restriction Areas,Type of Restriction in Restaurant Bar Area,Designated Areas,3,Ranking,1975-01-01,1975-01-01,"(46.35564873600049, -94.79420050299967)",15GRP,231
1995,4,IA,Iowa,Legislation - Smokefree Indoor Air,Private Worksites,Restrictions,Type of Restriction in Private Worksite,Designated Areas,3,Ranking,1987-06-08,1987-07-01,"(42.46940091300047, -93.81649055599968)",10GRP,20
1995,4,NE,Nebraska,Legislation - Smokefree Indoor Air,Restaurants,Restriction Areas,Type of Restriction in Restaurant Employee Area,Designated Areas,3,Ranking,1979-01-01,1979-12-31,"(41.6410409880005, -99.36572062299967)",15GRP,232
1995,4,DC,District of Columbia,Legislation - Smokefree Indoor Air,Private Worksites,Restrictions,Type of Restriction in Private Worksite,Designated Areas,3,Ranking,1991-05-02,1991-08-02,"(38.89037138500049, -77.03196112699965)",10GRP,20
1995,4,ME,Maine,Legislation - Smokefree Indoor Air,Smokefree Indoor Air – Other Sites,Restriction Areas,Grocery Stores,Designated Areas,3,Ranking,1993-06-15,1994-01-01,"(45.254228894000505, -68.98503133599962)",15GRP,97
1995,4,ME,Maine,Legislation - Smokefree Indoor Air,Commercial Day Care Centers,Restrictions,Type of Restriction in Commercial Day Care,Designated Areas,3,Ranking,1993-06-15,1994-01-01,"(45.254228894000505, -68.98503133599962)",10GRP,50
1995,4,IA,Iowa,Legislation - Smokefree Indoor Air,Smokefree Indoor Air – Other Sites,Restriction Areas,Grocery Stores,Designated Areas,3,Ranking,1987-06-08,1987-07-01,"(42.46940091300047, -93.81649055599968)",15GRP,97
1995,4,MO,Missouri,Legislation - Smokefree Indoor Air,Smokefree Indoor Air – Other Sites,Restriction Areas,Enclosed Arenas,Designated Areas,3,Ranking,1992-06-11,1992-08-13,"(38.635790776000476, -92.56630005299968)",15GRP,98
1995,4,MO,Missouri,Legislation - Smokefree Indoor Air,Restaurants,Restriction Areas,Type of Restriction in Restaurant Employee Area,Designated Areas,3,Ranking,1992-06-11,1992-12-31,"(38.635790776000476, -92.56630005299968)",15GRP,232
1995,4,AK,Alaska,Legislation - Smokefree Indoor Air,Smokefree Indoor Air – Other Sites,Restriction Areas,Grocery Stores,Designated Areas,3,Ranking,1984-04-18,1984-07-17,"(64.84507995700051, -147.72205903599973)",15GRP,97
1995,4,ID,Idaho,Legislation - Smokefree Indoor Air,Smokefree Indoor Air – Other Sites,Restriction Areas,Hospitals,Designated Areas,3,Ranking,1985-03-11,1986-01-01,"(43.682630005000476, -114.3637300419997)",15GRP,100
1995,4,CO,Colorado,Legislation - Smokefree Indoor Air,Smokefree Indoor Air – Other Sites,Restriction Areas,Enclosed Arenas,Designated Areas,3,Ranking,1977-07-01,1977-07-01,"(38.843840757000464, -106.13361092099967)",15GRP,98
1995,4,OR,Oregon,Legislation - Smokefree Indoor Air,Smokefree Indoor Air – Other Sites,Restriction Areas,Grocery Stores,Designated Areas,3,Ranking,1981-07-21,1983-07-01,"(44.56744942400047, -120.15503132599969)",15GRP,97
1995,4,RI,Rhode Island,Legislation - Smokefree Indoor Air,Smokefree Indoor Air – Other Sites,Restriction Areas,Grocery Stores,Designated Areas,3,Ranking,1977-05-17,1977-07-16,"(41.70828019300046, -71.52247031399963)",15GRP,97
1995,4,MT,Montana,Legislation - Smokefree Indoor Air,Restaurants,Restrictions,Type of Restriction in Restaurant (Summary),Designated Areas,3,Ranking,1979-03-29,1979-07-01,"(47.06652897200047, -109.42442064499971)",10GRP,37
1995,4,GU,Guam,Legislation - Smokefree Indoor Air,Smokefree Indoor Air – Other Sites,Restriction Areas,Enclosed Arenas,Designated Smoking Area,0,Ranking,1992-10-01,1992-11-01,"(13.444304, 144.793731)",15GRP,98
1995,4,ID,Idaho,Legislation - Smokefree Indoor Air,Smokefree Indoor Air – Other Sites,Restriction Areas,Public Transportation,Designated Areas,3,Ranking,1985-03-11,1986-01-01,"(43.682630005000476, -114.3637300419997)",15GRP,99
1995,4,AK,Alaska,Legislation - Smokefree Indoor Air,Restaurants,Restriction Areas,Type of Restriction in Restaurant Employee Area,Designated Areas,3,Ranking,1975-01-01,1975-12-31,"(64.84507995700051, -147.72205903599973)",15GRP,232
1995,4,MN,Minnesota,Legislation - Smokefree Indoor Air,Restaurants,Restrictions,Type of Restriction in Restaurant (Summary),Designated Areas,3,Ranking,1975-01-01,1975-01-01,"(46.35564873600049, -94.79420050299967)",10GRP,37
1995,4,MO,Missouri,Legislation - Smokefree Indoor Air,Smokefree Indoor Air – Other Sites,Restriction Areas,Grocery Stores,Designated Areas,3,Ranking,1992-06-11,1992-08-13,"(38.635790776000476, -92.56630005299968)",15GRP,97
1995,4,TN,Tennessee,Legislation - Smokefree Indoor Air,Commercial Day Care Centers,Restrictions,Type of Restriction in Commercial Day Care,Designated Areas,3,Ranking,1995-06-12,1995-07-01,"(35.68094058000048, -85.77449091399967)",10GRP,50
1995,4,VT,Vermont,Legislation - Smokefree Indoor Air,Smokefree Indoor Air – Other Sites,Restriction Areas,Public Transportation,Banned,4,Ranking,1993-05-28,1993-07-01,"(43.62538123900049, -72.51764079099962)",15GRP,99
1995,4,MO,Missouri,Legislation - Smokefree Indoor Air,Restaurants,Restrictions,Type of Restriction in Restaurant (Summary),Designated Areas,3,Ranking,1992-06-11,1992-12-31,"(38.635790776000476, -92.56630005299968)",10GRP,37
1995,4,FL,Florida,Legislation - Smokefree Indoor Air,Smokefree Indoor Air – Other Sites,Restriction Areas,Public Transportation,Banned,4,Ranking,1985-06-19,1985-10-01,"(28.932040377000476, -81.92896053899966)",15GRP,99
1995,4,NJ,New Jersey,Legislation - Smokefree Indoor Air,Smokefree Indoor Air – Other Sites,Restriction Areas,Grocery Stores,Banned,4,Ranking,1985-06-12,1985-12-09,"(40.13057004800049, -74.27369128799967)",15GRP,97
1995,4,NE,Nebraska,Legislation - Smokefree Indoor Air,Bars,Restriction Areas,Type of Restriction in Bar Patron Area,Designated Areas,3,Ranking,1979-01-01,1979-12-31,"(41.6410409880005, -99.36572062299967)",15GRP,235
1995,4,SC,South Carolina,Legislation - Smokefree Indoor Air,Smokefree Indoor Air – Other Sites,Restriction Areas,Enclosed Arenas,Designated Areas,3,Ranking,1990-05-30,1990-08-01,"(33.998821303000454, -81.04537120699968)",15GRP,98
1995,4,AR,Arkansas,Legislation - Smokefree Indoor Air,Commercial Day Care Centers,Restrictions,Type of Restriction in Commercial Day Care,Banned,4,Ranking,1985-04-04,1985-07-03,"(34.74865012400045, -92.27449074299966)",10GRP,50
1995,4,MA,Massachusetts,Legislation - Smokefree Indoor Air,Smokefree Indoor Air – Other Sites,Restriction Areas,Public Transportation,Banned,4,Ranking,1988-01-14,1988-04-13,"(42.27687047000046, -72.08269067499964)",15GRP,99
1995,4,MA,Massachusetts,Legislation - Smokefree Indoor Air,Restaurants,Restriction Areas,Type of Restriction in Restaurant Patron Area,Designated Areas,3,Ranking,1990-06-26,1990-09-24,"(42.27687047000046, -72.08269067499964)",15GRP,233
1995,4,GU,Guam,Legislation - Smokefree Indoor Air,Private Worksites,Restrictions,Type of Restriction in Private Worksite,Designated Smoking Area,0,Ranking,1992-10-01,1992-11-01,"(13.444304, 144.793731)",10GRP,20
1995,4,NH,New Hampshire,Legislation - Smokefree Indoor Air,Smokefree Indoor Air – Other Sites,Restriction Areas,Enclosed Arenas,Designated Areas,3,Ranking,1990-04-27,1991-01-01,"(43.65595011300047, -71.50036091999965)",15GRP,98
1995,4,OR,Oregon,Legislation - Smokefree Indoor Air,Smokefree Indoor Air – Other Sites,Restriction Areas,Hospitals,Designated Areas,3,Ranking,1977-06-02,1977-10-04,"(44.56744942400047, -120.15503132599969)",15GRP,100
1995,4,ID,Idaho,Legislation - Smokefree Indoor Air,Restaurants,Restriction Areas,Type of Restriction in Restaurant Employee Area,Designated Areas,3,Ranking,1985-01-01,1985-01-01,"(43.682630005000476, -114.3637300419997)",15GRP,232
1995,4,IL,Illinois,Legislation - Smokefree Indoor Air,Restaurants,Restriction Areas,Type of Restriction in Restaurant Employee Area,Designated Areas,3,Ranking,1990-01-01,1990-07-01,"(40.48501028300046, -88.99771017799969)",15GRP,232
1995,4,UT,Utah,Legislation - Smokefree Indoor Air,Smokefree Indoor Air – Other Sites,Restriction Areas,Grocery Stores,Banned,4,Ranking,1994-03-22,1995-01-01,"(39.360700171000474, -111.58713063499971)",15GRP,97
1995,4,IL,Illinois,Legislation - Smokefree Indoor Air,Smokefree Indoor Air – Other Sites,Restriction Areas,Public Transportation,Designated Areas,3,Ranking,1990-01-09,1990-07-01,"(40.48501028300046, -88.99771017799969)",15GRP,99
1995,4,OK,Oklahoma,Legislation - Smokefree Indoor Air,Home-based Day Care Centers,Restrictions,Type of Restriction in Home-Based Day Care,Designated Areas,3,Ranking,1994-05-02,1994-07-01,"(35.47203135600046, -97.52107021399968)",10GRP,65
1995,4,NM,New Mexico,Legislation - Smokefree Indoor Air,Government Worksites,Restrictions,Type of Restriction in Government Worksite,Designated Areas,3,Ranking,1985-04-01,1986-01-01,"(34.52088095200048, -106.24058098499967)",10GRP,1
1995,4,SC,South Carolina,Legislation - Smokefree Indoor Air,Government Worksites,Restrictions,Type of Restriction in Government Worksite,Designated Areas,3,Ranking,1990-05-30,1990-08-01,"(33.998821303000454, -81.04537120699968)",10GRP,1
1995,4,FL,Florida,Legislation - Smokefree Indoor Air,Smokefree Indoor Air – Other Sites,Restriction Areas,Hospitals,Designated Areas,3,Ranking,1985-06-19,1985-10-01,"(28.932040377000476, -81.92896053899966)",15GRP,100
1995,4,NE,Nebraska,Legislation - Smokefree Indoor Air,Restaurants,Restriction Areas,Type of Restriction in Restaurant Bar Area,Designated Areas,3,Ranking,1979-01-01,1979-12-31,"(41.6410409880005, -99.36572062299967)",15GRP,231
1995,4,GU,Guam,Legislation - Smokefree Indoor Air,Restaurants,Restrictions,Type of Restriction in Restaurant (Summary),Designated Smoking Area,0,Ranking,1992-10-01,1992-11-01,"(13.444304, 144.793731)",10GRP,37
1995,4,NY,New York,Legislation - Smokefree Indoor Air,Government Worksites,Vehicles,Type of Restriction in Government Worksite Vehicle,Banned,4,Ranking,1989-07-05,1990-01-01,"(42.82700103200045, -75.54397042699964)",30GRP,17
1995,4,SD,South Dakota,Legislation - Smokefree Indoor Air,Smokefree Indoor Air – Other Sites,Restriction Areas,Hospitals,Designated Areas,3,Ranking,1987-03-17,1987-06-15,"(44.353130053000484, -100.3735306369997)",15GRP,100
1995,4,ME,Maine,Legislation - Smokefree Indoor Air,Hotels and Motels,Additional Requirements,Sleeping Room Designation (Type),Smoking Room,3,Ranking,1993-06-15,1994-01-01,"(45.254228894000505, -68.98503133599962)",20GRP,83
1995,4,IA,Iowa,Legislation - Smokefree Indoor Air,Restaurants,Restriction Areas,Type of Restriction in Restaurant Bar Area,Designated Areas,3,Ranking,1990-04-24,1990-04-24,"(42.46940091300047, -93.81649055599968)",15GRP,231
1995,4,WA,Washington,Legislation - Smokefree Indoor Air,Smokefree Indoor Air – Other Sites,Restriction Areas,Grocery Stores,Designated Areas,3,Ranking,1985-05-10,1985-07-28,"(47.52227862900048, -120.47001078999972)",15GRP,97
1995,4,VT,Vermont,Legislation - Smokefree Indoor Air,Restaurants,Restriction Areas,Type of Restriction in Restaurant Patron Area,Banned,4,Ranking,1993-05-28,1993-07-01,"(43.62538123900049, -72.51764079099962)",15GRP,233
1995,4,ND,North Dakota,Legislation - Smokefree Indoor Air,Smokefree Indoor Air – Other Sites,Restriction Areas,Hospitals,Designated Areas,3,Ranking,1977-03-31,1977-08-01,"(47.47531977900047, -100.11842104899966)",15GRP,100
1995,4,LA,Louisiana,Legislation - Smokefree Indoor Air,Smokefree Indoor Air – Other Sites,Restriction Areas,Hospitals,Designated Areas,3,Ranking,1992-07-13,1992-08-15,"(31.31266064400046, -92.44568007099969)",15GRP,100
1995,4,PA,Pennsylvania,Legislation - Smokefree Indoor Air,Smokefree Indoor Air – Other Sites,Restriction Areas,Hospitals,Designated Areas,3,Ranking,1977-12-01,1978-01-30,"(40.79373015200048, -77.86070029399963)",15GRP,100
1995,4,NV,Nevada,Legislation - Smokefree Indoor Air,Restaurants,Restriction Areas,Type of Restriction in Restaurant Employee Area,Designated Areas,3,Ranking,1991-06-06,1991-10-01,"(39.493240390000494, -117.07184056399967)",15GRP,232
1995,4,MA,Massachusetts,Legislation - Smokefree Indoor Air,Restaurants,Restriction Areas,Type of Restriction in Restaurant Bar Area,Designated Areas,3,Ranking,1990-06-26,1990-09-24,"(42.27687047000046, -72.08269067499964)",15GRP,231
1995,4,CT,Connecticut,Legislation - Smokefree Indoor Air,Restaurants,Restriction Areas,Type of Restriction in Restaurant Bar Area,Designated Areas,3,Ranking,1979-01-01,1979-12-31,"(41.56266102000046, -72.64984095199964)",15GRP,231
1995,4,MN,Minnesota,Legislation - Smokefree Indoor Air,Hotels and Motels,Restrictions,Type of Restriction in Lobby and Common Area of Hotel and Motel,Designated Areas,3,Ranking,1994-04-25,1994-04-28,"(46.35564873600049, -94.79420050299967)",10GRP,81
1995,4,GU,Guam,Legislation - Smokefree Indoor Air,Hotels and Motels,Restrictions,Type of Restriction in Lobby and Common Area of Hotel and Motel,Banned,4,Ranking,1992-10-01,1992-11-01,"(13.444304, 144.793731)",10GRP,81
1995,4,PR,Puerto Rico,Legislation - Smokefree Indoor Air,Smokefree Indoor Air – Other Sites,Restriction Areas,Prisons,Designated Smoking Area,0,Ranking,1993-08-03,1994-01-30,"(18.220833, -66.590149)",15GRP,101
1995,4,KS,Kansas,Legislation - Smokefree Indoor Air,Restaurants,Restrictions,Type of Restriction in Restaurant (Summary),Designated Areas,3,Ranking,1987-07-01,1987-12-31,"(38.34774030000045, -98.20078122699965)",10GRP,37
1995,4,MO,Missouri,Legislation - Smokefree Indoor Air,Private Worksites,Restrictions,Type of Restriction in Private Worksite,Designated Areas,3,Ranking,1992-06-11,1992-08-28,"(38.635790776000476, -92.56630005299968)",10GRP,20
1995,4,MT,Montana,Legislation - Smokefree Indoor Air,Smokefree Indoor Air – Other Sites,Restriction Areas,Hospitals,Designated Areas,3,Ranking,1979-03-29,1979-07-01,"(47.06652897200047, -109.42442064499971)",15GRP,100
1995,4,FL,Florida,Legislation - Smokefree Indoor Air,Restaurants,Restrictions,Type of Restriction in Restaurant (Summary),Designated Areas,3,Ranking,1985-01-01,1985-01-01,"(28.932040377000476, -81.92896053899966)",10GRP,37
1995,4,UT,Utah,Legislation - Smokefree Indoor Air,Private Worksites,Restrictions,Type of Restriction in Private Worksite,Designated Areas,3,Ranking,1994-03-22,1995-01-01,"(39.360700171000474, -111.58713063499971)",10GRP,20
1995,4,VA,Virginia,Legislation - Smokefree Indoor Air,Restaurants,Restriction Areas,Type of Restriction in Restaurant Employee Area,Designated Areas,3,Ranking,1990-04-18,1990-12-31,"(37.54268067400045, -78.45789046299967)",15GRP,232
1995,4,OK,Oklahoma,Legislation - Smokefree Indoor Air,Government Worksites,Restrictions,Type of Restriction in Government Worksite,Designated Areas,3,Ranking,1987-06-24,1987-11-01,"(35.47203135600046, -97.52107021399968)",10GRP,1
1995,4,UT,Utah,Legislation - Smokefree Indoor Air,Smokefree Indoor Air – Other Sites,Restriction Areas,Malls,Banned,4,Ranking,1994-03-22,1995-01-01,"(39.360700171000474, -111.58713063499971)",15GRP,96
1995,4,VA,Virginia,Legislation - Smokefree Indoor Air,Smokefree Indoor Air – Other Sites,Restriction Areas,Hospitals,Designated Areas,3,Ranking,1990-04-18,1991-07-01,"(37.54268067400045, -78.45789046299967)",15GRP,100
1995,4,AK,Alaska,Legislation - Smokefree Indoor Air,Smokefree Indoor Air – Other Sites,Restriction Areas,Public Transportation,Designated Areas,3,Ranking,1984-04-18,1984-07-17,"(64.84507995700051, -147.72205903599973)",15GRP,99
1995,4,AK,Alaska,Legislation - Smokefree Indoor Air,Commercial Day Care Centers,Restrictions,Type of Restriction in Commercial Day Care,Banned,4,Ranking,1990-05-16,1990-08-14,"(64.84507995700051, -147.72205903599973)",10GRP,50
1995,4,WI,Wisconsin,Legislation - Smokefree Indoor Air,Commercial Day Care Centers,Restrictions,Type of Restriction in Commercial Day Care,Banned,4,Ranking,1994-04-14,1994-04-29,"(44.39319117400049, -89.81637074199966)",10GRP,50
1995,4,HI,Hawaii,Legislation - Smokefree Indoor Air,Restaurants,Restrictions,Type of Restriction in Restaurant (Summary),Designated Areas,3,Ranking,1987-01-01,1987-01-01,"(21.304850435000446, -157.85774940299973)",10GRP,37
1995,4,NV,Nevada,Legislation - Smokefree Indoor Air,Restaurants,Restriction Areas,Type of Restriction in Restaurant Patron Area,Designated Areas,3,Ranking,1991-06-06,1991-10-01,"(39.493240390000494, -117.07184056399967)",15GRP,233
1995,4,MA,Massachusetts,Legislation - Smokefree Indoor Air,Restaurants,Restriction Areas,Type of Restriction in Restaurant Employee Area,Designated Areas,3,Ranking,1990-06-26,1990-09-24,"(42.27687047000046, -72.08269067499964)",15GRP,232
1995,4,CA,California,Legislation - Smokefree Indoor Air,Hotels and Motels,Additional Requirements,Sleeping Room Designation (Type),Smoking Room,3,Ranking,1994-07-21,1995-01-01,"(37.63864012300047, -120.99999953799971)",20GRP,83
1995,4,MO,Missouri,Legislation - Smokefree Indoor Air,Bars,Restrictions,Type of Restriction in Bar (Summary),Designated Areas,3,Ranking,1992-06-11,1992-12-31,"(38.635790776000476, -92.56630005299968)",10GRP,234
1995,4,ME,Maine,Legislation - Smokefree Indoor Air,Smokefree Indoor Air – Other Sites,Restriction Areas,Public Transportation,Designated Areas,3,Ranking,1993-06-15,1994-01-01,"(45.254228894000505, -68.98503133599962)",15GRP,99
1995,4,NE,Nebraska,Legislation - Smokefree Indoor Air,Government Worksites,Vehicles,Type of Restriction in Government Worksite Vehicle,Banned,4,Ranking,1979-05-21,1980-01-01,"(41.6410409880005, -99.36572062299967)",30GRP,17
1995,4,MO,Missouri,Legislation - Smokefree Indoor Air,Smokefree Indoor Air – Other Sites,Restriction Areas,Malls,Designated Areas,3,Ranking,1992-06-11,1992-08-13,"(38.635790776000476, -92.56630005299968)",15GRP,96
1995,4,WI,Wisconsin,Legislation - Smokefree Indoor Air,Restaurants,Restriction Areas,Type of Restriction in Restaurant Bar Area,Designated Areas,3,Ranking,1983-01-01,1983-12-31,"(44.39319117400049, -89.81637074199966)",15GRP,231
1995,4,GU,Guam,Legislation - Smokefree Indoor Air,Government Worksites,Restrictions,Type of Restriction in Government Worksite,Designated Smoking Area,0,Ranking,1992-10-01,1992-11-01,"(13.444304, 144.793731)",10GRP,1
1995,4,MT,Montana,Legislation - Smokefree Indoor Air,Smokefree Indoor Air – Other Sites,Restriction Areas,Public Transportation,Designated Areas,3,Ranking,1979-03-29,1979-07-01,"(47.06652897200047, -109.42442064499971)",15GRP,99
1995,4,MN,Minnesota,Legislation - Smokefree Indoor Air,Government Worksites,Restrictions,Type of Restriction in Government Worksite,Designated Areas,3,Ranking,1975-06-02,1975-06-02,"(46.35564873600049, -94.79420050299967)",10GRP,1
1995,4,GU,Guam,Legislation - Smokefree Indoor Air,Home-based Day Care Centers,Restrictions,Type of Restriction in Home-Based Day Care,Designated Smoking Area,0,Ranking,1992-10-01,1992-11-01,"(13.444304, 144.793731)",10GRP,65
1995,4,IL,Illinois,Legislation - Smokefree Indoor Air,Smokefree Indoor Air – Other Sites,Restriction Areas,Grocery Stores,Designated Areas,3,Ranking,1990-01-09,1990-07-01,"(40.48501028300046, -88.99771017799969)",15GRP,97
1995,4,FL,Florida,Legislation - Smokefree Indoor Air,Private Worksites,Restrictions,Type of Restriction in Private Worksite,Designated Areas,3,Ranking,1985-06-19,1985-10-01,"(28.932040377000476, -81.92896053899966)",10GRP,20
1995,4,WI,Wisconsin,Legislation - Smokefree Indoor Air,Private Worksites,Restrictions,Type of Restriction in Private Worksite,Designated Areas,3,Ranking,1984-04-18,1984-04-26,"(44.39319117400049, -89.81637074199966)",10GRP,20
1995,4,NV,Nevada,Legislation - Smokefree Indoor Air,Smokefree Indoor Air – Other Sites,Restriction Areas,Hospitals,Designated Areas,3,Ranking,1975-05-05,1975-05-05,"(39.493240390000494, -117.07184056399967)",15GRP,100
1995,4,ME,Maine,Legislation - Smokefree Indoor Air,Home-based Day Care Centers,Restrictions,Type of Restriction in Home-Based Day Care,Designated Areas,3,Ranking,1993-06-15,1994-01-01,"(45.254228894000505, -68.98503133599962)",10GRP,65
1995,4,CA,California,Legislation - Smokefree Indoor Air,Commercial Day Care Centers,Restrictions,Type of Restriction in Commercial Day Care,Banned,4,Ranking,1986-07-16,1987-01-01,"(37.63864012300047, -120.99999953799971)",10GRP,50
1995,4,NH,New Hampshire,Legislation - Smokefree Indoor Air,Smokefree Indoor Air – Other Sites,Restriction Areas,Malls,Designated Areas,3,Ranking,1990-04-27,1991-01-01,"(43.65595011300047, -71.50036091999965)",15GRP,96
1995,4,FL,Florida,Legislation - Smokefree Indoor Air,Restaurants,Restriction Areas,Type of Restriction in Restaurant Patron Area,Designated Areas,3,Ranking,1985-01-01,1985-01-01,"(28.932040377000476, -81.92896053899966)",15GRP,233
1995,4,MN,Minnesota,Legislation - Smokefree Indoor Air,Restaurants,Restriction Areas,Type of Restriction in Restaurant Patron Area,Designated Areas,3,Ranking,1975-01-01,1975-01-01,"(46.35564873600049, -94.79420050299967)",15GRP,233
1995,4,MT,Montana,Legislation - Smokefree Indoor Air,Smokefree Indoor Air – Other Sites,Restriction Areas,Enclosed Arenas,Designated Areas,3,Ranking,1979-03-29,1979-07-01,"(47.06652897200047, -109.42442064499971)",15GRP,98
1995,4,MA,Massachusetts,Legislation - Smokefree Indoor Air,Home-based Day Care Centers,Restrictions,Type of Restriction in Home-Based Day Care,Designated Areas,3,Ranking,1988-01-14,1988-04-13,"(42.27687047000046, -72.08269067499964)",10GRP,65
1995,4,IA,Iowa,Legislation - Smokefree Indoor Air,Government Worksites,Restrictions,Type of Restriction in Government Worksite,Designated Areas,3,Ranking,1987-06-08,1987-07-01,"(42.46940091300047, -93.81649055599968)",10GRP,1
1995,4,HI,Hawaii,Legislation - Smokefree Indoor Air,Smokefree Indoor Air – Other Sites,Restriction Areas,Grocery Stores,Designated Areas,3,Ranking,1987-06-23,1988-07-01,"(21.304850435000446, -157.85774940299973)",15GRP,97
1995,4,DC,District of Columbia,Legislation - Smokefree Indoor Air,Smokefree Indoor Air – Other Sites,Restriction Areas,Hospitals,Designated Areas,3,Ranking,1979-07-09,1979-09-28,"(38.89037138500049, -77.03196112699965)",15GRP,100
1995,4,RI,Rhode Island,Legislation - Smokefree Indoor Air,Restaurants,Restriction Areas,Type of Restriction in Restaurant Bar Area,Designated Areas,3,Ranking,1977-01-01,1977-12-31,"(41.70828019300046, -71.52247031399963)",15GRP,231
1995,4,MI,Michigan,Legislation - Smokefree Indoor Air,Smokefree Indoor Air – Other Sites,Restriction Areas,Grocery Stores,Designated Areas,3,Ranking,1976-03-11,1977-03-31,"(44.6613195430005, -84.71439026999968)",15GRP,97
1995,4,DE,Delaware,Legislation - Smokefree Indoor Air,Smokefree Indoor Air – Other Sites,Restriction Areas,Hospitals,Banned,4,Ranking,1994-06-28,1994-06-28,"(39.008830667000495, -75.57774116799965)",15GRP,100
1995,4,ID,Idaho,Legislation - Smokefree Indoor Air,Restaurants,Restriction Areas,Type of Restriction in Restaurant Patron Area,Designated Areas,3,Ranking,1985-01-01,1985-01-01,"(43.682630005000476, -114.3637300419997)",15GRP,233
1995,4,ND,North Dakota,Legislation - Smokefree Indoor Air,Restaurants,Restriction Areas,Type of Restriction in Restaurant Patron Area,Designated Areas,3,Ranking,1993-01-01,1993-12-31,"(47.47531977900047, -100.11842104899966)",15GRP,233
1995,4,IA,Iowa,Legislation - Smokefree Indoor Air,Restaurants,Restriction Areas,Type of Restriction in Restaurant Patron Area,Designated Areas,3,Ranking,1990-04-24,1990-04-24,"(42.46940091300047, -93.81649055599968)",15GRP,233
1995,4,FL,Florida,Legislation - Smokefree Indoor Air,Smokefree Indoor Air – Other Sites,Restriction Areas,Grocery Stores,Banned,4,Ranking,1985-06-19,1985-10-01,"(28.932040377000476, -81.92896053899966)",15GRP,97
1995,4,MN,Minnesota,Legislation - Smokefree Indoor Air,Smokefree Indoor Air – Other Sites,Restriction Areas,Hospitals,Banned,4,Ranking,1975-06-02,1975-06-02,"(46.35564873600049, -94.79420050299967)",15GRP,100
1995,4,NY,New York,Legislation - Smokefree Indoor Air,Private Worksites,Vehicles,Type of Restriction in Private Worksite Vehicle,Banned,4,Ranking,1989-07-05,1990-01-01,"(42.82700103200045, -75.54397042699964)",30GRP,34
1995,4,DE,Delaware,Legislation - Smokefree Indoor Air,Commercial Day Care Centers,Restrictions,Type of Restriction in Commercial Day Care,Banned,4,Ranking,1994-06-28,1994-06-28,"(39.008830667000495, -75.57774116799965)",10GRP,50
1995,4,NJ,New Jersey,Legislation - Smokefree Indoor Air,Smokefree Indoor Air – Other Sites,Restriction Areas,Public Transportation,Banned,4,Ranking,1985-06-12,1985-12-09,"(40.13057004800049, -74.27369128799967)",15GRP,99
1995,4,GU,Guam,Legislation - Smokefree Indoor Air,Smokefree Indoor Air – Other Sites,Restriction Areas,Malls,Designated Smoking Area,0,Ranking,1992-10-01,1992-11-01,"(13.444304, 144.793731)",15GRP,96
1995,4,SD,South Dakota,Legislation - Smokefree Indoor Air,Government Worksites,Restrictions,Type of Restriction in Government Worksite,Banned,4,Ranking,1992-08-28,1992-11-19,"(44.353130053000484, -100.3735306369997)",10GRP,1
1995,4,AK,Alaska,Legislation - Smokefree Indoor Air,Government Worksites,Restrictions,Type of Restriction in Government Worksite,Designated Areas,3,Ranking,1984-04-18,1984-07-17,"(64.84507995700051, -147.72205903599973)",10GRP,1
1995,4,IL,Illinois,Legislation - Smokefree Indoor Air,Government Worksites,Restrictions,Type of Restriction in Government Worksite,Designated Areas,3,Ranking,1990-01-09,1990-07-01,"(40.48501028300046, -88.99771017799969)",10GRP,1
1995,4,KS,Kansas,Legislation - Smokefree Indoor Air,Restaurants,Restriction Areas,Type of Restriction in Restaurant Patron Area,Designated Areas,3,Ranking,1987-07-01,1987-12-31,"(38.34774030000045, -98.20078122699965)",15GRP,233
1995,4,PA,Pennsylvania,Legislation - Smokefree Indoor Air,Restaurants,Restrictions,Type of Restriction in Restaurant (Summary),Designated Areas,3,Ranking,1988-12-21,1988-12-31,"(40.79373015200048, -77.86070029399963)",10GRP,37
1995,4,IA,Iowa,Legislation - Smokefree Indoor Air,Smokefree Indoor Air – Other Sites,Restriction Areas,Public Transportation,Designated Areas,3,Ranking,1987-06-08,1987-07-01,"(42.46940091300047, -93.81649055599968)",15GRP,99
1995,4,MO,Missouri,Legislation - Smokefree Indoor Air,Hotels and Motels,Restrictions,Type of Restriction in Lobby and Common Area of Hotel and Motel,Designated Areas,3,Ranking,1992-06-11,1992-09-09,"(38.635790776000476, -92.56630005299968)",10GRP,81
1995,4,OR,Oregon,Legislation - Smokefree Indoor Air,Government Worksites,Restrictions,Type of Restriction in Government Worksite,Designated Areas,3,Ranking,1977-07-26,1977-10-04,"(44.56744942400047, -120.15503132599969)",10GRP,1
1995,4,CO,Colorado,Legislation - Smokefree Indoor Air,Smokefree Indoor Air – Other Sites,Restriction Areas,Hospitals,Designated Areas,3,Ranking,1977-07-01,1977-07-01,"(38.843840757000464, -106.13361092099967)",15GRP,100
1995,4,NH,New Hampshire,Legislation - Smokefree Indoor Air,Smokefree Indoor Air – Other Sites,Restriction Areas,Prisons,Designated Areas,3,Ranking,1990-04-27,1991-01-01,"(43.65595011300047, -71.50036091999965)",15GRP,101
1995,4,CA,California,Legislation - Smokefree Indoor Air,Restaurants,Restrictions,Type of Restriction in Restaurant (Summary),Designated Areas,3,Ranking,1994-07-21,1995-01-01,"(37.63864012300047, -120.99999953799971)",10GRP,37
1995,4,WI,Wisconsin,Legislation - Smokefree Indoor Air,Smokefree Indoor Air – Other Sites,Restriction Areas,Public Transportation,Designated Areas,3,Ranking,1984-04-18,1984-04-26,"(44.39319117400049, -89.81637074199966)",15GRP,99
1995,4,PR,Puerto Rico,Legislation - Smokefree Indoor Air,Smokefree Indoor Air – Other Sites,Restriction Areas,Public Transportation,Banned,4,Ranking,1993-08-03,1994-01-30,"(18.220833, -66.590149)",15GRP,99
1995,4,PR,Puerto Rico,Legislation - Smokefree Indoor Air,Restaurants,Restriction Areas,Type of Restriction in Restaurant Patron Area,Designated Smoking Area,0,Ranking,1993-08-03,1994-01-30,"(18.220833, -66.590149)",15GRP,233
1995,4,PR,Puerto Rico,Legislation - Smokefree Indoor Air,Smokefree Indoor Air – Other Sites,Restriction Areas,Hospitals,Designated Smoking Area,0,Ranking,1993-08-03,1994-01-30,"(18.220833, -66.590149)",15GRP,100
1995,4,PR,Puerto Rico,Legislation - Smokefree Indoor Air,Smokefree Indoor Air – Other Sites,Restriction Areas,Mental Health - Residential Facilities,Designated Smoking Area,0,Ranking,1993-08-03,1994-01-30,"(18.220833, -66.590149)",15GRP,341
1995,4,VA,Virginia,Legislation - Smokefree Indoor Air,Government Worksites,Restrictions,Type of Restriction in Government Worksite,Designated Areas,3,Ranking,1990-04-18,1991-07-01,"(37.54268067400045, -78.45789046299967)",10GRP,1
1995,4,KS,Kansas,Legislation - Smokefree Indoor Air,Smokefree Indoor Air – Other Sites,Restriction Areas,Grocery Stores,Designated Areas,3,Ranking,1987-04-14,1987-07-01,"(38.34774030000045, -98.20078122699965)",15GRP,97
1995,4,FL,Florida,Legislation - Smokefree Indoor Air,Commercial Day Care Centers,Restrictions,Type of Restriction in Commercial Day Care,Banned,4,Ranking,1992-04-10,1992-10-01,"(28.932040377000476, -81.92896053899966)",10GRP,50
1995,4,ND,North Dakota,Legislation - Smokefree Indoor Air,Government Worksites,Restrictions,Type of Restriction in Government Worksite,Designated Areas,3,Ranking,1977-03-31,1977-08-01,"(47.47531977900047, -100.11842104899966)",10GRP,1
1995,4,OH,Ohio,Legislation - Smokefree Indoor Air,Smokefree Indoor Air – Other Sites,Restriction Areas,Public Transportation,Designated Areas,3,Ranking,1976-05-30,1976-08-31,"(40.06021014100048, -82.40426005599966)",15GRP,99
1995,4,AR,Arkansas,Legislation - Smokefree Indoor Air,Smokefree Indoor Air – Other Sites,Restriction Areas,Hospitals,Designated Areas,3,Ranking,1977-03-24,1977-06-22,"(34.74865012400045, -92.27449074299966)",15GRP,100
1995,4,PA,Pennsylvania,Legislation - Smokefree Indoor Air,Restaurants,Restriction Areas,Type of Restriction in Restaurant Employee Area,Designated Areas,3,Ranking,1988-12-21,1988-12-31,"(40.79373015200048, -77.86070029399963)",15GRP,232
1995,4,HI,Hawaii,Legislation - Smokefree Indoor Air,Restaurants,Restriction Areas,Type of Restriction in Restaurant Patron Area,Designated Areas,3,Ranking,1987-01-01,1987-01-01,"(21.304850435000446, -157.85774940299973)",15GRP,233
1995,4,GU,Guam,Legislation - Smokefree Indoor Air,Smokefree Indoor Air – Other Sites,Restriction Areas,Hospitals,Designated Smoking Area,0,Ranking,1992-10-01,1992-11-01,"(13.444304, 144.793731)",15GRP,100
1995,4,RI,Rhode Island,Legislation - Smokefree Indoor Air,Smokefree Indoor Air – Other Sites,Restriction Areas,Public Transportation,Designated Areas,3,Ranking,1977-05-17,1977-07-16,"(41.70828019300046, -71.52247031399963)",15GRP,99
1995,4,WA,Washington,Legislation - Smokefree Indoor Air,Government Worksites,Restrictions,Type of Restriction in Government Worksite,Banned,4,Ranking,1988-08-29,1989-01-01,"(47.52227862900048, -120.47001078999972)",10GRP,1
1995,4,MT,Montana,Legislation - Smokefree Indoor Air,Government Worksites,Restrictions,Type of Restriction in Government Worksite,Designated Areas,3,Ranking,1985-04-16,1985-10-01,"(47.06652897200047, -109.42442064499971)",10GRP,1
1995,4,MO,Missouri,Legislation - Smokefree Indoor Air,Smokefree Indoor Air – Other Sites,Restriction Areas,Hospitals,Designated Areas,3,Ranking,1992-06-11,1992-08-13,"(38.635790776000476, -92.56630005299968)",15GRP,100
1995,4,NH,New Hampshire,Legislation - Smokefree Indoor Air,Commercial Day Care Centers,Restrictions,Type of Restriction in Commercial Day Care,Banned,4,Ranking,1990-04-27,1991-01-01,"(43.65595011300047, -71.50036091999965)",10GRP,50
1995,4,NH,New Hampshire,Legislation - Smokefree Indoor Air,Private Worksites,Restrictions,Type of Restriction in Private Worksite,Designated Areas,3,Ranking,1990-04-27,1991-01-01,"(43.65595011300047, -71.50036091999965)",10GRP,20
1995,4,OK,Oklahoma,Legislation - Smokefree Indoor Air,Commercial Day Care Centers,Restrictions,Type of Restriction in Commercial Day Care,Designated Areas,3,Ranking,1994-05-02,1994-07-01,"(35.47203135600046, -97.52107021399968)",10GRP,50
1995,4,NH,New Hampshire,Legislation - Smokefree Indoor Air,Smokefree Indoor Air – Other Sites,Restriction Areas,Grocery Stores,Designated Areas,3,Ranking,1990-04-27,1991-01-01,"(43.65595011300047, -71.50036091999965)",15GRP,97
1995,4,NJ,New Jersey,Legislation - Smokefree Indoor Air,Government Worksites,Restrictions,Type of Restriction in Government Worksite,Designated Areas,3,Ranking,1985-12-18,1986-09-01,"(40.13057004800049, -74.27369128799967)",10GRP,1
1995,4,DE,Delaware,Legislation - Smokefree Indoor Air,Smokefree Indoor Air – Other Sites,Restriction Areas,Grocery Stores,Banned,4,Ranking,1994-06-28,1994-06-28,"(39.008830667000495, -75.57774116799965)",15GRP,97
1995,4,PA,Pennsylvania,Legislation - Smokefree Indoor Air,Smokefree Indoor Air – Other Sites,Restriction Areas,Enclosed Arenas,Designated Areas,3,Ranking,1988-12-21,1989-02-19,"(40.79373015200048, -77.86070029399963)",15GRP,98
1995,4,NY,New York,Legislation - Smokefree Indoor Air,Smokefree Indoor Air – Other Sites,Restriction Areas,Enclosed Arenas,Designated Areas,3,Ranking,1989-07-05,1990-01-01,"(42.82700103200045, -75.54397042699964)",15GRP,98
1995,4,WA,Washington,Legislation - Smokefree Indoor Air,Smokefree Indoor Air – Other Sites,Restriction Areas,Public Transportation,Banned,4,Ranking,1985-05-10,1995-07-28,"(47.52227862900048, -120.47001078999972)",15GRP,99
1995,4,NH,New Hampshire,Legislation - Smokefree Indoor Air,Restaurants,Restriction Areas,Type of Restriction in Restaurant Patron Area,Designated Areas,3,Ranking,1990-04-27,1991-01-01,"(43.65595011300047, -71.50036091999965)",15GRP,233
1995,4,DC,District of Columbia,Legislation - Smokefree Indoor Air,Commercial Day Care Centers,Restrictions,Type of Restriction in Commercial Day Care,Designated Areas,3,Ranking,1963-07-12,1979-09-28,"(38.89037138500049, -77.03196112699965)",10GRP,50
1995,4,NH,New Hampshire,Legislation - Smokefree Indoor Air,Government Multi-Unit Housing,Restrictions,Type of Restriction in Lobby and Common Area of Government Multi-Unit Housing,Designated Areas,3,Ranking,1990-04-27,1991-01-01,"(43.65595011300047, -71.50036091999965)",10GRP,115
1995,4,MN,Minnesota,Legislation - Smokefree Indoor Air,Commercial Day Care Centers,Restrictions,Type of Restriction in Commercial Day Care,Banned,4,Ranking,1987-06-04,1990-01-01,"(46.35564873600049, -94.79420050299967)",10GRP,50
1995,4,AK,Alaska,Legislation - Smokefree Indoor Air,Restaurants,Restriction Areas,Type of Restriction in Restaurant Patron Area,Designated Areas,3,Ranking,1975-01-01,1975-12-31,"(64.84507995700051, -147.72205903599973)",15GRP,233
1995,4,NE,Nebraska,Legislation - Smokefree Indoor Air,Restaurants,Restriction Areas,Type of Restriction in Restaurant Patron Area,Designated Areas,3,Ranking,1979-01-01,1979-12-31,"(41.6410409880005, -99.36572062299967)",15GRP,233
1995,4,DE,Delaware,Legislation - Smokefree Indoor Air,Restaurants,Restriction Areas,Type of Restriction in Restaurant Patron Area,Designated Areas,3,Ranking,1994-06-28,1994-06-28,"(39.008830667000495, -75.57774116799965)",15GRP,233
1995,4,FL,Florida,Legislation - Smokefree Indoor Air,Government Worksites,Restrictions,Type of Restriction in Government Worksite,Designated Areas,3,Ranking,1985-06-19,1985-10-01,"(28.932040377000476, -81.92896053899966)",10GRP,1
1995,4,RI,Rhode Island,Legislation - Smokefree Indoor Air,Private Worksites,Restrictions,Type of Restriction in Private Worksite,Designated Areas,3,Ranking,1986-06-27,1986-06-27,"(41.70828019300046, -71.52247031399963)",10GRP,20
1995,4,DE,Delaware,Legislation - Smokefree Indoor Air,Government Worksites,Restrictions,Type of Restriction in Government Worksite,Designated Areas,3,Ranking,1994-06-28,1994-06-28,"(39.008830667000495, -75.57774116799965)",10GRP,1
1995,4,UT,Utah,Legislation - Smokefree Indoor Air,Restaurants,Restriction Areas,Type of Restriction in Restaurant Employee Area,Banned,4,Ranking,1994-03-22,1995-01-01,"(39.360700171000474, -111.58713063499971)",15GRP,232
1995,4,LA,Louisiana,Legislation - Smokefree Indoor Air,Government Worksites,Restrictions,Type of Restriction in Government Worksite,Designated Areas,3,Ranking,1992-07-14,1992-08-15,"(31.31266064400046, -92.44568007099969)",10GRP,1
1995,4,WA,Washington,Legislation - Smokefree Indoor Air,Smokefree Indoor Air – Other Sites,Restriction Areas,Malls,Designated Areas,3,Ranking,1985-05-10,1985-07-28,"(47.52227862900048, -120.47001078999972)",15GRP,96
1995,4,CA,California,Legislation - Smokefree Indoor Air,Government Worksites,Vehicles,Type of Restriction in Government Worksite Vehicle,Banned,4,Ranking,1993-10-11,1994-01-01,"(37.63864012300047, -120.99999953799971)",30GRP,17
1995,4,OH,Ohio,Legislation - Smokefree Indoor Air,Smokefree Indoor Air – Other Sites,Restriction Areas,Hospitals,Designated Areas,3,Ranking,1976-05-30,1976-08-31,"(40.06021014100048, -82.40426005599966)",15GRP,100
1995,4,VT,Vermont,Legislation - Smokefree Indoor Air,Smokefree Indoor Air – Other Sites,Restriction Areas,Hospitals,Designated Areas,3,Ranking,1993-05-28,1993-07-01,"(43.62538123900049, -72.51764079099962)",15GRP,100
1995,4,TX,Texas,Legislation - Smokefree Indoor Air,Smokefree Indoor Air – Other Sites,Restriction Areas,Public Transportation,Designated Areas,3,Ranking,1975-05-23,1975-09-01,"(31.827240407000488, -99.42677020599967)",15GRP,99
1995,4,MA,Massachusetts,Legislation - Smokefree Indoor Air,Commercial Day Care Centers,Restrictions,Type of Restriction in Commercial Day Care,Designated Areas,3,Ranking,1988-01-14,1988-04-13,"(42.27687047000046, -72.08269067499964)",10GRP,50
1995,4,NJ,New Jersey,Legislation - Smokefree Indoor Air,Private Worksites,Restrictions,Type of Restriction in Private Worksite,Designated Areas,3,Ranking,1985-06-12,1986-03-01,"(40.13057004800049, -74.27369128799967)",10GRP,20
1995,4,MO,Missouri,Legislation - Smokefree Indoor Air,Bars,Restriction Areas,Type of Restriction in Bar Patron Area,Designated Areas,3,Ranking,1992-06-11,1992-12-31,"(38.635790776000476, -92.56630005299968)",15GRP,235
1995,4,AK,Alaska,Legislation - Smokefree Indoor Air,Smokefree Indoor Air – Other Sites,Restriction Areas,Hospitals,Banned,4,Ranking,1990-05-16,1990-08-14,"(64.84507995700051, -147.72205903599973)",15GRP,100
1995,4,VT,Vermont,Legislation - Smokefree Indoor Air,Private Worksites,Restrictions,Type of Restriction in Private Worksite,Designated Areas,3,Ranking,1987-06-03,1988-07-01,"(43.62538123900049, -72.51764079099962)",10GRP,20
1995,4,NE,Nebraska,Legislation - Smokefree Indoor Air,Bars,Restrictions,Type of Restriction in Bar (Summary),Designated Areas,3,Ranking,1979-01-01,1979-12-31,"(41.6410409880005, -99.36572062299967)",10GRP,234
1995,4,IL,Illinois,Legislation - Smokefree Indoor Air,Smokefree Indoor Air – Other Sites,Restriction Areas,Hospitals,Designated Areas,3,Ranking,1990-01-09,1990-07-01,"(40.48501028300046, -88.99771017799969)",15GRP,100
1995,4,KS,Kansas,Legislation - Smokefree Indoor Air,Smokefree Indoor Air – Other Sites,Restriction Areas,Hospitals,Designated Areas,3,Ranking,1987-04-14,1987-07-01,"(38.34774030000045, -98.20078122699965)",15GRP,100
1995,4,WI,Wisconsin,Legislation - Smokefree Indoor Air,Smokefree Indoor Air – Other Sites,Restriction Areas,Grocery Stores,Designated Areas,3,Ranking,1984-04-18,1984-04-26,"(44.39319117400049, -89.81637074199966)",15GRP,97
1995,4,WI,Wisconsin,Legislation - Smokefree Indoor Air,Restaurants,Restriction Areas,Type of Restriction in Restaurant Employee Area,Designated Areas,3,Ranking,1983-01-01,1983-12-31,"(44.39319117400049, -89.81637074199966)",15GRP,232
1995,4,IA,Iowa,Legislation - Smokefree Indoor Air,Restaurants,Restrictions,Type of Restriction in Restaurant (Summary),Designated Areas,3,Ranking,1990-04-24,1990-04-24,"(42.46940091300047, -93.81649055599968)",10GRP,37
1995,4,WI,Wisconsin,Legislation - Smokefree Indoor Air,Government Worksites,Restrictions,Type of Restriction in Government Worksite,Designated Areas,3,Ranking,1984-04-18,1984-04-26,"(44.39319117400049, -89.81637074199966)",10GRP,1
1995,4,ID,Idaho,Legislation - Smokefree Indoor Air,Smokefree Indoor Air – Other Sites,Restriction Areas,Enclosed Arenas,Designated Areas,3,Ranking,1985-03-11,1986-01-01,"(43.682630005000476, -114.3637300419997)",15GRP,98
1995,4,OK,Oklahoma,Legislation - Smokefree Indoor Air,Smokefree Indoor Air – Other Sites,Restriction Areas,Hospitals,Designated Areas,3,Ranking,1987-06-24,1987-11-01,"(35.47203135600046, -97.52107021399968)",15GRP,100
1995,4,IL,Illinois,Legislation - Smokefree Indoor Air,Smokefree Indoor Air – Other Sites,Restriction Areas,Enclosed Arenas,Designated Areas,3,Ranking,1990-01-09,1990-07-01,"(40.48501028300046, -88.99771017799969)",15GRP,98
1995,4,WV,West Virginia,Legislation - Smokefree Indoor Air,Smokefree Indoor Air – Other Sites,Restriction Areas,Public Transportation,Banned,4,Ranking,1985-04-13,1985-07-12,"(38.66551020200046, -80.71264013499967)",15GRP,99
1995,4,NJ,New Jersey,Legislation - Smokefree Indoor Air,Smokefree Indoor Air – Other Sites,Restriction Areas,Hospitals,Designated Areas,3,Ranking,1981-12-31,1982-06-01,"(40.13057004800049, -74.27369128799967)",15GRP,100
1995,4,MI,Michigan,Legislation - Smokefree Indoor Air,Government Worksites,Restrictions,Type of Restriction in Government Worksite,Banned,4,Ranking,1992-03-18,1992-06-15,"(44.6613195430005, -84.71439026999968)",10GRP,1
1995,4,PR,Puerto Rico,Legislation - Smokefree Indoor Air,Restaurants,Restrictions,Type of Restriction in Restaurant (Summary),Designated Smoking Area,0,Ranking,1993-08-03,1994-01-30,"(18.220833, -66.590149)",10GRP,37
1995,4,HI,Hawaii,Legislation - Smokefree Indoor Air,Commercial Day Care Centers,Restrictions,Type of Restriction in Commercial Day Care,Banned,4,Ranking,1993-04-26,1993-04-26,"(21.304850435000446, -157.85774940299973)",10GRP,50
1995,4,PR,Puerto Rico,Legislation - Smokefree Indoor Air,Commercial Day Care Centers,Restrictions,Type of Restriction in Commercial Day Care,Designated Smoking Area,0,Ranking,1993-08-03,1994-01-30,"(18.220833, -66.590149)",10GRP,50
1995,4,VT,Vermont,Legislation - Smokefree Indoor Air,Smokefree Indoor Air – Other Sites,Restriction Areas,Grocery Stores,Designated Areas,3,Ranking,1993-05-28,1993-07-01,"(43.62538123900049, -72.51764079099962)",15GRP,97
1995,4,DC,District of Columbia,Legislation - Smokefree Indoor Air,Smokefree Indoor Air – Other Sites,Restriction Areas,Grocery Stores,Designated Areas,3,Ranking,1979-07-09,1979-09-28,"(38.89037138500049, -77.03196112699965)",15GRP,97
1995,4,CT,Connecticut,Legislation - Smokefree Indoor Air,Restaurants,Restrictions,Type of Restriction in Restaurant (Summary),Designated Areas,3,Ranking,1979-01-01,1979-12-31,"(41.56266102000046, -72.64984095199964)",10GRP,37
1995,4,KS,Kansas,Legislation - Smokefree Indoor Air,Government Worksites,Restrictions,Type of Restriction in Government Worksite,Designated Areas,3,Ranking,1987-04-14,1987-07-01,"(38.34774030000045, -98.20078122699965)",10GRP,1
1995,4,SC,South Carolina,Legislation - Smokefree Indoor Air,Commercial Day Care Centers,Restrictions,Type of Restriction in Commercial Day Care,Banned,4,Ranking,1994-03-01,1994-03-01,"(33.998821303000454, -81.04537120699968)",10GRP,50
1995,4,AZ,Arizona,Legislation - Smokefree Indoor Air,Government Worksites,Restrictions,Type of Restriction in Government Worksite,Designated Areas,3,Ranking,1991-06-25,1991-09-21,"(34.865970280000454, -111.76381127699972)",10GRP,1
1995,4,AK,Alaska,Legislation - Smokefree Indoor Air,Home-based Day Care Centers,Restrictions,Type of Restriction in Home-Based Day Care,Designated Areas,3,Ranking,1990-05-16,1990-08-14,"(64.84507995700051, -147.72205903599973)",10GRP,65
1995,4,VT,Vermont,Legislation - Smokefree Indoor Air,Smokefree Indoor Air – Other Sites,Restriction Areas,Malls,Designated Areas,3,Ranking,1993-05-28,1993-07-01,"(43.62538123900049, -72.51764079099962)",15GRP,96
1995,4,CT,Connecticut,Legislation - Smokefree Indoor Air,Restaurants,Restriction Areas,Type of Restriction in Restaurant Employee Area,Designated Areas,3,Ranking,1979-01-01,1979-12-31,"(41.56266102000046, -72.64984095199964)",15GRP,232
1995,4,FL,Florida,Legislation - Smokefree Indoor Air,Smokefree Indoor Air – Other Sites,Restriction Areas,Enclosed Arenas,Banned,4,Ranking,1985-06-19,1985-10-01,"(28.932040377000476, -81.92896053899966)",15GRP,98
1997,4,IN,Indiana,Legislation - Smokefree Indoor Air,Smokefree Indoor Air – Other Sites,Restriction Areas,Grocery Stores,Designated Areas,3,Ranking,1996-02-13,1997-07-01,"(39.766910452000445, -86.14996019399968)",15GRP,97
1997,4,MN,Minnesota,Legislation - Smokefree Indoor Air,Smokefree Indoor Air – Other Sites,Restriction Areas,Prisons,Banned,4,Ranking,1996-04-02,1997-08-01,"(46.35564873600049, -94.79420050299967)",15GRP,101
1997,4,CA,California,Legislation - Smokefree Indoor Air,Bars,Restrictions,Type of Restriction in Bar (Summary),Designated Areas,3,Ranking,1996-09-27,1997-01-01,"(37.63864012300047, -120.99999953799971)",10GRP,234
1997,4,VA,Virginia,Legislation - Smokefree Indoor Air,Commercial Day Care Centers,Restrictions,Type of Restriction in Commercial Day Care,Designated Areas,3,Ranking,1997-03-20,1997-12-01,"(37.54268067400045, -78.45789046299967)",10GRP,50
1997,4,IN,Indiana,Legislation - Smokefree Indoor Air,Smokefree Indoor Air – Other Sites,Restriction Areas,Hospitals,Designated Areas,3,Ranking,1996-02-13,1997-07-01,"(39.766910452000445, -86.14996019399968)",15GRP,100
1997,4,VA,Virginia,Legislation - Smokefree Indoor Air,Smokefree Indoor Air – Other Sites,Restriction Areas,Hospitals,Designated Areas,3,Ranking,1997-03-20,1997-12-01,"(37.54268067400045, -78.45789046299967)",15GRP,100
1997,4,CA,California,Legislation - Smokefree Indoor Air,Restaurants,Restriction Areas,Type of Restriction in Restaurant Bar Area,Designated Areas,3,Ranking,1996-09-27,1997-01-01,"(37.63864012300047, -120.99999953799971)",15GRP,231
1997,4,CA,California,Legislation - Smokefree Indoor Air,Bars,Restriction Areas,Type of Restriction in Bar Patron Area,Designated Areas,3,Ranking,1996-09-27,1997-01-01,"(37.63864012300047, -120.99999953799971)",15GRP,235
1997,4,CA,California,Legislation - Smokefree Indoor Air,Bars,Restriction Areas,Type of Restriction in Bar Employee Area,Designated Areas,3,Ranking,1996-09-27,1997-01-01,"(37.63864012300047, -120.99999953799971)",15GRP,236
1997,4,CA,California,Legislation - Smokefree Indoor Air,Restaurants,Restrictions,Type of Restriction in Restaurant (Summary),Designated Areas,3,Ranking,1996-09-27,1997-01-01,"(37.63864012300047, -120.99999953799971)",10GRP,37
1997,4,VA,Virginia,Legislation - Smokefree Indoor Air,Restaurants,Restriction Areas,Type of Restriction in Restaurant Employee Area,Designated Areas,3,Ranking,1997-03-20,1997-12-01,"(37.54268067400045, -78.45789046299967)",15GRP,232
1997,4,VA,Virginia,Legislation - Smokefree Indoor Air,Smokefree Indoor Air – Other Sites,Restriction Areas,Grocery Stores,Designated Areas,3,Ranking,1997-03-20,1997-12-01,"(37.54268067400045, -78.45789046299967)",15GRP,97
1997,4,WV,West Virginia,Legislation - Smokefree Indoor Air,Smokefree Indoor Air – Other Sites,Restriction Areas,Prisons,Banned,4,Ranking,1997-04-22,1997-07-09,"(38.66551020200046, -80.71264013499967)",15GRP,101
1997,4,VA,Virginia,Legislation - Smokefree Indoor Air,Restaurants,Restrictions,Type of Restriction in Restaurant (Summary),Designated Areas,3,Ranking,1997-03-20,1997-12-01,"(37.54268067400045, -78.45789046299967)",10GRP,37
1997,4,VA,Virginia,Legislation - Smokefree Indoor Air,Smokefree Indoor Air – Other Sites,Restriction Areas,Malls,Designated Areas,3,Ranking,1997-03-20,1997-12-01,"(37.54268067400045, -78.45789046299967)",15GRP,96
1997,4,MA,Massachusetts,Legislation - Smokefree Indoor Air,Government Worksites,Restrictions,Type of Restriction in Government Worksite,Banned,4,Ranking,1997-08-28,1997-11-26,"(42.27687047000046, -72.08269067499964)",10GRP,1
1997,4,VA,Virginia,Legislation - Smokefree Indoor Air,Government Worksites,Restrictions,Type of Restriction in Government Worksite,Designated Areas,3,Ranking,1997-03-20,1997-12-01,"(37.54268067400045, -78.45789046299967)",10GRP,1
1997,4,VA,Virginia,Legislation - Smokefree Indoor Air,Restaurants,Restriction Areas,Type of Restriction in Restaurant Patron Area,Designated Areas,3,Ranking,1997-03-20,1997-12-01,"(37.54268067400045, -78.45789046299967)",15GRP,233
1998,4,CT,Connecticut,Legislation - Smokefree Indoor Air,Restaurants,Restriction Areas,Type of Restriction in Restaurant Employee Area,Designated Areas,3,Ranking,1998-12-01,1998-12-01,"(41.56266102000046, -72.64984095199964)",15GRP,232
1998,4,CT,Connecticut,Legislation - Smokefree Indoor Air,Restaurants,Restrictions,Type of Restriction in Restaurant (Summary),Designated Areas,3,Ranking,1998-12-01,1998-12-31,"(41.56266102000046, -72.64984095199964)",10GRP,37
1998,4,GA,Georgia,Legislation - Smokefree Indoor Air,Smokefree Indoor Air – Other Sites,Restriction Areas,Public Transportation,Banned,4,Ranking,1998-04-14,1998-07-01,"(32.83968109300048, -83.62758034599966)",15GRP,99
1998,4,CT,Connecticut,Legislation - Smokefree Indoor Air,Restaurants,Restriction Areas,Type of Restriction in Restaurant Patron Area,Designated Areas,3,Ranking,1998-12-01,1998-12-31,"(41.56266102000046, -72.64984095199964)",15GRP,233
1998,4,IN,Indiana,Legislation - Smokefree Indoor Air,Commercial Day Care Centers,Restrictions,Type of Restriction in Commercial Day Care,Designated Areas,3,Ranking,1998-03-11,1998-07-01,"(39.766910452000445, -86.14996019399968)",10GRP,50
1998,4,CA,California,Legislation - Smokefree Indoor Air,Restaurants,Restriction Areas,Type of Restriction in Restaurant Bar Area,Banned,4,Ranking,1996-09-27,1998-01-01,"(37.63864012300047, -120.99999953799971)",15GRP,231
1998,4,CA,California,Legislation - Smokefree Indoor Air,Bars,Restriction Areas,Type of Restriction in Bar Patron Area,Banned,4,Ranking,1996-09-27,1998-01-01,"(37.63864012300047, -120.99999953799971)",15GRP,235
1998,4,CT,Connecticut,Legislation - Smokefree Indoor Air,Restaurants,Restriction Areas,Type of Restriction in Restaurant Bar Area,Designated Areas,3,Ranking,1998-12-01,1998-12-31,"(41.56266102000046, -72.64984095199964)",15GRP,231
1998,4,NJ,New Jersey,Legislation - Smokefree Indoor Air,Commercial Day Care Centers,Restrictions,Type of Restriction in Commercial Day Care,Banned,4,Ranking,1998-06-30,1998-09-28,"(40.13057004800049, -74.27369128799967)",10GRP,50
1999,4,NE,Nebraska,Legislation - Smokefree Indoor Air,Government Worksites,Restrictions,Type of Restriction in Government Worksite,Banned,4,Ranking,1999-03-30,1999-08-28,"(41.6410409880005, -99.36572062299967)",10GRP,1
1999,4,ME,Maine,Legislation - Smokefree Indoor Air,Restaurants,Restrictions,Type of Restriction in Restaurant (Summary),Designated Areas,3,Ranking,1999-04-06,1999-09-18,"(45.254228894000505, -68.98503133599962)",10GRP,37
1999,4,ME,Maine,Legislation - Smokefree Indoor Air,Restaurants,Restriction Areas,Type of Restriction in Restaurant Employee Area,Designated Areas,3,Ranking,1999-04-06,1999-09-18,"(45.254228894000505, -68.98503133599962)",15GRP,232
1999,4,ME,Maine,Legislation - Smokefree Indoor Air,Restaurants,Restriction Areas,Type of Restriction in Restaurant Patron Area,Designated Areas,3,Ranking,1999-04-06,1999-09-18,"(45.254228894000505, -68.98503133599962)",15GRP,233
1999,4,PR,Puerto Rico,Legislation - Smokefree Indoor Air,Smokefree Indoor Air – Other Sites,Restriction Areas,Enclosed Arenas,Banned,4,Ranking,1999-08-21,1999-08-21,"(18.220833, -66.590149)",15GRP,98
1999,4,OH,Ohio,Legislation - Smokefree Indoor Air,Government Worksites,Restrictions,Type of Restriction in Government Worksite,Banned,4,Ranking,1999-01-19,1999-01-19,"(40.06021014100048, -82.40426005599966)",10GRP,1
1999,4,CT,Connecticut,Legislation - Smokefree Indoor Air,Smokefree Indoor Air – Other Sites,Restriction Areas,Mental Health - Outpatient Facilities,Designated Areas,3,Ranking,1999-01-01,1999-01-01,"(41.56266102000046, -72.64984095199964)",15GRP,340
2000,4,NE,Nebraska,Legislation - Smokefree Indoor Air,Commercial Day Care Centers,Restrictions,Type of Restriction in Commercial Day Care,Banned,4,Ranking,2000-04-13,2000-04-13,"(41.6410409880005, -99.36572062299967)",10GRP,50
2000,4,MS,Mississippi,Legislation - Smokefree Indoor Air,Government Worksites,Restrictions,Type of Restriction in Government Worksite,Designated Areas,3,Ranking,2000-05-20,2000-07-01,"(32.745510099000455, -89.53803082499968)",10GRP,1
2000,4,MI,Michigan,Legislation - Smokefree Indoor Air,Smokefree Indoor Air – Other Sites,Restriction Areas,Grocery Stores,Designated Areas,3,Ranking,2000-05-08,2000-11-08,"(44.6613195430005, -84.71439026999968)",15GRP,97
2000,4,RI,Rhode Island,Legislation - Smokefree Indoor Air,Commercial Day Care Centers,Restrictions,Type of Restriction in Commercial Day Care,Banned,4,Ranking,2000-07-13,2000-07-13,"(41.70828019300046, -71.52247031399963)",10GRP,50
2000,4,RI,Rhode Island,Legislation - Smokefree Indoor Air,Home-based Day Care Centers,Restrictions,Type of Restriction in Home-Based Day Care,Banned,4,Ranking,2000-07-13,2000-07-13,"(41.70828019300046, -71.52247031399963)",10GRP,65
2000,4,RI,Rhode Island,Legislation - Smokefree Indoor Air,Commercial Day Care Centers,Vehicles,Type of Restriction in Commercial Day Care Vehicle,Banned,4,Ranking,2000-07-13,2000-07-13,"(41.70828019300046, -71.52247031399963)",30GRP,61
2001,4,ME,Maine,Legislation - Smokefree Indoor Air,Smokefree Indoor Air – Other Sites,Restriction Areas,Mental Health - Residential Facilities,Designated Areas,3,Ranking,2001-04-12,2001-07-11,"(45.254228894000505, -68.98503133599962)",15GRP,341
2001,4,ME,Maine,Legislation - Smokefree Indoor Air,Smokefree Indoor Air – Other Sites,Restriction Areas,Substance Use - Residential Facilities,Designated Areas,3,Ranking,2001-04-12,2001-07-11,"(45.254228894000505, -68.98503133599962)",15GRP,339
2001,4,DC,District of Columbia,Legislation - Smokefree Indoor Air,Government Worksites,Vehicles,Type of Restriction in Government Worksite Vehicle,Banned,4,Ranking,2001-01-01,2001-01-01,"(38.89037138500049, -77.03196112699965)",30GRP,17
2001,4,DC,District of Columbia,Legislation - Smokefree Indoor Air,Commercial Day Care Centers,Restrictions,Type of Restriction in Commercial Day Care,Designated Areas,3,Ranking,1979-07-12,1979-09-28,"(38.89037138500049, -77.03196112699965)",10GRP,50
2001,4,MT,Montana,Legislation - Smokefree Indoor Air,Government Worksites,Restrictions,Type of Restriction in Government Worksite,Banned,4,Ranking,2001-04-20,2001-04-20,"(47.06652897200047, -109.42442064499971)",10GRP,1
2001,4,ME,Maine,Legislation - Smokefree Indoor Air,Smokefree Indoor Air – Other Sites,Restriction Areas,Hospital Campuses,Designated Areas,3,Ranking,2001-04-12,2001-07-11,"(45.254228894000505, -68.98503133599962)",15GRP,342
2002,4,SD,South Dakota,Legislation - Smokefree Indoor Air,Smokefree Indoor Air – Other Sites,Restriction Areas,Malls,Banned,4,Ranking,2002-02-22,2002-07-01,"(44.353130053000484, -100.3735306369997)",15GRP,96
2002,4,MP,Northern Mariana Islands,Legislation - Smokefree Indoor Air,Smokefree Indoor Air – Other Sites,Restriction Areas,Hospitals,Designated Smoking Areas,0,Ranking,2002-12-13,2002-12-13,"(15.0979, 145.6739)",15GRP,100
2002,4,DE,Delaware,Legislation - Smokefree Indoor Air,Restaurants,Restriction Areas,Type of Restriction in Restaurant Bar Area,Banned,4,Ranking,2002-05-31,2002-12-01,"(39.008830667000495, -75.57774116799965)",15GRP,231
2002,4,MP,Northern Mariana Islands,Legislation - Smokefree Indoor Air,Smokefree Indoor Air – Other Sites,Restriction Areas,Grocery Stores,Banned,4,Ranking,2002-12-13,2002-12-13,"(15.0979, 145.6739)",15GRP,97
2002,4,DE,Delaware,Legislation - Smokefree Indoor Air,Private Multi-Unit Housing,Restrictions,Type of Restriction in Lobby and Common Area of Private Multi-Unit Housing,Banned,4,Ranking,2002-05-31,2002-12-07,"(39.008830667000495, -75.57774116799965)",10GRP,125
2002,4,DE,Delaware,Legislation - Smokefree Indoor Air,Smokefree Indoor Air – Other Sites,Restriction Areas,Enclosed Arenas,Banned,4,Ranking,2002-05-31,2002-11-27,"(39.008830667000495, -75.57774116799965)",15GRP,98
2002,4,DE,Delaware,Legislation - Smokefree Indoor Air,Smokefree Indoor Air – Other Sites,Restriction Areas,Substance Use - Outpatient Facilities,Banned,4,Ranking,2002-05-31,2002-11-27,"(39.008830667000495, -75.57774116799965)",15GRP,338
2002,4,MP,Northern Mariana Islands,Legislation - Smokefree Indoor Air,Restaurants,Restriction Areas,Type of Restriction in Restaurant Patron Area,Designated Smoking Area,0,Ranking,2002-12-13,2002-12-13,"(15.0979, 145.6739)",15GRP,233
2002,4,SD,South Dakota,Legislation - Smokefree Indoor Air,Smokefree Indoor Air – Other Sites,Restriction Areas,Grocery Stores,Banned,4,Ranking,2002-02-22,2002-07-01,"(44.353130053000484, -100.3735306369997)",15GRP,97
2002,4,OR,Oregon,Legislation - Smokefree Indoor Air,Restaurants,Restriction Areas,Type of Restriction in Restaurant Patron Area,Designated Areas,3,Ranking,2001-08-17,2002-01-01,"(44.56744942400047, -120.15503132599969)",15GRP,233
2002,4,SD,South Dakota,Legislation - Smokefree Indoor Air,Commercial Day Care Centers,Restrictions,Type of Restriction in Commercial Day Care,Banned,4,Ranking,2002-02-22,2002-07-01,"(44.353130053000484, -100.3735306369997)",10GRP,50
2002,4,DE,Delaware,Legislation - Smokefree Indoor Air,Restaurants,Restrictions,Type of Restriction in Restaurant (Summary),Banned,4,Ranking,2002-05-31,2002-12-01,"(39.008830667000495, -75.57774116799965)",10GRP,37
2002,4,OR,Oregon,Legislation - Smokefree Indoor Air,Hotels and Motels,Additional Requirements,Sleeping Room Designation (Type),Smoking Room,3,Ranking,2001-08-17,2002-01-01,"(44.56744942400047, -120.15503132599969)",20GRP,83
2002,4,MP,Northern Mariana Islands,Legislation - Smokefree Indoor Air,Smokefree Indoor Air – Other Sites,Restriction Areas,Malls,Banned,4,Ranking,2002-12-13,2002-12-13,"(15.0979, 145.6739)",15GRP,96
2002,4,SD,South Dakota,Legislation - Smokefree Indoor Air,Restaurants,Restriction Areas,Type of Restriction in Restaurant Patron Area,Banned,4,Ranking,2002-02-22,2002-07-01,"(44.353130053000484, -100.3735306369997)",15GRP,233
2002,4,DE,Delaware,Legislation - Smokefree Indoor Air,Smokefree Indoor Air – Other Sites,Restriction Areas,Malls,Banned,4,Ranking,2002-05-31,2002-11-27,"(39.008830667000495, -75.57774116799965)",15GRP,96
2002,4,DE,Delaware,Legislation - Smokefree Indoor Air,Home-based Day Care Centers,Restrictions,Type of Restriction in Home-Based Day Care,Banned,4,Ranking,2002-05-31,2002-11-27,"(39.008830667000495, -75.57774116799965)",10GRP,65
2002,4,OR,Oregon,Legislation - Smokefree Indoor Air,Hotels and Motels,Restrictions,Type of Restriction in Lobby and Common Area of Hotel and Motel,Banned,4,Ranking,2001-08-17,2002-01-01,"(44.56744942400047, -120.15503132599969)",10GRP,81
2002,4,DE,Delaware,Legislation - Smokefree Indoor Air,Restaurants,Restriction Areas,Type of Restriction in Restaurant Employee Area,Banned,4,Ranking,2002-05-31,2002-12-01,"(39.008830667000495, -75.57774116799965)",15GRP,232
2002,4,MP,Northern Mariana Islands,Legislation - Smokefree Indoor Air,Restaurants,Restrictions,Type of Restriction in Restaurant (Summary),Designated Smoking Area,0,Ranking,2002-12-13,2002-12-13,"(15.0979, 145.6739)",10GRP,37
2002,4,SD,South Dakota,Legislation - Smokefree Indoor Air,Smokefree Indoor Air – Other Sites,Restriction Areas,Hospitals,Banned,4,Ranking,2002-02-22,2002-07-01,"(44.353130053000484, -100.3735306369997)",15GRP,100
2002,4,DE,Delaware,Legislation - Smokefree Indoor Air,Bars,Restriction Areas,Type of Restriction in Bar Patron Area,Banned,4,Ranking,2002-05-31,2002-12-01,"(39.008830667000495, -75.57774116799965)",15GRP,235
2002,4,FL,Florida,Legislation - Smokefree Indoor Air,Government Worksites,Restrictions,Type of Restriction in Government Worksite,Banned,4,Ranking,1985-06-19,1985-10-01,"(28.932040377000476, -81.92896053899966)",10GRP,1
2002,4,SD,South Dakota,Legislation - Smokefree Indoor Air,Restaurants,Restrictions,Type of Restriction in Restaurant (Summary),Designated Areas,3,Ranking,2002-02-22,2002-07-01,"(44.353130053000484, -100.3735306369997)",10GRP,37
2002,4,DE,Delaware,Legislation - Smokefree Indoor Air,Bars,Restrictions,Type of Restriction in Bar (Summary),Banned,4,Ranking,2002-05-31,2002-12-01,"(39.008830667000495, -75.57774116799965)",10GRP,234
2002,4,DE,Delaware,Legislation - Smokefree Indoor Air,Private Worksites,Restrictions,Type of Restriction in Private Worksite,Banned,4,Ranking,2002-05-31,2002-11-27,"(39.008830667000495, -75.57774116799965)",10GRP,20
2002,4,SD,South Dakota,Legislation - Smokefree Indoor Air,Private Worksites,Restrictions,Type of Restriction in Private Worksite,Banned,4,Ranking,2002-02-22,2002-07-01,"(44.353130053000484, -100.3735306369997)",10GRP,20
2002,4,MP,Northern Mariana Islands,Legislation - Smokefree Indoor Air,Government Worksites,Restrictions,Type of Restriction in Government Worksite,Designated Smoking Areas,0,Ranking,2002-12-13,2002-12-13,"(15.0979, 145.6739)",10GRP,1
2002,4,DE,Delaware,Legislation - Smokefree Indoor Air,Restaurants,Restriction Areas,Type of Restriction in Restaurant Patron Area,Banned,4,Ranking,2002-05-31,2002-12-01,"(39.008830667000495, -75.57774116799965)",15GRP,233
2002,4,DE,Delaware,Legislation - Smokefree Indoor Air,Smokefree Indoor Air – Other Sites,Restriction Areas,Casinos (Racetrack),Banned,4,Ranking,2002-05-31,2002-11-27,"(39.008830667000495, -75.57774116799965)",15GRP,336
2002,4,OR,Oregon,Legislation - Smokefree Indoor Air,Restaurants,Restriction Areas,Type of Restriction in Restaurant Bar Area,Designated Areas,3,Ranking,2001-08-17,2002-01-01,"(44.56744942400047, -120.15503132599969)",15GRP,231
2002,4,SD,South Dakota,Legislation - Smokefree Indoor Air,Restaurants,Restriction Areas,Type of Restriction in Restaurant Employee Area,Banned,4,Ranking,2002-02-22,2002-07-01,"(44.353130053000484, -100.3735306369997)",15GRP,232
2002,4,DE,Delaware,Legislation - Smokefree Indoor Air,Government Worksites,Restrictions,Type of Restriction in Government Worksite,Banned,4,Ranking,2002-05-31,2002-11-27,"(39.008830667000495, -75.57774116799965)",10GRP,1
2002,4,SD,South Dakota,Legislation - Smokefree Indoor Air,Hotels and Motels,Restrictions,Type of Restriction in Lobby and Common Area of Hotel and Motel,Banned,4,Ranking,2002-02-22,2002-07-01,"(44.353130053000484, -100.3735306369997)",10GRP,81
2002,4,DE,Delaware,Legislation - Smokefree Indoor Air,Home-based Day Care Centers,Vehicles,Type of Restriction in Home-Based Day Care Vehicle,Banned,4,Ranking,2002-05-31,2002-11-27,"(39.008830667000495, -75.57774116799965)",30GRP,77
2002,4,MP,Northern Mariana Islands,Legislation - Smokefree Indoor Air,Home-based Day Care Centers,Restrictions,Type of Restriction in Home-Based Day Care,Banned,4,Ranking,2002-12-13,2002-12-13,"(15.0979, 145.6739)",10GRP,65
2002,4,SD,South Dakota,Legislation - Smokefree Indoor Air,Smokefree Indoor Air – Other Sites,Restriction Areas,Public Transportation,Banned,4,Ranking,2002-02-22,2002-07-01,"(44.353130053000484, -100.3735306369997)",15GRP,99
2002,4,SD,South Dakota,Legislation - Smokefree Indoor Air,Hotels and Motels,Additional Requirements,Sleeping Room Designation (Type),Smoking Room,3,Ranking,2002-02-22,2002-07-01,"(44.353130053000484, -100.3735306369997)",20GRP,83
2002,4,DE,Delaware,Legislation - Smokefree Indoor Air,Government Multi-Unit Housing,Restrictions,Type of Restriction in Lobby and Common Area of Government Multi-Unit Housing,Banned,4,Ranking,2002-05-31,2002-12-07,"(39.008830667000495, -75.57774116799965)",10GRP,115
2002,4,DE,Delaware,Legislation - Smokefree Indoor Air,Commercial Day Care Centers,Vehicles,Type of Restriction in Commercial Day Care Vehicle,Banned,4,Ranking,2002-05-31,2002-11-27,"(39.008830667000495, -75.57774116799965)",30GRP,61
2002,4,SD,South Dakota,Legislation - Smokefree Indoor Air,Home-based Day Care Centers,Restrictions,Type of Restriction in Home-Based Day Care,Banned,4,Ranking,2002-02-22,2002-07-01,"(44.353130053000484, -100.3735306369997)",10GRP,65
2002,4,MP,Northern Mariana Islands,Legislation - Smokefree Indoor Air,Commercial Day Care Centers,Restrictions,Type of Restriction in Commercial Day Care,Designated Smoking Areas,0,Ranking,2002-12-13,2002-12-13,"(15.0979, 145.6739)",10GRP,50
2002,4,DE,Delaware,Legislation - Smokefree Indoor Air,Bars,Restriction Areas,Type of Restriction in Bar Employee Area,Banned,4,Ranking,2002-05-31,2002-12-01,"(39.008830667000495, -75.57774116799965)",15GRP,236
2002,4,DE,Delaware,Legislation - Smokefree Indoor Air,Hotels and Motels,Restrictions,Type of Restriction in Lobby and Common Area of Hotel and Motel,Banned,4,Ranking,2002-05-31,2002-11-30,"(39.008830667000495, -75.57774116799965)",10GRP,81
2002,4,SD,South Dakota,Legislation - Smokefree Indoor Air,Smokefree Indoor Air – Other Sites,Restriction Areas,Enclosed Arenas,Banned,4,Ranking,2002-02-22,2002-07-01,"(44.353130053000484, -100.3735306369997)",15GRP,98
2002,4,DE,Delaware,Legislation - Smokefree Indoor Air,Smokefree Indoor Air – Other Sites,Restriction Areas,Mental Health - Outpatient Facilities,Banned,4,Ranking,2002-05-31,2002-11-27,"(39.008830667000495, -75.57774116799965)",15GRP,340
2002,4,SD,South Dakota,Legislation - Smokefree Indoor Air,Government Worksites,Restrictions,Type of Restriction in Government Worksite,Banned,4,Ranking,2002-02-22,2002-07-01,"(44.353130053000484, -100.3735306369997)",10GRP,1
2002,4,OR,Oregon,Legislation - Smokefree Indoor Air,Restaurants,Restrictions,Type of Restriction in Restaurant (Summary),Designated Areas,3,Ranking,2001-08-17,2002-01-01,"(44.56744942400047, -120.15503132599969)",10GRP,37
2003,4,MH,Marshall Islands,Legislation - Smokefree Indoor Air,Smokefree Indoor Air – Other Sites,Restriction Areas,Hospitals,Banned,4,Ranking,2003-09-29,2003-12-03,"(11.3246908, 166.84174239999993)",15GRP,100
2003,4,OK,Oklahoma,Legislation - Smokefree Indoor Air,Hotels and Motels,Additional Requirements,Sleeping Room Designation (Type),Smoking Room,3,Ranking,2003-06-06,2003-09-01,"(35.47203135600046, -97.52107021399968)",20GRP,83
2003,4,NY,New York,Legislation - Smokefree Indoor Air,Restaurants,Restriction Areas,Type of Restriction in Restaurant Patron Area,Banned,4,Ranking,2003-03-26,2003-07-24,"(42.82700103200045, -75.54397042699964)",15GRP,233
2003,4,AL,Alabama,Legislation - Smokefree Indoor Air,Smokefree Indoor Air – Other Sites,Restriction Areas,Grocery Stores,Designated Areas,3,Ranking,2003-06-19,2003-09-01,"(32.84057112200048, -86.63186076199969)",15GRP,97
2003,4,MH,Marshall Islands,Legislation - Smokefree Indoor Air,Smokefree Indoor Air – Other Sites,Restriction Areas,Malls,Banned,4,Ranking,2003-09-29,2003-12-03,"(11.3246908, 166.84174239999993)",15GRP,96
2003,4,NY,New York,Legislation - Smokefree Indoor Air,Government Worksites,Restrictions,Type of Restriction in Government Worksite,Banned,4,Ranking,2003-03-26,2003-07-24,"(42.82700103200045, -75.54397042699964)",10GRP,1
2003,4,NY,New York,Legislation - Smokefree Indoor Air,Bars,Restrictions,Type of Restriction in Bar (Summary),Banned,4,Ranking,2003-03-26,2003-07-24,"(42.82700103200045, -75.54397042699964)",10GRP,234
2003,4,NY,New York,Legislation - Smokefree Indoor Air,Smokefree Indoor Air – Other Sites,Restriction Areas,Mental Health - Residential Facilities,Designated Areas,3,Ranking,2003-03-26,2003-07-24,"(42.82700103200045, -75.54397042699964)",15GRP,341
2003,4,NY,New York,Legislation - Smokefree Indoor Air,Private Worksites,Restrictions,Type of Restriction in Private Worksite,Banned,4,Ranking,2003-03-26,2003-07-24,"(42.82700103200045, -75.54397042699964)",10GRP,20
2003,4,MH,Marshall Islands,Legislation - Smokefree Indoor Air,Smokefree Indoor Air – Other Sites,Restriction Areas,Public Transportation,Banned,4,Ranking,2003-09-29,2003-12-03,"(11.3246908, 166.84174239999993)",15GRP,99
2003,4,NY,New York,Legislation - Smokefree Indoor Air,Smokefree Indoor Air – Other Sites,Restriction Areas,Grocery Stores,Banned,4,Ranking,2003-03-26,2003-07-24,"(42.82700103200045, -75.54397042699964)",15GRP,97
2003,4,NY,New York,Legislation - Smokefree Indoor Air,Smokefree Indoor Air – Other Sites,Restriction Areas,Substance Use - Outpatient Facilities,Banned,4,Ranking,2003-03-26,2003-07-25,"(42.82700103200045, -75.54397042699964)",15GRP,338
2003,4,NY,New York,Legislation - Smokefree Indoor Air,Hotels and Motels,Additional Requirements,Sleeping Room Designation (Type),Smoking Room,3,Ranking,2003-05-26,2003-07-24,"(42.82700103200045, -75.54397042699964)",20GRP,83
2003,4,NY,New York,Legislation - Smokefree Indoor Air,Smokefree Indoor Air – Other Sites,Restriction Areas,Bingo Halls,Banned,4,Ranking,2003-03-26,2003-07-24,"(42.82700103200045, -75.54397042699964)",15GRP,337
2003,4,MH,Marshall Islands,Legislation - Smokefree Indoor Air,Restaurants,Restriction Areas,Type of Restriction in Restaurant Patron Area,Banned,4,Ranking,2003-09-29,2003-12-03,"(11.3246908, 166.84174239999993)",15GRP,233
2003,4,MH,Marshall Islands,Legislation - Smokefree Indoor Air,Restaurants,Restrictions,Type of Restriction in Restaurant (Summary),Designated Smoking Areas,0,Ranking,2003-09-29,2003-12-03,"(11.3246908, 166.84174239999993)",10GRP,37
2003,4,FL,Florida,Legislation - Smokefree Indoor Air,Smokefree Indoor Air – Other Sites,Restriction Areas,Casinos (Racetrack),Banned,4,Ranking,2003-06-23,2003-07-01,"(28.932040377000476, -81.92896053899966)",15GRP,336
2003,4,NY,New York,Legislation - Smokefree Indoor Air,Smokefree Indoor Air – Other Sites,Restriction Areas,Enclosed Arenas,Banned,4,Ranking,2003-03-26,2003-07-24,"(42.82700103200045, -75.54397042699964)",15GRP,98
2003,4,NY,New York,Legislation - Smokefree Indoor Air,Hotels and Motels,Restrictions,Type of Restriction in Lobby and Common Area of Hotel and Motel,Banned,4,Ranking,2003-05-26,2003-07-24,"(42.82700103200045, -75.54397042699964)",10GRP,81
2003,4,NY,New York,Legislation - Smokefree Indoor Air,Bars,Restriction Areas,Type of Restriction in Bar Patron Area,Banned,4,Ranking,2003-03-26,2003-07-24,"(42.82700103200045, -75.54397042699964)",15GRP,235
2003,4,MH,Marshall Islands,Legislation - Smokefree Indoor Air,Smokefree Indoor Air – Other Sites,Restriction Areas,Grocery Stores,Banned,4,Ranking,2003-09-29,2003-12-03,"(11.3246908, 166.84174239999993)",15GRP,97
2003,4,OK,Oklahoma,Legislation - Smokefree Indoor Air,Hotels and Motels,Restrictions,Type of Restriction in Lobby and Common Area of Hotel and Motel,Banned,4,Ranking,2003-06-06,2003-09-01,"(35.47203135600046, -97.52107021399968)",10GRP,81
2003,4,OK,Oklahoma,Legislation - Smokefree Indoor Air,Smokefree Indoor Air – Other Sites,Restriction Areas,Malls,Banned,4,Ranking,2003-06-06,2003-09-01,"(35.47203135600046, -97.52107021399968)",15GRP,96
2003,4,AL,Alabama,Legislation - Smokefree Indoor Air,Hotels and Motels,Additional Requirements,Sleeping Room Designation (Type),Smoking Room,3,Ranking,2003-06-13,2003-09-01,"(32.84057112200048, -86.63186076199969)",20GRP,83
2003,4,FL,Florida,Legislation - Smokefree Indoor Air,Smokefree Indoor Air – Other Sites,Restriction Areas,Mental Health - Outpatient Facilities,Banned,4,Ranking,2003-06-23,2003-07-01,"(28.932040377000476, -81.92896053899966)",15GRP,340
2003,4,AL,Alabama,Legislation - Smokefree Indoor Air,Smokefree Indoor Air – Other Sites,Restriction Areas,Public Transportation,Designated Areas,3,Ranking,2003-06-19,2003-09-01,"(32.84057112200048, -86.63186076199969)",15GRP,99
2003,4,CT,Connecticut,Legislation - Smokefree Indoor Air,Smokefree Indoor Air – Other Sites,Restriction Areas,Grocery Stores,Banned,4,Ranking,2003-05-23,2003-10-01,"(41.56266102000046, -72.64984095199964)",15GRP,97
2003,4,AL,Alabama,Legislation - Smokefree Indoor Air,Government Worksites,Restrictions,Type of Restriction in Government Worksite,Designated Areas,3,Ranking,2003-06-19,2003-09-01,"(32.84057112200048, -86.63186076199969)",10GRP,1
2003,4,AL,Alabama,Legislation - Smokefree Indoor Air,Home-based Day Care Centers,Restrictions,Type of Restriction in Home-Based Day Care,Designated Areas,3,Ranking,2003-06-19,2003-09-01,"(32.84057112200048, -86.63186076199969)",10GRP,65
2003,4,CT,Connecticut,Legislation - Smokefree Indoor Air,Restaurants,Restriction Areas,Type of Restriction in Restaurant Bar Area,Banned,4,Ranking,2003-05-23,2003-10-01,"(41.56266102000046, -72.64984095199964)",15GRP,231
2003,4,FL,Florida,Legislation - Smokefree Indoor Air,Restaurants,Restriction Areas,Type of Restriction in Restaurant Patron Area,Banned,4,Ranking,2003-06-23,2003-07-01,"(28.932040377000476, -81.92896053899966)",15GRP,233
2003,4,FL,Florida,Legislation - Smokefree Indoor Air,Hotels and Motels,Additional Requirements,Sleeping Room Designation (Type),Smoking Room,3,Ranking,2003-06-23,2003-07-01,"(28.932040377000476, -81.92896053899966)",20GRP,83
2003,4,FL,Florida,Legislation - Smokefree Indoor Air,Smokefree Indoor Air – Other Sites,Restriction Areas,Mental Health - Residential Facilities,Banned,4,Ranking,2003-06-23,2003-07-01,"(28.932040377000476, -81.92896053899966)",15GRP,341
2003,4,FL,Florida,Legislation - Smokefree Indoor Air,Commercial Day Care Centers,Restrictions,Type of Restriction in Commercial Day Care,Banned,4,Ranking,2003-06-23,2003-07-01,"(28.932040377000476, -81.92896053899966)",10GRP,50
2003,4,AL,Alabama,Legislation - Smokefree Indoor Air,Smokefree Indoor Air – Other Sites,Restriction Areas,Enclosed Arenas,Designated Areas,3,Ranking,2003-06-19,2003-09-01,"(32.84057112200048, -86.63186076199969)",15GRP,98
2003,4,FL,Florida,Legislation - Smokefree Indoor Air,Government Worksites,Restrictions,Type of Restriction in Government Worksite,Banned,4,Ranking,2003-06-23,2003-07-01,"(28.932040377000476, -81.92896053899966)",10GRP,1
2003,4,CT,Connecticut,Legislation - Smokefree Indoor Air,Smokefree Indoor Air – Other Sites,Restriction Areas,Hospitals,Banned,4,Ranking,2003-05-23,2003-10-01,"(41.56266102000046, -72.64984095199964)",15GRP,100
2003,4,FL,Florida,Legislation - Smokefree Indoor Air,Smokefree Indoor Air – Other Sites,Restriction Areas,Hospitals,Banned,4,Ranking,2003-03-23,2003-07-01,"(28.932040377000476, -81.92896053899966)",15GRP,100
2003,4,FL,Florida,Legislation - Smokefree Indoor Air,Private Worksites,Restrictions,Type of Restriction in Private Worksite,Banned,4,Ranking,2003-06-23,2003-07-01,"(28.932040377000476, -81.92896053899966)",10GRP,20
2003,4,AL,Alabama,Legislation - Smokefree Indoor Air,Commercial Day Care Centers,Restrictions,Type of Restriction in Commercial Day Care,Designated Areas,3,Ranking,2003-06-19,2003-09-01,"(32.84057112200048, -86.63186076199969)",10GRP,50
2003,4,CT,Connecticut,Legislation - Smokefree Indoor Air,Restaurants,Restriction Areas,Type of Restriction in Restaurant Patron Area,Banned,4,Ranking,2003-05-23,2003-10-01,"(41.56266102000046, -72.64984095199964)",15GRP,233
2003,4,FL,Florida,Legislation - Smokefree Indoor Air,Restaurants,Restriction Areas,Type of Restriction in Restaurant Bar Area,Banned,4,Ranking,2003-06-23,2003-07-01,"(28.932040377000476, -81.92896053899966)",15GRP,231
2003,4,AL,Alabama,Legislation - Smokefree Indoor Air,Smokefree Indoor Air – Other Sites,Restriction Areas,Malls,Designated Areas,3,Ranking,2003-06-19,2003-09-01,"(32.84057112200048, -86.63186076199969)",15GRP,96
2003,4,FL,Florida,Legislation - Smokefree Indoor Air,Hotels and Motels,Restrictions,Type of Restriction in Lobby and Common Area of Hotel and Motel,Banned,4,Ranking,2003-06-23,2003-07-01,"(28.932040377000476, -81.92896053899966)",10GRP,81
2003,4,FL,Florida,Legislation - Smokefree Indoor Air,Smokefree Indoor Air – Other Sites,Restriction Areas,Substance Use - Outpatient Facilities,Banned,4,Ranking,2003-06-23,2003-07-01,"(28.932040377000476, -81.92896053899966)",15GRP,338
2003,4,CT,Connecticut,Legislation - Smokefree Indoor Air,Hotels and Motels,Additional Requirements,Sleeping Room Designation (Type),Smoking Room,3,Ranking,2003-05-23,2003-10-01,"(41.56266102000046, -72.64984095199964)",20GRP,83
2003,4,FL,Florida,Legislation - Smokefree Indoor Air,Restaurants,Restrictions,Type of Restriction in Restaurant (Summary),Banned,4,Ranking,2003-06-23,2003-07-01,"(28.932040377000476, -81.92896053899966)",10GRP,37
2003,4,FL,Florida,Legislation - Smokefree Indoor Air,Home-based Day Care Centers,Restrictions,Type of Restriction in Home-Based Day Care,Banned,4,Ranking,2003-05-27,2003-07-01,"(28.932040377000476, -81.92896053899966)",10GRP,65
2003,4,AL,Alabama,Legislation - Smokefree Indoor Air,Government Multi-Unit Housing,Restrictions,Type of Restriction in Lobby and Common Area of Government Multi-Unit Housing,Designated Areas,3,Ranking,2003-06-19,2003-09-01,"(32.84057112200048, -86.63186076199969)",10GRP,115
2003,4,AL,Alabama,Legislation - Smokefree Indoor Air,Hotels and Motels,Restrictions,Type of Restriction in Lobby and Common Area of Hotel and Motel,Designated Areas,3,Ranking,2003-06-19,2003-09-01,"(32.84057112200048, -86.63186076199969)",10GRP,81
2003,4,FL,Florida,Legislation - Smokefree Indoor Air,Smokefree Indoor Air – Other Sites,Restriction Areas,Substance Use - Residential Facilities,Banned,4,Ranking,2003-06-23,2003-07-01,"(28.932040377000476, -81.92896053899966)",15GRP,339
2003,4,AL,Alabama,Legislation - Smokefree Indoor Air,Private Worksites,Restrictions,Type of Restriction in Private Worksite,Designated Areas,3,Ranking,2003-06-19,2003-09-01,"(32.84057112200048, -86.63186076199969)",10GRP,20
2003,4,AL,Alabama,Legislation - Smokefree Indoor Air,Private Multi-Unit Housing,Restrictions,Type of Restriction in Lobby and Common Area of Private Multi-Unit Housing,Designated Areas,3,Ranking,2003-06-19,2003-09-01,"(32.84057112200048, -86.63186076199969)",10GRP,125
2003,4,FL,Florida,Legislation - Smokefree Indoor Air,Restaurants,Restriction Areas,Type of Restriction in Restaurant Employee Area,Banned,4,Ranking,2003-06-23,2003-07-01,"(28.932040377000476, -81.92896053899966)",15GRP,232
2003,4,AL,Alabama,Legislation - Smokefree Indoor Air,Smokefree Indoor Air – Other Sites,Restriction Areas,Hospitals,Designated Areas,3,Ranking,2003-06-19,2003-09-01,"(32.84057112200048, -86.63186076199969)",15GRP,100
2003,4,NY,New York,Legislation - Smokefree Indoor Air,Bars,Restriction Areas,Type of Restriction in Bar Employee Area,Banned,4,Ranking,2003-03-26,2003-07-24,"(42.82700103200045, -75.54397042699964)",15GRP,236
2003,4,OK,Oklahoma,Legislation - Smokefree Indoor Air,Restaurants,Restriction Areas,Type of Restriction in Restaurant Bar Area,Designated Areas,3,Ranking,2003-06-06,2003-09-01,"(35.47203135600046, -97.52107021399968)",15GRP,231
2003,4,NY,New York,Legislation - Smokefree Indoor Air,Restaurants,Restriction Areas,Type of Restriction in Restaurant Employee Area,Banned,4,Ranking,2003-03-26,2003-07-24,"(42.82700103200045, -75.54397042699964)",15GRP,232
2003,4,MH,Marshall Islands,Legislation - Smokefree Indoor Air,Smokefree Indoor Air – Other Sites,Restriction Areas,Enclosed Arenas,Banned,4,Ranking,2003-09-29,2003-12-03,"(11.3246908, 166.84174239999993)",15GRP,98
2003,4,NY,New York,Legislation - Smokefree Indoor Air,Restaurants,Restrictions,Type of Restriction in Restaurant (Summary),Banned,4,Ranking,2003-03-26,2003-07-24,"(42.82700103200045, -75.54397042699964)",10GRP,37
2003,4,OK,Oklahoma,Legislation - Smokefree Indoor Air,Restaurants,Restrictions,Type of Restriction in Restaurant (Summary),Designated Areas,3,Ranking,2003-06-06,2003-09-01,"(35.47203135600046, -97.52107021399968)",10GRP,37
2003,4,NY,New York,Legislation - Smokefree Indoor Air,Restaurants,Restriction Areas,Type of Restriction in Restaurant Bar Area,Banned,4,Ranking,2003-03-26,2003-07-24,"(42.82700103200045, -75.54397042699964)",15GRP,231
2003,4,OK,Oklahoma,Legislation - Smokefree Indoor Air,Restaurants,Restriction Areas,Type of Restriction in Restaurant Employee Area,Designated Areas,3,Ranking,2003-06-06,2003-09-01,"(35.47203135600046, -97.52107021399968)",15GRP,232
2003,4,OK,Oklahoma,Legislation - Smokefree Indoor Air,Restaurants,Restriction Areas,Type of Restriction in Restaurant Patron Area,Designated Areas,3,Ranking,2003-06-06,2003-09-01,"(35.47203135600046, -97.52107021399968)",15GRP,233
2003,4,NY,New York,Legislation - Smokefree Indoor Air,Smokefree Indoor Air – Other Sites,Restriction Areas,Substance Use - Residential Facilities,Designated Areas,3,Ranking,2003-03-26,2003-07-24,"(42.82700103200045, -75.54397042699964)",15GRP,339
2003,4,MH,Marshall Islands,Legislation - Smokefree Indoor Air,Government Worksites,Restrictions,Type of Restriction in Government Worksite,Banned,4,Ranking,2003-09-29,2003-12-03,"(11.3246908, 166.84174239999993)",10GRP,1
2003,4,NY,New York,Legislation - Smokefree Indoor Air,Smokefree Indoor Air – Other Sites,Restriction Areas,Malls,Banned,4,Ranking,2003-03-26,2003-07-24,"(42.82700103200045, -75.54397042699964)",15GRP,96
2003,4,NY,New York,Legislation - Smokefree Indoor Air,Home-based Day Care Centers,Restrictions,Type of Restriction in Home-Based Day Care,Banned,4,Ranking,2003-03-26,2003-07-24,"(42.82700103200045, -75.54397042699964)",10GRP,65
2003,4,OK,Oklahoma,Legislation - Smokefree Indoor Air,Home-based Day Care Centers,Restrictions,Type of Restriction in Home-Based Day Care,Banned,4,Ranking,2003-06-06,2003-11-01,"(35.47203135600046, -97.52107021399968)",10GRP,65
2003,4,NY,New York,Legislation - Smokefree Indoor Air,Smokefree Indoor Air – Other Sites,Restriction Areas,Hospitals,Banned,4,Ranking,2003-03-26,2003-07-25,"(42.82700103200045, -75.54397042699964)",15GRP,100
2003,4,MH,Marshall Islands,Legislation - Smokefree Indoor Air,Restaurants,Restriction Areas,Type of Restriction in Restaurant Bar Area,Designated Smoking Area,0,Ranking,2003-09-29,2003-12-03,"(11.3246908, 166.84174239999993)",15GRP,231
2003,4,OK,Oklahoma,Legislation - Smokefree Indoor Air,Smokefree Indoor Air – Other Sites,Restriction Areas,Public Transportation,Banned,4,Ranking,2003-06-06,2003-09-01,"(35.47203135600046, -97.52107021399968)",15GRP,99
2003,4,NY,New York,Legislation - Smokefree Indoor Air,Smokefree Indoor Air – Other Sites,Restriction Areas,Mental Health - Outpatient Facilities,Banned,4,Ranking,2003-03-26,2003-07-25,"(42.82700103200045, -75.54397042699964)",15GRP,340
2003,4,OK,Oklahoma,Legislation - Smokefree Indoor Air,Private Worksites,Restrictions,Type of Restriction in Private Worksite,Designated Areas,3,Ranking,2003-06-06,2003-09-01,"(35.47203135600046, -97.52107021399968)",10GRP,20
2004,4,ID,Idaho,Legislation - Smokefree Indoor Air,Private Worksites,Restrictions,Type of Restriction in Private Worksite,Designated Areas,3,Ranking,2004-04-02,2004-07-01,"(43.682630005000476, -114.3637300419997)",10GRP,20
2004,4,ME,Maine,Legislation - Smokefree Indoor Air,Restaurants,Restriction Areas,Type of Restriction in Restaurant Patron Area,Banned,4,Ranking,2003-06-24,2004-01-01,"(45.254228894000505, -68.98503133599962)",15GRP,233
2004,4,MA,Massachusetts,Legislation - Smokefree Indoor Air,Hotels and Motels,Additional Requirements,Sleeping Room Designation (Type),Smoking Room,3,Ranking,2004-06-18,2004-07-05,"(42.27687047000046, -72.08269067499964)",20GRP,83
2004,4,MA,Massachusetts,Legislation - Smokefree Indoor Air,Smokefree Indoor Air – Other Sites,Restriction Areas,Mental Health - Residential Facilities,Banned,4,Ranking,2004-06-18,2004-07-05,"(42.27687047000046, -72.08269067499964)",15GRP,341
2004,4,MA,Massachusetts,Legislation - Smokefree Indoor Air,Smokefree Indoor Air – Other Sites,Restriction Areas,Enclosed Arenas,Banned,4,Ranking,2004-06-18,2004-07-05,"(42.27687047000046, -72.08269067499964)",15GRP,98
2004,4,ME,Maine,Legislation - Smokefree Indoor Air,Smokefree Indoor Air – Other Sites,Restriction Areas,Casinos (Racetrack),Designated Areas,3,Ranking,2003-06-24,2004-01-01,"(45.254228894000505, -68.98503133599962)",15GRP,336
2004,4,ID,Idaho,Legislation - Smokefree Indoor Air,Smokefree Indoor Air – Other Sites,Restriction Areas,Grocery Stores,Banned,4,Ranking,2004-04-02,2004-07-01,"(43.682630005000476, -114.3637300419997)",15GRP,97
2004,4,ME,Maine,Legislation - Smokefree Indoor Air,Restaurants,Restriction Areas,Type of Restriction in Restaurant Bar Area,Banned,4,Ranking,2003-06-24,2004-01-01,"(45.254228894000505, -68.98503133599962)",15GRP,231
2004,4,MA,Massachusetts,Legislation - Smokefree Indoor Air,Smokefree Indoor Air – Other Sites,Restriction Areas,Mental Health - Outpatient Facilities,Banned,4,Ranking,2004-06-18,2004-07-05,"(42.27687047000046, -72.08269067499964)",15GRP,340
2004,4,MN,Minnesota,Legislation - Smokefree Indoor Air,Smokefree Indoor Air – Other Sites,Restriction Areas,Mental Health - Outpatient Facilities,Banned,4,Ranking,2003-06-05,2004-01-01,"(46.35564873600049, -94.79420050299967)",15GRP,340
2004,4,MA,Massachusetts,Legislation - Smokefree Indoor Air,Smokefree Indoor Air – Other Sites,Restriction Areas,Hospitals,Banned,4,Ranking,2004-06-18,2004-07-05,"(42.27687047000046, -72.08269067499964)",15GRP,100
2004,4,ME,Maine,Legislation - Smokefree Indoor Air,Bars,Restrictions,Type of Restriction in Bar (Summary),Banned,4,Ranking,2003-06-24,2004-01-01,"(45.254228894000505, -68.98503133599962)",10GRP,234
2004,4,MA,Massachusetts,Legislation - Smokefree Indoor Air,Restaurants,Restrictions,Type of Restriction in Restaurant (Summary),Banned,4,Ranking,2004-06-18,2004-07-05,"(42.27687047000046, -72.08269067499964)",10GRP,37
2004,4,ID,Idaho,Legislation - Smokefree Indoor Air,Restaurants,Restrictions,Type of Restriction in Restaurant (Summary),Banned,4,Ranking,2004-04-02,2004-07-01,"(43.682630005000476, -114.3637300419997)",10GRP,37
2004,4,MA,Massachusetts,Legislation - Smokefree Indoor Air,Government Worksites,Vehicles,Type of Restriction in Government Worksite Vehicle,Banned,4,Ranking,2004-06-18,2004-07-05,"(42.27687047000046, -72.08269067499964)",30GRP,17
2004,4,ID,Idaho,Legislation - Smokefree Indoor Air,Smokefree Indoor Air – Other Sites,Restriction Areas,Enclosed Arenas,Banned,4,Ranking,2004-04-02,2004-07-01,"(43.682630005000476, -114.3637300419997)",15GRP,98
2004,4,MA,Massachusetts,Legislation - Smokefree Indoor Air,Smokefree Indoor Air – Other Sites,Restriction Areas,Substance Use - Residential Facilities,Banned,4,Ranking,2004-06-18,2004-07-05,"(42.27687047000046, -72.08269067499964)",15GRP,339
2004,4,ID,Idaho,Legislation - Smokefree Indoor Air,Restaurants,Restriction Areas,Type of Restriction in Restaurant Employee Area,Banned,4,Ranking,2004-04-02,2004-07-01,"(43.682630005000476, -114.3637300419997)",15GRP,232
2004,4,ID,Idaho,Legislation - Smokefree Indoor Air,Hotels and Motels,Restrictions,Type of Restriction in Lobby and Common Area of Hotel and Motel,Banned,4,Ranking,2004-04-02,2004-07-01,"(43.682630005000476, -114.3637300419997)",10GRP,81
2004,4,MA,Massachusetts,Legislation - Smokefree Indoor Air,Restaurants,Restriction Areas,Type of Restriction in Restaurant Employee Area,Banned,4,Ranking,2004-06-18,2004-07-05,"(42.27687047000046, -72.08269067499964)",15GRP,232
2004,4,ID,Idaho,Legislation - Smokefree Indoor Air,Commercial Day Care Centers,Restrictions,Type of Restriction in Commercial Day Care,Banned,4,Ranking,2004-04-02,2004-07-01,"(43.682630005000476, -114.3637300419997)",10GRP,50
2004,4,ME,Maine,Legislation - Smokefree Indoor Air,Hotels and Motels,Restrictions,Type of Restriction in Lobby and Common Area of Hotel and Motel,Banned,4,Ranking,1993-06-15,1994-01-01,"(45.254228894000505, -68.98503133599962)",10GRP,81
2004,4,CT,Connecticut,Legislation - Smokefree Indoor Air,Bars,Restriction Areas,Type of Restriction in Bar Patron Area,Banned,4,Ranking,2003-05-23,2004-04-01,"(41.56266102000046, -72.64984095199964)",15GRP,235
2004,4,ID,Idaho,Legislation - Smokefree Indoor Air,Smokefree Indoor Air – Other Sites,Restriction Areas,Malls,Banned,4,Ranking,2004-04-02,2004-07-01,"(43.682630005000476, -114.3637300419997)",15GRP,96
2004,4,MA,Massachusetts,Legislation - Smokefree Indoor Air,Commercial Day Care Centers,Restrictions,Type of Restriction in Commercial Day Care,Banned,4,Ranking,2004-06-18,2004-07-05,"(42.27687047000046, -72.08269067499964)",10GRP,50
2004,4,ME,Maine,Legislation - Smokefree Indoor Air,Commercial Day Care Centers,Restrictions,Type of Restriction in Commercial Day Care,Banned,4,Ranking,2003-06-24,2004-01-01,"(45.254228894000505, -68.98503133599962)",10GRP,50
2004,4,MA,Massachusetts,Legislation - Smokefree Indoor Air,Restaurants,Restriction Areas,Type of Restriction in Restaurant Bar Area,Banned,4,Ranking,2004-06-18,2004-07-05,"(42.27687047000046, -72.08269067499964)",15GRP,231
2004,4,ID,Idaho,Legislation - Smokefree Indoor Air,Smokefree Indoor Air – Other Sites,Restriction Areas,Hospitals,Banned,4,Ranking,2004-04-02,2004-07-01,"(43.682630005000476, -114.3637300419997)",15GRP,100
2004,4,ME,Maine,Legislation - Smokefree Indoor Air,Restaurants,Restrictions,Type of Restriction in Restaurant (Summary),Banned,4,Ranking,2003-06-24,2004-01-01,"(45.254228894000505, -68.98503133599962)",10GRP,37
2004,4,MN,Minnesota,Legislation - Smokefree Indoor Air,Smokefree Indoor Air – Other Sites,Restriction Areas,Substance Use - Outpatient Facilities,Banned,4,Ranking,2003-06-05,2004-01-01,"(46.35564873600049, -94.79420050299967)",15GRP,338
2004,4,MA,Massachusetts,Legislation - Smokefree Indoor Air,Hotels and Motels,Restrictions,Type of Restriction in Lobby and Common Area of Hotel and Motel,Banned,4,Ranking,2004-06-18,2004-07-05,"(42.27687047000046, -72.08269067499964)",10GRP,81
2004,4,ID,Idaho,Legislation - Smokefree Indoor Air,Hotels and Motels,Additional Requirements,Sleeping Room Designation (Type),Smoking Room,3,Ranking,2004-04-02,2004-07-01,"(43.682630005000476, -114.3637300419997)",20GRP,83
2004,4,ID,Idaho,Legislation - Smokefree Indoor Air,Restaurants,Restriction Areas,Type of Restriction in Restaurant Bar Area,Banned,4,Ranking,2004-04-02,2004-07-01,"(43.682630005000476, -114.3637300419997)",15GRP,231
2004,4,MA,Massachusetts,Legislation - Smokefree Indoor Air,Smokefree Indoor Air – Other Sites,Restriction Areas,Substance Use - Outpatient Facilities,Banned,4,Ranking,2004-06-18,2004-07-05,"(42.27687047000046, -72.08269067499964)",15GRP,338
2004,4,ID,Idaho,Legislation - Smokefree Indoor Air,Government Worksites,Restrictions,Type of Restriction in Government Worksite,Banned,4,Ranking,2004-04-02,2004-07-01,"(43.682630005000476, -114.3637300419997)",10GRP,1
2004,4,ID,Idaho,Legislation - Smokefree Indoor Air,Home-based Day Care Centers,Restrictions,Type of Restriction in Home-Based Day Care,Banned,4,Ranking,2004-04-02,2004-07-01,"(43.682630005000476, -114.3637300419997)",10GRP,65
2004,4,ME,Maine,Legislation - Smokefree Indoor Air,Bars,Restriction Areas,Type of Restriction in Bar Employee Area,Banned,4,Ranking,2003-06-24,2004-01-01,"(45.254228894000505, -68.98503133599962)",15GRP,236
2004,4,CA,California,Legislation - Smokefree Indoor Air,Government Worksites,Vehicles,Type of Restriction in Government Worksite Vehicle,Banned,4,Ranking,2003-09-08,2004-01-01,"(37.63864012300047, -120.99999953799971)",30GRP,17
2004,4,MA,Massachusetts,Legislation - Smokefree Indoor Air,Bars,Restrictions,Type of Restriction in Bar (Summary),Banned,4,Ranking,2004-06-18,2004-07-05,"(42.27687047000046, -72.08269067499964)",10GRP,234
2004,4,MA,Massachusetts,Legislation - Smokefree Indoor Air,Home-based Day Care Centers,Restrictions,Type of Restriction in Home-Based Day Care,Banned,4,Ranking,2004-06-18,2004-07-05,"(42.27687047000046, -72.08269067499964)",10GRP,65
2004,4,ID,Idaho,Legislation - Smokefree Indoor Air,Restaurants,Restriction Areas,Type of Restriction in Restaurant Patron Area,Banned,4,Ranking,2004-04-02,2004-07-01,"(43.682630005000476, -114.3637300419997)",15GRP,233
2004,4,MA,Massachusetts,Legislation - Smokefree Indoor Air,Bars,Restriction Areas,Type of Restriction in Bar Employee Area,Banned,4,Ranking,2004-06-18,2004-07-05,"(42.27687047000046, -72.08269067499964)",15GRP,236
2004,4,ID,Idaho,Legislation - Smokefree Indoor Air,Smokefree Indoor Air – Other Sites,Restriction Areas,Public Transportation,Banned,4,Ranking,2004-04-02,2004-07-01,"(43.682630005000476, -114.3637300419997)",15GRP,99
2004,4,NE,Nebraska,Legislation - Smokefree Indoor Air,Home-based Day Care Centers,Restrictions,Type of Restriction in Home-Based Day Care,Banned,4,Ranking,2004-04-15,2004-04-15,"(41.6410409880005, -99.36572062299967)",10GRP,65
2004,4,ME,Maine,Legislation - Smokefree Indoor Air,Bars,Restriction Areas,Type of Restriction in Bar Patron Area,Banned,4,Ranking,2003-06-24,2004-01-01,"(45.254228894000505, -68.98503133599962)",15GRP,235
2004,4,MA,Massachusetts,Legislation - Smokefree Indoor Air,Restaurants,Restriction Areas,Type of Restriction in Restaurant Patron Area,Banned,4,Ranking,2004-06-18,2004-07-05,"(42.27687047000046, -72.08269067499964)",15GRP,233
2004,4,MA,Massachusetts,Legislation - Smokefree Indoor Air,Private Worksites,Restrictions,Type of Restriction in Private Worksite,Banned,4,Ranking,2004-06-18,2004-07-05,"(42.27687047000046, -72.08269067499964)",10GRP,20
2004,4,ME,Maine,Legislation - Smokefree Indoor Air,Restaurants,Restriction Areas,Type of Restriction in Restaurant Employee Area,Banned,4,Ranking,2003-06-24,2004-01-01,"(45.254228894000505, -68.98503133599962)",15GRP,232
2004,4,MA,Massachusetts,Legislation - Smokefree Indoor Air,Bars,Restriction Areas,Type of Restriction in Bar Patron Area,Banned,4,Ranking,2004-06-18,2004-07-05,"(42.27687047000046, -72.08269067499964)",15GRP,235
2005,4,RI,Rhode Island,Legislation - Smokefree Indoor Air,Smokefree Indoor Air – Other Sites,Restriction Areas,Hospitals,Banned,4,Ranking,2004-06-29,2005-03-01,"(41.70828019300046, -71.52247031399963)",15GRP,100
2005,4,VT,Vermont,Legislation - Smokefree Indoor Air,Bars,Restriction Areas,Type of Restriction in Bar Patron Area,Banned,4,Ranking,2005-06-01,2005-09-01,"(43.62538123900049, -72.51764079099962)",15GRP,235
2005,4,MT,Montana,Legislation - Smokefree Indoor Air,Smokefree Indoor Air – Other Sites,Restriction Areas,Substance Use - Residential Facilities,Banned,4,Ranking,2005-04-15,2005-10-01,"(47.06652897200047, -109.42442064499971)",15GRP,339
2005,4,WA,Washington,Legislation - Smokefree Indoor Air,Smokefree Indoor Air – Other Sites,Restriction Areas,Casinos,Banned,4,Ranking,2005-11-08,2005-12-08,"(47.52227862900048, -120.47001078999972)",15GRP,335
2005,4,WA,Washington,Legislation - Smokefree Indoor Air,Smokefree Indoor Air – Other Sites,Restriction Areas,Grocery Stores,Banned,4,Ranking,2005-11-08,2005-12-08,"(47.52227862900048, -120.47001078999972)",15GRP,97
2005,4,WA,Washington,Legislation - Smokefree Indoor Air,Restaurants,Restrictions,Type of Restriction in Restaurant (Summary),Banned,4,Ranking,2005-11-08,2005-12-08,"(47.52227862900048, -120.47001078999972)",10GRP,37
2005,4,RI,Rhode Island,Legislation - Smokefree Indoor Air,Restaurants,Restriction Areas,Type of Restriction in Restaurant Employee Area,Banned,4,Ranking,2004-06-29,2005-03-01,"(41.70828019300046, -71.52247031399963)",15GRP,232
2005,4,WA,Washington,Legislation - Smokefree Indoor Air,Restaurants,Restriction Areas,Type of Restriction in Restaurant Bar Area,Banned,4,Ranking,2005-11-08,2005-12-08,"(47.52227862900048, -120.47001078999972)",15GRP,231
2005,4,RI,Rhode Island,Legislation - Smokefree Indoor Air,Smokefree Indoor Air – Other Sites,Restriction Areas,Public Transportation,Banned,4,Ranking,2004-06-29,2005-03-01,"(41.70828019300046, -71.52247031399963)",15GRP,99
2005,4,RI,Rhode Island,Legislation - Smokefree Indoor Air,Restaurants,Restriction Areas,Type of Restriction in Restaurant Patron Area,Banned,4,Ranking,2004-06-29,2005-03-01,"(41.70828019300046, -71.52247031399963)",15GRP,233
2005,4,MT,Montana,Legislation - Smokefree Indoor Air,Smokefree Indoor Air – Other Sites,Restriction Areas,Substance Use - Outpatient Facilities,Banned,4,Ranking,2005-04-15,2005-10-01,"(47.06652897200047, -109.42442064499971)",15GRP,338
2005,4,RI,Rhode Island,Legislation - Smokefree Indoor Air,Hotels and Motels,Restrictions,Type of Restriction in Lobby and Common Area of Hotel and Motel,Banned,4,Ranking,2004-06-29,2005-03-01,"(41.70828019300046, -71.52247031399963)",10GRP,81
2005,4,WA,Washington,Legislation - Smokefree Indoor Air,Smokefree Indoor Air – Other Sites,Restriction Areas,Enclosed Arenas,Banned,4,Ranking,2005-11-08,2005-12-08,"(47.52227862900048, -120.47001078999972)",15GRP,98
2005,4,WA,Washington,Legislation - Smokefree Indoor Air,Private Worksites,Restrictions,Type of Restriction in Private Worksite,Banned,4,Ranking,2005-11-08,2005-12-08,"(47.52227862900048, -120.47001078999972)",10GRP,20
2005,4,MT,Montana,Legislation - Smokefree Indoor Air,Hotels and Motels,Additional Requirements,Sleeping Room Designation (Type),Smoking Room,3,Ranking,2005-04-18,2005-10-01,"(47.06652897200047, -109.42442064499971)",20GRP,83
2005,4,MT,Montana,Legislation - Smokefree Indoor Air,Smokefree Indoor Air – Other Sites,Restriction Areas,Public Transportation,Banned,4,Ranking,2005-04-17,2005-10-01,"(47.06652897200047, -109.42442064499971)",15GRP,99
2005,4,ND,North Dakota,Legislation - Smokefree Indoor Air,Hotels and Motels,Restrictions,Type of Restriction in Lobby and Common Area of Hotel and Motel,Banned,4,Ranking,2005-05-25,2005-08-01,"(47.47531977900047, -100.11842104899966)",10GRP,81
2005,4,RI,Rhode Island,Legislation - Smokefree Indoor Air,Government Worksites,Vehicles,Type of Restriction in Government Worksite Vehicle,Banned,4,Ranking,2004-06-29,2005-03-01,"(41.70828019300046, -71.52247031399963)",30GRP,17
2005,4,RI,Rhode Island,Legislation - Smokefree Indoor Air,Smokefree Indoor Air – Other Sites,Restriction Areas,Enclosed Arenas,Banned,4,Ranking,2004-06-29,2005-03-01,"(41.70828019300046, -71.52247031399963)",15GRP,98
2005,4,RI,Rhode Island,Legislation - Smokefree Indoor Air,Government Worksites,Restrictions,Type of Restriction in Government Worksite,Banned,4,Ranking,2004-06-29,2005-03-01,"(41.70828019300046, -71.52247031399963)",10GRP,1
2005,4,RI,Rhode Island,Legislation - Smokefree Indoor Air,Private Worksites,Vehicles,Type of Restriction in Private Worksite Vehicle,Banned,4,Ranking,2004-06-29,2005-03-01,"(41.70828019300046, -71.52247031399963)",30GRP,34
2005,4,ND,North Dakota,Legislation - Smokefree Indoor Air,Smokefree Indoor Air – Other Sites,Restriction Areas,Enclosed Arenas,Banned,4,Ranking,2005-04-25,2005-08-01,"(47.47531977900047, -100.11842104899966)",15GRP,98
2005,4,RI,Rhode Island,Legislation - Smokefree Indoor Air,Private Multi-Unit Housing,Restrictions,Type of Restriction in Lobby and Common Area of Private Multi-Unit Housing,Banned,4,Ranking,2004-06-29,2005-03-01,"(41.70828019300046, -71.52247031399963)",10GRP,125
2005,4,WA,Washington,Legislation - Smokefree Indoor Air,Restaurants,Restriction Areas,Type of Restriction in Restaurant Employee Area,Banned,4,Ranking,2005-11-08,2005-12-08,"(47.52227862900048, -120.47001078999972)",15GRP,232
2005,4,MT,Montana,Legislation - Smokefree Indoor Air,Smokefree Indoor Air – Other Sites,Restriction Areas,Malls,Banned,4,Ranking,2005-04-17,2005-10-01,"(47.06652897200047, -109.42442064499971)",15GRP,96
2005,4,WA,Washington,Legislation - Smokefree Indoor Air,Restaurants,Restriction Areas,Type of Restriction in Restaurant Patron Area,Banned,4,Ranking,2005-11-08,2005-12-08,"(47.52227862900048, -120.47001078999972)",15GRP,233
2005,4,VT,Vermont,Legislation - Smokefree Indoor Air,Bars,Restrictions,Type of Restriction in Bar (Summary),Designated Areas,3,Ranking,2005-06-01,2005-09-01,"(43.62538123900049, -72.51764079099962)",10GRP,234
2005,4,ND,North Dakota,Legislation - Smokefree Indoor Air,Smokefree Indoor Air – Other Sites,Restriction Areas,Grocery Stores,Banned,4,Ranking,2005-04-25,2005-08-01,"(47.47531977900047, -100.11842104899966)",15GRP,97
2005,4,RI,Rhode Island,Legislation - Smokefree Indoor Air,Bars,Restrictions,Type of Restriction in Bar (Summary),Banned,4,Ranking,2004-06-29,2005-03-01,"(41.70828019300046, -71.52247031399963)",10GRP,234
2005,4,MT,Montana,Legislation - Smokefree Indoor Air,Smokefree Indoor Air – Other Sites,Restriction Areas,Enclosed Arenas,Banned,4,Ranking,2005-04-17,2005-10-01,"(47.06652897200047, -109.42442064499971)",15GRP,98
2005,4,WA,Washington,Legislation - Smokefree Indoor Air,Commercial Day Care Centers,Restrictions,Type of Restriction in Commercial Day Care,Banned,4,Ranking,2005-11-08,2005-12-08,"(47.52227862900048, -120.47001078999972)",10GRP,50
2005,4,WA,Washington,Legislation - Smokefree Indoor Air,Smokefree Indoor Air – Other Sites,Restriction Areas,Mental Health - Residential Facilities,Banned,4,Ranking,2005-11-08,2005-12-08,"(47.52227862900048, -120.47001078999972)",15GRP,341
2005,4,RI,Rhode Island,Legislation - Smokefree Indoor Air,Hotels and Motels,Additional Requirements,Sleeping Room Designation (Type),Smoking Room,3,Ranking,2004-06-29,2005-03-01,"(41.70828019300046, -71.52247031399963)",20GRP,83
2005,4,ND,North Dakota,Legislation - Smokefree Indoor Air,Hotels and Motels,Additional Requirements,Sleeping Room Designation (Type),Smoking Room,3,Ranking,2005-05-25,2005-08-01,"(47.47531977900047, -100.11842104899966)",20GRP,83
2005,4,MT,Montana,Legislation - Smokefree Indoor Air,Restaurants,Restriction Areas,Type of Restriction in Restaurant Bar Area,Banned,4,Ranking,2005-04-18,2005-10-01,"(47.06652897200047, -109.42442064499971)",15GRP,231
2005,4,MT,Montana,Legislation - Smokefree Indoor Air,Private Worksites,Restrictions,Type of Restriction in Private Worksite,Banned,4,Ranking,2005-04-15,2005-10-01,"(47.06652897200047, -109.42442064499971)",10GRP,20
2005,4,ND,North Dakota,Legislation - Smokefree Indoor Air,Private Multi-Unit Housing,Restrictions,Type of Restriction in Lobby and Common Area of Private Multi-Unit Housing,Banned,4,Ranking,2005-04-25,2005-08-01,"(47.47531977900047, -100.11842104899966)",10GRP,125
2005,4,RI,Rhode Island,Legislation - Smokefree Indoor Air,Smokefree Indoor Air – Other Sites,Restriction Areas,Bingo Halls,Banned,4,Ranking,2004-06-29,2005-03-01,"(41.70828019300046, -71.52247031399963)",15GRP,337
2005,4,RI,Rhode Island,Legislation - Smokefree Indoor Air,Private Worksites,Restrictions,Type of Restriction in Private Worksite,Banned,4,Ranking,2004-06-29,2005-03-01,"(41.70828019300046, -71.52247031399963)",10GRP,20
2005,4,WA,Washington,Legislation - Smokefree Indoor Air,Bars,Restrictions,Type of Restriction in Bar (Summary),Banned,4,Ranking,2005-11-08,2005-12-08,"(47.52227862900048, -120.47001078999972)",10GRP,234
2005,4,WA,Washington,Legislation - Smokefree Indoor Air,Smokefree Indoor Air – Other Sites,Restriction Areas,Substance Use - Residential Facilities,Banned,4,Ranking,2005-11-08,2005-12-08,"(47.52227862900048, -120.47001078999972)",15GRP,339
2005,4,RI,Rhode Island,Legislation - Smokefree Indoor Air,Smokefree Indoor Air – Other Sites,Restriction Areas,Grocery Stores,Banned,4,Ranking,2004-06-29,2005-03-01,"(41.70828019300046, -71.52247031399963)",15GRP,97
2005,4,MT,Montana,Legislation - Smokefree Indoor Air,Hotels and Motels,Restrictions,Type of Restriction in Lobby and Common Area of Hotel and Motel,Banned,4,Ranking,2005-04-18,2005-10-01,"(47.06652897200047, -109.42442064499971)",10GRP,81
2005,4,WA,Washington,Legislation - Smokefree Indoor Air,Smokefree Indoor Air – Other Sites,Restriction Areas,Malls,Banned,4,Ranking,2005-11-08,2005-12-08,"(47.52227862900048, -120.47001078999972)",15GRP,96
2005,4,WA,Washington,Legislation - Smokefree Indoor Air,Government Worksites,Restrictions,Type of Restriction in Government Worksite,Banned,4,Ranking,2005-11-08,2005-12-08,"(47.52227862900048, -120.47001078999972)",10GRP,1
2005,4,ND,North Dakota,Legislation - Smokefree Indoor Air,Smokefree Indoor Air – Other Sites,Restriction Areas,Public Transportation,Banned,4,Ranking,2005-04-25,2005-08-01,"(47.47531977900047, -100.11842104899966)",15GRP,99
2005,4,MT,Montana,Legislation - Smokefree Indoor Air,Smokefree Indoor Air – Other Sites,Restriction Areas,Mental Health - Outpatient Facilities,Banned,4,Ranking,2005-04-15,2005-10-01,"(47.06652897200047, -109.42442064499971)",15GRP,340
2005,4,RI,Rhode Island,Legislation - Smokefree Indoor Air,Bars,Restriction Areas,Type of Restriction in Bar Employee Area,Banned,4,Ranking,2004-06-29,2005-03-01,"(41.70828019300046, -71.52247031399963)",15GRP,236
2005,4,RI,Rhode Island,Legislation - Smokefree Indoor Air,Bars,Restriction Areas,Type of Restriction in Bar Patron Area,Banned,4,Ranking,2004-06-29,2005-03-01,"(41.70828019300046, -71.52247031399963)",15GRP,235
2005,4,RI,Rhode Island,Legislation - Smokefree Indoor Air,Restaurants,Restrictions,Type of Restriction in Restaurant (Summary),Banned,4,Ranking,2004-06-29,2005-03-01,"(41.70828019300046, -71.52247031399963)",10GRP,37
2005,4,WA,Washington,Legislation - Smokefree Indoor Air,Home-based Day Care Centers,Restrictions,Type of Restriction in Home-Based Day Care,Banned,4,Ranking,2005-11-08,2005-12-08,"(47.52227862900048, -120.47001078999972)",10GRP,65
2005,4,MT,Montana,Legislation - Smokefree Indoor Air,Commercial Day Care Centers,Restrictions,Type of Restriction in Commercial Day Care,Banned,4,Ranking,2005-04-16,2005-10-01,"(47.06652897200047, -109.42442064499971)",10GRP,50
2005,4,MT,Montana,Legislation - Smokefree Indoor Air,Restaurants,Restriction Areas,Type of Restriction in Restaurant Employee Area,Banned,4,Ranking,2005-04-18,2005-10-01,"(47.06652897200047, -109.42442064499971)",15GRP,232
2005,4,ND,North Dakota,Legislation - Smokefree Indoor Air,Restaurants,Restriction Areas,Type of Restriction in Restaurant Employee Area,Banned,4,Ranking,2005-04-25,2005-08-01,"(47.47531977900047, -100.11842104899966)",15GRP,232
2005,4,MT,Montana,Legislation - Smokefree Indoor Air,Restaurants,Restriction Areas,Type of Restriction in Restaurant Patron Area,Banned,4,Ranking,2005-04-18,2005-10-01,"(47.06652897200047, -109.42442064499971)",15GRP,233
2005,4,ND,North Dakota,Legislation - Smokefree Indoor Air,Government Multi-Unit Housing,Restrictions,Type of Restriction in Lobby and Common Area of Government Multi-Unit Housing,Banned,4,Ranking,2005-04-25,2005-08-01,"(47.47531977900047, -100.11842104899966)",10GRP,115
2005,4,ND,North Dakota,Legislation - Smokefree Indoor Air,Restaurants,Restriction Areas,Type of Restriction in Restaurant Patron Area,Banned,4,Ranking,2005-04-25,2005-08-01,"(47.47531977900047, -100.11842104899966)",15GRP,233
2005,4,MT,Montana,Legislation - Smokefree Indoor Air,Smokefree Indoor Air – Other Sites,Restriction Areas,Mental Health - Residential Facilities,Banned,4,Ranking,2005-04-15,2005-10-01,"(47.06652897200047, -109.42442064499971)",15GRP,341
2005,4,MT,Montana,Legislation - Smokefree Indoor Air,Smokefree Indoor Air – Other Sites,Restriction Areas,Grocery Stores,Banned,4,Ranking,2005-04-17,2005-10-01,"(47.06652897200047, -109.42442064499971)",15GRP,97
2005,4,RI,Rhode Island,Legislation - Smokefree Indoor Air,Restaurants,Restriction Areas,Type of Restriction in Restaurant Bar Area,Banned,4,Ranking,2004-06-29,2005-03-01,"(41.70828019300046, -71.52247031399963)",15GRP,231
2005,4,WA,Washington,Legislation - Smokefree Indoor Air,Smokefree Indoor Air – Other Sites,Restriction Areas,Hospitals,Banned,4,Ranking,2005-11-08,2005-12-08,"(47.52227862900048, -120.47001078999972)",15GRP,100
2005,4,WA,Washington,Legislation - Smokefree Indoor Air,Bars,Restriction Areas,Type of Restriction in Bar Employee Area,Banned,4,Ranking,2005-11-08,2005-12-08,"(47.52227862900048, -120.47001078999972)",15GRP,236
2005,4,ND,North Dakota,Legislation - Smokefree Indoor Air,Private Worksites,Restrictions,Type of Restriction in Private Worksite,Banned,4,Ranking,2005-04-25,2005-08-01,"(47.47531977900047, -100.11842104899966)",10GRP,20
2005,4,ND,North Dakota,Legislation - Smokefree Indoor Air,Restaurants,Restrictions,Type of Restriction in Restaurant (Summary),Designated Areas,3,Ranking,2005-04-25,2005-08-01,"(47.47531977900047, -100.11842104899966)",10GRP,37
2005,4,NV,Nevada,Legislation - Smokefree Indoor Air,Commercial Day Care Centers,Restrictions,Type of Restriction in Commercial Day Care,Banned,4,Ranking,2005-05-24,2005-10-01,"(39.493240390000494, -117.07184056399967)",10GRP,50
2005,4,WA,Washington,Legislation - Smokefree Indoor Air,Smokefree Indoor Air – Other Sites,Restriction Areas,Mental Health - Outpatient Facilities,Banned,4,Ranking,2005-11-08,2005-12-08,"(47.52227862900048, -120.47001078999972)",15GRP,340
2005,4,WA,Washington,Legislation - Smokefree Indoor Air,Smokefree Indoor Air – Other Sites,Restriction Areas,Public Transportation,Banned,4,Ranking,2005-11-08,2005-12-08,"(47.52227862900048, -120.47001078999972)",15GRP,99
2005,4,WA,Washington,Legislation - Smokefree Indoor Air,Bars,Restriction Areas,Type of Restriction in Bar Patron Area,Banned,4,Ranking,2005-11-08,2005-12-08,"(47.52227862900048, -120.47001078999972)",15GRP,235
2005,4,MT,Montana,Legislation - Smokefree Indoor Air,Smokefree Indoor Air – Other Sites,Restriction Areas,Hospitals,Banned,4,Ranking,2005-04-17,2005-10-01,"(47.06652897200047, -109.42442064499971)",15GRP,100
2005,4,GA,Georgia,Legislation - Smokefree Indoor Air,Smokefree Indoor Air – Other Sites,Restriction Areas,Substance Use - Residential Facilities,Designated Areas,3,Ranking,2005-05-09,2005-07-01,"(32.83968109300048, -83.62758034599966)",15GRP,339
2005,4,ND,North Dakota,Legislation - Smokefree Indoor Air,Smokefree Indoor Air – Other Sites,Restriction Areas,Hospital Campuses,Designated Areas,3,Ranking,2005-04-25,2005-08-01,"(47.47531977900047, -100.11842104899966)",15GRP,342
2005,4,GA,Georgia,Legislation - Smokefree Indoor Air,Restaurants,Restriction Areas,Type of Restriction in Restaurant Bar Area,Designated Areas,3,Ranking,2005-05-09,2005-07-01,"(32.83968109300048, -83.62758034599966)",15GRP,231
2005,4,GA,Georgia,Legislation - Smokefree Indoor Air,Smokefree Indoor Air – Other Sites,Restriction Areas,Mental Health - Outpatient Facilities,Designated Areas,3,Ranking,2005-05-09,2005-07-01,"(32.83968109300048, -83.62758034599966)",15GRP,340
2005,4,GA,Georgia,Legislation - Smokefree Indoor Air,Commercial Day Care Centers,Restrictions,Type of Restriction in Commercial Day Care,Banned,4,Ranking,2005-05-09,2005-07-01,"(32.83968109300048, -83.62758034599966)",10GRP,50
2005,4,GA,Georgia,Legislation - Smokefree Indoor Air,Smokefree Indoor Air – Other Sites,Restriction Areas,Substance Use - Outpatient Facilities,Designated Areas,3,Ranking,2005-05-09,2005-07-01,"(32.83968109300048, -83.62758034599966)",15GRP,338
2005,4,GA,Georgia,Legislation - Smokefree Indoor Air,Smokefree Indoor Air – Other Sites,Restriction Areas,Mental Health - Residential Facilities,Designated Areas,3,Ranking,2005-05-09,2005-07-01,"(32.83968109300048, -83.62758034599966)",15GRP,341
2005,4,ME,Maine,Legislation - Smokefree Indoor Air,Commercial Day Care Centers,Vehicles,Type of Restriction in Commercial Day Care Vehicle,Banned,4,Ranking,2005-05-31,2005-09-17,"(45.254228894000505, -68.98503133599962)",30GRP,61
2005,4,GA,Georgia,Legislation - Smokefree Indoor Air,Restaurants,Restrictions,Type of Restriction in Restaurant (Summary),Designated Areas,3,Ranking,2005-05-09,2005-07-01,"(32.83968109300048, -83.62758034599966)",10GRP,37
2005,4,ME,Maine,Legislation - Smokefree Indoor Air,Home-based Day Care Centers,Vehicles,Type of Restriction in Home-Based Day Care Vehicle,Banned,4,Ranking,2005-05-31,2005-09-17,"(45.254228894000505, -68.98503133599962)",30GRP,77
2005,4,ND,North Dakota,Legislation - Smokefree Indoor Air,Government Worksites,Restrictions,Type of Restriction in Government Worksite,Banned,4,Ranking,2005-04-25,2005-08-01,"(47.47531977900047, -100.11842104899966)",10GRP,1
2005,4,MT,Montana,Legislation - Smokefree Indoor Air,Restaurants,Restrictions,Type of Restriction in Restaurant (Summary),Banned,4,Ranking,2005-04-18,2005-10-01,"(47.06652897200047, -109.42442064499971)",10GRP,37
2005,4,ND,North Dakota,Legislation - Smokefree Indoor Air,Smokefree Indoor Air – Other Sites,Restriction Areas,Hospitals,Banned,4,Ranking,2005-04-25,2005-08-01,"(47.47531977900047, -100.11842104899966)",15GRP,100
2005,4,GA,Georgia,Legislation - Smokefree Indoor Air,Restaurants,Restriction Areas,Type of Restriction in Restaurant Patron Area,Designated Areas,3,Ranking,2005-05-09,2005-07-01,"(32.83968109300048, -83.62758034599966)",15GRP,233
2005,4,GA,Georgia,Legislation - Smokefree Indoor Air,Bars,Restriction Areas,Type of Restriction in Bar Patron Area,Designated Areas,3,Ranking,2005-05-09,2005-07-01,"(32.83968109300048, -83.62758034599966)",15GRP,235
2005,4,NC,North Carolina,Legislation - Smokefree Indoor Air,Smokefree Indoor Air – Other Sites,Restriction Areas,Prisons,Banned,4,Ranking,2005-09-08,2005-09-08,"(35.466220975000454, -79.15925046299964)",15GRP,101
2005,4,AR,Arkansas,Legislation - Smokefree Indoor Air,Smokefree Indoor Air – Other Sites,Restriction Areas,Hospital Campuses,Banned,4,Ranking,2005-02-11,2005-10-01,"(34.74865012400045, -92.27449074299966)",15GRP,342
2005,4,WA,Washington,Legislation - Smokefree Indoor Air,Smokefree Indoor Air – Other Sites,Restriction Areas,Substance Use - Outpatient Facilities,Banned,4,Ranking,2005-11-08,2005-12-08,"(47.52227862900048, -120.47001078999972)",15GRP,338
2005,4,RI,Rhode Island,Legislation - Smokefree Indoor Air,Government Multi-Unit Housing,Restrictions,Type of Restriction in Lobby and Common Area of Government Multi-Unit Housing,Banned,4,Ranking,2004-06-29,2005-03-01,"(41.70828019300046, -71.52247031399963)",10GRP,115
2005,4,ME,Maine,Legislation - Smokefree Indoor Air,Home-based Day Care Centers,Restrictions,Type of Restriction in Home-Based Day Care,Banned,4,Ranking,2005-05-31,2005-09-17,"(45.254228894000505, -68.98503133599962)",10GRP,65
2005,4,MT,Montana,Legislation - Smokefree Indoor Air,Home-based Day Care Centers,Restrictions,Type of Restriction in Home-Based Day Care,Banned,4,Ranking,2005-04-16,2005-10-01,"(47.06652897200047, -109.42442064499971)",10GRP,65
2005,4,GA,Georgia,Legislation - Smokefree Indoor Air,Bars,Restrictions,Type of Restriction in Bar (Summary),Designated Areas,3,Ranking,2005-05-09,2005-07-01,"(32.83968109300048, -83.62758034599966)",10GRP,234
2005,4,GA,Georgia,Legislation - Smokefree Indoor Air,Hotels and Motels,Restrictions,Type of Restriction in Lobby and Common Area of Hotel and Motel,Banned,4,Ranking,2005-05-09,2005-07-01,"(32.83968109300048, -83.62758034599966)",10GRP,81
2005,4,AR,Arkansas,Legislation - Smokefree Indoor Air,Smokefree Indoor Air – Other Sites,Restriction Areas,Hospitals,Banned,4,Ranking,2005-02-11,2005-10-01,"(34.74865012400045, -92.27449074299966)",15GRP,100
2005,4,ND,North Dakota,Legislation - Smokefree Indoor Air,Smokefree Indoor Air – Other Sites,Restriction Areas,Bingo Halls,Banned,4,Ranking,2005-04-25,2005-08-01,"(47.47531977900047, -100.11842104899966)",15GRP,337
2005,4,GA,Georgia,Legislation - Smokefree Indoor Air,Smokefree Indoor Air – Other Sites,Restriction Areas,Public Transportation,Banned,4,Ranking,2005-05-09,2005-07-01,"(32.83968109300048, -83.62758034599966)",15GRP,99
2005,4,CA,California,Legislation - Smokefree Indoor Air,Smokefree Indoor Air – Other Sites,Restriction Areas,Prisons,Banned,4,Ranking,2004-09-27,2005-07-01,"(37.63864012300047, -120.99999953799971)",15GRP,101
2005,4,GA,Georgia,Legislation - Smokefree Indoor Air,Private Worksites,Restrictions,Type of Restriction in Private Worksite,Designated Areas,3,Ranking,2005-04-08,2005-07-01,"(32.83968109300048, -83.62758034599966)",10GRP,20
2005,4,GA,Georgia,Legislation - Smokefree Indoor Air,Hotels and Motels,Additional Requirements,Sleeping Room Designation (Type),Smoking Room,3,Ranking,2005-05-09,2005-07-01,"(32.83968109300048, -83.62758034599966)",20GRP,83
2006,4,DC,District of Columbia,Legislation - Smokefree Indoor Air,Commercial Day Care Centers,Vehicles,Type of Restriction in Commercial Day Care Vehicle,Banned,4,Ranking,2006-01-31,2006-04-03,"(38.89037138500049, -77.03196112699965)",30GRP,61
2006,3,DC,District of Columbia,Legislation - Smokefree Indoor Air,Private Worksites,Restrictions,Type of Restriction in Private Worksite,Banned,4,Ranking,2006-01-31,2006-04-03,"(38.89037138500049, -77.03196112699965)",10GRP,20
2006,3,AR,Arkansas,Legislation - Smokefree Indoor Air,Smokefree Indoor Air – Other Sites,Restriction Areas,Enclosed Arenas,Banned,4,Ranking,2006-04-07,2006-07-21,"(34.74865012400045, -92.27449074299966)",15GRP,98
2006,3,AR,Arkansas,Legislation - Smokefree Indoor Air,Hotels and Motels,Additional Requirements,Sleeping Room Designation (Type),Smoking Room,3,Ranking,2006-04-07,2006-07-21,"(34.74865012400045, -92.27449074299966)",20GRP,83
2006,4,DC,District of Columbia,Legislation - Smokefree Indoor Air,Smokefree Indoor Air – Other Sites,Restriction Areas,Malls,Banned,4,Ranking,2006-01-31,2006-04-03,"(38.89037138500049, -77.03196112699965)",15GRP,96
2006,2,NJ,New Jersey,Legislation - Smokefree Indoor Air,Government Multi-Unit Housing,Restrictions,Type of Restriction in Lobby and Common Area of Government Multi-Unit Housing,Banned,4,Ranking,2006-01-15,2006-04-15,"(40.13057004800049, -74.27369128799967)",10GRP,115
2006,4,NV,Nevada,Legislation - Smokefree Indoor Air,Restaurants,Restriction Areas,Type of Restriction in Restaurant Patron Area,Banned,4,Ranking,2006-11-07,2006-12-08,"(39.493240390000494, -117.07184056399967)",15GRP,233
2006,4,AR,Arkansas,Legislation - Smokefree Indoor Air,Restaurants,Restriction Areas,Type of Restriction in Restaurant Patron Area,Designated Areas,3,Ranking,2006-04-07,2006-07-21,"(34.74865012400045, -92.27449074299966)",15GRP,233
2006,3,LA,Louisiana,Legislation - Smokefree Indoor Air,Personal Vehicles,Restrictions,Type of Restriction in Personal Vehicle,Banned,4,Ranking,2006-07-05,2006-08-15,"(31.31266064400046, -92.44568007099969)",10GRP,102
2006,4,GU,Guam,Legislation - Smokefree Indoor Air,Smokefree Indoor Air – Other Sites,Restriction Areas,Hospitals,Designated Smoking Area,0,Ranking,2005-12-09,2006-05-08,"(13.444304, 144.793731)",15GRP,100
2006,3,GU,Guam,Legislation - Smokefree Indoor Air,Smokefree Indoor Air – Other Sites,Restriction Areas,Enclosed Arenas,Banned,4,Ranking,2005-12-09,2006-05-08,"(13.444304, 144.793731)",15GRP,98
2006,3,AR,Arkansas,Legislation - Smokefree Indoor Air,Commercial Day Care Centers,Restrictions,Type of Restriction in Commercial Day Care,Banned,4,Ranking,2006-04-07,2006-07-21,"(34.74865012400045, -92.27449074299966)",10GRP,50
2006,3,NJ,New Jersey,Legislation - Smokefree Indoor Air,Restaurants,Restriction Areas,Type of Restriction in Restaurant Bar Area,Banned,4,Ranking,2006-01-15,2006-04-15,"(40.13057004800049, -74.27369128799967)",15GRP,231
2006,3,GU,Guam,Legislation - Smokefree Indoor Air,Restaurants,Restriction Areas,Type of Restriction in Restaurant Patron Area,Banned,4,Ranking,2005-12-09,2006-05-08,"(13.444304, 144.793731)",15GRP,233
2006,3,NJ,New Jersey,Legislation - Smokefree Indoor Air,Private Worksites,Restrictions,Type of Restriction in Private Worksite,Banned,4,Ranking,2006-01-15,2006-04-15,"(40.13057004800049, -74.27369128799967)",10GRP,20
2006,3,NJ,New Jersey,Legislation - Smokefree Indoor Air,Smokefree Indoor Air – Other Sites,Restriction Areas,Public Transportation,Banned,4,Ranking,2006-01-15,2006-04-15,"(40.13057004800049, -74.27369128799967)",15GRP,99
2006,3,OK,Oklahoma,Legislation - Smokefree Indoor Air,Government Worksites,Vehicles,Type of Restriction in Government Worksite Vehicle,Banned,4,Ranking,2003-06-06,2006-03-01,"(35.47203135600046, -97.52107021399968)",30GRP,17
2006,4,HI,Hawaii,Legislation - Smokefree Indoor Air,Hotels and Motels,Restrictions,Type of Restriction in Lobby and Common Area of Hotel and Motel,Banned,4,Ranking,2006-07-10,2006-11-16,"(21.304850435000446, -157.85774940299973)",10GRP,81
2006,3,NJ,New Jersey,Legislation - Smokefree Indoor Air,Bars,Restriction Areas,Type of Restriction in Bar Employee Area,Banned,4,Ranking,2006-01-15,2006-04-15,"(40.13057004800049, -74.27369128799967)",15GRP,236
2006,3,UT,Utah,Legislation - Smokefree Indoor Air,Private Worksites,Restrictions,Type of Restriction in Private Worksite,Banned,4,Ranking,2006-03-16,2006-05-01,"(39.360700171000474, -111.58713063499971)",10GRP,20
2006,3,DC,District of Columbia,Legislation - Smokefree Indoor Air,Restaurants,Restriction Areas,Type of Restriction in Restaurant Patron Area,Designated Areas,3,Ranking,2006-01-31,2006-04-04,"(38.89037138500049, -77.03196112699965)",15GRP,233
2006,3,NJ,New Jersey,Legislation - Smokefree Indoor Air,Hotels and Motels,Additional Requirements,Sleeping Room Designation (Type),Smoking Room,3,Ranking,2006-01-15,2006-04-15,"(40.13057004800049, -74.27369128799967)",20GRP,83
2006,3,CO,Colorado,Legislation - Smokefree Indoor Air,Bars,Restrictions,Type of Restriction in Bar (Summary),Banned,4,Ranking,2006-03-27,2006-07-01,"(38.843840757000464, -106.13361092099967)",10GRP,234
2006,4,CO,Colorado,Legislation - Smokefree Indoor Air,Restaurants,Restriction Areas,Type of Restriction in Restaurant Patron Area,Banned,4,Ranking,2006-03-27,2006-07-01,"(38.843840757000464, -106.13361092099967)",15GRP,233
2006,2,NJ,New Jersey,Legislation - Smokefree Indoor Air,Restaurants,Restriction Areas,Type of Restriction in Restaurant Patron Area,Banned,4,Ranking,2006-01-15,2006-04-15,"(40.13057004800049, -74.27369128799967)",15GRP,233
2006,3,AR,Arkansas,Legislation - Smokefree Indoor Air,Private Worksites,Restrictions,Type of Restriction in Private Worksite,Banned,4,Ranking,2006-04-07,2006-07-21,"(34.74865012400045, -92.27449074299966)",10GRP,20
2006,4,CO,Colorado,Legislation - Smokefree Indoor Air,Government Worksites,Restrictions,Type of Restriction in Government Worksite,Banned,4,Ranking,2006-03-27,2006-07-01,"(38.843840757000464, -106.13361092099967)",10GRP,1
2006,3,AR,Arkansas,Legislation - Smokefree Indoor Air,Government Worksites,Restrictions,Type of Restriction in Government Worksite,Banned,4,Ranking,2006-04-07,2006-07-21,"(34.74865012400045, -92.27449074299966)",10GRP,1
2006,3,NJ,New Jersey,Legislation - Smokefree Indoor Air,Commercial Day Care Centers,Restrictions,Type of Restriction in Commercial Day Care,Banned,4,Ranking,2006-01-15,2006-04-15,"(40.13057004800049, -74.27369128799967)",10GRP,50
2006,3,NJ,New Jersey,Legislation - Smokefree Indoor Air,Home-based Day Care Centers,Restrictions,Type of Restriction in Home-Based Day Care,Banned,4,Ranking,2006-01-15,2006-04-15,"(40.13057004800049, -74.27369128799967)",10GRP,65
2006,4,HI,Hawaii,Legislation - Smokefree Indoor Air,Smokefree Indoor Air – Other Sites,Restriction Areas,Substance Use - Residential Facilities,Banned,4,Ranking,2006-07-10,2006-11-16,"(21.304850435000446, -157.85774940299973)",15GRP,339
2006,2,NJ,New Jersey,Legislation - Smokefree Indoor Air,Smokefree Indoor Air – Other Sites,Restriction Areas,Hospitals,Banned,4,Ranking,2006-01-15,2006-04-15,"(40.13057004800049, -74.27369128799967)",15GRP,100
2006,3,CO,Colorado,Legislation - Smokefree Indoor Air,Smokefree Indoor Air – Other Sites,Restriction Areas,Casinos,Banned,4,Ranking,2006-03-27,2006-07-01,"(38.843840757000464, -106.13361092099967)",15GRP,335
2006,3,GU,Guam,Legislation - Smokefree Indoor Air,Hotels and Motels,Restrictions,Type of Restriction in Lobby and Common Area of Hotel and Motel,Banned,4,Ranking,2005-12-09,2006-05-08,"(13.444304, 144.793731)",10GRP,81
2006,3,NJ,New Jersey,Legislation - Smokefree Indoor Air,Bars,Restrictions,Type of Restriction in Bar (Summary),Banned,4,Ranking,2006-01-15,2006-04-15,"(40.13057004800049, -74.27369128799967)",10GRP,234
2006,4,CO,Colorado,Legislation - Smokefree Indoor Air,Smokefree Indoor Air – Other Sites,Restriction Areas,Grocery Stores,Banned,4,Ranking,2006-03-27,2006-07-01,"(38.843840757000464, -106.13361092099967)",15GRP,97
2006,4,DC,District of Columbia,Legislation - Smokefree Indoor Air,Hotels and Motels,Additional Requirements,Sleeping Room Designation (Type),Smoking Room,3,Ranking,2006-01-31,2006-04-04,"(38.89037138500049, -77.03196112699965)",20GRP,83
2006,4,HI,Hawaii,Legislation - Smokefree Indoor Air,Bars,Restrictions,Type of Restriction in Bar (Summary),Banned,4,Ranking,2006-07-10,2006-11-16,"(21.304850435000446, -157.85774940299973)",10GRP,234
2006,4,NJ,New Jersey,Legislation - Smokefree Indoor Air,Government Worksites,Restrictions,Type of Restriction in Government Worksite,Banned,4,Ranking,2006-01-15,2006-04-15,"(40.13057004800049, -74.27369128799967)",10GRP,1
2006,4,DC,District of Columbia,Legislation - Smokefree Indoor Air,Government Worksites,Restrictions,Type of Restriction in Government Worksite,Banned,4,Ranking,2006-01-31,2006-04-03,"(38.89037138500049, -77.03196112699965)",10GRP,1
2006,4,AR,Arkansas,Legislation - Smokefree Indoor Air,Restaurants,Restriction Areas,Type of Restriction in Restaurant Bar Area,Designated Areas,3,Ranking,2006-04-07,2006-07-21,"(34.74865012400045, -92.27449074299966)",15GRP,231
2006,4,DC,District of Columbia,Legislation - Smokefree Indoor Air,Commercial Day Care Centers,Restrictions,Type of Restriction in Commercial Day Care,Banned,4,Ranking,2006-01-31,2006-04-03,"(38.89037138500049, -77.03196112699965)",10GRP,50
2006,4,HI,Hawaii,Legislation - Smokefree Indoor Air,Bars,Restriction Areas,Type of Restriction in Bar Employee Area,Banned,4,Ranking,2006-07-10,2006-11-16,"(21.304850435000446, -157.85774940299973)",15GRP,236
2006,4,OH,Ohio,Legislation - Smokefree Indoor Air,Restaurants,Restriction Areas,Type of Restriction in Restaurant Bar Area,Banned,4,Ranking,2006-11-07,2006-12-07,"(40.06021014100048, -82.40426005599966)",15GRP,231
2006,3,GU,Guam,Legislation - Smokefree Indoor Air,Restaurants,Restriction Areas,Type of Restriction in Restaurant Bar Area,Banned,4,Ranking,2005-12-09,2006-05-08,"(13.444304, 144.793731)",15GRP,231
2006,4,NV,Nevada,Legislation - Smokefree Indoor Air,Smokefree Indoor Air – Other Sites,Restriction Areas,Enclosed Arenas,Banned,4,Ranking,2006-11-07,2006-11-17,"(39.493240390000494, -117.07184056399967)",15GRP,98
2006,4,AR,Arkansas,Legislation - Smokefree Indoor Air,Government Worksites,Vehicles,Type of Restriction in Government Worksite Vehicle,Banned,4,Ranking,2006-04-07,2006-07-21,"(34.74865012400045, -92.27449074299966)",30GRP,17
2006,4,DC,District of Columbia,Legislation - Smokefree Indoor Air,Restaurants,Restrictions,Type of Restriction in Restaurant (Summary),Designated Areas,3,Ranking,2006-01-31,2006-04-04,"(38.89037138500049, -77.03196112699965)",10GRP,37
2006,3,CO,Colorado,Legislation - Smokefree Indoor Air,Private Worksites,Restrictions,Type of Restriction in Private Worksite,Banned,4,Ranking,2006-03-27,2006-07-01,"(38.843840757000464, -106.13361092099967)",10GRP,20
2006,3,CO,Colorado,Legislation - Smokefree Indoor Air,Hotels and Motels,Restrictions,Type of Restriction in Lobby and Common Area of Hotel and Motel,Banned,4,Ranking,2006-05-27,2006-07-01,"(38.843840757000464, -106.13361092099967)",10GRP,81
2006,3,NJ,New Jersey,Legislation - Smokefree Indoor Air,Smokefree Indoor Air – Other Sites,Restriction Areas,Grocery Stores,Banned,4,Ranking,2006-01-15,2006-04-15,"(40.13057004800049, -74.27369128799967)",15GRP,97
2006,3,CO,Colorado,Legislation - Smokefree Indoor Air,Smokefree Indoor Air – Other Sites,Restriction Areas,Enclosed Arenas,Banned,4,Ranking,2006-03-27,2006-07-01,"(38.843840757000464, -106.13361092099967)",15GRP,98
2006,3,DC,District of Columbia,Legislation - Smokefree Indoor Air,Private Worksites,Vehicles,Type of Restriction in Private Worksite Vehicle,Banned,4,Ranking,2006-01-31,2006-04-03,"(38.89037138500049, -77.03196112699965)",30GRP,34
2006,3,AR,Arkansas,Legislation - Smokefree Indoor Air,Personal Vehicles,Restrictions,Type of Restriction in Personal Vehicle,Banned,4,Ranking,2006-04-10,2006-07-21,"(34.74865012400045, -92.27449074299966)",10GRP,102
2006,2,NJ,New Jersey,Legislation - Smokefree Indoor Air,Smokefree Indoor Air – Other Sites,Restriction Areas,Enclosed Arenas,Banned,4,Ranking,2006-01-15,2006-04-15,"(40.13057004800049, -74.27369128799967)",15GRP,98
2006,4,HI,Hawaii,Legislation - Smokefree Indoor Air,Smokefree Indoor Air – Other Sites,Restriction Areas,Mental Health - Residential Facilities,Banned,4,Ranking,2006-07-10,2006-11-16,"(21.304850435000446, -157.85774940299973)",15GRP,341
2006,4,CO,Colorado,Legislation - Smokefree Indoor Air,Smokefree Indoor Air – Other Sites,Restriction Areas,Hospitals,Banned,4,Ranking,2006-03-27,2006-07-01,"(38.843840757000464, -106.13361092099967)",15GRP,100
2006,4,CO,Colorado,Legislation - Smokefree Indoor Air,Restaurants,Restriction Areas,Type of Restriction in Restaurant Bar Area,Banned,4,Ranking,2006-03-27,2006-07-01,"(38.843840757000464, -106.13361092099967)",15GRP,231
2006,4,GU,Guam,Legislation - Smokefree Indoor Air,Government Worksites,Restrictions,Type of Restriction in Government Worksite,Designated Smoking Area,0,Ranking,2005-12-09,2006-05-08,"(13.444304, 144.793731)",10GRP,1
2006,4,NJ,New Jersey,Legislation - Smokefree Indoor Air,Hotels and Motels,Restrictions,Type of Restriction in Lobby and Common Area of Hotel and Motel,Banned,4,Ranking,2006-01-15,2006-04-15,"(40.13057004800049, -74.27369128799967)",10GRP,81
2006,3,CO,Colorado,Legislation - Smokefree Indoor Air,Restaurants,Restriction Areas,Type of Restriction in Restaurant Employee Area,Banned,4,Ranking,2006-03-27,2006-07-01,"(38.843840757000464, -106.13361092099967)",15GRP,232
2006,2,NJ,New Jersey,Legislation - Smokefree Indoor Air,Restaurants,Restrictions,Type of Restriction in Restaurant (Summary),Banned,4,Ranking,2006-01-15,2006-04-15,"(40.13057004800049, -74.27369128799967)",10GRP,37
2006,4,OH,Ohio,Legislation - Smokefree Indoor Air,Bars,Restriction Areas,Type of Restriction in Bar Employee Area,Banned,4,Ranking,2006-11-07,2006-12-07,"(40.06021014100048, -82.40426005599966)",15GRP,236
2006,2,TN,Tennessee,Legislation - Smokefree Indoor Air,Government Worksites,Restrictions,Type of Restriction in Government Worksite,Banned,4,Ranking,2006-06-12,2006-06-12,"(35.68094058000048, -85.77449091399967)",10GRP,1
2006,4,OH,Ohio,Legislation - Smokefree Indoor Air,Smokefree Indoor Air – Other Sites,Restriction Areas,Malls,Banned,4,Ranking,2006-11-07,2006-12-07,"(40.06021014100048, -82.40426005599966)",15GRP,96
2006,4,CO,Colorado,Legislation - Smokefree Indoor Air,Bars,Restriction Areas,Type of Restriction in Bar Patron Area,Banned,4,Ranking,2006-03-27,2006-07-01,"(38.843840757000464, -106.13361092099967)",15GRP,235
2006,4,HI,Hawaii,Legislation - Smokefree Indoor Air,Restaurants,Restriction Areas,Type of Restriction in Restaurant Employee Area,Banned,4,Ranking,2006-07-10,2006-11-16,"(21.304850435000446, -157.85774940299973)",15GRP,232
2006,4,AR,Arkansas,Legislation - Smokefree Indoor Air,Smokefree Indoor Air – Other Sites,Restriction Areas,Malls,Banned,4,Ranking,2006-04-07,2006-07-21,"(34.74865012400045, -92.27449074299966)",15GRP,96
2006,3,CO,Colorado,Legislation - Smokefree Indoor Air,Smokefree Indoor Air – Other Sites,Restriction Areas,Bingo Halls,Banned,4,Ranking,2006-03-27,2006-07-01,"(38.843840757000464, -106.13361092099967)",15GRP,337
2006,4,HI,Hawaii,Legislation - Smokefree Indoor Air,Smokefree Indoor Air – Other Sites,Restriction Areas,Grocery Stores,Banned,4,Ranking,2006-07-10,2006-11-16,"(21.304850435000446, -157.85774940299973)",15GRP,97
2006,4,HI,Hawaii,Legislation - Smokefree Indoor Air,Smokefree Indoor Air – Other Sites,Restriction Areas,Malls,Banned,4,Ranking,2006-07-10,2006-11-16,"(21.304850435000446, -157.85774940299973)",15GRP,96
2006,3,AR,Arkansas,Legislation - Smokefree Indoor Air,Restaurants,Restriction Areas,Type of Restriction in Restaurant Employee Area,Designated Areas,3,Ranking,2006-04-07,2006-07-21,"(34.74865012400045, -92.27449074299966)",15GRP,232
2006,4,GU,Guam,Legislation - Smokefree Indoor Air,Private Worksites,Restrictions,Type of Restriction in Private Worksite,Designated Smoking Area,0,Ranking,2005-12-09,2006-05-08,"(13.444304, 144.793731)",10GRP,20
2006,3,DC,District of Columbia,Legislation - Smokefree Indoor Air,Smokefree Indoor Air – Other Sites,Restriction Areas,Enclosed Arenas,Banned,4,Ranking,2006-01-31,2006-04-03,"(38.89037138500049, -77.03196112699965)",15GRP,98
2006,4,DC,District of Columbia,Legislation - Smokefree Indoor Air,Smokefree Indoor Air – Other Sites,Restriction Areas,Grocery Stores,Banned,4,Ranking,2006-01-31,2006-04-03,"(38.89037138500049, -77.03196112699965)",15GRP,97
2006,3,GU,Guam,Legislation - Smokefree Indoor Air,Smokefree Indoor Air – Other Sites,Restriction Areas,Grocery Stores,Designated Smoking Area,0,Ranking,2005-12-09,2006-05-08,"(13.444304, 144.793731)",15GRP,97
2006,4,HI,Hawaii,Legislation - Smokefree Indoor Air,Smokefree Indoor Air – Other Sites,Restriction Areas,Substance Use - Outpatient Facilities,Banned,4,Ranking,2006-07-10,2006-11-16,"(21.304850435000446, -157.85774940299973)",15GRP,338
2006,4,OH,Ohio,Legislation - Smokefree Indoor Air,Bars,Restriction Areas,Type of Restriction in Bar Patron Area,Banned,4,Ranking,2006-11-07,2006-12-07,"(40.06021014100048, -82.40426005599966)",15GRP,235
2006,4,OH,Ohio,Legislation - Smokefree Indoor Air,Restaurants,Restrictions,Type of Restriction in Restaurant (Summary),Banned,4,Ranking,2006-11-07,2006-12-07,"(40.06021014100048, -82.40426005599966)",10GRP,37
2006,4,HI,Hawaii,Legislation - Smokefree Indoor Air,Government Multi-Unit Housing,Restrictions,Type of Restriction in Lobby and Common Area of Government Multi-Unit Housing,Banned,4,Ranking,2006-07-10,2006-11-16,"(21.304850435000446, -157.85774940299973)",10GRP,115
2006,4,HI,Hawaii,Legislation - Smokefree Indoor Air,Restaurants,Restriction Areas,Type of Restriction in Restaurant Bar Area,Banned,4,Ranking,2006-07-10,2006-11-16,"(21.304850435000446, -157.85774940299973)",15GRP,231
2006,4,AR,Arkansas,Legislation - Smokefree Indoor Air,Restaurants,Restrictions,Type of Restriction in Restaurant (Summary),Designated Areas,3,Ranking,2006-04-07,2006-07-21,"(34.74865012400045, -92.27449074299966)",10GRP,37
2006,3,AR,Arkansas,Legislation - Smokefree Indoor Air,Smokefree Indoor Air – Other Sites,Restriction Areas,Grocery Stores,Banned,4,Ranking,2006-04-07,2006-07-21,"(34.74865012400045, -92.27449074299966)",15GRP,97
2006,2,NJ,New Jersey,Legislation - Smokefree Indoor Air,Private Multi-Unit Housing,Restrictions,Type of Restriction in Lobby and Common Area of Private Multi-Unit Housing,Banned,4,Ranking,2006-01-15,2006-04-15,"(40.13057004800049, -74.27369128799967)",10GRP,125
2006,4,HI,Hawaii,Legislation - Smokefree Indoor Air,Smokefree Indoor Air – Other Sites,Restriction Areas,Enclosed Arenas,Banned,4,Ranking,2006-07-10,2006-11-16,"(21.304850435000446, -157.85774940299973)",15GRP,98
2006,4,GU,Guam,Legislation - Smokefree Indoor Air,Restaurants,Restrictions,Type of Restriction in Restaurant (Summary),Banned,4,Ranking,2005-12-09,2006-05-08,"(13.444304, 144.793731)",10GRP,37
2006,3,CO,Colorado,Legislation - Smokefree Indoor Air,Restaurants,Restrictions,Type of Restriction in Restaurant (Summary),Banned,4,Ranking,2006-03-27,2006-07-01,"(38.843840757000464, -106.13361092099967)",10GRP,37
2006,4,AR,Arkansas,Legislation - Smokefree Indoor Air,Commercial Day Care Centers,Vehicles,Type of Restriction in Commercial Day Care Vehicle,Banned,4,Ranking,2006-04-10,2006-07-21,"(34.74865012400045, -92.27449074299966)",30GRP,61
2006,4,HI,Hawaii,Legislation - Smokefree Indoor Air,Smokefree Indoor Air – Other Sites,Restriction Areas,Mental Health - Outpatient Facilities,Banned,4,Ranking,2006-07-10,2006-11-16,"(21.304850435000446, -157.85774940299973)",15GRP,340
2006,4,NV,Nevada,Legislation - Smokefree Indoor Air,Restaurants,Restriction Areas,Type of Restriction in Restaurant Employee Area,Banned,4,Ranking,2006-11-07,2006-12-08,"(39.493240390000494, -117.07184056399967)",15GRP,232
2006,4,GU,Guam,Legislation - Smokefree Indoor Air,Home-based Day Care Centers,Restrictions,Type of Restriction in Home-Based Day Care,Designated Smoking Area,0,Ranking,2005-12-09,2006-05-08,"(13.444304, 144.793731)",10GRP,65
2006,4,NV,Nevada,Legislation - Smokefree Indoor Air,Smokefree Indoor Air – Other Sites,Restriction Areas,Public Transportation,Banned,4,Ranking,2006-11-07,2006-11-17,"(39.493240390000494, -117.07184056399967)",15GRP,99
2006,4,NV,Nevada,Legislation - Smokefree Indoor Air,Restaurants,Restrictions,Type of Restriction in Restaurant (Summary),Banned,4,Ranking,2006-11-07,2006-12-08,"(39.493240390000494, -117.07184056399967)",10GRP,37
2006,4,OH,Ohio,Legislation - Smokefree Indoor Air,Smokefree Indoor Air – Other Sites,Restriction Areas,Hospitals,Banned,4,Ranking,2006-11-07,2006-12-07,"(40.06021014100048, -82.40426005599966)",15GRP,100
2006,4,CO,Colorado,Legislation - Smokefree Indoor Air,Government Multi-Unit Housing,Restrictions,Type of Restriction in Lobby and Common Area of Government Multi-Unit Housing,Banned,4,Ranking,2006-03-27,2006-07-01,"(38.843840757000464, -106.13361092099967)",10GRP,115
2006,4,DC,District of Columbia,Legislation - Smokefree Indoor Air,Restaurants,Restriction Areas,Type of Restriction in Restaurant Employee Area,Designated Areas,3,Ranking,2006-01-31,2006-04-04,"(38.89037138500049, -77.03196112699965)",15GRP,232
2006,4,DC,District of Columbia,Legislation - Smokefree Indoor Air,Smokefree Indoor Air – Other Sites,Restriction Areas,Hospitals,Banned,4,Ranking,2006-01-31,2006-04-03,"(38.89037138500049, -77.03196112699965)",15GRP,100
2006,4,NJ,New Jersey,Legislation - Smokefree Indoor Air,Bars,Restriction Areas,Type of Restriction in Bar Patron Area,Banned,4,Ranking,2006-01-15,2006-04-15,"(40.13057004800049, -74.27369128799967)",15GRP,235
2006,4,OH,Ohio,Legislation - Smokefree Indoor Air,Restaurants,Restriction Areas,Type of Restriction in Restaurant Employee Area,Banned,4,Ranking,2006-11-07,2006-12-07,"(40.06021014100048, -82.40426005599966)",15GRP,232
2006,4,NV,Nevada,Legislation - Smokefree Indoor Air,Hotels and Motels,Restrictions,Type of Restriction in Lobby and Common Area of Hotel and Motel,Banned,4,Ranking,2006-11-07,2006-11-17,"(39.493240390000494, -117.07184056399967)",10GRP,81
2006,4,NV,Nevada,Legislation - Smokefree Indoor Air,Restaurants,Restriction Areas,Type of Restriction in Restaurant Bar Area,Banned,4,Ranking,2006-11-07,2006-12-08,"(39.493240390000494, -117.07184056399967)",15GRP,231
2006,2,NJ,New Jersey,Legislation - Smokefree Indoor Air,Restaurants,Restriction Areas,Type of Restriction in Restaurant Employee Area,Banned,4,Ranking,2006-01-15,2006-04-15,"(40.13057004800049, -74.27369128799967)",15GRP,232
2006,4,OH,Ohio,Legislation - Smokefree Indoor Air,Smokefree Indoor Air – Other Sites,Restriction Areas,Enclosed Arenas,Banned,4,Ranking,2006-11-07,2006-12-07,"(40.06021014100048, -82.40426005599966)",15GRP,98
2006,4,HI,Hawaii,Legislation - Smokefree Indoor Air,Private Multi-Unit Housing,Restrictions,Type of Restriction in Lobby and Common Area of Private Multi-Unit Housing,Banned,4,Ranking,2006-07-10,2006-11-16,"(21.304850435000446, -157.85774940299973)",10GRP,125
2006,4,DC,District of Columbia,Legislation - Smokefree Indoor Air,Home-based Day Care Centers,Vehicles,Type of Restriction in Home-Based Day Care Vehicle,Banned,4,Ranking,2006-01-31,2006-04-03,"(38.89037138500049, -77.03196112699965)",30GRP,77
2006,3,MS,Mississippi,Legislation - Smokefree Indoor Air,Government Worksites,Restrictions,Type of Restriction in Government Worksite,Banned,4,Ranking,2006-03-23,2006-07-01,"(32.745510099000455, -89.53803082499968)",10GRP,1
2006,4,GU,Guam,Legislation - Smokefree Indoor Air,Smokefree Indoor Air – Other Sites,Restriction Areas,Malls,Designated Smoking Area,0,Ranking,2005-12-09,2006-05-08,"(13.444304, 144.793731)",15GRP,96
2006,3,NJ,New Jersey,Legislation - Smokefree Indoor Air,Smokefree Indoor Air – Other Sites,Restriction Areas,Malls,Banned,4,Ranking,2006-01-15,2006-04-15,"(40.13057004800049, -74.27369128799967)",15GRP,96
2006,4,GU,Guam,Legislation - Smokefree Indoor Air,Smokefree Indoor Air – Other Sites,Restriction Areas,Public Transportation,Banned,4,Ranking,2005-12-09,2006-05-08,"(13.444304, 144.793731)",15GRP,99
2006,4,DC,District of Columbia,Legislation - Smokefree Indoor Air,Home-based Day Care Centers,Restrictions,Type of Restriction in Home-Based Day Care,Banned,4,Ranking,2006-01-31,2006-04-03,"(38.89037138500049, -77.03196112699965)",10GRP,65
2006,4,HI,Hawaii,Legislation - Smokefree Indoor Air,Government Worksites,Vehicles,Type of Restriction in Government Worksite Vehicle,Banned,4,Ranking,2006-07-10,2006-11-16,"(21.304850435000446, -157.85774940299973)",30GRP,17
2006,4,HI,Hawaii,Legislation - Smokefree Indoor Air,Restaurants,Restrictions,Type of Restriction in Restaurant (Summary),Banned,4,Ranking,2006-07-10,2006-11-16,"(21.304850435000446, -157.85774940299973)",10GRP,37
2006,4,GU,Guam,Legislation - Smokefree Indoor Air,Commercial Day Care Centers,Restrictions,Type of Restriction in Commercial Day Care,Designated Smoking Area,0,Ranking,2005-12-09,2006-05-08,"(13.444304, 144.793731)",10GRP,50
2006,4,CO,Colorado,Legislation - Smokefree Indoor Air,Commercial Day Care Centers,Restrictions,Type of Restriction in Commercial Day Care,Banned,4,Ranking,2006-03-27,2006-07-01,"(38.843840757000464, -106.13361092099967)",10GRP,50
2006,4,CO,Colorado,Legislation - Smokefree Indoor Air,Smokefree Indoor Air – Other Sites,Restriction Areas,Public Transportation,Banned,4,Ranking,2006-03-27,2006-07-01,"(38.843840757000464, -106.13361092099967)",15GRP,99
2006,4,AR,Arkansas,Legislation - Smokefree Indoor Air,Smokefree Indoor Air – Other Sites,Restriction Areas,Public Transportation,Banned,4,Ranking,2006-04-07,2006-07-21,"(34.74865012400045, -92.27449074299966)",15GRP,99
2006,3,DC,District of Columbia,Legislation - Smokefree Indoor Air,Hotels and Motels,Restrictions,Type of Restriction in Lobby and Common Area of Hotel and Motel,Banned,4,Ranking,2006-01-31,2006-04-04,"(38.89037138500049, -77.03196112699965)",10GRP,81
2006,3,AR,Arkansas,Legislation - Smokefree Indoor Air,Home-based Day Care Centers,Restrictions,Type of Restriction in Home-Based Day Care,Banned,4,Ranking,2006-04-07,2006-07-21,"(34.74865012400045, -92.27449074299966)",10GRP,65
2006,4,HI,Hawaii,Legislation - Smokefree Indoor Air,Smokefree Indoor Air – Other Sites,Restriction Areas,Hospitals,Banned,4,Ranking,2006-07-10,2006-11-16,"(21.304850435000446, -157.85774940299973)",15GRP,100
2006,4,HI,Hawaii,Legislation - Smokefree Indoor Air,Government Worksites,Restrictions,Type of Restriction in Government Worksite,Banned,4,Ranking,2006-07-10,2006-11-16,"(21.304850435000446, -157.85774940299973)",10GRP,1
2006,4,CO,Colorado,Legislation - Smokefree Indoor Air,Home-based Day Care Centers,Restrictions,Type of Restriction in Home-Based Day Care,Banned,4,Ranking,2006-03-27,2006-07-01,"(38.843840757000464, -106.13361092099967)",10GRP,65
2006,4,HI,Hawaii,Legislation - Smokefree Indoor Air,Restaurants,Restriction Areas,Type of Restriction in Restaurant Patron Area,Banned,4,Ranking,2006-07-10,2006-11-16,"(21.304850435000446, -157.85774940299973)",15GRP,233
2006,3,GU,Guam,Legislation - Smokefree Indoor Air,Restaurants,Restriction Areas,Type of Restriction in Restaurant Employee Area,Banned,4,Ranking,2005-12-09,2006-05-08,"(13.444304, 144.793731)",15GRP,232
2006,4,HI,Hawaii,Legislation - Smokefree Indoor Air,Bars,Restriction Areas,Type of Restriction in Bar Patron Area,Banned,4,Ranking,2006-07-10,2006-11-16,"(21.304850435000446, -157.85774940299973)",15GRP,235
2006,3,AR,Arkansas,Legislation - Smokefree Indoor Air,Smokefree Indoor Air – Other Sites,Restriction Areas,Hospitals,Banned,4,Ranking,2006-04-07,2006-07-21,"(34.74865012400045, -92.27449074299966)",15GRP,100
2006,3,TN,Tennessee,Legislation - Smokefree Indoor Air,Smokefree Indoor Air – Other Sites,Restriction Areas,Prisons,Banned,4,Ranking,2006-06-12,2006-07-01,"(35.68094058000048, -85.77449091399967)",15GRP,101
2006,4,CO,Colorado,Legislation - Smokefree Indoor Air,Bars,Restriction Areas,Type of Restriction in Bar Employee Area,Banned,4,Ranking,2006-03-27,2006-07-01,"(38.843840757000464, -106.13361092099967)",15GRP,236
2006,4,CO,Colorado,Legislation - Smokefree Indoor Air,Smokefree Indoor Air – Other Sites,Restriction Areas,Malls,Banned,4,Ranking,2006-03-27,2006-07-01,"(38.843840757000464, -106.13361092099967)",15GRP,96
2006,3,AR,Arkansas,Legislation - Smokefree Indoor Air,Smokefree Indoor Air – Other Sites,Restriction Areas,Casinos (Racetrack),Designated Areas,3,Ranking,2006-04-07,2006-07-21,"(34.74865012400045, -92.27449074299966)",15GRP,336
2006,4,OH,Ohio,Legislation - Smokefree Indoor Air,Hotels and Motels,Restrictions,Type of Restriction in Lobby and Common Area of Hotel and Motel,Banned,4,Ranking,2006-11-07,2006-12-07,"(40.06021014100048, -82.40426005599966)",10GRP,81
2006,3,AR,Arkansas,Legislation - Smokefree Indoor Air,Hotels and Motels,Restrictions,Type of Restriction in Lobby and Common Area of Hotel and Motel,Banned,4,Ranking,2006-04-07,2006-07-21,"(34.74865012400045, -92.27449074299966)",10GRP,81
2006,3,CO,Colorado,Legislation - Smokefree Indoor Air,Private Multi-Unit Housing,Restrictions,Type of Restriction in Lobby and Common Area of Private Multi-Unit Housing,Banned,4,Ranking,2006-03-27,2006-07-01,"(38.843840757000464, -106.13361092099967)",10GRP,125
2006,4,HI,Hawaii,Legislation - Smokefree Indoor Air,Smokefree Indoor Air – Other Sites,Restriction Areas,Public Transportation,Banned,4,Ranking,2006-07-10,2006-11-16,"(21.304850435000446, -157.85774940299973)",15GRP,99
2006,4,NV,Nevada,Legislation - Smokefree Indoor Air,Smokefree Indoor Air – Other Sites,Restriction Areas,Grocery Stores,Banned,4,Ranking,2006-11-07,2006-11-17,"(39.493240390000494, -117.07184056399967)",15GRP,97
2006,4,HI,Hawaii,Legislation - Smokefree Indoor Air,Home-based Day Care Centers,Restrictions,Type of Restriction in Home-Based Day Care,Banned,4,Ranking,2006-07-10,2006-11-16,"(21.304850435000446, -157.85774940299973)",10GRP,65
2006,4,OH,Ohio,Legislation - Smokefree Indoor Air,Private Worksites,Vehicles,Type of Restriction in Private Worksite Vehicle,Banned,4,Ranking,2006-11-07,2006-12-07,"(40.06021014100048, -82.40426005599966)",30GRP,34
2006,3,WA,Washington,Legislation - Smokefree Indoor Air,Hotels and Motels,Restrictions,Type of Restriction in Lobby and Common Area of Hotel and Motel,Banned,4,Ranking,2005-11-08,2006-07-06,"(47.52227862900048, -120.47001078999972)",10GRP,81
2006,4,HI,Hawaii,Legislation - Smokefree Indoor Air,Private Worksites,Restrictions,Type of Restriction in Private Worksite,Banned,4,Ranking,2006-07-10,2006-11-16,"(21.304850435000446, -157.85774940299973)",10GRP,20
2006,4,OH,Ohio,Legislation - Smokefree Indoor Air,Private Worksites,Restrictions,Type of Restriction in Private Worksite,Banned,4,Ranking,2006-11-07,2006-12-07,"(40.06021014100048, -82.40426005599966)",10GRP,20
2006,4,HI,Hawaii,Legislation - Smokefree Indoor Air,Hotels and Motels,Additional Requirements,Sleeping Room Designation (Type),Smoking Room,3,Ranking,2006-07-10,2006-11-16,"(21.304850435000446, -157.85774940299973)",20GRP,83
2006,4,NV,Nevada,Legislation - Smokefree Indoor Air,Government Worksites,Restrictions,Type of Restriction in Government Worksite,Banned,4,Ranking,2006-11-07,2006-11-17,"(39.493240390000494, -117.07184056399967)",10GRP,1
2006,4,OH,Ohio,Legislation - Smokefree Indoor Air,Smokefree Indoor Air – Other Sites,Restriction Areas,Grocery Stores,Banned,4,Ranking,2006-11-07,2006-12-07,"(40.06021014100048, -82.40426005599966)",15GRP,97
2006,4,HI,Hawaii,Legislation - Smokefree Indoor Air,Commercial Day Care Centers,Restrictions,Type of Restriction in Commercial Day Care,Banned,4,Ranking,2006-07-10,2006-11-16,"(21.304850435000446, -157.85774940299973)",10GRP,50
2006,4,OH,Ohio,Legislation - Smokefree Indoor Air,Smokefree Indoor Air – Other Sites,Restriction Areas,Public Transportation,Banned,4,Ranking,2006-11-07,2006-12-07,"(40.06021014100048, -82.40426005599966)",15GRP,99
2006,4,NV,Nevada,Legislation - Smokefree Indoor Air,Smokefree Indoor Air – Other Sites,Restriction Areas,Malls,Banned,4,Ranking,2006-11-07,2006-11-17,"(39.493240390000494, -117.07184056399967)",15GRP,96
2006,4,OH,Ohio,Legislation - Smokefree Indoor Air,Home-based Day Care Centers,Restrictions,Type of Restriction in Home-Based Day Care,Banned,4,Ranking,2006-11-07,2006-12-07,"(40.06021014100048, -82.40426005599966)",10GRP,65
2006,4,OH,Ohio,Legislation - Smokefree Indoor Air,Commercial Day Care Centers,Restrictions,Type of Restriction in Commercial Day Care,Banned,4,Ranking,2006-11-07,2006-12-07,"(40.06021014100048, -82.40426005599966)",10GRP,50
2006,4,NV,Nevada,Legislation - Smokefree Indoor Air,Home-based Day Care Centers,Restrictions,Type of Restriction in Home-Based Day Care,Banned,4,Ranking,2006-11-07,2006-11-17,"(39.493240390000494, -117.07184056399967)",10GRP,65
2006,4,OH,Ohio,Legislation - Smokefree Indoor Air,Restaurants,Restriction Areas,Type of Restriction in Restaurant Patron Area,Banned,4,Ranking,2006-11-07,2006-12-07,"(40.06021014100048, -82.40426005599966)",15GRP,233
2006,4,OH,Ohio,Legislation - Smokefree Indoor Air,Government Worksites,Vehicles,Type of Restriction in Government Worksite Vehicle,Banned,4,Ranking,2006-11-07,2006-12-07,"(40.06021014100048, -82.40426005599966)",30GRP,17
2006,4,OH,Ohio,Legislation - Smokefree Indoor Air,Hotels and Motels,Additional Requirements,Sleeping Room Designation (Type),Smoking Room,3,Ranking,2006-11-07,2006-12-07,"(40.06021014100048, -82.40426005599966)",20GRP,83
2006,4,NV,Nevada,Legislation - Smokefree Indoor Air,Smokefree Indoor Air – Other Sites,Restriction Areas,Hospitals,Banned,4,Ranking,2006-11-07,2006-11-17,"(39.493240390000494, -117.07184056399967)",15GRP,100
2006,4,OH,Ohio,Legislation - Smokefree Indoor Air,Bars,Restrictions,Type of Restriction in Bar (Summary),Banned,4,Ranking,2006-11-07,2006-12-07,"(40.06021014100048, -82.40426005599966)",10GRP,234
2006,4,OH,Ohio,Legislation - Smokefree Indoor Air,Government Worksites,Restrictions,Type of Restriction in Government Worksite,Banned,4,Ranking,2006-11-07,2006-12-07,"(40.06021014100048, -82.40426005599966)",10GRP,1
2006,4,NV,Nevada,Legislation - Smokefree Indoor Air,Private Worksites,Restrictions,Type of Restriction in Private Worksite,Banned,4,Ranking,2006-11-07,2006-11-17,"(39.493240390000494, -117.07184056399967)",10GRP,20
2007,2,AZ,Arizona,Legislation - Smokefree Indoor Air,Home-based Day Care Centers,Restrictions,Type of Restriction in Home-Based Day Care,Banned,4,Ranking,2006-11-07,2007-05-01,"(34.865970280000454, -111.76381127699972)",10GRP,65
2007,2,LA,Louisiana,Legislation - Smokefree Indoor Air,Smokefree Indoor Air – Other Sites,Restriction Areas,Substance Use - Outpatient Facilities,Designated Areas,3,Ranking,2006-06-30,2007-01-01,"(31.31266064400046, -92.44568007099969)",15GRP,338
2007,1,LA,Louisiana,Legislation - Smokefree Indoor Air,Smokefree Indoor Air – Other Sites,Restriction Areas,Casinos,Designated Areas,3,Ranking,2006-06-30,2007-01-01,"(31.31266064400046, -92.44568007099969)",15GRP,335
2007,1,LA,Louisiana,Legislation - Smokefree Indoor Air,Hotels and Motels,Additional Requirements,Sleeping Room Designation (Type),Smoking Room,3,Ranking,2006-06-30,2007-01-01,"(31.31266064400046, -92.44568007099969)",20GRP,83
2007,2,AZ,Arizona,Legislation - Smokefree Indoor Air,Restaurants,Restriction Areas,Type of Restriction in Restaurant Employee Area,Banned,4,Ranking,2006-11-15,2007-05-01,"(34.865970280000454, -111.76381127699972)",15GRP,232
2007,2,AZ,Arizona,Legislation - Smokefree Indoor Air,Smokefree Indoor Air – Other Sites,Restriction Areas,Substance Use - Residential Facilities,Banned,4,Ranking,2006-11-07,2007-05-01,"(34.865970280000454, -111.76381127699972)",15GRP,339
2007,1,LA,Louisiana,Legislation - Smokefree Indoor Air,Restaurants,Restriction Areas,Type of Restriction in Restaurant Bar Area,Banned,4,Ranking,2006-06-30,2007-01-01,"(31.31266064400046, -92.44568007099969)",15GRP,231
2007,2,LA,Louisiana,Legislation - Smokefree Indoor Air,Smokefree Indoor Air – Other Sites,Restriction Areas,Prisons,Banned,4,Ranking,2006-06-30,2007-01-01,"(31.31266064400046, -92.44568007099969)",15GRP,101
2007,1,LA,Louisiana,Legislation - Smokefree Indoor Air,Hotels and Motels,Restrictions,Type of Restriction in Lobby and Common Area of Hotel and Motel,Banned,4,Ranking,2006-06-30,2007-01-01,"(31.31266064400046, -92.44568007099969)",10GRP,81
2007,1,DC,District of Columbia,Legislation - Smokefree Indoor Air,Bars,Restriction Areas,Type of Restriction in Bar Employee Area,Banned,4,Ranking,2006-01-31,2007-01-01,"(38.89037138500049, -77.03196112699965)",15GRP,236
2007,2,AZ,Arizona,Legislation - Smokefree Indoor Air,Commercial Day Care Centers,Restrictions,Type of Restriction in Commercial Day Care,Banned,4,Ranking,2006-11-07,2007-05-01,"(34.865970280000454, -111.76381127699972)",10GRP,50
2007,1,LA,Louisiana,Legislation - Smokefree Indoor Air,Smokefree Indoor Air – Other Sites,Restriction Areas,Substance Use - Residential Facilities,Designated Areas,3,Ranking,2006-06-30,2007-01-01,"(31.31266064400046, -92.44568007099969)",15GRP,339
2007,2,DC,District of Columbia,Legislation - Smokefree Indoor Air,Restaurants,Restriction Areas,Type of Restriction in Restaurant Patron Area,Banned,4,Ranking,2006-01-31,2007-01-01,"(38.89037138500049, -77.03196112699965)",15GRP,233
2007,1,LA,Louisiana,Legislation - Smokefree Indoor Air,Smokefree Indoor Air – Other Sites,Restriction Areas,Enclosed Arenas,Designated Areas,3,Ranking,2006-06-30,2007-01-01,"(31.31266064400046, -92.44568007099969)",15GRP,98
2007,2,LA,Louisiana,Legislation - Smokefree Indoor Air,Private Worksites,Vehicles,Type of Restriction in Private Worksite Vehicle,Banned,4,Ranking,2006-06-30,2007-01-01,"(31.31266064400046, -92.44568007099969)",30GRP,34
2007,2,AZ,Arizona,Legislation - Smokefree Indoor Air,Private Worksites,Restrictions,Type of Restriction in Private Worksite,Banned,4,Ranking,2006-11-07,2007-05-01,"(34.865970280000454, -111.76381127699972)",10GRP,20
2007,2,LA,Louisiana,Legislation - Smokefree Indoor Air,Smokefree Indoor Air – Other Sites,Restriction Areas,Grocery Stores,Banned,4,Ranking,2006-06-30,2007-01-01,"(31.31266064400046, -92.44568007099969)",15GRP,97
2007,2,AZ,Arizona,Legislation - Smokefree Indoor Air,Private Multi-Unit Housing,Restrictions,Type of Restriction in Lobby and Common Area of Private Multi-Unit Housing,Banned,4,Ranking,2006-11-07,2007-05-01,"(34.865970280000454, -111.76381127699972)",10GRP,125
2007,2,AZ,Arizona,Legislation - Smokefree Indoor Air,Hotels and Motels,Additional Requirements,Sleeping Room Designation (Type),Smoking Room,3,Ranking,2006-12-07,2007-05-01,"(34.865970280000454, -111.76381127699972)",20GRP,83
2007,1,LA,Louisiana,Legislation - Smokefree Indoor Air,Restaurants,Restrictions,Type of Restriction in Restaurant (Summary),Banned,4,Ranking,2006-06-30,2007-01-01,"(31.31266064400046, -92.44568007099969)",10GRP,37
2007,2,LA,Louisiana,Legislation - Smokefree Indoor Air,Smokefree Indoor Air – Other Sites,Restriction Areas,Mental Health - Residential Facilities,Designated Areas,3,Ranking,2006-06-30,2007-01-01,"(31.31266064400046, -92.44568007099969)",15GRP,341
2007,2,AZ,Arizona,Legislation - Smokefree Indoor Air,Bars,Restriction Areas,Type of Restriction in Bar Employee Area,Banned,4,Ranking,2006-11-15,2007-05-01,"(34.865970280000454, -111.76381127699972)",15GRP,236
2007,2,AZ,Arizona,Legislation - Smokefree Indoor Air,Smokefree Indoor Air – Other Sites,Restriction Areas,Public Transportation,Banned,4,Ranking,2006-11-07,2007-05-01,"(34.865970280000454, -111.76381127699972)",15GRP,99
2007,2,NM,New Mexico,Legislation - Smokefree Indoor Air,Restaurants,Restrictions,Type of Restriction in Restaurant (Summary),Banned,4,Ranking,2007-03-13,2007-06-15,"(34.52088095200048, -106.24058098499967)",10GRP,37
2007,3,LA,Louisiana,Legislation - Smokefree Indoor Air,Commercial Day Care Centers,Vehicles,Type of Restriction in Commercial Day Care Vehicle,Banned,4,Ranking,2006-06-30,2007-01-01,"(31.31266064400046, -92.44568007099969)",30GRP,61
2007,4,LA,Louisiana,Legislation - Smokefree Indoor Air,Home-based Day Care Centers,Vehicles,Type of Restriction in Home-Based Day Care Vehicle,Banned,4,Ranking,2006-06-30,2007-01-01,"(31.31266064400046, -92.44568007099969)",30GRP,77
2007,3,AZ,Arizona,Legislation - Smokefree Indoor Air,Government Multi-Unit Housing,Restrictions,Type of Restriction in Lobby and Common Area of Government Multi-Unit Housing,Banned,4,Ranking,2006-11-07,2007-05-01,"(34.865970280000454, -111.76381127699972)",10GRP,115
2007,4,MN,Minnesota,Legislation - Smokefree Indoor Air,Smokefree Indoor Air – Other Sites,Restriction Areas,Enclosed Arenas,Banned,4,Ranking,2007-05-16,2007-10-01,"(46.35564873600049, -94.79420050299967)",15GRP,98
2007,3,NM,New Mexico,Legislation - Smokefree Indoor Air,Private Worksites,Restrictions,Type of Restriction in Private Worksite,Banned,4,Ranking,2007-03-13,2007-06-15,"(34.52088095200048, -106.24058098499967)",10GRP,20
2007,4,MN,Minnesota,Legislation - Smokefree Indoor Air,Smokefree Indoor Air – Other Sites,Restriction Areas,Grocery Stores,Banned,4,Ranking,2007-05-16,2007-10-01,"(46.35564873600049, -94.79420050299967)",15GRP,97
2007,4,MN,Minnesota,Legislation - Smokefree Indoor Air,Restaurants,Restrictions,Type of Restriction in Restaurant (Summary),Banned,4,Ranking,2007-05-16,2007-10-01,"(46.35564873600049, -94.79420050299967)",10GRP,37
2007,4,MN,Minnesota,Legislation - Smokefree Indoor Air,Bars,Restriction Areas,Type of Restriction in Bar Employee Area,Banned,4,Ranking,2007-05-16,2007-10-01,"(46.35564873600049, -94.79420050299967)",15GRP,236
2007,4,NC,North Carolina,Legislation - Smokefree Indoor Air,Smokefree Indoor Air – Other Sites,Restriction Areas,Mental Health - Residential Facilities,Banned,4,Ranking,2007-08-28,2007-10-01,"(35.466220975000454, -79.15925046299964)",15GRP,341
2007,3,NM,New Mexico,Legislation - Smokefree Indoor Air,Restaurants,Restriction Areas,Type of Restriction in Restaurant Bar Area,Banned,4,Ranking,2007-03-13,2007-06-15,"(34.52088095200048, -106.24058098499967)",15GRP,231
2007,4,MN,Minnesota,Legislation - Smokefree Indoor Air,Restaurants,Restriction Areas,Type of Restriction in Restaurant Employee Area,Banned,4,Ranking,2007-05-16,2007-10-01,"(46.35564873600049, -94.79420050299967)",15GRP,232
2007,4,LA,Louisiana,Legislation - Smokefree Indoor Air,Home-based Day Care Centers,Restrictions,Type of Restriction in Home-Based Day Care,Banned,4,Ranking,2006-06-30,2007-01-01,"(31.31266064400046, -92.44568007099969)",10GRP,65
2007,3,AZ,Arizona,Legislation - Smokefree Indoor Air,Hotels and Motels,Restrictions,Type of Restriction in Lobby and Common Area of Hotel and Motel,Banned,4,Ranking,2006-12-07,2007-05-01,"(34.865970280000454, -111.76381127699972)",10GRP,81
2007,4,LA,Louisiana,Legislation - Smokefree Indoor Air,Smokefree Indoor Air – Other Sites,Restriction Areas,Public Transportation,Banned,4,Ranking,2006-06-30,2007-01-01,"(31.31266064400046, -92.44568007099969)",15GRP,99
2007,4,LA,Louisiana,Legislation - Smokefree Indoor Air,Restaurants,Restriction Areas,Type of Restriction in Restaurant Employee Area,Banned,4,Ranking,2006-06-30,2007-01-01,"(31.31266064400046, -92.44568007099969)",15GRP,232
2007,3,NM,New Mexico,Legislation - Smokefree Indoor Air,Commercial Day Care Centers,Restrictions,Type of Restriction in Commercial Day Care,Banned,4,Ranking,2007-03-13,2007-06-15,"(34.52088095200048, -106.24058098499967)",10GRP,50
2007,4,PR,Puerto Rico,Legislation - Smokefree Indoor Air,Smokefree Indoor Air – Other Sites,Restriction Areas,Casinos (Racetrack),Banned,4,Ranking,2006-03-02,2007-03-02,"(18.220833, -66.590149)",15GRP,336
2007,4,MN,Minnesota,Legislation - Smokefree Indoor Air,Hotels and Motels,Restrictions,Type of Restriction in Lobby and Common Area of Hotel and Motel,Banned,4,Ranking,2007-05-14,2007-10-01,"(46.35564873600049, -94.79420050299967)",10GRP,81
2007,4,MN,Minnesota,Legislation - Smokefree Indoor Air,Government Multi-Unit Housing,Restrictions,Type of Restriction in Lobby and Common Area of Government Multi-Unit Housing,Banned,4,Ranking,2007-05-16,2007-10-01,"(46.35564873600049, -94.79420050299967)",10GRP,115
2007,3,LA,Louisiana,Legislation - Smokefree Indoor Air,Smokefree Indoor Air – Other Sites,Restriction Areas,Bingo Halls,Designated Areas,3,Ranking,2006-06-30,2007-01-01,"(31.31266064400046, -92.44568007099969)",15GRP,337
2007,2,PR,Puerto Rico,Legislation - Smokefree Indoor Air,Home-based Day Care Centers,Vehicles,Type of Restriction in Home-Based Day Care Vehicle,Banned,4,Ranking,2006-03-02,2007-03-02,"(18.220833, -66.590149)",30GRP,77
2007,2,NM,New Mexico,Legislation - Smokefree Indoor Air,Smokefree Indoor Air – Other Sites,Restriction Areas,Malls,Banned,4,Ranking,2007-03-13,2007-06-15,"(34.52088095200048, -106.24058098499967)",15GRP,96
2007,4,NC,North Carolina,Legislation - Smokefree Indoor Air,Smokefree Indoor Air – Other Sites,Restriction Areas,Substance Use - Outpatient Facilities,Banned,4,Ranking,2007-08-28,2007-10-01,"(35.466220975000454, -79.15925046299964)",15GRP,338
2007,3,AZ,Arizona,Legislation - Smokefree Indoor Air,Smokefree Indoor Air – Other Sites,Restriction Areas,Hospitals,Banned,4,Ranking,2006-11-07,2007-05-01,"(34.865970280000454, -111.76381127699972)",15GRP,100
2007,4,LA,Louisiana,Legislation - Smokefree Indoor Air,Private Worksites,Restrictions,Type of Restriction in Private Worksite,Banned,4,Ranking,2006-06-30,2007-01-01,"(31.31266064400046, -92.44568007099969)",10GRP,20
2007,2,PR,Puerto Rico,Legislation - Smokefree Indoor Air,Hotels and Motels,Additional Requirements,Sleeping Room Designation (Type),Smoking Room,3,Ranking,2006-03-02,2007-03-02,"(18.220833, -66.590149)",20GRP,83
2007,3,NM,New Mexico,Legislation - Smokefree Indoor Air,Bars,Restriction Areas,Type of Restriction in Bar Employee Area,Banned,4,Ranking,2007-03-13,2007-06-15,"(34.52088095200048, -106.24058098499967)",15GRP,236
2007,4,MD,Maryland,Legislation - Smokefree Indoor Air,Home-based Day Care Centers,Vehicles,Type of Restriction in Home-Based Day Care Vehicle,Banned,4,Ranking,2007-05-17,2007-10-01,"(39.29058096400047, -76.60926011099963)",30GRP,77
2007,4,AZ,Arizona,Legislation - Smokefree Indoor Air,Smokefree Indoor Air – Other Sites,Restriction Areas,Grocery Stores,Banned,4,Ranking,2006-11-07,2007-05-01,"(34.865970280000454, -111.76381127699972)",15GRP,97
2007,3,LA,Louisiana,Legislation - Smokefree Indoor Air,Smokefree Indoor Air – Other Sites,Restriction Areas,Mental Health - Outpatient Facilities,Designated Areas,3,Ranking,2006-06-30,2007-01-01,"(31.31266064400046, -92.44568007099969)",15GRP,340
2007,2,NM,New Mexico,Legislation - Smokefree Indoor Air,Smokefree Indoor Air – Other Sites,Restriction Areas,Hospitals,Banned,4,Ranking,2007-03-13,2007-06-15,"(34.52088095200048, -106.24058098499967)",15GRP,100
2007,3,NM,New Mexico,Legislation - Smokefree Indoor Air,Smokefree Indoor Air – Other Sites,Restriction Areas,Public Transportation,Banned,4,Ranking,2007-03-13,2007-06-15,"(34.52088095200048, -106.24058098499967)",15GRP,99
2007,4,AZ,Arizona,Legislation - Smokefree Indoor Air,Restaurants,Restrictions,Type of Restriction in Restaurant (Summary),Banned,4,Ranking,2006-11-07,2007-05-01,"(34.865970280000454, -111.76381127699972)",10GRP,37
2007,3,AZ,Arizona,Legislation - Smokefree Indoor Air,Smokefree Indoor Air – Other Sites,Restriction Areas,Malls,Banned,4,Ranking,2006-11-07,2007-05-01,"(34.865970280000454, -111.76381127699972)",15GRP,96
2007,4,MN,Minnesota,Legislation - Smokefree Indoor Air,Restaurants,Restriction Areas,Type of Restriction in Restaurant Bar Area,Banned,4,Ranking,2007-05-16,2007-10-01,"(46.35564873600049, -94.79420050299967)",15GRP,231
2007,4,AZ,Arizona,Legislation - Smokefree Indoor Air,Smokefree Indoor Air – Other Sites,Restriction Areas,Enclosed Arenas,Banned,4,Ranking,2006-11-07,2007-05-01,"(34.865970280000454, -111.76381127699972)",15GRP,98
2007,4,LA,Louisiana,Legislation - Smokefree Indoor Air,Restaurants,Restriction Areas,Type of Restriction in Restaurant Patron Area,Banned,4,Ranking,2006-06-30,2007-01-01,"(31.31266064400046, -92.44568007099969)",15GRP,233
2007,3,DC,District of Columbia,Legislation - Smokefree Indoor Air,Bars,Restrictions,Type of Restriction in Bar (Summary),Banned,4,Ranking,2006-01-31,2007-01-01,"(38.89037138500049, -77.03196112699965)",10GRP,234
2007,4,MN,Minnesota,Legislation - Smokefree Indoor Air,Bars,Restriction Areas,Type of Restriction in Bar Patron Area,Banned,4,Ranking,2007-05-16,2007-10-01,"(46.35564873600049, -94.79420050299967)",15GRP,235
2007,2,NM,New Mexico,Legislation - Smokefree Indoor Air,Restaurants,Restriction Areas,Type of Restriction in Restaurant Patron Area,Banned,4,Ranking,2007-03-13,2007-06-15,"(34.52088095200048, -106.24058098499967)",15GRP,233
2007,4,LA,Louisiana,Legislation - Smokefree Indoor Air,Government Worksites,Restrictions,Type of Restriction in Government Worksite,Banned,4,Ranking,2006-06-30,2007-01-01,"(31.31266064400046, -92.44568007099969)",10GRP,1
2007,2,NM,New Mexico,Legislation - Smokefree Indoor Air,Hotels and Motels,Additional Requirements,Sleeping Room Designation (Type),Smoking Room,3,Ranking,2007-03-13,2007-06-15,"(34.52088095200048, -106.24058098499967)",20GRP,83
2007,4,MN,Minnesota,Legislation - Smokefree Indoor Air,Smokefree Indoor Air – Other Sites,Restriction Areas,Mental Health - Outpatient Facilities,Designated Areas,3,Ranking,2007-05-16,2007-10-01,"(46.35564873600049, -94.79420050299967)",15GRP,340
2007,3,AZ,Arizona,Legislation - Smokefree Indoor Air,Smokefree Indoor Air – Other Sites,Restriction Areas,Substance Use - Outpatient Facilities,Banned,4,Ranking,2006-11-07,2007-05-01,"(34.865970280000454, -111.76381127699972)",15GRP,338
2007,3,NM,New Mexico,Legislation - Smokefree Indoor Air,Bars,Restriction Areas,Type of Restriction in Bar Patron Area,Banned,4,Ranking,2007-03-13,2007-06-15,"(34.52088095200048, -106.24058098499967)",15GRP,235
2007,4,LA,Louisiana,Legislation - Smokefree Indoor Air,Commercial Day Care Centers,Restrictions,Type of Restriction in Commercial Day Care,Banned,4,Ranking,2006-06-30,2007-01-01,"(31.31266064400046, -92.44568007099969)",10GRP,50
2007,4,MN,Minnesota,Legislation - Smokefree Indoor Air,Smokefree Indoor Air – Other Sites,Restriction Areas,Bingo Halls,Banned,4,Ranking,2007-05-16,2007-10-01,"(46.35564873600049, -94.79420050299967)",15GRP,337
2007,2,NM,New Mexico,Legislation - Smokefree Indoor Air,Restaurants,Restriction Areas,Type of Restriction in Restaurant Employee Area,Banned,4,Ranking,2007-03-13,2007-06-15,"(34.52088095200048, -106.24058098499967)",15GRP,232
2007,4,MN,Minnesota,Legislation - Smokefree Indoor Air,Hotels and Motels,Additional Requirements,Sleeping Room Designation (Type),Smoking Room,3,Ranking,2007-05-14,2007-10-01,"(46.35564873600049, -94.79420050299967)",20GRP,83
2007,3,AZ,Arizona,Legislation - Smokefree Indoor Air,Restaurants,Restriction Areas,Type of Restriction in Restaurant Patron Area,Banned,4,Ranking,2006-11-15,2007-05-01,"(34.865970280000454, -111.76381127699972)",15GRP,233
2007,3,DC,District of Columbia,Legislation - Smokefree Indoor Air,Restaurants,Restrictions,Type of Restriction in Restaurant (Summary),Banned,4,Ranking,2006-01-31,2007-01-01,"(38.89037138500049, -77.03196112699965)",10GRP,37
2007,3,NH,New Hampshire,Legislation - Smokefree Indoor Air,Restaurants,Restriction Areas,Type of Restriction in Restaurant Patron Area,Banned,4,Ranking,2007-06-19,2007-09-17,"(43.65595011300047, -71.50036091999965)",15GRP,233
2007,2,NM,New Mexico,Legislation - Smokefree Indoor Air,Home-based Day Care Centers,Restrictions,Type of Restriction in Home-Based Day Care,Banned,4,Ranking,2007-03-13,2007-06-15,"(34.52088095200048, -106.24058098499967)",10GRP,65
2007,3,DC,District of Columbia,Legislation - Smokefree Indoor Air,Restaurants,Restriction Areas,Type of Restriction in Restaurant Employee Area,Banned,4,Ranking,2006-01-31,2007-01-01,"(38.89037138500049, -77.03196112699965)",15GRP,232
2007,4,NH,New Hampshire,Legislation - Smokefree Indoor Air,Restaurants,Restrictions,Type of Restriction in Restaurant (Summary),Banned,4,Ranking,2007-06-19,2007-09-17,"(43.65595011300047, -71.50036091999965)",10GRP,37
2007,2,PR,Puerto Rico,Legislation - Smokefree Indoor Air,Bars,Restriction Areas,Type of Restriction in Bar Employee Area,Banned,4,Ranking,2006-03-02,2007-03-02,"(18.220833, -66.590149)",15GRP,236
2007,1,PR,Puerto Rico,Legislation - Smokefree Indoor Air,Restaurants,Restriction Areas,Type of Restriction in Restaurant Bar Area,Banned,4,Ranking,2006-03-02,2007-03-02,"(18.220833, -66.590149)",15GRP,231
2007,4,NM,New Mexico,Legislation - Smokefree Indoor Air,Government Worksites,Restrictions,Type of Restriction in Government Worksite,Banned,4,Ranking,2007-03-13,2007-06-15,"(34.52088095200048, -106.24058098499967)",10GRP,1
2007,4,PR,Puerto Rico,Legislation - Smokefree Indoor Air,Smokefree Indoor Air – Other Sites,Restriction Areas,Hospitals,Banned,4,Ranking,2006-03-02,2007-03-02,"(18.220833, -66.590149)",15GRP,100
2007,1,PR,Puerto Rico,Legislation - Smokefree Indoor Air,Government Multi-Unit Housing,Restrictions,Type of Restriction in Lobby and Common Area of Government Multi-Unit Housing,Banned,4,Ranking,2006-03-02,2007-03-02,"(18.220833, -66.590149)",10GRP,115
2007,3,PR,Puerto Rico,Legislation - Smokefree Indoor Air,Restaurants,Restrictions,Type of Restriction in Restaurant (Summary),Banned,4,Ranking,2006-03-02,2007-03-02,"(18.220833, -66.590149)",10GRP,37
2007,3,PR,Puerto Rico,Legislation - Smokefree Indoor Air,Restaurants,Restriction Areas,Type of Restriction in Restaurant Employee Area,Banned,4,Ranking,2006-03-02,2007-03-02,"(18.220833, -66.590149)",15GRP,232
2007,4,TN,Tennessee,Legislation - Smokefree Indoor Air,Government Multi-Unit Housing,Restrictions,Type of Restriction in Lobby and Common Area of Government Multi-Unit Housing,Banned,4,Ranking,2007-06-11,2007-10-01,"(35.68094058000048, -85.77449091399967)",10GRP,115
2007,1,PR,Puerto Rico,Legislation - Smokefree Indoor Air,Government Worksites,Vehicles,Type of Restriction in Government Worksite Vehicle,Banned,4,Ranking,2006-03-02,2007-03-02,"(18.220833, -66.590149)",30GRP,17
2007,4,PR,Puerto Rico,Legislation - Smokefree Indoor Air,Bars,Restrictions,Type of Restriction in Bar (Summary),Banned,4,Ranking,2006-03-02,2007-03-02,"(18.220833, -66.590149)",10GRP,234
2007,4,TN,Tennessee,Legislation - Smokefree Indoor Air,Private Multi-Unit Housing,Restrictions,Type of Restriction in Lobby and Common Area of Private Multi-Unit Housing,Banned,4,Ranking,2007-06-11,2007-10-01,"(35.68094058000048, -85.77449091399967)",10GRP,125
2007,4,TN,Tennessee,Legislation - Smokefree Indoor Air,Smokefree Indoor Air – Other Sites,Restriction Areas,Mental Health - Outpatient Facilities,Banned,4,Ranking,2007-06-11,2007-10-01,"(35.68094058000048, -85.77449091399967)",15GRP,340
2007,1,PR,Puerto Rico,Legislation - Smokefree Indoor Air,Commercial Day Care Centers,Restrictions,Type of Restriction in Commercial Day Care,Banned,4,Ranking,2006-03-02,2007-03-02,"(18.220833, -66.590149)",10GRP,50
2007,1,PR,Puerto Rico,Legislation - Smokefree Indoor Air,Smokefree Indoor Air – Other Sites,Restriction Areas,Malls,Banned,4,Ranking,2006-03-02,2007-03-02,"(18.220833, -66.590149)",15GRP,96
2007,3,PR,Puerto Rico,Legislation - Smokefree Indoor Air,Government Worksites,Restrictions,Type of Restriction in Government Worksite,Banned,4,Ranking,2006-03-02,2007-03-02,"(18.220833, -66.590149)",10GRP,1
2007,4,PR,Puerto Rico,Legislation - Smokefree Indoor Air,Restaurants,Restriction Areas,Type of Restriction in Restaurant Patron Area,Banned,4,Ranking,2006-03-02,2007-03-02,"(18.220833, -66.590149)",15GRP,233
2007,4,TN,Tennessee,Legislation - Smokefree Indoor Air,Smokefree Indoor Air – Other Sites,Restriction Areas,Malls,Banned,4,Ranking,2007-06-11,2007-10-01,"(35.68094058000048, -85.77449091399967)",15GRP,96
2007,2,PR,Puerto Rico,Legislation - Smokefree Indoor Air,Private Worksites,Restrictions,Type of Restriction in Private Worksite,Banned,4,Ranking,2006-03-02,2007-03-02,"(18.220833, -66.590149)",10GRP,20
2007,3,PR,Puerto Rico,Legislation - Smokefree Indoor Air,Hotels and Motels,Restrictions,Type of Restriction in Lobby and Common Area of Hotel and Motel,Banned,4,Ranking,2006-03-02,2007-03-02,"(18.220833, -66.590149)",10GRP,81
2007,4,NM,New Mexico,Legislation - Smokefree Indoor Air,Smokefree Indoor Air – Other Sites,Restriction Areas,Enclosed Arenas,Banned,4,Ranking,2007-03-13,2007-06-15,"(34.52088095200048, -106.24058098499967)",15GRP,98
2007,4,TN,Tennessee,Legislation - Smokefree Indoor Air,Hotels and Motels,Restrictions,Type of Restriction in Lobby and Common Area of Hotel and Motel,Banned,4,Ranking,2007-06-11,2007-10-01,"(35.68094058000048, -85.77449091399967)",10GRP,81
2007,4,NH,New Hampshire,Legislation - Smokefree Indoor Air,Restaurants,Restriction Areas,Type of Restriction in Restaurant Employee Area,Banned,4,Ranking,2007-06-19,2007-09-17,"(43.65595011300047, -71.50036091999965)",15GRP,232
2007,4,TN,Tennessee,Legislation - Smokefree Indoor Air,Smokefree Indoor Air – Other Sites,Restriction Areas,Public Transportation,Banned,4,Ranking,2007-06-11,2007-10-01,"(35.68094058000048, -85.77449091399967)",15GRP,99
2007,4,NM,New Mexico,Legislation - Smokefree Indoor Air,Bars,Restrictions,Type of Restriction in Bar (Summary),Banned,4,Ranking,2007-03-13,2007-06-15,"(34.52088095200048, -106.24058098499967)",10GRP,234
2007,4,TN,Tennessee,Legislation - Smokefree Indoor Air,Home-based Day Care Centers,Restrictions,Type of Restriction in Home-Based Day Care,Banned,4,Ranking,2007-06-11,2007-10-01,"(35.68094058000048, -85.77449091399967)",10GRP,65
2007,4,TN,Tennessee,Legislation - Smokefree Indoor Air,Restaurants,Restriction Areas,Type of Restriction in Restaurant Bar Area,Designated Areas,3,Ranking,2007-06-11,2007-10-01,"(35.68094058000048, -85.77449091399967)",15GRP,231
2007,4,TN,Tennessee,Legislation - Smokefree Indoor Air,Government Worksites,Vehicles,Type of Restriction in Government Worksite Vehicle,Banned,4,Ranking,2007-06-21,2007-07-01,"(35.68094058000048, -85.77449091399967)",30GRP,17
2007,4,TN,Tennessee,Legislation - Smokefree Indoor Air,Restaurants,Restrictions,Type of Restriction in Restaurant (Summary),Designated Areas,3,Ranking,2007-06-11,2007-10-01,"(35.68094058000048, -85.77449091399967)",10GRP,37
2007,2,PR,Puerto Rico,Legislation - Smokefree Indoor Air,Smokefree Indoor Air – Other Sites,Restriction Areas,Casinos,Banned,4,Ranking,2006-03-02,2007-03-02,"(18.220833, -66.590149)",15GRP,335
2007,4,TN,Tennessee,Legislation - Smokefree Indoor Air,Private Worksites,Restrictions,Type of Restriction in Private Worksite,Banned,4,Ranking,2007-06-11,2007-10-01,"(35.68094058000048, -85.77449091399967)",10GRP,20
2007,4,TN,Tennessee,Legislation - Smokefree Indoor Air,Hotels and Motels,Additional Requirements,Sleeping Room Designation (Type),Smoking Room,3,Ranking,2007-06-11,2007-10-01,"(35.68094058000048, -85.77449091399967)",20GRP,83
2007,1,PR,Puerto Rico,Legislation - Smokefree Indoor Air,Bars,Restriction Areas,Type of Restriction in Bar Patron Area,Banned,4,Ranking,2006-03-02,2007-03-02,"(18.220833, -66.590149)",15GRP,235
2007,2,PR,Puerto Rico,Legislation - Smokefree Indoor Air,Personal Vehicles,Restrictions,Type of Restriction in Personal Vehicle,Banned,4,Ranking,2006-03-02,2007-03-02,"(18.220833, -66.590149)",10GRP,102
2007,4,PR,Puerto Rico,Legislation - Smokefree Indoor Air,Smokefree Indoor Air – Other Sites,Restriction Areas,Mental Health - Outpatient Facilities,Banned,4,Ranking,2006-03-02,2007-03-02,"(18.220833, -66.590149)",15GRP,340
2007,4,NM,New Mexico,Legislation - Smokefree Indoor Air,Hotels and Motels,Restrictions,Type of Restriction in Lobby and Common Area of Hotel and Motel,Banned,4,Ranking,2007-03-13,2007-03-13,"(34.52088095200048, -106.24058098499967)",10GRP,81
2007,2,PR,Puerto Rico,Legislation - Smokefree Indoor Air,Smokefree Indoor Air – Other Sites,Restriction Areas,Mental Health - Residential Facilities,Banned,4,Ranking,2006-03-02,2007-03-02,"(18.220833, -66.590149)",15GRP,341
2007,4,TN,Tennessee,Legislation - Smokefree Indoor Air,Smokefree Indoor Air – Other Sites,Restriction Areas,Hospitals,Banned,4,Ranking,2007-06-11,2007-10-01,"(35.68094058000048, -85.77449091399967)",15GRP,100
2007,4,TN,Tennessee,Legislation - Smokefree Indoor Air,Smokefree Indoor Air – Other Sites,Restriction Areas,Substance Use - Outpatient Facilities,Banned,4,Ranking,2007-06-11,2007-10-01,"(35.68094058000048, -85.77449091399967)",15GRP,338
2007,4,PR,Puerto Rico,Legislation - Smokefree Indoor Air,Home-based Day Care Centers,Restrictions,Type of Restriction in Home-Based Day Care,Banned,4,Ranking,2006-03-02,2007-03-02,"(18.220833, -66.590149)",10GRP,65
2007,3,PR,Puerto Rico,Legislation - Smokefree Indoor Air,Commercial Day Care Centers,Vehicles,Type of Restriction in Commercial Day Care Vehicle,Banned,4,Ranking,2006-03-02,2007-03-02,"(18.220833, -66.590149)",30GRP,61
2007,4,PR,Puerto Rico,Legislation - Smokefree Indoor Air,Private Multi-Unit Housing,Restrictions,Type of Restriction in Lobby and Common Area of Private Multi-Unit Housing,Banned,4,Ranking,2006-03-02,2007-03-02,"(18.220833, -66.590149)",10GRP,125
2007,3,PR,Puerto Rico,Legislation - Smokefree Indoor Air,Smokefree Indoor Air – Other Sites,Restriction Areas,Grocery Stores,Banned,4,Ranking,2006-03-02,2007-03-02,"(18.220833, -66.590149)",15GRP,97
2007,4,NH,New Hampshire,Legislation - Smokefree Indoor Air,Restaurants,Restriction Areas,Type of Restriction in Restaurant Bar Area,Banned,4,Ranking,2007-06-19,2007-09-17,"(43.65595011300047, -71.50036091999965)",15GRP,231
2007,4,TN,Tennessee,Legislation - Smokefree Indoor Air,Commercial Day Care Centers,Restrictions,Type of Restriction in Commercial Day Care,Banned,4,Ranking,2007-06-11,2007-10-01,"(35.68094058000048, -85.77449091399967)",10GRP,50
2007,4,TN,Tennessee,Legislation - Smokefree Indoor Air,Smokefree Indoor Air – Other Sites,Restriction Areas,Substance Use - Residential Facilities,Banned,4,Ranking,2007-06-11,2007-10-01,"(35.68094058000048, -85.77449091399967)",15GRP,339
2007,4,TN,Tennessee,Legislation - Smokefree Indoor Air,Government Worksites,Restrictions,Type of Restriction in Government Worksite,Banned,4,Ranking,2007-06-11,2007-10-01,"(35.68094058000048, -85.77449091399967)",10GRP,1
2007,4,NM,New Mexico,Legislation - Smokefree Indoor Air,Smokefree Indoor Air – Other Sites,Restriction Areas,Grocery Stores,Banned,4,Ranking,2007-03-13,2007-06-15,"(34.52088095200048, -106.24058098499967)",15GRP,97
2007,4,TN,Tennessee,Legislation - Smokefree Indoor Air,Smokefree Indoor Air – Other Sites,Restriction Areas,Mental Health - Residential Facilities,Banned,4,Ranking,2007-06-11,2007-10-01,"(35.68094058000048, -85.77449091399967)",15GRP,341
2007,4,TN,Tennessee,Legislation - Smokefree Indoor Air,Smokefree Indoor Air – Other Sites,Restriction Areas,Grocery Stores,Banned,4,Ranking,2007-06-11,2007-10-01,"(35.68094058000048, -85.77449091399967)",15GRP,97
2007,4,LA,Louisiana,Legislation - Smokefree Indoor Air,Government Worksites,Vehicles,Type of Restriction in Government Worksite Vehicle,Banned,4,Ranking,2006-06-30,2007-01-01,"(31.31266064400046, -92.44568007099969)",30GRP,17
2007,4,AZ,Arizona,Legislation - Smokefree Indoor Air,Private Worksites,Vehicles,Type of Restriction in Private Worksite Vehicle,Banned,4,Ranking,2006-11-07,2007-05-01,"(34.865970280000454, -111.76381127699972)",30GRP,34
2007,4,MN,Minnesota,Legislation - Smokefree Indoor Air,Restaurants,Restriction Areas,Type of Restriction in Restaurant Patron Area,Banned,4,Ranking,2007-05-16,2007-10-01,"(46.35564873600049, -94.79420050299967)",15GRP,233
2007,3,AZ,Arizona,Legislation - Smokefree Indoor Air,Smokefree Indoor Air – Other Sites,Restriction Areas,Mental Health - Residential Facilities,Banned,4,Ranking,2006-11-07,2007-05-01,"(34.865970280000454, -111.76381127699972)",15GRP,341
2007,1,LA,Louisiana,Legislation - Smokefree Indoor Air,Smokefree Indoor Air – Other Sites,Restriction Areas,Casinos (Racetrack),Designated Areas,3,Ranking,2006-06-30,2007-01-01,"(31.31266064400046, -92.44568007099969)",15GRP,336
2007,4,MD,Maryland,Legislation - Smokefree Indoor Air,Hotels and Motels,Restrictions,Type of Restriction in Lobby and Common Area of Hotel and Motel,Banned,4,Ranking,2007-05-17,2007-10-01,"(39.29058096400047, -76.60926011099963)",10GRP,81
2007,4,MN,Minnesota,Legislation - Smokefree Indoor Air,Government Worksites,Restrictions,Type of Restriction in Government Worksite,Banned,4,Ranking,2007-05-16,2007-10-01,"(46.35564873600049, -94.79420050299967)",10GRP,1
2007,4,AZ,Arizona,Legislation - Smokefree Indoor Air,Smokefree Indoor Air – Other Sites,Restriction Areas,Mental Health - Outpatient Facilities,Banned,4,Ranking,2006-11-07,2007-05-01,"(34.865970280000454, -111.76381127699972)",15GRP,340
2007,4,TN,Tennessee,Legislation - Smokefree Indoor Air,Restaurants,Restriction Areas,Type of Restriction in Restaurant Patron Area,Designated Areas,3,Ranking,2007-06-11,2007-10-01,"(35.68094058000048, -85.77449091399967)",15GRP,233
2007,4,MD,Maryland,Legislation - Smokefree Indoor Air,Commercial Day Care Centers,Vehicles,Type of Restriction in Commercial Day Care Vehicle,Banned,4,Ranking,2007-05-17,2007-10-01,"(39.29058096400047, -76.60926011099963)",30GRP,61
2007,4,TN,Tennessee,Legislation - Smokefree Indoor Air,Smokefree Indoor Air – Other Sites,Restriction Areas,Enclosed Arenas,Banned,4,Ranking,2007-06-11,2007-10-01,"(35.68094058000048, -85.77449091399967)",15GRP,98
2007,4,TN,Tennessee,Legislation - Smokefree Indoor Air,Restaurants,Restriction Areas,Type of Restriction in Restaurant Employee Area,Designated Areas,3,Ranking,2007-06-11,2007-10-01,"(35.68094058000048, -85.77449091399967)",15GRP,232
2007,4,LA,Louisiana,Legislation - Smokefree Indoor Air,Smokefree Indoor Air – Other Sites,Restriction Areas,Malls,Banned,4,Ranking,2006-06-30,2007-01-01,"(31.31266064400046, -92.44568007099969)",15GRP,96
2007,4,MN,Minnesota,Legislation - Smokefree Indoor Air,Private Worksites,Restrictions,Type of Restriction in Private Worksite,Banned,4,Ranking,2007-05-16,2007-10-01,"(46.35564873600049, -94.79420050299967)",10GRP,20
2007,2,AZ,Arizona,Legislation - Smokefree Indoor Air,Bars,Restrictions,Type of Restriction in Bar (Summary),Banned,4,Ranking,2006-11-15,2007-05-01,"(34.865970280000454, -111.76381127699972)",10GRP,234
2007,1,DC,District of Columbia,Legislation - Smokefree Indoor Air,Restaurants,Restriction Areas,Type of Restriction in Restaurant Bar Area,Banned,4,Ranking,2006-01-31,2007-01-01,"(38.89037138500049, -77.03196112699965)",15GRP,231
2007,2,AZ,Arizona,Legislation - Smokefree Indoor Air,Government Worksites,Vehicles,Type of Restriction in Government Worksite Vehicle,Banned,4,Ranking,2006-11-07,2007-05-01,"(34.865970280000454, -111.76381127699972)",30GRP,17
2007,2,AZ,Arizona,Legislation - Smokefree Indoor Air,Government Worksites,Restrictions,Type of Restriction in Government Worksite,Banned,4,Ranking,2006-11-07,2007-05-01,"(34.865970280000454, -111.76381127699972)",10GRP,1
2007,1,DC,District of Columbia,Legislation - Smokefree Indoor Air,Bars,Restriction Areas,Type of Restriction in Bar Patron Area,Banned,4,Ranking,2006-01-31,2007-01-01,"(38.89037138500049, -77.03196112699965)",15GRP,235
2007,3,AZ,Arizona,Legislation - Smokefree Indoor Air,Bars,Restriction Areas,Type of Restriction in Bar Patron Area,Banned,4,Ranking,2006-11-15,2007-05-01,"(34.865970280000454, -111.76381127699972)",15GRP,235
2007,4,NC,North Carolina,Legislation - Smokefree Indoor Air,Smokefree Indoor Air – Other Sites,Restriction Areas,Mental Health - Outpatient Facilities,Banned,4,Ranking,2007-08-28,2007-10-01,"(35.466220975000454, -79.15925046299964)",15GRP,340
2007,4,NC,North Carolina,Legislation - Smokefree Indoor Air,Smokefree Indoor Air – Other Sites,Restriction Areas,Substance Use - Residential Facilities,Banned,4,Ranking,2007-08-28,2007-10-01,"(35.466220975000454, -79.15925046299964)",15GRP,339
2007,4,MN,Minnesota,Legislation - Smokefree Indoor Air,Bars,Restrictions,Type of Restriction in Bar (Summary),Banned,4,Ranking,2007-05-16,2007-10-01,"(46.35564873600049, -94.79420050299967)",10GRP,234
2007,4,MD,Maryland,Legislation - Smokefree Indoor Air,Hotels and Motels,Additional Requirements,Sleeping Room Designation (Type),Smoking Room,3,Ranking,2007-05-17,2007-10-01,"(39.29058096400047, -76.60926011099963)",20GRP,83
2007,4,MN,Minnesota,Legislation - Smokefree Indoor Air,Private Multi-Unit Housing,Restrictions,Type of Restriction in Lobby and Common Area of Private Multi-Unit Housing,Banned,4,Ranking,2007-05-16,2007-10-01,"(46.35564873600049, -94.79420050299967)",10GRP,125
2007,2,AZ,Arizona,Legislation - Smokefree Indoor Air,Restaurants,Restrictions,Type of Restriction in Restaurant (Summary),Banned,4,Ranking,2006-11-15,2007-05-01,"(34.865970280000454, -111.76381127699972)",10GRP,37
2007,4,MN,Minnesota,Legislation - Smokefree Indoor Air,Smokefree Indoor Air – Other Sites,Restriction Areas,Public Transportation,Banned,4,Ranking,2007-05-16,2007-10-01,"(46.35564873600049, -94.79420050299967)",15GRP,99
2007,2,AZ,Arizona,Legislation - Smokefree Indoor Air,Restaurants,Restriction Areas,Type of Restriction in Restaurant Bar Area,Banned,4,Ranking,2006-11-15,2007-05-01,"(34.865970280000454, -111.76381127699972)",15GRP,231
2007,4,MN,Minnesota,Legislation - Smokefree Indoor Air,Smokefree Indoor Air – Other Sites,Restriction Areas,Malls,Banned,4,Ranking,2007-05-16,2007-10-01,"(46.35564873600049, -94.79420050299967)",15GRP,96
2008,3,MD,Maryland,Legislation - Smokefree Indoor Air,Private Worksites,Restrictions,Type of Restriction in Private Worksite,Banned,4,Ranking,2007-05-17,2008-02-01,"(39.29058096400047, -76.60926011099963)",10GRP,20
2008,3,MI,Michigan,Legislation - Smokefree Indoor Air,Smokefree Indoor Air – Other Sites,Restriction Areas,Prisons,Banned,4,Ranking,2008-07-01,2008-07-01,"(44.6613195430005, -84.71439026999968)",15GRP,101
2008,3,IL,Illinois,Legislation - Smokefree Indoor Air,Government Worksites,Restrictions,Type of Restriction in Government Worksite,Banned,4,Ranking,2007-07-23,2008-01-01,"(40.48501028300046, -88.99771017799969)",10GRP,1
2008,4,IL,Illinois,Legislation - Smokefree Indoor Air,Restaurants,Restrictions,Type of Restriction in Restaurant (Summary),Banned,4,Ranking,2007-07-23,2008-01-01,"(40.48501028300046, -88.99771017799969)",10GRP,37
2008,4,MD,Maryland,Legislation - Smokefree Indoor Air,Smokefree Indoor Air – Other Sites,Restriction Areas,Grocery Stores,Banned,4,Ranking,2007-05-17,2008-02-01,"(39.29058096400047, -76.60926011099963)",15GRP,97
2008,3,IL,Illinois,Legislation - Smokefree Indoor Air,Private Worksites,Restrictions,Type of Restriction in Private Worksite,Banned,4,Ranking,2007-07-23,2008-01-01,"(40.48501028300046, -88.99771017799969)",10GRP,20
2008,4,IA,Iowa,Legislation - Smokefree Indoor Air,Smokefree Indoor Air – Other Sites,Restriction Areas,Malls,Banned,4,Ranking,2008-04-15,2008-07-01,"(42.46940091300047, -93.81649055599968)",15GRP,96
2008,3,IA,Iowa,Legislation - Smokefree Indoor Air,Home-based Day Care Centers,Restrictions,Type of Restriction in Home-Based Day Care,Banned,4,Ranking,2008-04-15,2008-07-01,"(42.46940091300047, -93.81649055599968)",10GRP,65
2008,4,IA,Iowa,Legislation - Smokefree Indoor Air,Smokefree Indoor Air – Other Sites,Restriction Areas,Prisons,Designated Areas,3,Ranking,2008-04-15,2008-07-01,"(42.46940091300047, -93.81649055599968)",15GRP,101
2008,4,MD,Maryland,Legislation - Smokefree Indoor Air,Smokefree Indoor Air – Other Sites,Restriction Areas,Hospitals,Banned,4,Ranking,2007-05-17,2008-02-01,"(39.29058096400047, -76.60926011099963)",15GRP,100
2008,4,IA,Iowa,Legislation - Smokefree Indoor Air,Private Worksites,Restrictions,Type of Restriction in Private Worksite,Banned,4,Ranking,2008-04-15,2008-07-01,"(42.46940091300047, -93.81649055599968)",10GRP,20
2008,4,IA,Iowa,Legislation - Smokefree Indoor Air,Smokefree Indoor Air – Other Sites,Restriction Areas,Casinos,Designated Areas,3,Ranking,2008-04-15,2008-07-01,"(42.46940091300047, -93.81649055599968)",15GRP,335
2008,3,MD,Maryland,Legislation - Smokefree Indoor Air,Smokefree Indoor Air – Other Sites,Restriction Areas,Enclosed Arenas,Banned,4,Ranking,2007-05-17,2008-02-01,"(39.29058096400047, -76.60926011099963)",15GRP,98
2008,4,IL,Illinois,Legislation - Smokefree Indoor Air,Smokefree Indoor Air – Other Sites,Restriction Areas,Mental Health - Residential Facilities,Banned,4,Ranking,2007-07-23,2008-01-01,"(40.48501028300046, -88.99771017799969)",15GRP,341
2008,3,IL,Illinois,Legislation - Smokefree Indoor Air,Smokefree Indoor Air – Other Sites,Restriction Areas,Malls,Banned,4,Ranking,2007-07-23,2008-01-01,"(40.48501028300046, -88.99771017799969)",15GRP,96
2008,4,IA,Iowa,Legislation - Smokefree Indoor Air,Government Worksites,Vehicles,Type of Restriction in Government Worksite Vehicle,Banned,4,Ranking,2008-04-15,2008-07-01,"(42.46940091300047, -93.81649055599968)",30GRP,17
2008,3,MD,Maryland,Legislation - Smokefree Indoor Air,Restaurants,Restriction Areas,Type of Restriction in Restaurant Patron Area,Banned,4,Ranking,2007-05-17,2008-02-01,"(39.29058096400047, -76.60926011099963)",15GRP,233
2008,3,IA,Iowa,Legislation - Smokefree Indoor Air,Smokefree Indoor Air – Other Sites,Restriction Areas,Public Transportation,Banned,4,Ranking,2008-04-15,2008-07-01,"(42.46940091300047, -93.81649055599968)",15GRP,99
2008,4,CA,California,Legislation - Smokefree Indoor Air,Commercial Day Care Centers,Vehicles,Type of Restriction in Commercial Day Care Vehicle,Banned,4,Ranking,2007-12-04,2008-01-01,"(37.63864012300047, -120.99999953799971)",30GRP,61
2008,3,IL,Illinois,Legislation - Smokefree Indoor Air,Smokefree Indoor Air – Other Sites,Restriction Areas,Substance Use - Outpatient Facilities,Banned,4,Ranking,2007-07-23,2008-01-01,"(40.48501028300046, -88.99771017799969)",15GRP,338
2008,3,MD,Maryland,Legislation - Smokefree Indoor Air,Smokefree Indoor Air – Other Sites,Restriction Areas,Malls,Banned,4,Ranking,2007-05-17,2008-02-01,"(39.29058096400047, -76.60926011099963)",15GRP,96
2008,3,IL,Illinois,Legislation - Smokefree Indoor Air,Government Worksites,Vehicles,Type of Restriction in Government Worksite Vehicle,Banned,4,Ranking,2007-07-23,2008-01-01,"(40.48501028300046, -88.99771017799969)",30GRP,17
2008,4,IL,Illinois,Legislation - Smokefree Indoor Air,Hotels and Motels,Restrictions,Type of Restriction in Lobby and Common Area of Hotel and Motel,Banned,4,Ranking,2007-07-23,2008-01-01,"(40.48501028300046, -88.99771017799969)",10GRP,81
2008,3,IL,Illinois,Legislation - Smokefree Indoor Air,Smokefree Indoor Air – Other Sites,Restriction Areas,Casinos,Banned,4,Ranking,2007-07-23,2008-01-01,"(40.48501028300046, -88.99771017799969)",15GRP,335
2008,4,IA,Iowa,Legislation - Smokefree Indoor Air,Smokefree Indoor Air – Other Sites,Restriction Areas,Grocery Stores,Banned,4,Ranking,2008-04-15,2008-07-01,"(42.46940091300047, -93.81649055599968)",15GRP,97
2008,3,IA,Iowa,Legislation - Smokefree Indoor Air,Hotels and Motels,Additional Requirements,Sleeping Room Designation (Type),Smoking Room,3,Ranking,2008-04-15,2008-07-01,"(42.46940091300047, -93.81649055599968)",20GRP,83
2008,3,IL,Illinois,Legislation - Smokefree Indoor Air,Hotels and Motels,Additional Requirements,Sleeping Room Designation (Type),Smoking Room,3,Ranking,2007-07-23,2008-01-01,"(40.48501028300046, -88.99771017799969)",20GRP,83
2008,3,MD,Maryland,Legislation - Smokefree Indoor Air,Bars,Restrictions,Type of Restriction in Bar (Summary),Banned,4,Ranking,2007-05-17,2008-02-01,"(39.29058096400047, -76.60926011099963)",10GRP,234
2008,4,IL,Illinois,Legislation - Smokefree Indoor Air,Smokefree Indoor Air – Other Sites,Restriction Areas,Grocery Stores,Banned,4,Ranking,2007-07-23,2008-01-01,"(40.48501028300046, -88.99771017799969)",15GRP,97
2008,4,IA,Iowa,Legislation - Smokefree Indoor Air,Government Worksites,Restrictions,Type of Restriction in Government Worksite,Banned,4,Ranking,2008-04-15,2008-07-01,"(42.46940091300047, -93.81649055599968)",10GRP,1
2008,3,IA,Iowa,Legislation - Smokefree Indoor Air,Bars,Restriction Areas,Type of Restriction in Bar Patron Area,Banned,4,Ranking,2008-04-15,2008-07-01,"(42.46940091300047, -93.81649055599968)",15GRP,235
2008,4,IA,Iowa,Legislation - Smokefree Indoor Air,Restaurants,Restriction Areas,Type of Restriction in Restaurant Patron Area,Banned,4,Ranking,2008-04-15,2008-07-01,"(42.46940091300047, -93.81649055599968)",15GRP,233
2008,4,IA,Iowa,Legislation - Smokefree Indoor Air,Private Worksites,Vehicles,Type of Restriction in Private Worksite Vehicle,Banned,4,Ranking,2008-04-15,2008-07-01,"(42.46940091300047, -93.81649055599968)",30GRP,34
2008,3,IA,Iowa,Legislation - Smokefree Indoor Air,Smokefree Indoor Air – Other Sites,Restriction Areas,Mental Health - Outpatient Facilities,Designated Areas,3,Ranking,2008-04-15,2008-07-01,"(42.46940091300047, -93.81649055599968)",15GRP,340
2008,3,IA,Iowa,Legislation - Smokefree Indoor Air,Smokefree Indoor Air – Other Sites,Restriction Areas,Enclosed Arenas,Banned,4,Ranking,2008-04-15,2008-07-01,"(42.46940091300047, -93.81649055599968)",15GRP,98
2008,4,MD,Maryland,Legislation - Smokefree Indoor Air,Commercial Day Care Centers,Restrictions,Type of Restriction in Commercial Day Care,Banned,4,Ranking,2007-05-17,2008-02-01,"(39.29058096400047, -76.60926011099963)",10GRP,50
2008,3,PA,Pennsylvania,Legislation - Smokefree Indoor Air,Smokefree Indoor Air – Other Sites,Restriction Areas,Mental Health - Residential Facilities,Designated Areas,3,Ranking,2008-06-13,2008-09-11,"(40.79373015200048, -77.86070029399963)",15GRP,341
2008,4,IL,Illinois,Legislation - Smokefree Indoor Air,Restaurants,Restriction Areas,Type of Restriction in Restaurant Employee Area,Banned,4,Ranking,2007-07-23,2008-01-01,"(40.48501028300046, -88.99771017799969)",15GRP,232
2008,3,PA,Pennsylvania,Legislation - Smokefree Indoor Air,Smokefree Indoor Air – Other Sites,Restriction Areas,Grocery Stores,Banned,4,Ranking,2008-06-13,2008-09-11,"(40.79373015200048, -77.86070029399963)",15GRP,97
2008,4,MD,Maryland,Legislation - Smokefree Indoor Air,Restaurants,Restriction Areas,Type of Restriction in Restaurant Employee Area,Banned,4,Ranking,2007-05-17,2008-02-01,"(39.29058096400047, -76.60926011099963)",15GRP,232
2008,3,IA,Iowa,Legislation - Smokefree Indoor Air,Bars,Restrictions,Type of Restriction in Bar (Summary),Banned,4,Ranking,2008-04-15,2008-07-01,"(42.46940091300047, -93.81649055599968)",10GRP,234
2008,3,SD,South Dakota,Legislation - Smokefree Indoor Air,Restaurants,Restrictions,Type of Restriction in Restaurant (Summary),Banned,4,Ranking,2008-03-13,2008-07-01,"(44.353130053000484, -100.3735306369997)",10GRP,37
2008,4,MD,Maryland,Legislation - Smokefree Indoor Air,Restaurants,Restrictions,Type of Restriction in Restaurant (Summary),Banned,4,Ranking,2007-05-17,2008-02-01,"(39.29058096400047, -76.60926011099963)",10GRP,37
2008,4,IL,Illinois,Legislation - Smokefree Indoor Air,Smokefree Indoor Air – Other Sites,Restriction Areas,Bingo Halls,Banned,4,Ranking,2007-07-23,2008-01-01,"(40.48501028300046, -88.99771017799969)",15GRP,337
2008,3,IA,Iowa,Legislation - Smokefree Indoor Air,Commercial Day Care Centers,Restrictions,Type of Restriction in Commercial Day Care,Banned,4,Ranking,2008-04-15,2008-07-01,"(42.46940091300047, -93.81649055599968)",10GRP,50
2008,4,IA,Iowa,Legislation - Smokefree Indoor Air,Smokefree Indoor Air – Other Sites,Restriction Areas,Bingo Halls,Banned,4,Ranking,2008-04-15,2008-07-01,"(42.46940091300047, -93.81649055599968)",15GRP,337
2008,3,MD,Maryland,Legislation - Smokefree Indoor Air,Government Worksites,Restrictions,Type of Restriction in Government Worksite,Banned,4,Ranking,2007-05-17,2008-02-01,"(39.29058096400047, -76.60926011099963)",10GRP,1
2008,3,IA,Iowa,Legislation - Smokefree Indoor Air,Smokefree Indoor Air – Other Sites,Restriction Areas,Mental Health - Residential Facilities,Designated Areas,3,Ranking,2008-04-15,2008-07-01,"(42.46940091300047, -93.81649055599968)",15GRP,341
2008,4,MD,Maryland,Legislation - Smokefree Indoor Air,Bars,Restriction Areas,Type of Restriction in Bar Employee Area,Banned,4,Ranking,2007-05-17,2008-02-01,"(39.29058096400047, -76.60926011099963)",15GRP,236
2008,3,IL,Illinois,Legislation - Smokefree Indoor Air,Smokefree Indoor Air – Other Sites,Restriction Areas,Substance Use - Residential Facilities,Banned,4,Ranking,2007-07-23,2008-01-01,"(40.48501028300046, -88.99771017799969)",15GRP,339
2008,3,PA,Pennsylvania,Legislation - Smokefree Indoor Air,Smokefree Indoor Air – Other Sites,Restriction Areas,Prisons,Banned,4,Ranking,2008-06-13,2008-09-11,"(40.79373015200048, -77.86070029399963)",15GRP,101
2008,3,IL,Illinois,Legislation - Smokefree Indoor Air,Bars,Restrictions,Type of Restriction in Bar (Summary),Banned,4,Ranking,2007-07-23,2008-01-01,"(40.48501028300046, -88.99771017799969)",10GRP,234
2008,3,IL,Illinois,Legislation - Smokefree Indoor Air,Bars,Restriction Areas,Type of Restriction in Bar Patron Area,Banned,4,Ranking,2007-07-23,2008-01-01,"(40.48501028300046, -88.99771017799969)",15GRP,235
2008,3,NC,North Carolina,Legislation - Smokefree Indoor Air,Government Worksites,Restrictions,Type of Restriction in Government Worksite,Banned,4,Ranking,2007-07-08,2008-01-01,"(35.466220975000454, -79.15925046299964)",10GRP,1
2008,4,IL,Illinois,Legislation - Smokefree Indoor Air,Smokefree Indoor Air – Other Sites,Restriction Areas,Hospital Campuses,Designated Areas,3,Ranking,2007-07-23,2008-01-01,"(40.48501028300046, -88.99771017799969)",15GRP,342
2008,4,IA,Iowa,Legislation - Smokefree Indoor Air,Restaurants,Restriction Areas,Type of Restriction in Restaurant Employee Area,Banned,4,Ranking,2008-04-15,2008-07-01,"(42.46940091300047, -93.81649055599968)",15GRP,232
2008,4,PA,Pennsylvania,Legislation - Smokefree Indoor Air,Hotels and Motels,Additional Requirements,Sleeping Room Designation (Type),Smoking Room,3,Ranking,2008-06-13,2008-09-11,"(40.79373015200048, -77.86070029399963)",20GRP,83
2008,4,PA,Pennsylvania,Legislation - Smokefree Indoor Air,Smokefree Indoor Air – Other Sites,Restriction Areas,Substance Use - Residential Facilities,Designated Areas,3,Ranking,2008-06-13,2008-09-11,"(40.79373015200048, -77.86070029399963)",15GRP,339
2008,4,PA,Pennsylvania,Legislation - Smokefree Indoor Air,Restaurants,Restriction Areas,Type of Restriction in Restaurant Employee Area,Banned,4,Ranking,2008-06-13,2008-09-11,"(40.79373015200048, -77.86070029399963)",15GRP,232
2008,4,PA,Pennsylvania,Legislation - Smokefree Indoor Air,Home-based Day Care Centers,Restrictions,Type of Restriction in Home-Based Day Care,Banned,4,Ranking,2008-06-13,2008-09-11,"(40.79373015200048, -77.86070029399963)",10GRP,65
2008,3,IL,Illinois,Legislation - Smokefree Indoor Air,Smokefree Indoor Air – Other Sites,Restriction Areas,Public Transportation,Banned,4,Ranking,2007-07-23,2008-01-01,"(40.48501028300046, -88.99771017799969)",15GRP,99
2008,4,PA,Pennsylvania,Legislation - Smokefree Indoor Air,Commercial Day Care Centers,Restrictions,Type of Restriction in Commercial Day Care,Banned,4,Ranking,2008-06-13,2008-09-11,"(40.79373015200048, -77.86070029399963)",10GRP,50
2008,3,IA,Iowa,Legislation - Smokefree Indoor Air,Hotels and Motels,Restrictions,Type of Restriction in Lobby and Common Area of Hotel and Motel,Banned,4,Ranking,2008-04-15,2008-07-01,"(42.46940091300047, -93.81649055599968)",10GRP,81
2008,3,PA,Pennsylvania,Legislation - Smokefree Indoor Air,Smokefree Indoor Air – Other Sites,Restriction Areas,Public Transportation,Banned,4,Ranking,2008-06-13,2008-09-11,"(40.79373015200048, -77.86070029399963)",15GRP,99
2008,4,PA,Pennsylvania,Legislation - Smokefree Indoor Air,Smokefree Indoor Air – Other Sites,Restriction Areas,Enclosed Arenas,Banned,4,Ranking,2008-06-13,2008-09-11,"(40.79373015200048, -77.86070029399963)",15GRP,98
2008,4,PA,Pennsylvania,Legislation - Smokefree Indoor Air,Smokefree Indoor Air – Other Sites,Restriction Areas,Hospitals,Banned,4,Ranking,2008-06-13,2008-09-11,"(40.79373015200048, -77.86070029399963)",15GRP,100
2008,4,PA,Pennsylvania,Legislation - Smokefree Indoor Air,Hotels and Motels,Restrictions,Type of Restriction in Lobby and Common Area of Hotel and Motel,Banned,4,Ranking,2008-06-13,2008-09-11,"(40.79373015200048, -77.86070029399963)",10GRP,81
2008,4,SD,South Dakota,Legislation - Smokefree Indoor Air,Restaurants,Restriction Areas,Type of Restriction in Restaurant Bar Area,Banned,4,Ranking,2008-03-13,2008-07-01,"(44.353130053000484, -100.3735306369997)",15GRP,231
2008,4,PA,Pennsylvania,Legislation - Smokefree Indoor Air,Restaurants,Restriction Areas,Type of Restriction in Restaurant Patron Area,Banned,4,Ranking,2008-06-13,2008-09-11,"(40.79373015200048, -77.86070029399963)",15GRP,233
2008,4,PA,Pennsylvania,Legislation - Smokefree Indoor Air,Government Worksites,Restrictions,Type of Restriction in Government Worksite,Banned,4,Ranking,2008-06-13,2008-09-11,"(40.79373015200048, -77.86070029399963)",10GRP,1
2008,4,PA,Pennsylvania,Legislation - Smokefree Indoor Air,Smokefree Indoor Air – Other Sites,Restriction Areas,Malls,Banned,4,Ranking,2008-06-13,2008-09-11,"(40.79373015200048, -77.86070029399963)",15GRP,96
2008,4,PA,Pennsylvania,Legislation - Smokefree Indoor Air,Private Worksites,Restrictions,Type of Restriction in Private Worksite,Banned,4,Ranking,2008-06-13,2008-09-11,"(40.79373015200048, -77.86070029399963)",10GRP,20
2008,4,PA,Pennsylvania,Legislation - Smokefree Indoor Air,Home-based Day Care Centers,Vehicles,Type of Restriction in Home-Based Day Care Vehicle,Banned,4,Ranking,2008-06-13,2008-09-11,"(40.79373015200048, -77.86070029399963)",30GRP,77
2008,4,IL,Illinois,Legislation - Smokefree Indoor Air,Restaurants,Restriction Areas,Type of Restriction in Restaurant Patron Area,Banned,4,Ranking,2007-07-23,2008-01-01,"(40.48501028300046, -88.99771017799969)",15GRP,233
2008,4,IA,Iowa,Legislation - Smokefree Indoor Air,Smokefree Indoor Air – Other Sites,Restriction Areas,Hospitals,Banned,4,Ranking,2008-04-15,2008-07-01,"(42.46940091300047, -93.81649055599968)",15GRP,100
2008,3,IL,Illinois,Legislation - Smokefree Indoor Air,Smokefree Indoor Air – Other Sites,Restriction Areas,Enclosed Arenas,Banned,4,Ranking,2007-07-23,2008-01-01,"(40.48501028300046, -88.99771017799969)",15GRP,98
2008,4,MD,Maryland,Legislation - Smokefree Indoor Air,Home-based Day Care Centers,Restrictions,Type of Restriction in Home-Based Day Care,Banned,4,Ranking,2007-05-17,2008-02-01,"(39.29058096400047, -76.60926011099963)",10GRP,65
2008,4,IL,Illinois,Legislation - Smokefree Indoor Air,Smokefree Indoor Air – Other Sites,Restriction Areas,Hospitals,Banned,4,Ranking,2007-07-23,2008-01-01,"(40.48501028300046, -88.99771017799969)",15GRP,100
2008,3,IA,Iowa,Legislation - Smokefree Indoor Air,Restaurants,Restrictions,Type of Restriction in Restaurant (Summary),Banned,4,Ranking,2008-04-15,2008-07-01,"(42.46940091300047, -93.81649055599968)",10GRP,37
2008,4,IA,Iowa,Legislation - Smokefree Indoor Air,Restaurants,Restriction Areas,Type of Restriction in Restaurant Bar Area,Banned,4,Ranking,2008-04-15,2008-07-01,"(42.46940091300047, -93.81649055599968)",15GRP,231
2008,4,IL,Illinois,Legislation - Smokefree Indoor Air,Smokefree Indoor Air – Other Sites,Restriction Areas,Mental Health - Outpatient Facilities,Banned,4,Ranking,2007-07-23,2008-01-01,"(40.48501028300046, -88.99771017799969)",15GRP,340
2008,3,CA,California,Legislation - Smokefree Indoor Air,Personal Vehicles,Restrictions,Type of Restriction in Personal Vehicle,Banned,4,Ranking,2007-12-04,2008-01-01,"(37.63864012300047, -120.99999953799971)",10GRP,102
2008,3,MD,Maryland,Legislation - Smokefree Indoor Air,Smokefree Indoor Air – Other Sites,Restriction Areas,Public Transportation,Banned,4,Ranking,2007-05-17,2008-02-01,"(39.29058096400047, -76.60926011099963)",15GRP,99
2008,4,IL,Illinois,Legislation - Smokefree Indoor Air,Restaurants,Restriction Areas,Type of Restriction in Restaurant Bar Area,Banned,4,Ranking,2007-07-23,2008-01-01,"(40.48501028300046, -88.99771017799969)",15GRP,231
2008,3,IA,Iowa,Legislation - Smokefree Indoor Air,Government Multi-Unit Housing,Restrictions,Type of Restriction in Lobby and Common Area of Government Multi-Unit Housing,Banned,4,Ranking,2008-04-15,2008-07-01,"(42.46940091300047, -93.81649055599968)",10GRP,115
2008,4,ME,Maine,Legislation - Smokefree Indoor Air,Personal Vehicles,Restrictions,Type of Restriction in Personal Vehicle,Banned,4,Ranking,2008-04-10,2008-09-01,"(45.254228894000505, -68.98503133599962)",10GRP,102
2008,2,IL,Illinois,Legislation - Smokefree Indoor Air,Bars,Restriction Areas,Type of Restriction in Bar Employee Area,Banned,4,Ranking,2007-07-23,2008-01-01,"(40.48501028300046, -88.99771017799969)",15GRP,236
2008,1,MD,Maryland,Legislation - Smokefree Indoor Air,Restaurants,Restriction Areas,Type of Restriction in Restaurant Bar Area,Banned,4,Ranking,2007-05-17,2008-02-01,"(39.29058096400047, -76.60926011099963)",15GRP,231
2008,1,MD,Maryland,Legislation - Smokefree Indoor Air,Bars,Restriction Areas,Type of Restriction in Bar Patron Area,Banned,4,Ranking,2007-05-17,2008-02-01,"(39.29058096400047, -76.60926011099963)",15GRP,235
2008,4,IA,Iowa,Legislation - Smokefree Indoor Air,Bars,Restriction Areas,Type of Restriction in Bar Employee Area,Banned,4,Ranking,2008-04-15,2008-07-01,"(42.46940091300047, -93.81649055599968)",15GRP,236
2008,3,PA,Pennsylvania,Legislation - Smokefree Indoor Air,Smokefree Indoor Air – Other Sites,Restriction Areas,Casinos (Racetrack),Designated Areas,3,Ranking,2008-06-13,2008-09-11,"(40.79373015200048, -77.86070029399963)",15GRP,336
2008,3,IA,Iowa,Legislation - Smokefree Indoor Air,Smokefree Indoor Air – Other Sites,Restriction Areas,Casinos (Racetrack),Designated Areas,3,Ranking,2008-04-15,2008-07-01,"(42.46940091300047, -93.81649055599968)",15GRP,336
2009,3,VT,Vermont,Legislation - Smokefree Indoor Air,Smokefree Indoor Air – Other Sites,Restriction Areas,Malls,Banned,4,Ranking,2009-05-09,2009-07-01,"(43.62538123900049, -72.51764079099962)",15GRP,96
2009,4,MP,Northern Mariana Islands,Legislation - Smokefree Indoor Air,Restaurants,Restriction Areas,Type of Restriction in Restaurant Patron Area,Banned,4,Ranking,2009-09-29,2009-09-29,"(15.0979, 145.6739)",15GRP,233
2009,4,MP,Northern Mariana Islands,Legislation - Smokefree Indoor Air,Smokefree Indoor Air – Other Sites,Restriction Areas,Public Transportation,Banned,4,Ranking,2009-09-29,2009-09-29,"(15.0979, 145.6739)",15GRP,99
2009,2,OR,Oregon,Legislation - Smokefree Indoor Air,Smokefree Indoor Air – Other Sites,Restriction Areas,Hospitals,Banned,4,Ranking,2007-06-26,2009-01-01,"(44.56744942400047, -120.15503132599969)",15GRP,100
2009,4,MP,Northern Mariana Islands,Legislation - Smokefree Indoor Air,Hotels and Motels,Additional Requirements,Sleeping Room Designation (Type),Smoking Rooms,0,Ranking,2009-09-29,2009-09-29,"(15.0979, 145.6739)",20GRP,83
2009,3,MP,Northern Mariana Islands,Legislation - Smokefree Indoor Air,Home-based Day Care Centers,Restrictions,Type of Restriction in Home-Based Day Care,Banned,4,Ranking,2009-09-29,2009-09-29,"(15.0979, 145.6739)",10GRP,65
2009,3,VT,Vermont,Legislation - Smokefree Indoor Air,Smokefree Indoor Air – Other Sites,Restriction Areas,Enclosed Arenas,Banned,4,Ranking,2009-05-09,2009-07-01,"(43.62538123900049, -72.51764079099962)",15GRP,98
2009,4,ME,Maine,Legislation - Smokefree Indoor Air,Smokefree Indoor Air – Other Sites,Restriction Areas,Public Transportation,Banned,4,Ranking,2009-06-08,2009-09-11,"(45.254228894000505, -68.98503133599962)",15GRP,99
2009,3,ME,Maine,Legislation - Smokefree Indoor Air,Private Worksites,Restrictions,Type of Restriction in Private Worksite,Banned,4,Ranking,2009-06-08,2009-09-11,"(45.254228894000505, -68.98503133599962)",10GRP,20
2009,4,NC,North Carolina,Legislation - Smokefree Indoor Air,Government Worksites,Vehicles,Type of Restriction in Government Worksite Vehicle,Banned,4,Ranking,2008-08-02,2009-01-01,"(35.466220975000454, -79.15925046299964)",30GRP,17
2009,3,UT,Utah,Legislation - Smokefree Indoor Air,Bars,Restriction Areas,Type of Restriction in Bar Patron Area,Banned,4,Ranking,2007-02-27,2009-01-01,"(39.360700171000474, -111.58713063499971)",15GRP,235
2009,4,MP,Northern Mariana Islands,Legislation - Smokefree Indoor Air,Smokefree Indoor Air – Other Sites,Restriction Areas,Mental Health - Outpatient Facilities,Banned,4,Ranking,2009-09-29,2009-09-29,"(15.0979, 145.6739)",15GRP,340
2009,3,OR,Oregon,Legislation - Smokefree Indoor Air,Restaurants,Restriction Areas,Type of Restriction in Restaurant Employee Area,Banned,4,Ranking,2007-06-26,2009-01-01,"(44.56744942400047, -120.15503132599969)",15GRP,232
2009,4,MP,Northern Mariana Islands,Legislation - Smokefree Indoor Air,Private Multi-Unit Housing,Restrictions,Type of Restriction in Lobby and Common Area of Private Multi-Unit Housing,Banned,4,Ranking,2009-09-29,2009-09-29,"(15.0979, 145.6739)",10GRP,125
2009,3,ME,Maine,Legislation - Smokefree Indoor Air,Smokefree Indoor Air – Other Sites,Restriction Areas,Grocery Stores,Banned,4,Ranking,2009-06-08,2009-09-11,"(45.254228894000505, -68.98503133599962)",15GRP,97
2009,2,OR,Oregon,Legislation - Smokefree Indoor Air,Bars,Restriction Areas,Type of Restriction in Bar Patron Area,Banned,4,Ranking,2007-06-26,2009-01-01,"(44.56744942400047, -120.15503132599969)",15GRP,235
2009,3,OR,Oregon,Legislation - Smokefree Indoor Air,Smokefree Indoor Air – Other Sites,Restriction Areas,Enclosed Arenas,Banned,4,Ranking,2007-06-26,2009-01-01,"(44.56744942400047, -120.15503132599969)",15GRP,98
2009,3,OR,Oregon,Legislation - Smokefree Indoor Air,Hotels and Motels,Additional Requirements,Sleeping Room Designation (Type),Smoking Room,3,Ranking,2007-06-26,2009-01-01,"(44.56744942400047, -120.15503132599969)",20GRP,83
2009,3,VT,Vermont,Legislation - Smokefree Indoor Air,Bars,Restrictions,Type of Restriction in Bar (Summary),Banned,4,Ranking,2009-05-09,2009-07-01,"(43.62538123900049, -72.51764079099962)",10GRP,234
2009,3,OR,Oregon,Legislation - Smokefree Indoor Air,Private Worksites,Restrictions,Type of Restriction in Private Worksite,Banned,4,Ranking,2007-06-26,2009-01-01,"(44.56744942400047, -120.15503132599969)",10GRP,20
2009,3,OR,Oregon,Legislation - Smokefree Indoor Air,Commercial Day Care Centers,Restrictions,Type of Restriction in Commercial Day Care,Banned,4,Ranking,2007-06-26,2009-01-01,"(44.56744942400047, -120.15503132599969)",10GRP,50
2009,4,MP,Northern Mariana Islands,Legislation - Smokefree Indoor Air,Private Worksites,Restrictions,Type of Restriction in Private Worksite,Banned,4,Ranking,2009-09-29,2009-09-29,"(15.0979, 145.6739)",10GRP,20
2009,4,MP,Northern Mariana Islands,Legislation - Smokefree Indoor Air,Private Worksites,Vehicles,Type of Restriction in Private Worksite Vehicle,Banned,4,Ranking,2009-09-29,2009-09-29,"(15.0979, 145.6739)",30GRP,34
2009,4,MP,Northern Mariana Islands,Legislation - Smokefree Indoor Air,Government Multi-Unit Housing,Restrictions,Type of Restriction in Lobby and Common Area of Government Multi-Unit Housing,Banned,4,Ranking,2009-09-29,2009-09-29,"(15.0979, 145.6739)",10GRP,115
2009,4,MT,Montana,Legislation - Smokefree Indoor Air,Bars,Restrictions,Type of Restriction in Bar (Summary),Banned,4,Ranking,2005-04-18,2009-10-01,"(47.06652897200047, -109.42442064499971)",10GRP,234
2009,4,NE,Nebraska,Legislation - Smokefree Indoor Air,Smokefree Indoor Air – Other Sites,Restriction Areas,Mental Health - Outpatient Facilities,Banned,4,Ranking,2008-02-26,2009-06-01,"(41.6410409880005, -99.36572062299967)",15GRP,340
2009,3,NE,Nebraska,Legislation - Smokefree Indoor Air,Home-based Day Care Centers,Restrictions,Type of Restriction in Home-Based Day Care,Banned,4,Ranking,2008-02-26,2009-06-01,"(41.6410409880005, -99.36572062299967)",10GRP,65
2009,4,ME,Maine,Legislation - Smokefree Indoor Air,Smokefree Indoor Air – Other Sites,Restriction Areas,Hospitals,Banned,4,Ranking,2009-06-08,2009-09-11,"(45.254228894000505, -68.98503133599962)",15GRP,100
2009,3,UT,Utah,Legislation - Smokefree Indoor Air,Bars,Restriction Areas,Type of Restriction in Bar Employee Area,Banned,4,Ranking,2007-02-27,2009-01-01,"(39.360700171000474, -111.58713063499971)",15GRP,236
2009,2,NE,Nebraska,Legislation - Smokefree Indoor Air,Smokefree Indoor Air – Other Sites,Restriction Areas,Public Transportation,Banned,4,Ranking,2008-02-26,2009-06-01,"(41.6410409880005, -99.36572062299967)",15GRP,99
2009,3,NE,Nebraska,Legislation - Smokefree Indoor Air,Smokefree Indoor Air – Other Sites,Restriction Areas,Enclosed Arenas,Banned,4,Ranking,2008-02-26,2009-06-01,"(41.6410409880005, -99.36572062299967)",15GRP,98
2009,2,NE,Nebraska,Legislation - Smokefree Indoor Air,Bars,Restriction Areas,Type of Restriction in Bar Employee Area,Banned,4,Ranking,2008-02-26,2009-06-01,"(41.6410409880005, -99.36572062299967)",15GRP,236
2009,2,NE,Nebraska,Legislation - Smokefree Indoor Air,Private Worksites,Restrictions,Type of Restriction in Private Worksite,Banned,4,Ranking,2008-02-26,2009-06-01,"(41.6410409880005, -99.36572062299967)",10GRP,20
2009,4,NE,Nebraska,Legislation - Smokefree Indoor Air,Restaurants,Restriction Areas,Type of Restriction in Restaurant Employee Area,Banned,4,Ranking,2008-02-26,2009-06-01,"(41.6410409880005, -99.36572062299967)",15GRP,232
2009,2,NE,Nebraska,Legislation - Smokefree Indoor Air,Smokefree Indoor Air – Other Sites,Restriction Areas,Substance Use - Residential Facilities,Banned,4,Ranking,2008-02-26,2009-06-01,"(41.6410409880005, -99.36572062299967)",15GRP,339
2009,2,UT,Utah,Legislation - Smokefree Indoor Air,Bars,Restrictions,Type of Restriction in Bar (Summary),Banned,4,Ranking,2007-02-27,2009-01-01,"(39.360700171000474, -111.58713063499971)",10GRP,234
2009,3,NE,Nebraska,Legislation - Smokefree Indoor Air,Hotels and Motels,Restrictions,Type of Restriction in Lobby and Common Area of Hotel and Motel,Banned,4,Ranking,2008-02-26,2009-06-01,"(41.6410409880005, -99.36572062299967)",10GRP,81
2009,2,NE,Nebraska,Legislation - Smokefree Indoor Air,Smokefree Indoor Air – Other Sites,Restriction Areas,Malls,Banned,4,Ranking,2008-02-26,2009-06-01,"(41.6410409880005, -99.36572062299967)",15GRP,96
2009,2,NE,Nebraska,Legislation - Smokefree Indoor Air,Restaurants,Restriction Areas,Type of Restriction in Restaurant Bar Area,Banned,4,Ranking,2008-02-26,2009-06-01,"(41.6410409880005, -99.36572062299967)",15GRP,231
2009,3,NE,Nebraska,Legislation - Smokefree Indoor Air,Restaurants,Restrictions,Type of Restriction in Restaurant (Summary),Banned,4,Ranking,2008-02-26,2009-06-01,"(41.6410409880005, -99.36572062299967)",10GRP,37
2009,3,MP,Northern Mariana Islands,Legislation - Smokefree Indoor Air,Smokefree Indoor Air – Other Sites,Restriction Areas,Mental Health - Residential Facilities,Banned,4,Ranking,2009-09-29,2009-09-29,"(15.0979, 145.6739)",15GRP,341
2009,4,MP,Northern Mariana Islands,Legislation - Smokefree Indoor Air,Hotels and Motels,Restrictions,Type of Restriction in Lobby and Common Area of Hotel and Motel,Banned,4,Ranking,2009-09-29,2009-09-29,"(15.0979, 145.6739)",10GRP,81
2009,2,NE,Nebraska,Legislation - Smokefree Indoor Air,Smokefree Indoor Air – Other Sites,Restriction Areas,Substance Use - Outpatient Facilities,Banned,4,Ranking,2008-02-26,2009-06-01,"(41.6410409880005, -99.36572062299967)",15GRP,338
2009,2,OR,Oregon,Legislation - Smokefree Indoor Air,Smokefree Indoor Air – Other Sites,Restriction Areas,Prisons,Banned,4,Ranking,2007-06-26,2009-01-01,"(44.56744942400047, -120.15503132599969)",15GRP,101
2009,3,ME,Maine,Legislation - Smokefree Indoor Air,Smokefree Indoor Air – Other Sites,Restriction Areas,Malls,Banned,4,Ranking,2009-06-08,2009-09-11,"(45.254228894000505, -68.98503133599962)",15GRP,96
2009,2,OR,Oregon,Legislation - Smokefree Indoor Air,Bars,Restrictions,Type of Restriction in Bar (Summary),Banned,4,Ranking,2007-06-26,2009-01-01,"(44.56744942400047, -120.15503132599969)",10GRP,234
2009,4,MP,Northern Mariana Islands,Legislation - Smokefree Indoor Air,Commercial Day Care Centers,Vehicles,Type of Restriction in Commercial Day Care Vehicle,Banned,4,Ranking,2009-09-29,2009-09-29,"(15.0979, 145.6739)",30GRP,61
2009,3,OR,Oregon,Legislation - Smokefree Indoor Air,Restaurants,Restriction Areas,Type of Restriction in Restaurant Patron Area,Banned,4,Ranking,2007-06-26,2009-01-01,"(44.56744942400047, -120.15503132599969)",15GRP,233
2009,3,OR,Oregon,Legislation - Smokefree Indoor Air,Home-based Day Care Centers,Restrictions,Type of Restriction in Home-Based Day Care,Banned,4,Ranking,2007-06-26,2009-01-01,"(44.56744942400047, -120.15503132599969)",10GRP,65
2009,3,MP,Northern Mariana Islands,Legislation - Smokefree Indoor Air,Smokefree Indoor Air – Other Sites,Restriction Areas,Grocery Stores,Banned,4,Ranking,2009-09-29,2009-09-29,"(15.0979, 145.6739)",15GRP,97
2009,3,HI,Hawaii,Legislation - Smokefree Indoor Air,Smokefree Indoor Air – Other Sites,Restriction Areas,Prisons,Designated Areas,3,Ranking,2009-06-08,2009-07-01,"(21.304850435000446, -157.85774940299973)",15GRP,101
2009,4,MP,Northern Mariana Islands,Legislation - Smokefree Indoor Air,Government Worksites,Restrictions,Type of Restriction in Government Worksite,Banned,4,Ranking,2009-09-29,2009-09-29,"(15.0979, 145.6739)",10GRP,1
2009,3,OR,Oregon,Legislation - Smokefree Indoor Air,Smokefree Indoor Air – Other Sites,Restriction Areas,Public Transportation,Banned,4,Ranking,2007-06-26,2009-01-01,"(44.56744942400047, -120.15503132599969)",15GRP,99
2009,3,VT,Vermont,Legislation - Smokefree Indoor Air,Smokefree Indoor Air – Other Sites,Restriction Areas,Grocery Stores,Banned,4,Ranking,2009-05-09,2009-07-01,"(43.62538123900049, -72.51764079099962)",15GRP,97
2009,2,OR,Oregon,Legislation - Smokefree Indoor Air,Private Worksites,Vehicles,Type of Restriction in Private Worksite Vehicle,Banned,4,Ranking,2007-06-26,2009-01-01,"(44.56744942400047, -120.15503132599969)",30GRP,34
2009,3,OR,Oregon,Legislation - Smokefree Indoor Air,Government Worksites,Restrictions,Type of Restriction in Government Worksite,Banned,4,Ranking,2007-06-26,2009-01-01,"(44.56744942400047, -120.15503132599969)",10GRP,1
2009,2,OR,Oregon,Legislation - Smokefree Indoor Air,Smokefree Indoor Air – Other Sites,Restriction Areas,Grocery Stores,Banned,4,Ranking,2007-06-26,2009-01-01,"(44.56744942400047, -120.15503132599969)",15GRP,97
2009,3,VT,Vermont,Legislation - Smokefree Indoor Air,Smokefree Indoor Air – Other Sites,Restriction Areas,Hospitals,Banned,4,Ranking,2009-05-09,2009-07-01,"(43.62538123900049, -72.51764079099962)",15GRP,100
2009,4,MT,Montana,Legislation - Smokefree Indoor Air,Bars,Restriction Areas,Type of Restriction in Bar Patron Area,Banned,4,Ranking,2005-04-18,2009-10-01,"(47.06652897200047, -109.42442064499971)",15GRP,235
2009,3,VT,Vermont,Legislation - Smokefree Indoor Air,Government Worksites,Restrictions,Type of Restriction in Government Worksite,Banned,4,Ranking,2009-05-09,2009-07-01,"(43.62538123900049, -72.51764079099962)",10GRP,1
2009,4,ME,Maine,Legislation - Smokefree Indoor Air,Government Multi-Unit Housing,Restrictions,Type of Restriction in Lobby and Common Area of Government Multi-Unit Housing,Banned,4,Ranking,2009-06-08,2009-09-11,"(45.254228894000505, -68.98503133599962)",10GRP,115
2009,4,MP,Northern Mariana Islands,Legislation - Smokefree Indoor Air,Restaurants,Restriction Areas,Type of Restriction in Restaurant Employee Area,Banned,4,Ranking,2009-09-29,2009-09-29,"(15.0979, 145.6739)",15GRP,232
2009,4,VT,Vermont,Legislation - Smokefree Indoor Air,Restaurants,Restriction Areas,Type of Restriction in Restaurant Employee Area,Banned,4,Ranking,2009-05-09,2009-07-01,"(43.62538123900049, -72.51764079099962)",15GRP,232
2009,4,VA,Virginia,Legislation - Smokefree Indoor Air,Smokefree Indoor Air – Other Sites,Restriction Areas,Grocery Stores,Designated Areas,3,Ranking,2009-03-09,2009-12-01,"(37.54268067400045, -78.45789046299967)",15GRP,97
2009,4,OR,Oregon,Legislation - Smokefree Indoor Air,Restaurants,Restriction Areas,Type of Restriction in Restaurant Bar Area,Banned,4,Ranking,2007-06-26,2009-01-01,"(44.56744942400047, -120.15503132599969)",15GRP,231
2009,4,VT,Vermont,Legislation - Smokefree Indoor Air,Restaurants,Restrictions,Type of Restriction in Restaurant (Summary),Banned,4,Ranking,2009-05-09,2009-07-01,"(43.62538123900049, -72.51764079099962)",10GRP,37
2009,3,MP,Northern Mariana Islands,Legislation - Smokefree Indoor Air,Restaurants,Restriction Areas,Type of Restriction in Restaurant Bar Area,Banned,4,Ranking,2009-09-29,2009-09-29,"(15.0979, 145.6739)",15GRP,231
2009,4,MT,Montana,Legislation - Smokefree Indoor Air,Bars,Restriction Areas,Type of Restriction in Bar Employee Area,Banned,4,Ranking,2005-04-18,2009-10-01,"(47.06652897200047, -109.42442064499971)",15GRP,236
2009,3,OR,Oregon,Legislation - Smokefree Indoor Air,Government Worksites,Vehicles,Type of Restriction in Government Worksite Vehicle,Banned,4,Ranking,2007-06-26,2009-01-01,"(44.56744942400047, -120.15503132599969)",30GRP,17
2009,3,MP,Northern Mariana Islands,Legislation - Smokefree Indoor Air,Smokefree Indoor Air – Other Sites,Restriction Areas,Enclosed Arenas,Banned,4,Ranking,2009-09-29,2009-09-29,"(15.0979, 145.6739)",15GRP,98
2009,3,VT,Vermont,Legislation - Smokefree Indoor Air,Private Worksites,Restrictions,Type of Restriction in Private Worksite,Banned,4,Ranking,2009-05-09,2009-07-01,"(43.62538123900049, -72.51764079099962)",10GRP,20
2009,4,ME,Maine,Legislation - Smokefree Indoor Air,Smokefree Indoor Air – Other Sites,Restriction Areas,Enclosed Arenas,Banned,4,Ranking,2009-06-08,2009-09-11,"(45.254228894000505, -68.98503133599962)",15GRP,98
2009,2,OR,Oregon,Legislation - Smokefree Indoor Air,Restaurants,Restrictions,Type of Restriction in Restaurant (Summary),Banned,4,Ranking,2007-06-26,2009-01-01,"(44.56744942400047, -120.15503132599969)",10GRP,37
2009,4,MP,Northern Mariana Islands,Legislation - Smokefree Indoor Air,Smokefree Indoor Air – Other Sites,Restriction Areas,Malls,Banned,4,Ranking,2009-09-29,2009-09-29,"(15.0979, 145.6739)",15GRP,96
2009,4,ME,Maine,Legislation - Smokefree Indoor Air,Government Worksites,Restrictions,Type of Restriction in Government Worksite,Banned,4,Ranking,2009-06-08,2009-09-11,"(45.254228894000505, -68.98503133599962)",10GRP,1
2009,3,MP,Northern Mariana Islands,Legislation - Smokefree Indoor Air,Smokefree Indoor Air – Other Sites,Restriction Areas,Hospitals,Banned,4,Ranking,2009-09-29,2009-09-29,"(15.0979, 145.6739)",15GRP,100
2009,4,MP,Northern Mariana Islands,Legislation - Smokefree Indoor Air,Government Worksites,Vehicles,Type of Restriction in Government Worksite Vehicle,Banned,4,Ranking,2009-09-29,2009-09-29,"(15.0979, 145.6739)",30GRP,17
2009,4,MP,Northern Mariana Islands,Legislation - Smokefree Indoor Air,Restaurants,Restrictions,Type of Restriction in Restaurant (Summary),Banned,4,Ranking,2009-09-29,2009-09-29,"(15.0979, 145.6739)",10GRP,37
2009,3,WA,Washington,Legislation - Smokefree Indoor Air,Smokefree Indoor Air – Other Sites,Restriction Areas,Public Transportation,Designated Areas,3,Ranking,2009-04-21,2009-07-26,"(47.52227862900048, -120.47001078999972)",15GRP,99
2009,3,MP,Northern Mariana Islands,Legislation - Smokefree Indoor Air,Commercial Day Care Centers,Restrictions,Type of Restriction in Commercial Day Care,Banned,4,Ranking,2009-09-29,2009-09-29,"(15.0979, 145.6739)",10GRP,50
2009,3,OR,Oregon,Legislation - Smokefree Indoor Air,Bars,Restriction Areas,Type of Restriction in Bar Employee Area,Banned,4,Ranking,2007-06-26,2009-01-01,"(44.56744942400047, -120.15503132599969)",15GRP,236
2009,3,NE,Nebraska,Legislation - Smokefree Indoor Air,Bars,Restrictions,Type of Restriction in Bar (Summary),Banned,4,Ranking,2008-02-26,2009-06-01,"(41.6410409880005, -99.36572062299967)",10GRP,234
2009,2,NE,Nebraska,Legislation - Smokefree Indoor Air,Smokefree Indoor Air – Other Sites,Restriction Areas,Mental Health - Residential Facilities,Banned,4,Ranking,2008-02-26,2009-06-01,"(41.6410409880005, -99.36572062299967)",15GRP,341
2009,3,NE,Nebraska,Legislation - Smokefree Indoor Air,Hotels and Motels,Additional Requirements,Sleeping Room Designation (Type),Smoking Room,3,Ranking,2008-02-26,2009-06-01,"(41.6410409880005, -99.36572062299967)",20GRP,83
2009,1,OR,Oregon,Legislation - Smokefree Indoor Air,Smokefree Indoor Air – Other Sites,Restriction Areas,Malls,Banned,4,Ranking,2007-06-26,2009-01-01,"(44.56744942400047, -120.15503132599969)",15GRP,96
2009,3,NE,Nebraska,Legislation - Smokefree Indoor Air,Smokefree Indoor Air – Other Sites,Restriction Areas,Hospitals,Banned,4,Ranking,2008-02-26,2009-06-01,"(41.6410409880005, -99.36572062299967)",15GRP,100
2009,4,NE,Nebraska,Legislation - Smokefree Indoor Air,Commercial Day Care Centers,Restrictions,Type of Restriction in Commercial Day Care,Banned,4,Ranking,2008-02-26,2009-06-01,"(41.6410409880005, -99.36572062299967)",10GRP,50
2009,2,NE,Nebraska,Legislation - Smokefree Indoor Air,Government Worksites,Restrictions,Type of Restriction in Government Worksite,Banned,4,Ranking,2008-02-26,2009-06-01,"(41.6410409880005, -99.36572062299967)",10GRP,1
2009,3,VT,Vermont,Legislation - Smokefree Indoor Air,Bars,Restriction Areas,Type of Restriction in Bar Employee Area,Banned,4,Ranking,2009-05-09,2009-07-01,"(43.62538123900049, -72.51764079099962)",15GRP,236
2009,2,NE,Nebraska,Legislation - Smokefree Indoor Air,Smokefree Indoor Air – Other Sites,Restriction Areas,Prisons,Banned,4,Ranking,2008-02-26,2009-06-01,"(41.6410409880005, -99.36572062299967)",15GRP,101
2009,2,NE,Nebraska,Legislation - Smokefree Indoor Air,Bars,Restriction Areas,Type of Restriction in Bar Patron Area,Banned,4,Ranking,2008-02-26,2009-06-01,"(41.6410409880005, -99.36572062299967)",15GRP,235
2009,3,NE,Nebraska,Legislation - Smokefree Indoor Air,Restaurants,Restriction Areas,Type of Restriction in Restaurant Patron Area,Banned,4,Ranking,2008-02-26,2009-06-01,"(41.6410409880005, -99.36572062299967)",15GRP,233
2009,4,NE,Nebraska,Legislation - Smokefree Indoor Air,Smokefree Indoor Air – Other Sites,Restriction Areas,Grocery Stores,Banned,4,Ranking,2008-02-26,2009-06-01,"(41.6410409880005, -99.36572062299967)",15GRP,97
2009,4,VA,Virginia,Legislation - Smokefree Indoor Air,Commercial Day Care Centers,Restrictions,Type of Restriction in Commercial Day Care,Designated Areas,3,Ranking,2009-03-09,2009-12-01,"(37.54268067400045, -78.45789046299967)",10GRP,50
2009,4,VA,Virginia,Legislation - Smokefree Indoor Air,Smokefree Indoor Air – Other Sites,Restriction Areas,Enclosed Arenas,Designated Areas,3,Ranking,2009-03-09,2009-12-01,"(37.54268067400045, -78.45789046299967)",15GRP,98
2009,4,VA,Virginia,Legislation - Smokefree Indoor Air,Smokefree Indoor Air – Other Sites,Restriction Areas,Hospitals,Designated Areas,3,Ranking,2009-03-09,2009-12-01,"(37.54268067400045, -78.45789046299967)",15GRP,100
2009,4,VA,Virginia,Legislation - Smokefree Indoor Air,Smokefree Indoor Air – Other Sites,Restriction Areas,Malls,Designated Areas,3,Ranking,2009-03-09,2009-12-01,"(37.54268067400045, -78.45789046299967)",15GRP,96
2009,4,VA,Virginia,Legislation - Smokefree Indoor Air,Smokefree Indoor Air – Other Sites,Restriction Areas,Prisons,Designated Areas,3,Ranking,2009-03-09,2009-12-01,"(37.54268067400045, -78.45789046299967)",15GRP,101
2009,4,VA,Virginia,Legislation - Smokefree Indoor Air,Government Worksites,Restrictions,Type of Restriction in Government Worksite,Designated Areas,3,Ranking,2009-03-09,2009-12-01,"(37.54268067400045, -78.45789046299967)",10GRP,1
2009,4,VA,Virginia,Legislation - Smokefree Indoor Air,Home-based Day Care Centers,Restrictions,Type of Restriction in Home-Based Day Care,Designated Areas,3,Ranking,2009-03-09,2009-12-01,"(37.54268067400045, -78.45789046299967)",10GRP,65
2010,4,NC,North Carolina,Legislation - Smokefree Indoor Air,Restaurants,Restriction Areas,Type of Restriction in Restaurant Patron Area,Banned,4,Ranking,2009-05-19,2010-01-02,"(35.466220975000454, -79.15925046299964)",15GRP,233
2010,3,WI,Wisconsin,Legislation - Smokefree Indoor Air,Private Worksites,Restrictions,Type of Restriction in Private Worksite,Banned,4,Ranking,2009-05-18,2010-07-05,"(44.39319117400049, -89.81637074199966)",10GRP,20
2010,3,MI,Michigan,Legislation - Smokefree Indoor Air,Bars,Restrictions,Type of Restriction in Bar (Summary),Banned,4,Ranking,2009-12-18,2010-05-01,"(44.6613195430005, -84.71439026999968)",10GRP,234
2010,4,NC,North Carolina,Legislation - Smokefree Indoor Air,Hotels and Motels,Additional Requirements,Sleeping Room Designation (Type),Smoking Room,3,Ranking,2009-05-19,2010-01-02,"(35.466220975000454, -79.15925046299964)",20GRP,83
2010,3,KS,Kansas,Legislation - Smokefree Indoor Air,Smokefree Indoor Air – Other Sites,Restriction Areas,Grocery Stores,Banned,4,Ranking,2010-03-12,2010-07-01,"(38.34774030000045, -98.20078122699965)",15GRP,97
2010,2,VI,U.S. Virgin Islands,Legislation - Smokefree Indoor Air,Smokefree Indoor Air – Other Sites,Restriction Areas,Grocery Stores,Banned,4,Ranking,2010-05-10,2010-05-10,"(18.335765, -64.896335)",15GRP,97
2010,3,VI,U.S. Virgin Islands,Legislation - Smokefree Indoor Air,Bars,Restriction Areas,Type of Restriction in Bar Patron Area,Banned,4,Ranking,2010-05-10,2010-05-10,"(18.335765, -64.896335)",15GRP,235
2010,4,MI,Michigan,Legislation - Smokefree Indoor Air,Government Worksites,Restrictions,Type of Restriction in Government Worksite,Banned,4,Ranking,2009-12-18,2010-05-01,"(44.6613195430005, -84.71439026999968)",10GRP,1
2010,2,VI,U.S. Virgin Islands,Legislation - Smokefree Indoor Air,Smokefree Indoor Air – Other Sites,Restriction Areas,Mental Health - Outpatient Facilities,Banned,4,Ranking,2010-05-10,2010-05-10,"(18.335765, -64.896335)",15GRP,340
2010,3,VI,U.S. Virgin Islands,Legislation - Smokefree Indoor Air,Restaurants,Restriction Areas,Type of Restriction in Restaurant Bar Area,Banned,4,Ranking,2010-05-10,2010-05-10,"(18.335765, -64.896335)",15GRP,231
2010,4,KS,Kansas,Legislation - Smokefree Indoor Air,Bars,Restriction Areas,Type of Restriction in Bar Employee Area,Banned,4,Ranking,2010-03-12,2010-07-01,"(38.34774030000045, -98.20078122699965)",15GRP,236
2010,3,VI,U.S. Virgin Islands,Legislation - Smokefree Indoor Air,Restaurants,Restriction Areas,Type of Restriction in Restaurant Employee Area,Banned,4,Ranking,2010-05-10,2010-05-10,"(18.335765, -64.896335)",15GRP,232
2010,3,KS,Kansas,Legislation - Smokefree Indoor Air,Smokefree Indoor Air – Other Sites,Restriction Areas,Public Transportation,Banned,4,Ranking,2010-03-12,2010-07-01,"(38.34774030000045, -98.20078122699965)",15GRP,99
2010,3,KS,Kansas,Legislation - Smokefree Indoor Air,Government Worksites,Restrictions,Type of Restriction in Government Worksite,Banned,4,Ranking,2010-03-12,2010-07-01,"(38.34774030000045, -98.20078122699965)",10GRP,1
2010,3,KS,Kansas,Legislation - Smokefree Indoor Air,Private Multi-Unit Housing,Restrictions,Type of Restriction in Lobby and Common Area of Private Multi-Unit Housing,Banned,4,Ranking,2010-03-12,2010-07-01,"(38.34774030000045, -98.20078122699965)",10GRP,125
2010,3,KS,Kansas,Legislation - Smokefree Indoor Air,Commercial Day Care Centers,Restrictions,Type of Restriction in Commercial Day Care,Banned,4,Ranking,2010-03-12,2010-07-01,"(38.34774030000045, -98.20078122699965)",10GRP,50
2010,4,KS,Kansas,Legislation - Smokefree Indoor Air,Restaurants,Restrictions,Type of Restriction in Restaurant (Summary),Banned,4,Ranking,2010-03-12,2010-07-01,"(38.34774030000045, -98.20078122699965)",10GRP,37
2010,3,WI,Wisconsin,Legislation - Smokefree Indoor Air,Government Multi-Unit Housing,Restrictions,Type of Restriction in Lobby and Common Area of Government Multi-Unit Housing,Banned,4,Ranking,2009-05-18,2010-07-05,"(44.39319117400049, -89.81637074199966)",10GRP,115
2010,3,MI,Michigan,Legislation - Smokefree Indoor Air,Restaurants,Restrictions,Type of Restriction in Restaurant (Summary),Banned,4,Ranking,2009-12-18,2010-05-01,"(44.6613195430005, -84.71439026999968)",10GRP,37
2010,3,NC,North Carolina,Legislation - Smokefree Indoor Air,Bars,Restrictions,Type of Restriction in Bar (Summary),Banned,4,Ranking,2009-05-19,2010-01-02,"(35.466220975000454, -79.15925046299964)",10GRP,234
2010,3,WI,Wisconsin,Legislation - Smokefree Indoor Air,Private Multi-Unit Housing,Restrictions,Type of Restriction in Lobby and Common Area of Private Multi-Unit Housing,Banned,4,Ranking,2009-05-18,2010-07-05,"(44.39319117400049, -89.81637074199966)",10GRP,125
2010,3,VI,U.S. Virgin Islands,Legislation - Smokefree Indoor Air,Restaurants,Restrictions,Type of Restriction in Restaurant (Summary),Banned,4,Ranking,2010-05-10,2010-05-10,"(18.335765, -64.896335)",10GRP,37
2010,4,MI,Michigan,Legislation - Smokefree Indoor Air,Smokefree Indoor Air – Other Sites,Restriction Areas,Enclosed Arenas,Banned,4,Ranking,2009-12-18,2010-05-01,"(44.6613195430005, -84.71439026999968)",15GRP,98
2010,3,MI,Michigan,Legislation - Smokefree Indoor Air,Restaurants,Restriction Areas,Type of Restriction in Restaurant Employee Area,Banned,4,Ranking,2009-12-18,2010-05-01,"(44.6613195430005, -84.71439026999968)",15GRP,232
2010,3,VI,U.S. Virgin Islands,Legislation - Smokefree Indoor Air,Smokefree Indoor Air – Other Sites,Restriction Areas,Casinos,Banned,4,Ranking,2010-05-10,2010-05-10,"(18.335765, -64.896335)",15GRP,335
2010,2,VI,U.S. Virgin Islands,Legislation - Smokefree Indoor Air,Home-based Day Care Centers,Vehicles,Type of Restriction in Home-Based Day Care Vehicle,Banned,4,Ranking,2010-05-10,2010-05-10,"(18.335765, -64.896335)",30GRP,77
2010,2,VI,U.S. Virgin Islands,Legislation - Smokefree Indoor Air,Smokefree Indoor Air – Other Sites,Restriction Areas,Hospitals,Banned,4,Ranking,2010-05-10,2010-05-10,"(18.335765, -64.896335)",15GRP,100
2010,3,NC,North Carolina,Legislation - Smokefree Indoor Air,Restaurants,Restriction Areas,Type of Restriction in Restaurant Employee Area,Banned,4,Ranking,2009-05-19,2010-01-02,"(35.466220975000454, -79.15925046299964)",15GRP,232
2010,3,KS,Kansas,Legislation - Smokefree Indoor Air,Restaurants,Restriction Areas,Type of Restriction in Restaurant Patron Area,Banned,4,Ranking,2010-03-12,2010-07-01,"(38.34774030000045, -98.20078122699965)",15GRP,233
2010,3,PA,Pennsylvania,Legislation - Smokefree Indoor Air,Smokefree Indoor Air – Other Sites,Restriction Areas,Casinos,Designated Areas,3,Ranking,2010-01-07,2010-01-07,"(40.79373015200048, -77.86070029399963)",15GRP,335
2010,3,DC,District of Columbia,Legislation - Smokefree Indoor Air,Hotels and Motels,Restrictions,Type of Restriction in Lobby and Common Area of Hotel and Motel,Banned,4,Ranking,2010-04-02,2010-05-27,"(38.89037138500049, -77.03196112699965)",10GRP,81
2010,3,KS,Kansas,Legislation - Smokefree Indoor Air,Smokefree Indoor Air – Other Sites,Restriction Areas,Enclosed Arenas,Banned,4,Ranking,2010-03-12,2010-07-01,"(38.34774030000045, -98.20078122699965)",15GRP,98
2010,3,MI,Michigan,Legislation - Smokefree Indoor Air,Smokefree Indoor Air – Other Sites,Restriction Areas,Hospitals,Banned,4,Ranking,2009-12-18,2010-05-01,"(44.6613195430005, -84.71439026999968)",15GRP,100
2010,3,KS,Kansas,Legislation - Smokefree Indoor Air,Smokefree Indoor Air – Other Sites,Restriction Areas,Mental Health - Outpatient Facilities,Designated Areas,3,Ranking,2010-03-12,2010-07-01,"(38.34774030000045, -98.20078122699965)",15GRP,340
2010,3,VI,U.S. Virgin Islands,Legislation - Smokefree Indoor Air,Home-based Day Care Centers,Restrictions,Type of Restriction in Home-Based Day Care,Banned,4,Ranking,2010-05-10,2010-05-10,"(18.335765, -64.896335)",10GRP,65
2010,3,WI,Wisconsin,Legislation - Smokefree Indoor Air,Bars,Restriction Areas,Type of Restriction in Bar Employee Area,Banned,4,Ranking,2009-05-18,2010-07-05,"(44.39319117400049, -89.81637074199966)",15GRP,236
2010,4,MI,Michigan,Legislation - Smokefree Indoor Air,Bars,Restriction Areas,Type of Restriction in Bar Patron Area,Banned,4,Ranking,2009-12-18,2010-05-01,"(44.6613195430005, -84.71439026999968)",15GRP,235
2010,3,VI,U.S. Virgin Islands,Legislation - Smokefree Indoor Air,Government Worksites,Vehicles,Type of Restriction in Government Worksite Vehicle,Banned,4,Ranking,2010-05-10,2010-05-10,"(18.335765, -64.896335)",30GRP,17
2010,3,VI,U.S. Virgin Islands,Legislation - Smokefree Indoor Air,Government Multi-Unit Housing,Restrictions,Type of Restriction in Lobby and Common Area of Government Multi-Unit Housing,Banned,4,Ranking,2010-05-10,2010-05-10,"(18.335765, -64.896335)",10GRP,115
2010,3,MI,Michigan,Legislation - Smokefree Indoor Air,Private Worksites,Restrictions,Type of Restriction in Private Worksite,Banned,4,Ranking,2009-12-18,2010-05-01,"(44.6613195430005, -84.71439026999968)",10GRP,20
2010,3,VI,U.S. Virgin Islands,Legislation - Smokefree Indoor Air,Smokefree Indoor Air – Other Sites,Restriction Areas,Malls,Banned,4,Ranking,2010-05-10,2010-05-10,"(18.335765, -64.896335)",15GRP,96
2010,2,VI,U.S. Virgin Islands,Legislation - Smokefree Indoor Air,Commercial Day Care Centers,Restrictions,Type of Restriction in Commercial Day Care,Banned,4,Ranking,2010-05-10,2010-05-10,"(18.335765, -64.896335)",10GRP,50
2010,4,MI,Michigan,Legislation - Smokefree Indoor Air,Smokefree Indoor Air – Other Sites,Restriction Areas,Casinos,Designated Areas,3,Ranking,2009-12-18,2010-05-01,"(44.6613195430005, -84.71439026999968)",15GRP,335
2010,3,KS,Kansas,Legislation - Smokefree Indoor Air,Private Worksites,Restrictions,Type of Restriction in Private Worksite,Banned,4,Ranking,2010-03-12,2010-07-01,"(38.34774030000045, -98.20078122699965)",10GRP,20
2010,3,WI,Wisconsin,Legislation - Smokefree Indoor Air,Bars,Restriction Areas,Type of Restriction in Bar Patron Area,Banned,4,Ranking,2009-05-18,2010-07-05,"(44.39319117400049, -89.81637074199966)",15GRP,235
2010,4,KS,Kansas,Legislation - Smokefree Indoor Air,Smokefree Indoor Air – Other Sites,Restriction Areas,Hospitals,Designated Areas,3,Ranking,2010-03-12,2010-07-01,"(38.34774030000045, -98.20078122699965)",15GRP,100
2010,3,VI,U.S. Virgin Islands,Legislation - Smokefree Indoor Air,Private Worksites,Restrictions,Type of Restriction in Private Worksite,Banned,4,Ranking,2010-05-10,2010-05-10,"(18.335765, -64.896335)",10GRP,20
2010,3,WI,Wisconsin,Legislation - Smokefree Indoor Air,Restaurants,Restriction Areas,Type of Restriction in Restaurant Bar Area,Banned,4,Ranking,2009-05-18,2010-07-05,"(44.39319117400049, -89.81637074199966)",15GRP,231
2010,3,KS,Kansas,Legislation - Smokefree Indoor Air,Bars,Restrictions,Type of Restriction in Bar (Summary),Banned,4,Ranking,2010-03-12,2010-07-01,"(38.34774030000045, -98.20078122699965)",10GRP,234
2010,3,MI,Michigan,Legislation - Smokefree Indoor Air,Smokefree Indoor Air – Other Sites,Restriction Areas,Public Transportation,Banned,4,Ranking,2009-12-18,2010-05-01,"(44.6613195430005, -84.71439026999968)",15GRP,99
2010,2,VI,U.S. Virgin Islands,Legislation - Smokefree Indoor Air,Private Multi-Unit Housing,Restrictions,Type of Restriction in Lobby and Common Area of Private Multi-Unit Housing,Banned,4,Ranking,2010-05-10,2010-05-10,"(18.335765, -64.896335)",10GRP,125
2010,3,NC,North Carolina,Legislation - Smokefree Indoor Air,Bars,Restriction Areas,Type of Restriction in Bar Patron Area,Banned,4,Ranking,2009-05-19,2010-01-02,"(35.466220975000454, -79.15925046299964)",15GRP,235
2010,3,VI,U.S. Virgin Islands,Legislation - Smokefree Indoor Air,Private Worksites,Vehicles,Type of Restriction in Private Worksite Vehicle,Banned,4,Ranking,2010-05-10,2010-05-10,"(18.335765, -64.896335)",30GRP,34
2010,3,MI,Michigan,Legislation - Smokefree Indoor Air,Hotels and Motels,Restrictions,Type of Restriction in Lobby and Common Area of Hotel and Motel,Banned,4,Ranking,2009-12-18,2010-05-01,"(44.6613195430005, -84.71439026999968)",10GRP,81
2010,2,VI,U.S. Virgin Islands,Legislation - Smokefree Indoor Air,Government Worksites,Restrictions,Type of Restriction in Government Worksite,Banned,4,Ranking,2010-05-10,2010-05-10,"(18.335765, -64.896335)",10GRP,1
2010,2,VI,U.S. Virgin Islands,Legislation - Smokefree Indoor Air,Bars,Restrictions,Type of Restriction in Bar (Summary),Banned,4,Ranking,2010-05-10,2010-05-10,"(18.335765, -64.896335)",10GRP,234
2010,2,VI,U.S. Virgin Islands,Legislation - Smokefree Indoor Air,Restaurants,Restriction Areas,Type of Restriction in Restaurant Patron Area,Banned,4,Ranking,2010-05-10,2010-05-10,"(18.335765, -64.896335)",15GRP,233
2010,3,WI,Wisconsin,Legislation - Smokefree Indoor Air,Restaurants,Restrictions,Type of Restriction in Restaurant (Summary),Banned,4,Ranking,2009-05-18,2010-07-05,"(44.39319117400049, -89.81637074199966)",10GRP,37
2010,3,WI,Wisconsin,Legislation - Smokefree Indoor Air,Smokefree Indoor Air – Other Sites,Restriction Areas,Public Transportation,Banned,4,Ranking,2009-05-18,2010-07-05,"(44.39319117400049, -89.81637074199966)",15GRP,99
2010,3,KS,Kansas,Legislation - Smokefree Indoor Air,Smokefree Indoor Air – Other Sites,Restriction Areas,Mental Health - Residential Facilities,Designated Areas,3,Ranking,2010-03-12,2010-07-01,"(38.34774030000045, -98.20078122699965)",15GRP,341
2010,4,MI,Michigan,Legislation - Smokefree Indoor Air,Bars,Restriction Areas,Type of Restriction in Bar Employee Area,Banned,4,Ranking,2009-12-18,2010-05-01,"(44.6613195430005, -84.71439026999968)",15GRP,236
2010,2,VI,U.S. Virgin Islands,Legislation - Smokefree Indoor Air,Commercial Day Care Centers,Vehicles,Type of Restriction in Commercial Day Care Vehicle,Banned,4,Ranking,2010-05-10,2010-05-10,"(18.335765, -64.896335)",30GRP,61
2010,3,WI,Wisconsin,Legislation - Smokefree Indoor Air,Government Worksites,Restrictions,Type of Restriction in Government Worksite,Banned,4,Ranking,2009-05-18,2010-07-05,"(44.39319117400049, -89.81637074199966)",10GRP,1
2010,3,MI,Michigan,Legislation - Smokefree Indoor Air,Smokefree Indoor Air – Other Sites,Restriction Areas,Malls,Banned,4,Ranking,2009-12-18,2010-05-01,"(44.6613195430005, -84.71439026999968)",15GRP,96
2010,3,WI,Wisconsin,Legislation - Smokefree Indoor Air,Restaurants,Restriction Areas,Type of Restriction in Restaurant Patron Area,Banned,4,Ranking,2009-05-18,2010-07-05,"(44.39319117400049, -89.81637074199966)",15GRP,233
2010,3,KS,Kansas,Legislation - Smokefree Indoor Air,Restaurants,Restriction Areas,Type of Restriction in Restaurant Bar Area,Banned,4,Ranking,2010-03-12,2010-07-01,"(38.34774030000045, -98.20078122699965)",15GRP,231
2010,4,KS,Kansas,Legislation - Smokefree Indoor Air,Hotels and Motels,Restrictions,Type of Restriction in Lobby and Common Area of Hotel and Motel,Banned,4,Ranking,2010-03-12,2010-07-01,"(38.34774030000045, -98.20078122699965)",10GRP,81
2010,3,WI,Wisconsin,Legislation - Smokefree Indoor Air,Smokefree Indoor Air – Other Sites,Restriction Areas,Grocery Stores,Banned,4,Ranking,2009-05-18,2010-07-05,"(44.39319117400049, -89.81637074199966)",15GRP,97
2010,4,KS,Kansas,Legislation - Smokefree Indoor Air,Home-based Day Care Centers,Restrictions,Type of Restriction in Home-Based Day Care,Banned,4,Ranking,2010-03-12,2010-07-01,"(38.34774030000045, -98.20078122699965)",10GRP,65
2010,4,SD,South Dakota,Legislation - Smokefree Indoor Air,Bars,Restrictions,Type of Restriction in Bar (Summary),Banned,4,Ranking,2010-11-02,2010-11-10,"(44.353130053000484, -100.3735306369997)",10GRP,234
2010,4,SD,South Dakota,Legislation - Smokefree Indoor Air,Restaurants,Restrictions,Type of Restriction in Restaurant (Summary),Banned,4,Ranking,2010-11-02,2010-11-10,"(44.353130053000484, -100.3735306369997)",10GRP,37
2010,4,WI,Wisconsin,Legislation - Smokefree Indoor Air,Smokefree Indoor Air – Other Sites,Restriction Areas,Prisons,Banned,4,Ranking,2009-05-18,2010-07-05,"(44.39319117400049, -89.81637074199966)",15GRP,101
2010,4,SD,South Dakota,Legislation - Smokefree Indoor Air,Home-based Day Care Centers,Restrictions,Type of Restriction in Home-Based Day Care,Banned,4,Ranking,2010-11-02,2010-11-10,"(44.353130053000484, -100.3735306369997)",10GRP,65
2010,4,SD,South Dakota,Legislation - Smokefree Indoor Air,Smokefree Indoor Air – Other Sites,Restriction Areas,Hospitals,Banned,4,Ranking,2010-11-02,2010-11-10,"(44.353130053000484, -100.3735306369997)",15GRP,100
2010,4,VI,U.S. Virgin Islands,Legislation - Smokefree Indoor Air,Smokefree Indoor Air – Other Sites,Restriction Areas,Substance Use - Residential Facilities,Banned,4,Ranking,2010-05-10,2010-11-10,"(18.335765, -64.896335)",15GRP,339
2010,4,VI,U.S. Virgin Islands,Legislation - Smokefree Indoor Air,Smokefree Indoor Air – Other Sites,Restriction Areas,Mental Health - Residential Facilities,Banned,4,Ranking,2010-05-10,2010-05-10,"(18.335765, -64.896335)",15GRP,341
2010,4,WI,Wisconsin,Legislation - Smokefree Indoor Air,Restaurants,Restriction Areas,Type of Restriction in Restaurant Employee Area,Banned,4,Ranking,2009-05-18,2010-07-05,"(44.39319117400049, -89.81637074199966)",15GRP,232
2010,4,VI,U.S. Virgin Islands,Legislation - Smokefree Indoor Air,Smokefree Indoor Air – Other Sites,Restriction Areas,Substance Use - Outpatient Facilities,Banned,4,Ranking,2010-05-10,2010-11-10,"(18.335765, -64.896335)",15GRP,338
2010,4,SD,South Dakota,Legislation - Smokefree Indoor Air,Hotels and Motels,Restrictions,Type of Restriction in Lobby and Common Area of Hotel and Motel,Banned,4,Ranking,2010-11-02,2010-11-10,"(44.353130053000484, -100.3735306369997)",10GRP,81
2010,4,VI,U.S. Virgin Islands,Legislation - Smokefree Indoor Air,Smokefree Indoor Air – Other Sites,Restriction Areas,Public Transportation,Banned,4,Ranking,2010-05-10,2010-11-10,"(18.335765, -64.896335)",15GRP,99
2010,4,WI,Wisconsin,Legislation - Smokefree Indoor Air,Smokefree Indoor Air – Other Sites,Restriction Areas,Mental Health - Residential Facilities,Banned,4,Ranking,2009-06-09,2010-07-05,"(44.39319117400049, -89.81637074199966)",15GRP,341
2010,4,SD,South Dakota,Legislation - Smokefree Indoor Air,Restaurants,Restriction Areas,Type of Restriction in Restaurant Patron Area,Banned,4,Ranking,2010-11-02,2010-11-10,"(44.353130053000484, -100.3735306369997)",15GRP,233
2010,4,SD,South Dakota,Legislation - Smokefree Indoor Air,Smokefree Indoor Air – Other Sites,Restriction Areas,Public Transportation,Banned,4,Ranking,2010-11-02,2010-11-10,"(44.353130053000484, -100.3735306369997)",15GRP,99
2010,4,SD,South Dakota,Legislation - Smokefree Indoor Air,Private Worksites,Restrictions,Type of Restriction in Private Worksite,Banned,4,Ranking,2010-11-02,2010-11-10,"(44.353130053000484, -100.3735306369997)",10GRP,20
2010,4,WI,Wisconsin,Legislation - Smokefree Indoor Air,Smokefree Indoor Air – Other Sites,Restriction Areas,Mental Health - Outpatient Facilities,Banned,4,Ranking,2009-06-09,2010-07-05,"(44.39319117400049, -89.81637074199966)",15GRP,340
2010,4,SD,South Dakota,Legislation - Smokefree Indoor Air,Restaurants,Restriction Areas,Type of Restriction in Restaurant Bar Area,Banned,4,Ranking,2010-11-02,2010-11-10,"(44.353130053000484, -100.3735306369997)",15GRP,231
2010,4,WI,Wisconsin,Legislation - Smokefree Indoor Air,Smokefree Indoor Air – Other Sites,Restriction Areas,Malls,Banned,4,Ranking,2009-05-18,2010-07-05,"(44.39319117400049, -89.81637074199966)",15GRP,96
2010,4,SD,South Dakota,Legislation - Smokefree Indoor Air,Smokefree Indoor Air – Other Sites,Restriction Areas,Grocery Stores,Banned,4,Ranking,2010-11-02,2010-11-10,"(44.353130053000484, -100.3735306369997)",15GRP,97
2010,4,VI,U.S. Virgin Islands,Legislation - Smokefree Indoor Air,Hotels and Motels,Restrictions,Type of Restriction in Lobby and Common Area of Hotel and Motel,Banned,4,Ranking,2010-05-10,2010-05-10,"(18.335765, -64.896335)",10GRP,81
2010,4,SD,South Dakota,Legislation - Smokefree Indoor Air,Government Worksites,Restrictions,Type of Restriction in Government Worksite,Banned,4,Ranking,2010-11-02,2010-11-10,"(44.353130053000484, -100.3735306369997)",10GRP,1
2010,4,VI,U.S. Virgin Islands,Legislation - Smokefree Indoor Air,Bars,Restriction Areas,Type of Restriction in Bar Employee Area,Banned,4,Ranking,2010-05-10,2010-05-10,"(18.335765, -64.896335)",15GRP,236
2010,4,SD,South Dakota,Legislation - Smokefree Indoor Air,Smokefree Indoor Air – Other Sites,Restriction Areas,Malls,Banned,4,Ranking,2010-11-02,2010-11-10,"(44.353130053000484, -100.3735306369997)",15GRP,96
2010,4,WI,Wisconsin,Legislation - Smokefree Indoor Air,Smokefree Indoor Air – Other Sites,Restriction Areas,Substance Use - Outpatient Facilities,Banned,4,Ranking,2009-06-09,2010-07-05,"(44.39319117400049, -89.81637074199966)",15GRP,338
2010,4,WI,Wisconsin,Legislation - Smokefree Indoor Air,Smokefree Indoor Air – Other Sites,Restriction Areas,Substance Use - Residential Facilities,Banned,4,Ranking,2009-06-09,2010-07-05,"(44.39319117400049, -89.81637074199966)",15GRP,339
2010,4,SD,South Dakota,Legislation - Smokefree Indoor Air,Bars,Restriction Areas,Type of Restriction in Bar Patron Area,Banned,4,Ranking,2010-11-02,2010-11-10,"(44.353130053000484, -100.3735306369997)",15GRP,235
2010,4,SD,South Dakota,Legislation - Smokefree Indoor Air,Restaurants,Restriction Areas,Type of Restriction in Restaurant Employee Area,Banned,4,Ranking,2010-11-02,2010-11-10,"(44.353130053000484, -100.3735306369997)",15GRP,232
2010,4,SD,South Dakota,Legislation - Smokefree Indoor Air,Bars,Restriction Areas,Type of Restriction in Bar Employee Area,Banned,4,Ranking,2010-11-02,2010-11-10,"(44.353130053000484, -100.3735306369997)",15GRP,236
2010,4,WI,Wisconsin,Legislation - Smokefree Indoor Air,Bars,Restrictions,Type of Restriction in Bar (Summary),Banned,4,Ranking,2009-05-18,2010-07-05,"(44.39319117400049, -89.81637074199966)",10GRP,234
2010,4,KS,Kansas,Legislation - Smokefree Indoor Air,Restaurants,Restriction Areas,Type of Restriction in Restaurant Employee Area,Banned,4,Ranking,2010-03-12,2010-07-01,"(38.34774030000045, -98.20078122699965)",15GRP,232
2010,3,NC,North Carolina,Legislation - Smokefree Indoor Air,Restaurants,Restrictions,Type of Restriction in Restaurant (Summary),Banned,4,Ranking,2009-05-19,2010-01-02,"(35.466220975000454, -79.15925046299964)",10GRP,37
2010,4,MI,Michigan,Legislation - Smokefree Indoor Air,Restaurants,Restriction Areas,Type of Restriction in Restaurant Patron Area,Banned,4,Ranking,2009-12-18,2010-05-01,"(44.6613195430005, -84.71439026999968)",15GRP,233
2010,2,VI,U.S. Virgin Islands,Legislation - Smokefree Indoor Air,Smokefree Indoor Air – Other Sites,Restriction Areas,Enclosed Arenas,Banned,4,Ranking,2010-05-10,2010-05-10,"(18.335765, -64.896335)",15GRP,98
2010,4,KS,Kansas,Legislation - Smokefree Indoor Air,Bars,Restriction Areas,Type of Restriction in Bar Patron Area,Banned,4,Ranking,2010-03-12,2010-07-01,"(38.34774030000045, -98.20078122699965)",15GRP,235
2010,3,WI,Wisconsin,Legislation - Smokefree Indoor Air,Hotels and Motels,Restrictions,Type of Restriction in Lobby and Common Area of Hotel and Motel,Banned,4,Ranking,2009-05-18,2010-07-05,"(44.39319117400049, -89.81637074199966)",10GRP,81
2010,3,KS,Kansas,Legislation - Smokefree Indoor Air,Smokefree Indoor Air – Other Sites,Restriction Areas,Malls,Banned,4,Ranking,2010-03-12,2010-07-01,"(38.34774030000045, -98.20078122699965)",15GRP,96
2010,4,NC,North Carolina,Legislation - Smokefree Indoor Air,Restaurants,Restriction Areas,Type of Restriction in Restaurant Bar Area,Banned,4,Ranking,2009-05-19,2010-01-02,"(35.466220975000454, -79.15925046299964)",15GRP,231
2010,2,NC,North Carolina,Legislation - Smokefree Indoor Air,Bars,Restriction Areas,Type of Restriction in Bar Employee Area,Banned,4,Ranking,2009-05-19,2010-01-02,"(35.466220975000454, -79.15925046299964)",15GRP,236
2010,4,MI,Michigan,Legislation - Smokefree Indoor Air,Restaurants,Restriction Areas,Type of Restriction in Restaurant Bar Area,Banned,4,Ranking,2009-12-18,2010-05-01,"(44.6613195430005, -84.71439026999968)",15GRP,231
2010,3,KS,Kansas,Legislation - Smokefree Indoor Air,Government Multi-Unit Housing,Restrictions,Type of Restriction in Lobby and Common Area of Government Multi-Unit Housing,Banned,4,Ranking,2010-03-12,2010-07-01,"(38.34774030000045, -98.20078122699965)",10GRP,115
2010,3,WI,Wisconsin,Legislation - Smokefree Indoor Air,Smokefree Indoor Air – Other Sites,Restriction Areas,Enclosed Arenas,Banned,4,Ranking,2009-05-18,2010-07-05,"(44.39319117400049, -89.81637074199966)",15GRP,98
2010,4,SD,South Dakota,Legislation - Smokefree Indoor Air,Smokefree Indoor Air – Other Sites,Restriction Areas,Enclosed Arenas,Banned,4,Ranking,2010-11-02,2010-11-10,"(44.353130053000484, -100.3735306369997)",15GRP,98
2010,4,SD,South Dakota,Legislation - Smokefree Indoor Air,Commercial Day Care Centers,Restrictions,Type of Restriction in Commercial Day Care,Banned,4,Ranking,2010-11-02,2010-11-10,"(44.353130053000484, -100.3735306369997)",10GRP,50
2010,4,SD,South Dakota,Legislation - Smokefree Indoor Air,Hotels and Motels,Additional Requirements,Sleeping Room Designation (Type),Smoking Room,3,Ranking,2010-11-02,2010-11-10,"(44.353130053000484, -100.3735306369997)",20GRP,83
2010,4,SD,South Dakota,Legislation - Smokefree Indoor Air,Smokefree Indoor Air – Other Sites,Restriction Areas,Casinos,Banned,4,Ranking,2010-11-02,2010-11-02,"(44.353130053000484, -100.3735306369997)",15GRP,335
2011,4,OH,Ohio,Legislation - Smokefree Indoor Air,Smokefree Indoor Air – Other Sites,Restriction Areas,Casinos,Banned,4,Ranking,2010-09-10,2011-07-01,"(40.06021014100048, -82.40426005599966)",15GRP,335
2011,2,AS,American Samoa,Legislation - Smokefree Indoor Air,Smokefree Indoor Air – Other Sites,Restriction Areas,Mental Health - Residential Facilities,Banned,4,Ranking,2010-10-21,2011-01-19,"(-14.3016396, -170.69618149999997)",15GRP,341
2011,1,AS,American Samoa,Legislation - Smokefree Indoor Air,Smokefree Indoor Air – Other Sites,Restriction Areas,Public Transportation,Banned,4,Ranking,2010-10-21,2011-01-19,"(-14.3016396, -170.69618149999997)",15GRP,99
2011,2,AS,American Samoa,Legislation - Smokefree Indoor Air,Government Worksites,Restrictions,Type of Restriction in Government Worksite,Banned,4,Ranking,2010-10-21,2011-01-19,"(-14.3016396, -170.69618149999997)",10GRP,1
2011,1,AS,American Samoa,Legislation - Smokefree Indoor Air,Commercial Day Care Centers,Vehicles,Type of Restriction in Commercial Day Care Vehicle,Banned,4,Ranking,2010-10-21,2011-01-19,"(-14.3016396, -170.69618149999997)",30GRP,61
2011,2,AS,American Samoa,Legislation - Smokefree Indoor Air,Government Worksites,Vehicles,Type of Restriction in Government Worksite Vehicle,Banned,4,Ranking,2010-10-21,2011-01-19,"(-14.3016396, -170.69618149999997)",30GRP,17
2011,3,AS,American Samoa,Legislation - Smokefree Indoor Air,Private Worksites,Restrictions,Type of Restriction in Private Worksite,Banned,4,Ranking,2010-10-21,2011-01-19,"(-14.3016396, -170.69618149999997)",10GRP,20
2011,3,AS,American Samoa,Legislation - Smokefree Indoor Air,Smokefree Indoor Air – Other Sites,Restriction Areas,Hospital Campuses,Banned,4,Ranking,2010-10-21,2011-01-19,"(-14.3016396, -170.69618149999997)",15GRP,342
2011,3,AS,American Samoa,Legislation - Smokefree Indoor Air,Bars,Restrictions,Type of Restriction in Bar (Summary),Banned,4,Ranking,2010-10-21,2011-01-19,"(-14.3016396, -170.69618149999997)",10GRP,234
2011,4,AS,American Samoa,Legislation - Smokefree Indoor Air,Restaurants,Restriction Areas,Type of Restriction in Restaurant Patron Area,Banned,4,Ranking,2010-10-21,2011-01-19,"(-14.3016396, -170.69618149999997)",15GRP,233
2011,3,GU,Guam,Legislation - Smokefree Indoor Air,Home-based Day Care Centers,Vehicles,Type of Restriction in Home-Based Day Care Vehicle,Banned,4,Ranking,2011-09-30,2011-09-30,"(13.444304, 144.793731)",30GRP,77
2011,3,AS,American Samoa,Legislation - Smokefree Indoor Air,Bars,Restriction Areas,Type of Restriction in Bar Patron Area,Banned,4,Ranking,2010-10-21,2011-01-19,"(-14.3016396, -170.69618149999997)",15GRP,235
2011,4,AS,American Samoa,Legislation - Smokefree Indoor Air,Private Multi-Unit Housing,Restrictions,Type of Restriction in Lobby and Common Area of Private Multi-Unit Housing,Banned,4,Ranking,2010-10-21,2011-01-19,"(-14.3016396, -170.69618149999997)",10GRP,125
2011,3,AS,American Samoa,Legislation - Smokefree Indoor Air,Home-based Day Care Centers,Restrictions,Type of Restriction in Home-Based Day Care,Banned,4,Ranking,2010-10-21,2011-01-19,"(-14.3016396, -170.69618149999997)",10GRP,65
2011,4,AS,American Samoa,Legislation - Smokefree Indoor Air,Hotels and Motels,Restrictions,Type of Restriction in Lobby and Common Area of Hotel and Motel,Banned,4,Ranking,2010-10-21,2011-01-19,"(-14.3016396, -170.69618149999997)",10GRP,81
2011,4,NV,Nevada,Legislation - Smokefree Indoor Air,Restaurants,Restriction Areas,Type of Restriction in Restaurant Bar Area,Banned,4,Ranking,2011-06-17,2011-06-17,"(39.493240390000494, -117.07184056399967)",15GRP,231
2011,4,GU,Guam,Legislation - Smokefree Indoor Air,Commercial Day Care Centers,Vehicles,Type of Restriction in Commercial Day Care Vehicle,Banned,4,Ranking,2011-09-30,2011-09-30,"(13.444304, 144.793731)",30GRP,61
2011,2,AS,American Samoa,Legislation - Smokefree Indoor Air,Restaurants,Restriction Areas,Type of Restriction in Restaurant Employee Area,Banned,4,Ranking,2010-10-21,2011-01-19,"(-14.3016396, -170.69618149999997)",15GRP,232
2011,2,AS,American Samoa,Legislation - Smokefree Indoor Air,Bars,Restriction Areas,Type of Restriction in Bar Employee Area,Banned,4,Ranking,2010-10-21,2011-01-19,"(-14.3016396, -170.69618149999997)",15GRP,236
2011,2,AS,American Samoa,Legislation - Smokefree Indoor Air,Commercial Day Care Centers,Restrictions,Type of Restriction in Commercial Day Care,Banned,4,Ranking,2010-10-21,2011-01-19,"(-14.3016396, -170.69618149999997)",10GRP,50
2011,2,AS,American Samoa,Legislation - Smokefree Indoor Air,Smokefree Indoor Air – Other Sites,Restriction Areas,Malls,Banned,4,Ranking,2010-10-21,2011-01-19,"(-14.3016396, -170.69618149999997)",15GRP,96
2011,1,AS,American Samoa,Legislation - Smokefree Indoor Air,Private Worksites,Vehicles,Type of Restriction in Private Worksite Vehicle,Banned,4,Ranking,2010-10-21,2011-01-19,"(-14.3016396, -170.69618149999997)",30GRP,34
2011,1,AS,American Samoa,Legislation - Smokefree Indoor Air,Smokefree Indoor Air – Other Sites,Restriction Areas,Grocery Stores,Banned,4,Ranking,2010-10-21,2011-01-19,"(-14.3016396, -170.69618149999997)",15GRP,97
2011,1,AS,American Samoa,Legislation - Smokefree Indoor Air,Home-based Day Care Centers,Vehicles,Type of Restriction in Home-Based Day Care Vehicle,Banned,4,Ranking,2010-10-21,2011-01-19,"(-14.3016396, -170.69618149999997)",30GRP,77
2011,2,AS,American Samoa,Legislation - Smokefree Indoor Air,Restaurants,Restrictions,Type of Restriction in Restaurant (Summary),Banned,4,Ranking,2010-10-21,2011-01-19,"(-14.3016396, -170.69618149999997)",10GRP,37
2011,2,AS,American Samoa,Legislation - Smokefree Indoor Air,Smokefree Indoor Air – Other Sites,Restriction Areas,Hospitals,Banned,4,Ranking,2010-10-21,2011-01-19,"(-14.3016396, -170.69618149999997)",15GRP,100
2011,2,AS,American Samoa,Legislation - Smokefree Indoor Air,Government Multi-Unit Housing,Restrictions,Type of Restriction in Lobby and Common Area of Government Multi-Unit Housing,Banned,4,Ranking,2010-10-21,2011-01-19,"(-14.3016396, -170.69618149999997)",10GRP,115
2011,2,AS,American Samoa,Legislation - Smokefree Indoor Air,Smokefree Indoor Air – Other Sites,Restriction Areas,Mental Health - Outpatient Facilities,Banned,4,Ranking,2010-10-21,2011-01-19,"(-14.3016396, -170.69618149999997)",15GRP,340
2011,3,ME,Maine,Legislation - Smokefree Indoor Air,Smokefree Indoor Air – Other Sites,Restriction Areas,Casinos,Banned,4,Ranking,2011-07-01,2011-07-01,"(45.254228894000505, -68.98503133599962)",15GRP,335
2011,4,GU,Guam,Legislation - Smokefree Indoor Air,Personal Vehicles,Restrictions,Type of Restriction in Personal Vehicle,Banned,4,Ranking,2011-09-30,2011-09-30,"(13.444304, 144.793731)",10GRP,102
2011,3,AR,Arkansas,Legislation - Smokefree Indoor Air,Commercial Day Care Centers,Vehicles,Type of Restriction in Commercial Day Care Vehicle,Banned,4,Ranking,2011-03-30,2011-07-27,"(34.74865012400045, -92.27449074299966)",30GRP,61
2011,1,AS,American Samoa,Legislation - Smokefree Indoor Air,Restaurants,Restriction Areas,Type of Restriction in Restaurant Bar Area,Banned,4,Ranking,2010-10-21,2011-01-19,"(-14.3016396, -170.69618149999997)",15GRP,231
2012,4,IN,Indiana,Legislation - Smokefree Indoor Air,Smokefree Indoor Air – Other Sites,Restriction Areas,Grocery Stores,Banned,4,Ranking,2012-03-19,2012-07-01,"(39.766910452000445, -86.14996019399968)",15GRP,97
2012,1,PW,Palau,Legislation - Smokefree Indoor Air,Smokefree Indoor Air – Other Sites,Restriction Areas,Hospitals,Banned,4,Ranking,2011-08-19,2012-02-15,"(7.514979999999999, 134.58251999999993)",15GRP,100
2012,3,PW,Palau,Legislation - Smokefree Indoor Air,Smokefree Indoor Air – Other Sites,Restriction Areas,Public Transportation,Banned,4,Ranking,2011-08-19,2012-02-15,"(7.514979999999999, 134.58251999999993)",15GRP,99
2012,1,MA,Massachusetts,Legislation - Smokefree Indoor Air,Smokefree Indoor Air – Other Sites,Restriction Areas,Casinos,Banned,4,Ranking,2011-11-22,2012-02-20,"(42.27687047000046, -72.08269067499964)",15GRP,335
2012,1,PW,Palau,Legislation - Smokefree Indoor Air,Hotels and Motels,Restrictions,Type of Restriction in Lobby and Common Area of Hotel and Motel,Banned,4,Ranking,2011-08-19,2012-02-15,"(7.514979999999999, 134.58251999999993)",10GRP,81
2012,2,PW,Palau,Legislation - Smokefree Indoor Air,Smokefree Indoor Air – Other Sites,Restriction Areas,Enclosed Arenas,Banned,4,Ranking,2011-08-19,2012-02-15,"(7.514979999999999, 134.58251999999993)",15GRP,98
2012,4,IN,Indiana,Legislation - Smokefree Indoor Air,Commercial Day Care Centers,Restrictions,Type of Restriction in Commercial Day Care,Banned,4,Ranking,2012-03-19,2012-07-01,"(39.766910452000445, -86.14996019399968)",10GRP,50
2012,1,PW,Palau,Legislation - Smokefree Indoor Air,Bars,Restrictions,Type of Restriction in Bar (Summary),Designated Smoking Area,0,Ranking,2011-08-19,2012-02-15,"(7.514979999999999, 134.58251999999993)",10GRP,234
2012,4,IN,Indiana,Legislation - Smokefree Indoor Air,Smokefree Indoor Air – Other Sites,Restriction Areas,Malls,Banned,4,Ranking,2012-03-19,2012-07-01,"(39.766910452000445, -86.14996019399968)",15GRP,96
2012,4,ND,North Dakota,Legislation - Smokefree Indoor Air,Government Worksites,Vehicles,Type of Restriction in Government Worksite Vehicle,Banned,4,Ranking,2012-11-05,2012-12-05,"(47.47531977900047, -100.11842104899966)",30GRP,17
2012,4,ND,North Dakota,Legislation - Smokefree Indoor Air,Smokefree Indoor Air – Other Sites,Restriction Areas,Substance Use - Residential Facilities,Banned,4,Ranking,2012-11-05,2012-12-05,"(47.47531977900047, -100.11842104899966)",15GRP,339
2012,3,PW,Palau,Legislation - Smokefree Indoor Air,Home-based Day Care Centers,Restrictions,Type of Restriction in Home-Based Day Care,Banned,4,Ranking,2011-08-19,2012-02-15,"(7.514979999999999, 134.58251999999993)",10GRP,65
2012,2,PW,Palau,Legislation - Smokefree Indoor Air,Private Worksites,Restrictions,Type of Restriction in Private Worksite,Banned,4,Ranking,2011-08-19,2012-02-15,"(7.514979999999999, 134.58251999999993)",10GRP,20
2012,1,PW,Palau,Legislation - Smokefree Indoor Air,Government Worksites,Vehicles,Type of Restriction in Government Worksite Vehicle,Banned,4,Ranking,2011-08-19,2012-02-15,"(7.514979999999999, 134.58251999999993)",30GRP,17
2012,1,PW,Palau,Legislation - Smokefree Indoor Air,Restaurants,Restriction Areas,Type of Restriction in Restaurant Employee Area,Banned,4,Ranking,2011-08-19,2012-02-15,"(7.514979999999999, 134.58251999999993)",15GRP,232
2012,2,PW,Palau,Legislation - Smokefree Indoor Air,Commercial Day Care Centers,Restrictions,Type of Restriction in Commercial Day Care,Banned,4,Ranking,2011-08-19,2012-02-15,"(7.514979999999999, 134.58251999999993)",10GRP,50
2012,1,PW,Palau,Legislation - Smokefree Indoor Air,Smokefree Indoor Air – Other Sites,Restriction Areas,Malls,Banned,4,Ranking,2011-08-19,2012-02-15,"(7.514979999999999, 134.58251999999993)",15GRP,96
2012,1,PW,Palau,Legislation - Smokefree Indoor Air,Private Worksites,Vehicles,Type of Restriction in Private Worksite Vehicle,Banned,4,Ranking,2011-08-19,2012-02-15,"(7.514979999999999, 134.58251999999993)",30GRP,34
2012,1,PW,Palau,Legislation - Smokefree Indoor Air,Home-based Day Care Centers,Restrictions,Restrictions in Effect Only When Child on Premises,Banned,4,Yes/No,2011-08-19,2012-02-15,"(7.514979999999999, 134.58251999999993)",10GRP,67
2012,1,PW,Palau,Legislation - Smokefree Indoor Air,Smokefree Indoor Air – Other Sites,Restriction Areas,Mental Health - Outpatient Facilities,Banned,4,Ranking,2011-08-19,2012-02-15,"(7.514979999999999, 134.58251999999993)",15GRP,340
2012,1,PW,Palau,Legislation - Smokefree Indoor Air,Bars,Restriction Areas,Type of Restriction in Bar Employee Area,Banned,4,Ranking,2011-08-19,2012-02-15,"(7.514979999999999, 134.58251999999993)",15GRP,236
2012,1,PW,Palau,Legislation - Smokefree Indoor Air,Smokefree Indoor Air – Other Sites,Restriction Areas,Grocery Stores,Banned,4,Ranking,2011-08-19,2012-02-15,"(7.514979999999999, 134.58251999999993)",15GRP,97
2012,1,PW,Palau,Legislation - Smokefree Indoor Air,Smokefree Indoor Air – Other Sites,Restriction Areas,Mental Health - Residential Facilities,Banned,4,Ranking,2011-08-19,2012-02-15,"(7.514979999999999, 134.58251999999993)",15GRP,341
2012,1,PW,Palau,Legislation - Smokefree Indoor Air,Restaurants,Restrictions,Type of Restriction in Restaurant (Summary),Designated Smoking Area,0,Ranking,2011-08-19,2012-02-15,"(7.514979999999999, 134.58251999999993)",10GRP,37
2012,1,PW,Palau,Legislation - Smokefree Indoor Air,Commercial Day Care Centers,Vehicles,Type of Restriction in Commercial Day Care Vehicle,Banned,4,Ranking,2011-08-19,2012-02-15,"(7.514979999999999, 134.58251999999993)",30GRP,61
2012,3,IN,Indiana,Legislation - Smokefree Indoor Air,Government Worksites,Vehicles,Type of Restriction in Government Worksite Vehicle,Banned,4,Ranking,2012-03-19,2012-07-01,"(39.766910452000445, -86.14996019399968)",30GRP,17
2012,4,ND,North Dakota,Legislation - Smokefree Indoor Air,Smokefree Indoor Air – Other Sites,Restriction Areas,Substance Use - Outpatient Facilities,Banned,4,Ranking,2012-11-05,2012-12-05,"(47.47531977900047, -100.11842104899966)",15GRP,338
2012,4,ND,North Dakota,Legislation - Smokefree Indoor Air,Smokefree Indoor Air – Other Sites,Restriction Areas,Prisons,Banned,4,Ranking,2012-11-05,2012-12-05,"(47.47531977900047, -100.11842104899966)",15GRP,101
2012,3,IN,Indiana,Legislation - Smokefree Indoor Air,Restaurants,Restriction Areas,Type of Restriction in Restaurant Employee Area,Banned,4,Ranking,2012-03-19,2012-07-01,"(39.766910452000445, -86.14996019399968)",15GRP,232
2012,4,ND,North Dakota,Legislation - Smokefree Indoor Air,Bars,Restrictions,Type of Restriction in Bar (Summary),Banned,4,Ranking,2012-11-05,2012-12-05,"(47.47531977900047, -100.11842104899966)",10GRP,234
2012,3,OK,Oklahoma,Legislation - Smokefree Indoor Air,Government Worksites,Vehicles,Type of Restriction in Government Worksite Vehicle,Banned,4,Ranking,2012-02-06,2012-08-06,"(35.47203135600046, -97.52107021399968)",30GRP,17
2012,4,MD,Maryland,Legislation - Smokefree Indoor Air,Smokefree Indoor Air – Other Sites,Restriction Areas,Casinos,Banned,4,Ranking,2012-11-05,2012-12-05,"(39.29058096400047, -76.60926011099963)",15GRP,335
2012,3,OK,Oklahoma,Legislation - Smokefree Indoor Air,Government Worksites,Restrictions,Type of Restriction in Government Worksite,Banned,4,Ranking,2012-02-06,2012-08-06,"(35.47203135600046, -97.52107021399968)",10GRP,1
2012,3,IN,Indiana,Legislation - Smokefree Indoor Air,Private Worksites,Restrictions,Type of Restriction in Private Worksite,Banned,4,Ranking,2012-03-19,2012-07-01,"(39.766910452000445, -86.14996019399968)",10GRP,20
2012,3,IN,Indiana,Legislation - Smokefree Indoor Air,Restaurants,Restriction Areas,Type of Restriction in Restaurant Patron Area,Banned,4,Ranking,2012-03-19,2012-07-01,"(39.766910452000445, -86.14996019399968)",15GRP,233
2012,4,IN,Indiana,Legislation - Smokefree Indoor Air,Smokefree Indoor Air – Other Sites,Restriction Areas,Enclosed Arenas,Banned,4,Ranking,2012-03-19,2012-07-01,"(39.766910452000445, -86.14996019399968)",15GRP,98
2012,4,ND,North Dakota,Legislation - Smokefree Indoor Air,Bars,Restriction Areas,Type of Restriction in Bar Employee Area,Banned,4,Ranking,2012-11-05,2012-12-05,"(47.47531977900047, -100.11842104899966)",15GRP,236
2012,4,IN,Indiana,Legislation - Smokefree Indoor Air,Restaurants,Restriction Areas,Type of Restriction in Restaurant Bar Area,Banned,4,Ranking,2012-03-19,2012-07-01,"(39.766910452000445, -86.14996019399968)",15GRP,231
2012,3,IN,Indiana,Legislation - Smokefree Indoor Air,Smokefree Indoor Air – Other Sites,Restriction Areas,Hospitals,Banned,4,Ranking,2012-03-19,2012-07-01,"(39.766910452000445, -86.14996019399968)",15GRP,100
2012,4,IN,Indiana,Legislation - Smokefree Indoor Air,Hotels and Motels,Restrictions,Type of Restriction in Lobby and Common Area of Hotel and Motel,Banned,4,Ranking,2012-03-13,2012-07-01,"(39.766910452000445, -86.14996019399968)",10GRP,81
2012,4,ND,North Dakota,Legislation - Smokefree Indoor Air,Restaurants,Restrictions,Type of Restriction in Restaurant (Summary),Banned,4,Ranking,2012-11-05,2012-12-05,"(47.47531977900047, -100.11842104899966)",10GRP,37
2012,3,OK,Oklahoma,Legislation - Smokefree Indoor Air,Government Multi-Unit Housing,Restrictions,Type of Restriction in Living Area of Government Multi-Unit Housing,Banned,4,Ranking,2012-02-06,2012-08-06,"(35.47203135600046, -97.52107021399968)",10GRP,116
2012,1,MA,Massachusetts,Legislation - Smokefree Indoor Air,Smokefree Indoor Air – Other Sites,Restriction Areas,Casinos (Racetrack),Banned,4,Ranking,2011-11-22,2012-02-20,"(42.27687047000046, -72.08269067499964)",15GRP,336
2012,4,MD,Maryland,Legislation - Smokefree Indoor Air,Smokefree Indoor Air – Other Sites,Restriction Areas,Casinos (Racetrack),Banned,4,Ranking,2012-11-05,2012-12-05,"(39.29058096400047, -76.60926011099963)",15GRP,336
2012,4,OK,Oklahoma,Legislation - Smokefree Indoor Air,Government Multi-Unit Housing,Restrictions,Type of Restriction in Lobby and Common Area of Government Multi-Unit Housing,Banned,4,Ranking,2012-02-06,2012-08-06,"(35.47203135600046, -97.52107021399968)",10GRP,115
2012,3,IN,Indiana,Legislation - Smokefree Indoor Air,Restaurants,Restrictions,Type of Restriction in Restaurant (Summary),Banned,4,Ranking,2012-03-19,2012-07-01,"(39.766910452000445, -86.14996019399968)",10GRP,37
2012,4,ND,North Dakota,Legislation - Smokefree Indoor Air,Bars,Restriction Areas,Type of Restriction in Bar Patron Area,Banned,4,Ranking,2012-11-05,2012-12-05,"(47.47531977900047, -100.11842104899966)",15GRP,235
2012,4,ND,North Dakota,Legislation - Smokefree Indoor Air,Smokefree Indoor Air – Other Sites,Restriction Areas,Malls,Banned,4,Ranking,2012-11-05,2012-12-05,"(47.47531977900047, -100.11842104899966)",15GRP,96
2012,4,ND,North Dakota,Legislation - Smokefree Indoor Air,Smokefree Indoor Air – Other Sites,Restriction Areas,Mental Health - Outpatient Facilities,Banned,4,Ranking,2012-11-05,2012-12-05,"(47.47531977900047, -100.11842104899966)",15GRP,340
2012,4,IN,Indiana,Legislation - Smokefree Indoor Air,Smokefree Indoor Air – Other Sites,Restriction Areas,Public Transportation,Banned,4,Ranking,2012-03-19,2012-07-01,"(39.766910452000445, -86.14996019399968)",15GRP,99
2012,4,ND,North Dakota,Legislation - Smokefree Indoor Air,Restaurants,Restriction Areas,Type of Restriction in Restaurant Bar Area,Banned,4,Ranking,2012-11-05,2012-12-05,"(47.47531977900047, -100.11842104899966)",15GRP,231
2012,4,ND,North Dakota,Legislation - Smokefree Indoor Air,Smokefree Indoor Air – Other Sites,Restriction Areas,Mental Health - Residential Facilities,Banned,4,Ranking,2012-11-05,2012-12-05,"(47.47531977900047, -100.11842104899966)",15GRP,341
2013,3,AR,Arkansas,Legislation - Smokefree Indoor Air,Smokefree Indoor Air – Other Sites,Restriction Areas,Substance Use - Outpatient Facilities,Banned,4,Ranking,2013-04-08,2013-07-07,"(34.74865012400045, -92.27449074299966)",15GRP,338
2013,4,AR,Arkansas,Legislation - Smokefree Indoor Air,Smokefree Indoor Air – Other Sites,Restriction Areas,Mental Health - Residential Facilities,Banned,4,Ranking,2013-04-08,2013-07-07,"(34.74865012400045, -92.27449074299966)",15GRP,341
2013,2,UT,Utah,Legislation - Smokefree Indoor Air,Personal Vehicles,Restrictions,Type of Restriction in Personal Vehicle,Banned,4,Ranking,2013-03-28,2013-06-02,"(39.360700171000474, -111.58713063499971)",10GRP,102
2013,3,UT,Utah,Legislation - Smokefree Indoor Air,Home-based Day Care Centers,Vehicles,Type of Restriction in Home-Based Day Care Vehicle,Banned,4,Ranking,2013-06-02,2013-06-02,"(39.360700171000474, -111.58713063499971)",30GRP,77
2013,3,AR,Arkansas,Legislation - Smokefree Indoor Air,Smokefree Indoor Air – Other Sites,Restriction Areas,Substance Use - Residential Facilities,Banned,4,Ranking,2013-04-08,2013-07-07,"(34.74865012400045, -92.27449074299966)",15GRP,339
2013,3,AR,Arkansas,Legislation - Smokefree Indoor Air,Smokefree Indoor Air – Other Sites,Restriction Areas,Mental Health - Outpatient Facilities,Banned,4,Ranking,2013-04-08,2013-07-07,"(34.74865012400045, -92.27449074299966)",15GRP,340
2013,3,UT,Utah,Legislation - Smokefree Indoor Air,Commercial Day Care Centers,Vehicles,Type of Restriction in Commercial Day Care Vehicle,Banned,4,Ranking,2013-06-02,2013-06-02,"(39.360700171000474, -111.58713063499971)",30GRP,61
2013,4,OK,Oklahoma,Legislation - Smokefree Indoor Air,Government Worksites,Restrictions,Type of Restriction in Government Worksite,Banned,4,Ranking,2013-04-29,2013-11-01,"(35.47203135600046, -97.52107021399968)",10GRP,1
2013,4,OK,Oklahoma,Legislation - Smokefree Indoor Air,Government Multi-Unit Housing,Restrictions,Type of Restriction in Lobby and Common Area of Government Multi-Unit Housing,Banned,4,Ranking,2013-04-29,2013-11-01,"(35.47203135600046, -97.52107021399968)",10GRP,115
2013,4,NY,New York,Legislation - Smokefree Indoor Air,Smokefree Indoor Air – Other Sites,Restriction Areas,Hospital Campuses,Banned,4,Ranking,2013-07-31,2013-10-29,"(42.82700103200045, -75.54397042699964)",15GRP,342
2013,4,OK,Oklahoma,Legislation - Smokefree Indoor Air,Government Multi-Unit Housing,Restrictions,Type of Restriction in Living Area of Government Multi-Unit Housing,Banned,4,Ranking,2013-04-29,2013-11-01,"(35.47203135600046, -97.52107021399968)",10GRP,116
2013,4,OK,Oklahoma,Legislation - Smokefree Indoor Air,Government Worksites,Vehicles,Type of Restriction in Government Worksite Vehicle,Banned,4,Ranking,2013-04-29,2013-11-01,"(35.47203135600046, -97.52107021399968)",30GRP,17
2014,3,OR,Oregon,Legislation - Smokefree Indoor Air,Personal Vehicles,Restrictions,Type of Restriction in Personal Vehicle,Banned,4,Ranking,2013-06-11,2014-01-01,"(44.56744942400047, -120.15503132599969)",10GRP,102
2014,3,VT,Vermont,Legislation - Smokefree Indoor Air,Home-based Day Care Centers,Restrictions,Type of Restriction in Home-Based Day Care,Banned,4,Ranking,2014-05-22,2014-07-01,"(43.62538123900049, -72.51764079099962)",10GRP,65
2014,2,OR,Oregon,Legislation - Smokefree Indoor Air,Home-based Day Care Centers,Vehicles,Type of Restriction in Home-Based Day Care Vehicle,Banned,4,Ranking,2013-06-11,2014-01-01,"(44.56744942400047, -120.15503132599969)",30GRP,77
2014,3,VT,Vermont,Legislation - Smokefree Indoor Air,Personal Vehicles,Restrictions,Type of Restriction in Personal Vehicle,Banned,4,Ranking,2014-05-22,2014-07-01,"(43.62538123900049, -72.51764079099962)",10GRP,102
2014,3,VT,Vermont,Legislation - Smokefree Indoor Air,Commercial Day Care Centers,Vehicles,Type of Restriction in Commercial Day Care Vehicle,Banned,4,Ranking,2014-05-22,2014-07-01,"(43.62538123900049, -72.51764079099962)",30GRP,61
2014,4,HI,Hawaii,Legislation - Smokefree Indoor Air,Government Multi-Unit Housing,Restrictions,Type of Restriction in Lobby and Common Area of Government Multi-Unit Housing,Banned,4,Ranking,2014-06-16,2014-06-16,"(21.304850435000446, -157.85774940299973)",10GRP,115
2014,4,OR,Oregon,Legislation - Smokefree Indoor Air,Commercial Day Care Centers,Vehicles,Type of Restriction in Commercial Day Care Vehicle,Banned,4,Ranking,2013-06-11,2014-01-01,"(44.56744942400047, -120.15503132599969)",30GRP,61
2014,4,OR,Oregon,Legislation - Smokefree Indoor Air,Smokefree Indoor Air – Other Sites,Restriction Areas,Prisons,Banned,4,Ranking,2012-08-02,2014-12-31,"(44.56744942400047, -120.15503132599969)",15GRP,101
2014,4,VT,Vermont,Legislation - Smokefree Indoor Air,Commercial Day Care Centers,Restrictions,Type of Restriction in Commercial Day Care,Banned,4,Ranking,2014-05-22,2014-07-01,"(43.62538123900049, -72.51764079099962)",10GRP,50
2014,4,VT,Vermont,Legislation - Smokefree Indoor Air,Home-based Day Care Centers,Vehicles,Type of Restriction in Home-Based Day Care Vehicle,Banned,4,Ranking,2014-05-22,2014-07-01,"(43.62538123900049, -72.51764079099962)",30GRP,77
2014,4,HI,Hawaii,Legislation - Smokefree Indoor Air,Government Multi-Unit Housing,Restrictions,Type of Restriction in Living Area of Government Multi-Unit Housing,Banned,4,Ranking,2014-06-16,2014-06-16,"(21.304850435000446, -157.85774940299973)",10GRP,116
2016,2,CA,California,Legislation - Smokefree Indoor Air,Bars,Restrictions,Type of Restriction in Bar (Summary),Banned,4,Ranking,2016-05-04,2016-06-09,"(37.63864012300047, -120.99999953799971)",10GRP,234
2016,4,CA,California,Legislation - Smokefree Indoor Air,Restaurants,Restriction Areas,Type of Restriction in Restaurant Employee Area,Banned,4,Ranking,2016-05-04,2016-06-09,"(37.63864012300047, -120.99999953799971)",15GRP,232
2016,4,CA,California,Legislation - Smokefree Indoor Air,Private Worksites,Restrictions,Type of Restriction in Private Worksite,Banned,4,Ranking,2016-05-04,2016-06-09,"(37.63864012300047, -120.99999953799971)",10GRP,20
2016,3,CA,California,Legislation - Smokefree Indoor Air,Smokefree Indoor Air – Other Sites,Restriction Areas,Enclosed Arenas,Banned,4,Ranking,2016-05-04,2016-06-09,"(37.63864012300047, -120.99999953799971)",15GRP,98
2016,4,CA,California,Legislation - Smokefree Indoor Air,Bars,Restriction Areas,Type of Restriction in Bar Employee Area,Banned,4,Ranking,2016-05-04,2016-06-09,"(37.63864012300047, -120.99999953799971)",15GRP,236
2016,4,CA,California,Legislation - Smokefree Indoor Air,Hotels and Motels,Restrictions,Type of Restriction in Lobby and Common Area of Hotel and Motel,Banned,4,Ranking,2016-05-04,2016-06-09,"(37.63864012300047, -120.99999953799971)",10GRP,81
2016,3,CA,California,Legislation - Smokefree Indoor Air,Restaurants,Restrictions,Type of Restriction in Restaurant (Summary),Banned,4,Ranking,2016-05-04,2016-06-09,"(37.63864012300047, -120.99999953799971)",10GRP,37
2016,3,CA,California,Legislation - Smokefree Indoor Air,Government Worksites,Restrictions,Type of Restriction in Government Worksite,Banned,4,Ranking,2016-05-04,2016-06-09,"(37.63864012300047, -120.99999953799971)",10GRP,1
2016,3,CA,California,Legislation - Smokefree Indoor Air,Smokefree Indoor Air – Other Sites,Restriction Areas,Grocery Stores,Banned,4,Ranking,2016-05-04,2016-06-09,"(37.63864012300047, -120.99999953799971)",15GRP,97
2016,4,VA,Virginia,Legislation - Smokefree Indoor Air,Personal Vehicles,Restrictions,Type of Restriction in Personal Vehicle,Banned,4,Ranking,2016-03-25,2016-07-01,"(37.54268067400045, -78.45789046299967)",10GRP,102
2016,4,VA,Virginia,Legislation - Smokefree Indoor Air,Commercial Day Care Centers,Vehicles,Type of Restriction in Commercial Day Care Vehicle,Banned,4,Ranking,2016-03-25,2016-07-01,"(37.54268067400045, -78.45789046299967)",30GRP,61
2016,4,CA,California,Legislation - Smokefree Indoor Air,Smokefree Indoor Air – Other Sites,Restriction Areas,Malls,Banned,4,Ranking,2016-05-04,2016-06-09,"(37.63864012300047, -120.99999953799971)",15GRP,96
2017,1,GU,Guam,Legislation - Smokefree Indoor Air,Personal Vehicles,Restrictions,Type of Restriction in Personal Vehicle,Banned,4,Ranking,2016-02-04,2017-01-01,"(13.444304, 144.793731)",10GRP,102
2017,1,NY,New York,Legislation - Smokefree Indoor Air,Smokefree Indoor Air – Other Sites,Restriction Areas,Casinos,Banned,4,Ranking,2003-03-26,2017-02-01,"(42.82700103200045, -75.54397042699964)",15GRP,335
2017,2,GU,Guam,Legislation - Smokefree Indoor Air,Bars,Restrictions,Type of Restriction in Bar (Summary),Banned,4,Ranking,2016-02-04,2017-01-01,"(13.444304, 144.793731)",10GRP,234
2017,1,MP,Northern Mariana Islands,Legislation - Smokefree Indoor Air,Home-based Day Care Centers,Restrictions,Type of Restriction in Home-Based Day Care,Banned,4,Ranking,2016-12-28,2017-01-20,"(15.0979, 145.6739)",10GRP,65
2017,4,GU,Guam,Legislation - Smokefree Indoor Air,Bars,Restriction Areas,Type of Restriction in Bar Patron Area,Banned,4,Ranking,2016-02-04,2017-01-01,"(13.444304, 144.793731)",15GRP,235
2017,3,CA,California,Legislation - Smokefree Indoor Air,Home-based Day Care Centers,Vehicles,Type of Restriction in Home-Based Day Care Vehicle,Banned,4,Ranking,2016-05-04,2017-01-01,"(37.63864012300047, -120.99999953799971)",30GRP,77
2017,3,MP,Northern Mariana Islands,Legislation - Smokefree Indoor Air,Hotels and Motels,Additional Requirements,Sleeping Room Designation (Type),Smoking Room,3,Ranking,2016-12-28,2017-01-20,"(15.0979, 145.6739)",20GRP,83
2017,3,CA,California,Legislation - Smokefree Indoor Air,Smokefree Indoor Air – Other Sites,Restriction Areas,Hospitals,Designated Areas,3,Ranking,2016-05-04,2017-01-01,"(37.63864012300047, -120.99999953799971)",15GRP,100
2017,3,GU,Guam,Legislation - Smokefree Indoor Air,Bars,Restriction Areas,Type of Restriction in Bar Employee Area,Banned,4,Ranking,2016-02-04,2017-01-01,"(13.444304, 144.793731)",15GRP,236
2017,1,CA,California,Legislation - Smokefree Indoor Air,Smokefree Indoor Air – Other Sites,Restriction Areas,Public Transportation,Banned,4,Ranking,2016-05-04,2017-01-01,"(37.63864012300047, -120.99999953799971)",15GRP,99
2017,1,MP,Northern Mariana Islands,Legislation - Smokefree Indoor Air,Personal Vehicles,Restrictions,Type of Restriction in Personal Vehicle,Banned,4,Ranking,2016-12-28,2017-01-20,"(15.0979, 145.6739)",10GRP,102
2018,4,AK,Alaska,Legislation - Smokefree Indoor Air,Restaurants,Restriction Areas,Type of Restriction in Restaurant Patron Area,Designated Areas,3,Ranking,2018-07-17,2018-10-01,"(64.84507995700051, -147.72205903599973)",15GRP,233
2018,4,AK,Alaska,Legislation - Smokefree Indoor Air,Smokefree Indoor Air – Other Sites,Restriction Areas,Mental Health - Residential Facilities,Designated Areas,3,Ranking,2018-07-17,2018-10-01,"(64.84507995700051, -147.72205903599973)",15GRP,341
2018,4,AK,Alaska,Legislation - Smokefree Indoor Air,Restaurants,Restrictions,Type of Restriction in Restaurant (Summary),Designated Areas,3,Ranking,2018-07-17,2018-10-01,"(64.84507995700051, -147.72205903599973)",10GRP,37
2018,4,AK,Alaska,Legislation - Smokefree Indoor Air,Smokefree Indoor Air – Other Sites,Restriction Areas,Grocery Stores,Designated Areas,3,Ranking,2018-07-17,2018-10-01,"(64.84507995700051, -147.72205903599973)",15GRP,97
2018,4,AK,Alaska,Legislation - Smokefree Indoor Air,Commercial Day Care Centers,Restrictions,Type of Restriction in Commercial Day Care,Banned,4,Ranking,2018-07-17,2018-10-01,"(64.84507995700051, -147.72205903599973)",10GRP,50
2018,4,AK,Alaska,Legislation - Smokefree Indoor Air,Smokefree Indoor Air – Other Sites,Restriction Areas,Public Transportation,Designated Areas,3,Ranking,2018-07-17,2018-10-01,"(64.84507995700051, -147.72205903599973)",15GRP,99
2018,4,AK,Alaska,Legislation - Smokefree Indoor Air,Smokefree Indoor Air – Other Sites,Restriction Areas,Mental Health - Outpatient Facilities,Designated Areas,3,Ranking,2018-07-17,2018-10-01,"(64.84507995700051, -147.72205903599973)",15GRP,340
2018,4,AK,Alaska,Legislation - Smokefree Indoor Air,Home-based Day Care Centers,Restrictions,Type of Restriction in Home-Based Day Care,Designated Areas,3,Ranking,2018-07-17,2018-10-01,"(64.84507995700051, -147.72205903599973)",10GRP,65
2018,4,AK,Alaska,Legislation - Smokefree Indoor Air,Restaurants,Restriction Areas,Type of Restriction in Restaurant Employee Area,Designated Areas,3,Ranking,2018-07-17,2018-10-01,"(64.84507995700051, -147.72205903599973)",15GRP,232
2018,4,AK,Alaska,Legislation - Smokefree Indoor Air,Government Worksites,Restrictions,Type of Restriction in Government Worksite,Designated Areas,3,Ranking,2018-07-17,2018-10-01,"(64.84507995700051, -147.72205903599973)",10GRP,1
2018,4,AK,Alaska,Legislation - Smokefree Indoor Air,Smokefree Indoor Air – Other Sites,Restriction Areas,Hospitals,Banned,4,Ranking,2018-07-17,2018-10-01,"(64.84507995700051, -147.72205903599973)",15GRP,100
2019,4,TN,Tennessee,Legislation - Smokefree Indoor Air,Smokefree Indoor Air – Other Sites,Restriction Areas,Substance Use - Outpatient Facilities,Designated Areas,3,Ranking,2019-04-17,2019-04-17,"(35.68094058000048, -85.77449091399967)",15GRP,338
2019,4,TN,Tennessee,Legislation - Smokefree Indoor Air,Home-based Day Care Centers,Restrictions,Type of Restriction in Home-Based Day Care,Designated Areas,3,Ranking,2019-04-17,2019-04-17,"(35.68094058000048, -85.77449091399967)",10GRP,65
2019,4,TN,Tennessee,Legislation - Smokefree Indoor Air,Smokefree Indoor Air – Other Sites,Restriction Areas,Mental Health - Residential Facilities,Designated Areas,3,Ranking,2019-04-17,2019-04-17,"(35.68094058000048, -85.77449091399967)",15GRP,341
2019,3,DC,District of Columbia,Legislation - Smokefree Indoor Air,Private Multi-Unit Housing,Restrictions,Type of Restriction in Lobby and Common Area of Private Multi-Unit Housing,Designated Areas,3,Ranking,2019-01-18,2019-03-22,"(38.89037138500049, -77.03196112699965)",10GRP,125
2019,4,CT,Connecticut,Legislation - Smokefree Indoor Air,Commercial Day Care Centers,Restrictions,Type of Restriction in Commercial Day Care,Banned,4,Ranking,2019-06-18,2019-10-01,"(41.56266102000046, -72.64984095199964)",10GRP,50
2019,4,DC,District of Columbia,Legislation - Smokefree Indoor Air,Government Multi-Unit Housing,Restrictions,Type of Restriction in Lobby and Common Area of Government Multi-Unit Housing,Designated Areas,3,Ranking,2019-01-18,2019-03-22,"(38.89037138500049, -77.03196112699965)",10GRP,115
2019,4,TN,Tennessee,Legislation - Smokefree Indoor Air,Smokefree Indoor Air – Other Sites,Restriction Areas,Substance Use - Residential Facilities,Designated Areas,3,Ranking,2019-04-17,2019-04-17,"(35.68094058000048, -85.77449091399967)",15GRP,339
2019,4,TN,Tennessee,Legislation - Smokefree Indoor Air,Smokefree Indoor Air – Other Sites,Restriction Areas,Mental Health - Outpatient Facilities,Designated Areas,3,Ranking,2019-04-17,2019-04-17,"(35.68094058000048, -85.77449091399967)",15GRP,340
2019,4,CT,Connecticut,Legislation - Smokefree Indoor Air,Home-based Day Care Centers,Restrictions,Type of Restriction in Home-Based Day Care,Banned,4,Ranking,2019-06-18,2019-10-01,"(41.56266102000046, -72.64984095199964)",10GRP,65
2020,4,VA,Virginia,Legislation - Smokefree Indoor Air,Commercial Day Care Centers,Vehicles,Type of Restriction in Commercial Day Care Vehicle,Banned,4,Ranking,2020-04-09,2020-07-01,"(37.54268067400045, -78.45789046299967)",30GRP,61
2020,2,IL,Illinois,Legislation - Smokefree Indoor Air,Personal Vehicles,Restrictions,Type of Restriction in Personal Vehicle,Banned,4,Ranking,2019-08-23,2020-06-01,"(40.48501028300046, -88.99771017799969)",10GRP,102
2021,4,CT,Connecticut,Legislation - Smokefree Indoor Air,Smokefree Indoor Air – Other Sites,Restriction Areas,Mental Health - Outpatient Facilities,Banned,4,Ranking,2021-06-22,2021-10-01,"(41.56266102000046, -72.64984095199964)",15GRP,340
2021,4,CT,Connecticut,Legislation - Smokefree Indoor Air,Smokefree Indoor Air – Other Sites,Restriction Areas,Substance Use - Residential Facilities,Banned,4,Ranking,2021-06-22,2021-10-01,"(41.56266102000046, -72.64984095199964)",15GRP,339
2021,4,CT,Connecticut,Legislation - Smokefree Indoor Air,Government Worksites,Restrictions,Type of Restriction in Government Worksite,Banned,4,Ranking,2021-06-22,2021-10-01,"(41.56266102000046, -72.64984095199964)",10GRP,1
2021,4,CT,Connecticut,Legislation - Smokefree Indoor Air,Bars,Restrictions,Type of Restriction in Bar (Summary),Banned,4,Ranking,2021-06-22,2021-10-01,"(41.56266102000046, -72.64984095199964)",10GRP,234
2021,4,CT,Connecticut,Legislation - Smokefree Indoor Air,Smokefree Indoor Air – Other Sites,Restriction Areas,Prisons,Banned,4,Ranking,2021-06-22,2021-10-01,"(41.56266102000046, -72.64984095199964)",15GRP,101
2021,4,CT,Connecticut,Legislation - Smokefree Indoor Air,Private Worksites,Restrictions,Type of Restriction in Private Worksite,Banned,4,Ranking,2021-06-22,2021-10-01,"(41.56266102000046, -72.64984095199964)",10GRP,20
2021,4,CT,Connecticut,Legislation - Smokefree Indoor Air,Bars,Restriction Areas,Type of Restriction in Bar Employee Area,Banned,4,Ranking,2021-06-22,2021-10-01,"(41.56266102000046, -72.64984095199964)",15GRP,236
2021,4,CT,Connecticut,Legislation - Smokefree Indoor Air,Smokefree Indoor Air – Other Sites,Restriction Areas,Mental Health - Residential Facilities,Banned,4,Ranking,2021-06-22,2021-10-01,"(41.56266102000046, -72.64984095199964)",15GRP,341
2021,4,CT,Connecticut,Legislation - Smokefree Indoor Air,Restaurants,Restrictions,Type of Restriction in Restaurant (Summary),Banned,4,Ranking,2021-06-22,2021-10-01,"(41.56266102000046, -72.64984095199964)",10GRP,37
2021,4,CT,Connecticut,Legislation - Smokefree Indoor Air,Restaurants,Restriction Areas,Type of Restriction in Restaurant Employee Area,Banned,4,Ranking,2021-06-22,2021-10-01,"(41.56266102000046, -72.64984095199964)",15GRP,232
2021,4,CT,Connecticut,Legislation - Smokefree Indoor Air,Smokefree Indoor Air – Other Sites,Restriction Areas,Substance Use - Outpatient Facilities,Banned,4,Ranking,2021-06-22,2021-10-01,"(41.56266102000046, -72.64984095199964)",15GRP,338
2021,4,CT,Connecticut,Legislation - Smokefree Indoor Air,Smokefree Indoor Air – Other Sites,Restriction Areas,Hospital Campuses,Designated Areas,3,Ranking,2021-06-22,2021-10-01,"(41.56266102000046, -72.64984095199964)",15GRP,342
2021,4,CT,Connecticut,Legislation - Smokefree Indoor Air,Smokefree Indoor Air – Other Sites,Restriction Areas,Malls,Banned,4,Ranking,2021-06-22,2021-10-01,"(41.56266102000046, -72.64984095199964)",15GRP,96
2023,4,DE,Delaware,Legislation - Smokefree Indoor Air,Personal Vehicles,Restrictions,Type of Restriction in Personal Vehicle,Banned,4,Ranking,2023-09-20,2023-09-20,"(39.008830667000495, -75.57774116799965)",10GRP,102
2023,4,AL,Alabama,Legislation - Smokefree Indoor Air,Personal Vehicles,Restrictions,Type of Restriction in Personal Vehicle,Banned,4,Ranking,2023-05-02,2023-08-01,"(32.84057112200048, -86.63186076199969)",10GRP,102
2024,3,WV,West Virginia,Legislation - Smokefree Indoor Air,Personal Vehicles,Restrictions,Type of Restriction in Personal Vehicle,Banned,4,Ranking,2024-03-22,2024-06-05,"(38.66551020200046, -80.71264013499967)",10GRP,102
