Year,Quarter,LocationAbbr,LocationDesc,TopicDesc,MeasureDesc,ProvisionGroupDesc,ProvisionDesc,ProvisionValue,ProvisionAltValue,DataType,Enacted_Date,Effective_Date,GeoLocation,ProvisionGroupID,ProvisionID,Time_Lag,Negative_Lag,Copied_From_Neighbor,Total_Neighbors,No_Neighbors_Already_Implemented,Neighbor_Adoption_Rate,Neighbors_Already_Implemented,Neighbor_Who_Implemented_First,Adoption_Lag,Copy_Confidence_Score
1995,4,PR,Puerto Rico,Legislation - Smokefree Indoor Air,Government Worksites,Restrictions,Type of Restriction in Government Worksite,Designated Smoking Area,0,Ranking,1993-08-03,1994-01-30,"(18.220833, -66.590149)",10GRP,1,180,False,False,0,0,,[],,,0.0
1995,4,UT,Utah,Legislation - Smokefree Indoor Air,Home-based Day Care Centers,Restrictions,Type of Restriction in Home-Based Day Care,Banned,4,Ranking,1994-03-22,1995-01-01,"(39.360700171000474, -111.58713063499971)",10GRP,65,285,False,False,5,0,0.0,[],,,0.0
1995,4,KS,Kansas,Legislation - Smokefree Indoor Air,Smokefree Indoor Air – Other Sites,Restriction Areas,Enclosed Arenas,Designated Areas,3,Ranking,1987-04-14,1987-07-01,"(38.34774030000045, -98.20078122699965)",15GRP,98,78,False,True,4,2,0.5,"['Nebraska', 'Colorado']",Nebraska,3574.0,0.4375
1995,4,OR,Oregon,Legislation - Smokefree Indoor Air,Restaurants,Restrictions,Type of Restriction in Restaurant (Summary),Designated Areas,3,Ranking,1981-01-01,1981-12-31,"(44.56744942400047, -120.15503132599969)",10GRP,37,364,False,False,4,0,0.0,[],,,0.0
1995,4,MI,Michigan,Legislation - Smokefree Indoor Air,Smokefree Indoor Air – Other Sites,Restriction Areas,Public Transportation,Designated Areas,3,Ranking,1986-07-15,1986-07-15,"(44.6613195430005, -84.71439026999968)",15GRP,99,0,False,False,3,2,0.6666666666666666,"['Wisconsin', 'Ohio']",Wisconsin,3698.0,0.5833333333333333
1995,4,MO,Missouri,Legislation - Smokefree Indoor Air,Restaurants,Restriction Areas,Type of Restriction in Restaurant Patron Area,Designated Areas,3,Ranking,1992-06-11,1992-12-31,"(38.635790776000476, -92.56630005299968)",15GRP,233,203,False,False,7,4,0.5714285714285714,"['Iowa', 'Illinois', 'Kansas', 'Nebraska']",Iowa,4910.0,0.4999999999999999
1995,4,MO,Missouri,Legislation - Smokefree Indoor Air,Restaurants,Restriction Areas,Type of Restriction in Restaurant Bar Area,Designated Areas,3,Ranking,1992-06-11,1992-12-31,"(38.635790776000476, -92.56630005299968)",15GRP,231,203,False,False,7,4,0.5714285714285714,"['Iowa', 'Illinois', 'Kansas', 'Nebraska']",Iowa,4910.0,0.4999999999999999
1995,4,ME,Maine,Legislation - Smokefree Indoor Air,Hotels and Motels,Restrictions,Type of Restriction in Lobby and Common Area of Hotel and Motel,Designated Areas,3,Ranking,1993-06-15,1994-01-01,"(45.254228894000505, -68.98503133599962)",10GRP,81,200,False,True,1,1,1.0,['New Hampshire'],New Hampshire,1145.0,0.7
1995,4,NY,New York,Legislation - Smokefree Indoor Air,Commercial Day Care Centers,Restrictions,Type of Restriction in Commercial Day Care,Banned,4,Ranking,1994-07-26,1994-08-25,"(42.82700103200045, -75.54397042699964)",10GRP,50,30,False,False,5,0,0.0,[],,,0.0
1995,4,KS,Kansas,Legislation - Smokefree Indoor Air,Restaurants,Restriction Areas,Type of Restriction in Restaurant Employee Area,Designated Areas,3,Ranking,1987-07-01,1987-12-31,"(38.34774030000045, -98.20078122699965)",15GRP,232,183,False,False,4,1,0.25,['Nebraska'],Nebraska,3103.0,0.21875
1995,4,RI,Rhode Island,Legislation - Smokefree Indoor Air,Restaurants,Restriction Areas,Type of Restriction in Restaurant Employee Area,Designated Areas,3,Ranking,1977-01-01,1977-12-31,"(41.70828019300046, -71.52247031399963)",15GRP,232,364,False,False,2,0,0.0,[],,,0.0
1995,4,UT,Utah,Legislation - Smokefree Indoor Air,Commercial Day Care Centers,Restrictions,Type of Restriction in Commercial Day Care,Banned,4,Ranking,1994-03-22,1995-01-01,"(39.360700171000474, -111.58713063499971)",10GRP,50,285,False,False,5,0,0.0,[],,,0.0
1995,4,ME,Maine,Legislation - Smokefree Indoor Air,Smokefree Indoor Air – Other Sites,Restriction Areas,Malls,Designated Areas,3,Ranking,1993-06-15,1994-01-01,"(45.254228894000505, -68.98503133599962)",15GRP,96,200,False,True,1,1,1.0,['New Hampshire'],New Hampshire,1145.0,0.7
1995,4,UT,Utah,Legislation - Smokefree Indoor Air,Government Worksites,Restrictions,Type of Restriction in Government Worksite,Banned,4,Ranking,1994-03-22,1995-01-01,"(39.360700171000474, -111.58713063499971)",10GRP,1,285,False,False,5,1,0.2,['Idaho'],Idaho,805.0,0.175
1995,4,UT,Utah,Legislation - Smokefree Indoor Air,Restaurants,Restriction Areas,Type of Restriction in Restaurant Bar Area,Banned,4,Ranking,1994-03-22,1995-01-01,"(39.360700171000474, -111.58713063499971)",15GRP,231,285,False,False,5,0,0.0,[],,,0.0
1995,4,RI,Rhode Island,Legislation - Smokefree Indoor Air,Restaurants,Restrictions,Type of Restriction in Restaurant (Summary),Designated Areas,3,Ranking,1977-01-01,1977-12-31,"(41.70828019300046, -71.52247031399963)",10GRP,37,364,False,False,2,0,0.0,[],,,0.0
1995,4,WA,Washington,Legislation - Smokefree Indoor Air,Smokefree Indoor Air – Other Sites,Restriction Areas,Hospitals,Designated Areas,3,Ranking,1985-05-10,1995-07-28,"(47.52227862900048, -120.47001078999972)",15GRP,100,3731,False,True,2,2,1.0,"['Idaho', 'Oregon']",Idaho,2899.0,0.7
1995,4,NE,Nebraska,Legislation - Smokefree Indoor Air,Smokefree Indoor Air – Other Sites,Restriction Areas,Public Transportation,Designated Areas,3,Ranking,1979-05-21,1980-01-01,"(41.6410409880005, -99.36572062299967)",15GRP,99,225,False,True,5,2,0.4,"['South Dakota', 'Colorado']",South Dakota,1914.0,0.35
1995,4,MD,Maryland,Legislation - Smokefree Indoor Air,Hotels and Motels,Additional Requirements,Sleeping Room Designation (Type),Smoking Room,3,Ranking,1995-04-27,1995-04-27,"(39.29058096400047, -76.60926011099963)",20GRP,83,0,False,False,5,0,0.0,[],,,0.0
1995,4,GA,Georgia,Legislation - Smokefree Indoor Air,Home-based Day Care Centers,Restrictions,Type of Restriction in Home-Based Day Care,Banned,4,Ranking,1994-04-01,1994-07-01,"(32.83968109300048, -83.62758034599966)",10GRP,65,91,False,False,5,1,0.2,['South Carolina'],South Carolina,31.0,0.4622602739726027
1995,4,SD,South Dakota,Legislation - Smokefree Indoor Air,Commercial Day Care Centers,Restrictions,Type of Restriction in Commercial Day Care,Designated Areas,3,Ranking,1994-03-11,1994-07-01,"(44.353130053000484, -100.3735306369997)",10GRP,50,112,False,False,5,0,0.0,[],,,0.0
1995,4,IL,Illinois,Legislation - Smokefree Indoor Air,Restaurants,Restriction Areas,Type of Restriction in Restaurant Bar Area,Designated Areas,3,Ranking,1990-01-01,1990-07-01,"(40.48501028300046, -88.99771017799969)",15GRP,231,181,False,False,4,1,0.25,['Wisconsin'],Wisconsin,2557.0,0.21875
1995,4,IL,Illinois,Legislation - Smokefree Indoor Air,Hotels and Motels,Additional Requirements,Sleeping Room Designation (Type),Smoking Room,3,Ranking,1990-01-01,1990-07-01,"(40.48501028300046, -88.99771017799969)",20GRP,83,181,False,False,4,0,0.0,[],,,0.0
1995,4,MI,Michigan,Legislation - Smokefree Indoor Air,Smokefree Indoor Air – Other Sites,Restriction Areas,Prisons,Designated Areas,3,Ranking,1992-03-18,1992-06-15,"(44.6613195430005, -84.71439026999968)",15GRP,101,89,False,False,3,0,0.0,[],,,0.0
1995,4,OK,Oklahoma,Legislation - Smokefree Indoor Air,Smokefree Indoor Air – Other Sites,Restriction Areas,Enclosed Arenas,Designated Areas,3,Ranking,1987-06-24,1987-11-01,"(35.47203135600046, -97.52107021399968)",15GRP,98,130,False,True,6,2,0.3333333333333333,"['Kansas', 'Colorado']",Kansas,3645.0,0.29166666666666663
1995,4,CO,Colorado,Legislation - Smokefree Indoor Air,Smokefree Indoor Air – Other Sites,Restriction Areas,Public Transportation,Designated Areas,3,Ranking,1977-07-01,1977-07-01,"(38.843840757000464, -106.13361092099967)",15GRP,99,0,False,False,6,1,0.16666666666666666,['Arizona'],Arizona,1519.0,0.14583333333333331
1995,4,ND,North Dakota,Legislation - Smokefree Indoor Air,Home-based Day Care Centers,Restrictions,Type of Restriction in Home-Based Day Care,Banned,4,Ranking,1993-04-01,1993-08-01,"(47.47531977900047, -100.11842104899966)",10GRP,65,122,False,True,3,1,0.3333333333333333,['Minnesota'],Minnesota,2128.0,0.29166666666666663
1995,4,FL,Florida,Legislation - Smokefree Indoor Air,Restaurants,Restriction Areas,Type of Restriction in Restaurant Bar Area,Designated Areas,3,Ranking,1985-01-01,1985-01-01,"(28.932040377000476, -81.92896053899966)",15GRP,231,0,False,False,2,0,0.0,[],,,0.0
1995,4,NH,New Hampshire,Legislation - Smokefree Indoor Air,Hotels and Motels,Restrictions,Type of Restriction in Lobby and Common Area of Hotel and Motel,Designated Areas,3,Ranking,1990-04-27,1991-01-01,"(43.65595011300047, -71.50036091999965)",10GRP,81,249,False,False,3,0,0.0,[],,,0.0
1995,4,SD,South Dakota,Legislation - Smokefree Indoor Air,Home-based Day Care Centers,Restrictions,Type of Restriction in Home-Based Day Care,Designated Areas,3,Ranking,1994-03-11,1994-07-01,"(44.353130053000484, -100.3735306369997)",10GRP,65,112,False,False,5,0,0.0,[],,,0.0
1995,4,AK,Alaska,Legislation - Smokefree Indoor Air,Smokefree Indoor Air – Other Sites,Restriction Areas,Prisons,Designated Areas,3,Ranking,1990-05-16,1990-08-14,"(64.84507995700051, -147.72205903599973)",15GRP,101,90,False,False,0,0,,[],,,0.0
1995,4,MN,Minnesota,Legislation - Smokefree Indoor Air,Private Worksites,Restrictions,Type of Restriction in Private Worksite,Designated Areas,3,Ranking,1975-06-02,1975-06-02,"(46.35564873600049, -94.79420050299967)",10GRP,20,0,False,False,4,0,0.0,[],,,0.0
1995,4,PA,Pennsylvania,Legislation - Smokefree Indoor Air,Smokefree Indoor Air – Other Sites,Restriction Areas,Public Transportation,Designated Areas,3,Ranking,1992-07-09,1992-07-09,"(40.79373015200048, -77.86070029399963)",15GRP,99,0,False,False,6,1,0.16666666666666666,['Ohio'],Ohio,5884.0,0.14583333333333331
1995,4,MD,Maryland,Legislation - Smokefree Indoor Air,Restaurants,Restrictions,Type of Restriction in Restaurant (Summary),Designated Areas,3,Ranking,1995-04-27,1995-04-27,"(39.29058096400047, -76.60926011099963)",10GRP,37,0,False,True,5,4,0.8,"['Virginia', 'Pennsylvania', 'District of Columbia', 'Delaware']",Virginia,2318.0,0.7
1995,4,MT,Montana,Legislation - Smokefree Indoor Air,Smokefree Indoor Air – Other Sites,Restriction Areas,Grocery Stores,Designated Areas,3,Ranking,1979-03-29,1979-07-01,"(47.06652897200047, -109.42442064499971)",15GRP,97,94,False,False,3,0,0.0,[],,,0.0
1995,4,NY,New York,Legislation - Smokefree Indoor Air,Government Worksites,Restrictions,Type of Restriction in Government Worksite,Designated Areas,3,Ranking,1989-07-05,1990-01-01,"(42.82700103200045, -75.54397042699964)",10GRP,1,180,False,True,5,3,0.6,"['New Jersey', 'Pennsylvania', 'Massachusetts']",New Jersey,1295.0,0.5249999999999999
1995,4,LA,Louisiana,Legislation - Smokefree Indoor Air,Smokefree Indoor Air – Other Sites,Restriction Areas,Public Transportation,Banned,4,Ranking,1992-07-14,1992-08-15,"(31.31266064400046, -92.44568007099969)",15GRP,99,32,False,False,3,0,0.0,[],,,0.0
1995,4,MI,Michigan,Legislation - Smokefree Indoor Air,Home-based Day Care Centers,Restrictions,Type of Restriction in Home-Based Day Care,Banned,4,Ranking,1993-10-29,1994-04-01,"(44.6613195430005, -84.71439026999968)",10GRP,65,154,False,False,3,0,0.0,[],,,0.0
1995,4,ID,Idaho,Legislation - Smokefree Indoor Air,Restaurants,Restrictions,Type of Restriction in Restaurant (Summary),Designated Areas,3,Ranking,1985-01-01,1985-01-01,"(43.682630005000476, -114.3637300419997)",10GRP,37,0,False,True,5,2,0.4,"['Montana', 'Oregon']",Montana,2105.0,0.35
1995,4,MO,Missouri,Legislation - Smokefree Indoor Air,Bars,Restriction Areas,Type of Restriction in Bar Employee Area,Designated Areas,3,Ranking,1992-06-11,1992-12-31,"(38.635790776000476, -92.56630005299968)",15GRP,236,203,False,False,7,1,0.14285714285714285,['Nebraska'],Nebraska,4910.0,0.12499999999999997
1995,4,LA,Louisiana,Legislation - Smokefree Indoor Air,Commercial Day Care Centers,Restrictions,Type of Restriction in Commercial Day Care,Banned,4,Ranking,1993-06-10,1993-08-15,"(31.31266064400046, -92.44568007099969)",10GRP,50,66,False,True,3,1,0.3333333333333333,['Arkansas'],Arkansas,2989.0,0.29166666666666663
1995,4,GU,Guam,Legislation - Smokefree Indoor Air,Restaurants,Restriction Areas,Type of Restriction in Restaurant Employee Area,Designated Smoking Area,0,Ranking,1992-10-01,1992-11-01,"(13.444304, 144.793731)",15GRP,232,31,False,False,0,0,,[],,,0.0
1995,4,ND,North Dakota,Legislation - Smokefree Indoor Air,Commercial Day Care Centers,Restrictions,Type of Restriction in Commercial Day Care,Banned,4,Ranking,1993-04-01,1993-08-01,"(47.47531977900047, -100.11842104899966)",10GRP,50,122,False,True,3,1,0.3333333333333333,['Minnesota'],Minnesota,2128.0,0.29166666666666663
1995,4,ME,Maine,Legislation - Smokefree Indoor Air,Smokefree Indoor Air – Other Sites,Restriction Areas,Hospitals,Designated Areas,3,Ranking,1989-10-16,1989-10-16,"(45.254228894000505, -68.98503133599962)",15GRP,100,0,False,False,1,0,0.0,[],,,0.0
1995,4,MI,Michigan,Legislation - Smokefree Indoor Air,Commercial Day Care Centers,Restrictions,Type of Restriction in Commercial Day Care,Banned,4,Ranking,1993-10-22,1993-10-22,"(44.6613195430005, -84.71439026999968)",10GRP,50,0,False,False,3,0,0.0,[],,,0.0
1995,4,NE,Nebraska,Legislation - Smokefree Indoor Air,Private Worksites,Restrictions,Type of Restriction in Private Worksite,Designated Areas,3,Ranking,1979-05-21,1980-01-01,"(41.6410409880005, -99.36572062299967)",10GRP,20,225,False,False,5,0,0.0,[],,,0.0
1995,4,MT,Montana,Legislation - Smokefree Indoor Air,Private Worksites,Restrictions,Type of Restriction in Private Worksite,Designated Areas,3,Ranking,1979-03-29,1979-07-01,"(47.06652897200047, -109.42442064499971)",10GRP,20,94,False,False,3,0,0.0,[],,,0.0
1995,4,CA,California,Legislation - Smokefree Indoor Air,Home-based Day Care Centers,Restrictions,Type of Restriction in Home-Based Day Care,Banned,4,Ranking,1994-07-21,1995-01-01,"(37.63864012300047, -120.99999953799971)",10GRP,65,164,False,False,3,0,0.0,[],,,0.0
1995,4,PA,Pennsylvania,Legislation - Smokefree Indoor Air,Restaurants,Restriction Areas,Type of Restriction in Restaurant Patron Area,Designated Areas,3,Ranking,1988-12-21,1988-12-31,"(40.79373015200048, -77.86070029399963)",15GRP,233,10,False,False,6,0,0.0,[],,,0.0
1995,4,NH,New Hampshire,Legislation - Smokefree Indoor Air,Government Worksites,Restrictions,Type of Restriction in Government Worksite,Designated Areas,3,Ranking,1990-04-27,1991-01-01,"(43.65595011300047, -71.50036091999965)",10GRP,1,249,False,True,3,1,0.3333333333333333,['Massachusetts'],Massachusetts,834.0,0.29166666666666663
1995,4,ND,North Dakota,Legislation - Smokefree Indoor Air,Smokefree Indoor Air – Other Sites,Restriction Areas,Public Transportation,Designated Areas,3,Ranking,1987-04-04,1987-07-01,"(47.47531977900047, -100.11842104899966)",15GRP,99,88,False,False,3,2,0.6666666666666666,"['South Dakota', 'Montana']",South Dakota,4789.0,0.5833333333333333
1995,4,MN,Minnesota,Legislation - Smokefree Indoor Air,Government Worksites,Vehicles,Type of Restriction in Government Worksite Vehicle,Banned,4,Ranking,1987-06-04,1990-01-01,"(46.35564873600049, -94.79420050299967)",30GRP,17,942,False,False,4,0,0.0,[],,,0.0
1995,4,MI,Michigan,Legislation - Smokefree Indoor Air,Restaurants,Restrictions,Type of Restriction in Restaurant (Summary),Designated Areas,3,Ranking,1993-10-15,1994-04-01,"(44.6613195430005, -84.71439026999968)",10GRP,37,168,False,False,3,1,0.3333333333333333,['Wisconsin'],Wisconsin,3940.0,0.29166666666666663
1995,4,IL,Illinois,Legislation - Smokefree Indoor Air,Private Worksites,Restrictions,Type of Restriction in Private Worksite,Designated Areas,3,Ranking,1990-01-01,1990-07-01,"(40.48501028300046, -88.99771017799969)",10GRP,20,181,False,True,4,2,0.5,"['Iowa', 'Wisconsin']",Iowa,2084.0,0.4375
1995,4,IA,Iowa,Legislation - Smokefree Indoor Air,Restaurants,Restriction Areas,Type of Restriction in Restaurant Employee Area,Designated Areas,3,Ranking,1990-04-24,1990-04-24,"(42.46940091300047, -93.81649055599968)",15GRP,232,0,False,False,6,4,0.6666666666666666,"['Minnesota', 'Wisconsin', 'Illinois', 'Nebraska']",Minnesota,5592.0,0.5833333333333333
1995,4,VT,Vermont,Legislation - Smokefree Indoor Air,Restaurants,Restriction Areas,Type of Restriction in Restaurant Employee Area,Designated Areas,3,Ranking,1993-05-28,1993-07-01,"(43.62538123900049, -72.51764079099962)",15GRP,232,34,False,True,3,2,0.6666666666666666,"['New Hampshire', 'Massachusetts']",New Hampshire,1127.0,0.5833333333333333
1995,4,WA,Washington,Legislation - Smokefree Indoor Air,Smokefree Indoor Air – Other Sites,Restriction Areas,Enclosed Arenas,Designated Areas,3,Ranking,1985-05-10,1985-07-28,"(47.52227862900048, -120.47001078999972)",15GRP,98,79,False,True,2,2,1.0,"['Idaho', 'Oregon']",Idaho,1389.0,0.7
1995,4,GU,Guam,Legislation - Smokefree Indoor Air,Smokefree Indoor Air – Other Sites,Restriction Areas,Public Transportation,Banned,4,Ranking,1992-10-01,1992-11-01,"(13.444304, 144.793731)",15GRP,99,31,False,False,0,0,,[],,,0.0
1995,4,MO,Missouri,Legislation - Smokefree Indoor Air,Home-based Day Care Centers,Restrictions,Type of Restriction in Home-Based Day Care,Banned,4,Ranking,1993-06-15,1993-09-13,"(38.635790776000476, -92.56630005299968)",10GRP,65,90,False,False,7,0,0.0,[],,,0.0
1995,4,HI,Hawaii,Legislation - Smokefree Indoor Air,Restaurants,Restriction Areas,Type of Restriction in Restaurant Employee Area,Designated Areas,3,Ranking,1987-01-01,1987-01-01,"(21.304850435000446, -157.85774940299973)",15GRP,232,0,False,False,0,0,,[],,,0.0
1995,4,GU,Guam,Legislation - Smokefree Indoor Air,Smokefree Indoor Air – Other Sites,Restriction Areas,Grocery Stores,Designated Smoking Area,0,Ranking,1992-10-01,1992-11-01,"(13.444304, 144.793731)",15GRP,97,31,False,False,0,0,,[],,,0.0
1995,4,PA,Pennsylvania,Legislation - Smokefree Indoor Air,Restaurants,Restriction Areas,Type of Restriction in Restaurant Bar Area,Designated Areas,3,Ranking,1988-12-21,1988-12-31,"(40.79373015200048, -77.86070029399963)",15GRP,231,10,False,False,6,0,0.0,[],,,0.0
1995,4,VT,Vermont,Legislation - Smokefree Indoor Air,Hotels and Motels,Restrictions,Type of Restriction in Lobby and Common Area of Hotel and Motel,Banned,4,Ranking,1993-06-03,1995-01-01,"(43.62538123900049, -72.51764079099962)",10GRP,81,577,False,False,3,0,0.0,[],,,0.0
1995,4,MN,Minnesota,Legislation - Smokefree Indoor Air,Restaurants,Restriction Areas,Type of Restriction in Restaurant Employee Area,Designated Areas,3,Ranking,1975-01-01,1975-01-01,"(46.35564873600049, -94.79420050299967)",15GRP,232,0,False,False,4,0,0.0,[],,,0.0
1995,4,VA,Virginia,Legislation - Smokefree Indoor Air,Smokefree Indoor Air – Other Sites,Restriction Areas,Grocery Stores,Designated Areas,3,Ranking,1990-04-18,1991-07-01,"(37.54268067400045, -78.45789046299967)",15GRP,97,439,False,False,5,1,0.2,['District of Columbia'],District of Columbia,3936.0,0.175
1995,4,NE,Nebraska,Legislation - Smokefree Indoor Air,Smokefree Indoor Air – Other Sites,Restriction Areas,Hospitals,Designated Areas,3,Ranking,1979-05-21,1980-01-01,"(41.6410409880005, -99.36572062299967)",15GRP,100,225,False,False,5,1,0.2,['Colorado'],Colorado,689.0,0.19184931506849315
1995,4,DC,District of Columbia,Legislation - Smokefree Indoor Air,Restaurants,Restriction Areas,Type of Restriction in Restaurant Employee Area,Designated Areas,3,Ranking,1990-12-14,1991-02-14,"(38.89037138500049, -77.03196112699965)",15GRP,232,62,False,True,2,1,0.5,['Virginia'],Virginia,240.0,0.6388698630136986
1995,4,MN,Minnesota,Legislation - Smokefree Indoor Air,Home-based Day Care Centers,Restrictions,Type of Restriction in Home-Based Day Care,Banned,4,Ranking,1987-06-04,1990-01-01,"(46.35564873600049, -94.79420050299967)",10GRP,65,942,False,False,4,0,0.0,[],,,0.0
1995,4,GA,Georgia,Legislation - Smokefree Indoor Air,Commercial Day Care Centers,Restrictions,Type of Restriction in Commercial Day Care,Banned,4,Ranking,1994-04-01,1994-07-01,"(32.83968109300048, -83.62758034599966)",10GRP,50,91,False,True,5,2,0.4,"['Florida', 'South Carolina']",Florida,721.0,0.35369863013698627
1995,4,IL,Illinois,Legislation - Smokefree Indoor Air,Commercial Day Care Centers,Restrictions,Type of Restriction in Commercial Day Care,Banned,4,Ranking,1993-07-20,1994-01-01,"(40.48501028300046, -88.99771017799969)",10GRP,50,165,False,False,4,1,0.25,['Missouri'],Missouri,35.0,0.5043664383561643
1995,4,ID,Idaho,Legislation - Smokefree Indoor Air,Smokefree Indoor Air – Other Sites,Restriction Areas,Grocery Stores,Designated Areas,3,Ranking,1985-03-11,1986-01-01,"(43.682630005000476, -114.3637300419997)",15GRP,97,296,False,True,5,2,0.4,"['Montana', 'Oregon']",Montana,2174.0,0.35
1995,4,UT,Utah,Legislation - Smokefree Indoor Air,Restaurants,Restriction Areas,Type of Restriction in Restaurant Patron Area,Banned,4,Ranking,1994-03-22,1995-01-01,"(39.360700171000474, -111.58713063499971)",15GRP,233,285,False,False,5,0,0.0,[],,,0.0
1995,4,IA,Iowa,Legislation - Smokefree Indoor Air,Smokefree Indoor Air – Other Sites,Restriction Areas,Enclosed Arenas,Designated Areas,3,Ranking,1987-06-08,1987-07-01,"(42.46940091300047, -93.81649055599968)",15GRP,98,23,False,False,6,2,0.3333333333333333,"['Minnesota', 'Nebraska']",Minnesota,4389.0,0.29166666666666663
1995,4,SD,South Dakota,Legislation - Smokefree Indoor Air,Smokefree Indoor Air – Other Sites,Restriction Areas,Public Transportation,Designated Areas,3,Ranking,1974-02-22,1974-05-23,"(44.353130053000484, -100.3735306369997)",15GRP,99,90,False,False,5,0,0.0,[],,,0.0
1995,4,PA,Pennsylvania,Legislation - Smokefree Indoor Air,Private Worksites,Restrictions,Type of Restriction in Private Worksite,Designated Areas,3,Ranking,1988-12-21,1989-02-19,"(40.79373015200048, -77.86070029399963)",10GRP,20,60,False,False,6,1,0.16666666666666666,['New Jersey'],New Jersey,1288.0,0.14583333333333331
1995,4,NH,New Hampshire,Legislation - Smokefree Indoor Air,Restaurants,Restrictions,Type of Restriction in Restaurant (Summary),Designated Areas,3,Ranking,1990-04-27,1991-01-01,"(43.65595011300047, -71.50036091999965)",10GRP,37,249,False,False,3,0,0.0,[],,,0.0
1995,4,DC,District of Columbia,Legislation - Smokefree Indoor Air,Government Worksites,Vehicles,Type of Restriction in Government Worksite Vehicle,Banned,4,Ranking,1979-01-01,1979-01-01,"(38.89037138500049, -77.03196112699965)",30GRP,17,0,False,False,2,0,0.0,[],,,0.0
1995,4,UT,Utah,Legislation - Smokefree Indoor Air,Hotels and Motels,Restrictions,Type of Restriction in Lobby and Common Area of Hotel and Motel,Banned,4,Ranking,1994-03-22,1995-01-01,"(39.360700171000474, -111.58713063499971)",10GRP,81,285,False,False,5,0,0.0,[],,,0.0
1995,4,IL,Illinois,Legislation - Smokefree Indoor Air,Home-based Day Care Centers,Restrictions,Type of Restriction in Home-Based Day Care,Banned,4,Ranking,1993-07-20,1994-01-01,"(40.48501028300046, -88.99771017799969)",10GRP,65,165,False,False,4,1,0.25,['Missouri'],Missouri,35.0,0.5043664383561643
1995,4,PW,Palau,Legislation - Smokefree Indoor Air,Government Worksites,Restrictions,Type of Restriction in Government Worksite,Banned,4,Ranking,1991-11-11,1991-11-11,"(7.514979999999999, 134.58251999999993)",10GRP,1,0,False,False,0,0,,[],,,0.0
1995,4,OR,Oregon,Legislation - Smokefree Indoor Air,Restaurants,Restriction Areas,Type of Restriction in Restaurant Bar Area,Designated Areas,3,Ranking,1981-01-01,1981-12-31,"(44.56744942400047, -120.15503132599969)",15GRP,231,364,False,False,4,0,0.0,[],,,0.0
1995,4,NV,Nevada,Legislation - Smokefree Indoor Air,Commercial Day Care Centers,Restrictions,Type of Restriction in Commercial Day Care,Designated Areas,3,Ranking,1989-06-21,1989-06-21,"(39.493240390000494, -117.07184056399967)",10GRP,50,0,False,False,5,0,0.0,[],,,0.0
1995,4,OH,Ohio,Legislation - Smokefree Indoor Air,Government Worksites,Restrictions,Type of Restriction in Government Worksite,Banned,4,Ranking,1993-01-08,1993-01-08,"(40.06021014100048, -82.40426005599966)",10GRP,1,0,False,False,4,1,0.25,['Michigan'],Michigan,296.0,0.3971061643835616
1995,4,IA,Iowa,Legislation - Smokefree Indoor Air,Smokefree Indoor Air – Other Sites,Restriction Areas,Hospitals,Designated Areas,3,Ranking,1987-06-08,1987-07-01,"(42.46940091300047, -93.81649055599968)",15GRP,100,23,False,True,6,2,0.3333333333333333,"['Nebraska', 'South Dakota']",Nebraska,2940.0,0.29166666666666663
1995,4,VA,Virginia,Legislation - Smokefree Indoor Air,Restaurants,Restrictions,Type of Restriction in Restaurant (Summary),Designated Areas,3,Ranking,1990-04-18,1990-12-31,"(37.54268067400045, -78.45789046299967)",10GRP,37,257,False,False,5,0,0.0,[],,,0.0
1995,4,NE,Nebraska,Legislation - Smokefree Indoor Air,Smokefree Indoor Air – Other Sites,Restriction Areas,Grocery Stores,Designated Areas,3,Ranking,1979-05-21,1980-01-01,"(41.6410409880005, -99.36572062299967)",15GRP,97,225,False,False,5,0,0.0,[],,,0.0
1995,4,DC,District of Columbia,Legislation - Smokefree Indoor Air,Restaurants,Restrictions,Type of Restriction in Restaurant (Summary),Designated Areas,3,Ranking,1990-12-14,1991-02-14,"(38.89037138500049, -77.03196112699965)",10GRP,37,62,False,True,2,1,0.5,['Virginia'],Virginia,240.0,0.6388698630136986
1995,4,NV,Nevada,Legislation - Smokefree Indoor Air,Smokefree Indoor Air – Other Sites,Restriction Areas,Public Transportation,Designated Areas,3,Ranking,1975-05-05,1975-05-05,"(39.493240390000494, -117.07184056399967)",15GRP,99,0,False,False,5,1,0.2,['Arizona'],Arizona,731.0,0.175
1995,4,PR,Puerto Rico,Legislation - Smokefree Indoor Air,Smokefree Indoor Air – Other Sites,Restriction Areas,Mental Health - Outpatient Facilities,Designated Smoking Area,0,Ranking,1993-08-03,1994-01-30,"(18.220833, -66.590149)",15GRP,340,180,False,False,0,0,,[],,,0.0
1995,4,NY,New York,Legislation - Smokefree Indoor Air,Restaurants,Restrictions,Type of Restriction in Restaurant (Summary),Designated Areas,3,Ranking,1989-07-05,1990-01-01,"(42.82700103200045, -75.54397042699964)",10GRP,37,180,False,False,5,2,0.4,"['Pennsylvania', 'Connecticut']",Pennsylvania,3838.0,0.35
1995,4,MN,Minnesota,Legislation - Smokefree Indoor Air,Smokefree Indoor Air – Other Sites,Restriction Areas,Grocery Stores,Designated Areas,3,Ranking,1975-06-02,1975-06-02,"(46.35564873600049, -94.79420050299967)",15GRP,97,0,False,False,4,0,0.0,[],,,0.0
1995,4,NH,New Hampshire,Legislation - Smokefree Indoor Air,Smokefree Indoor Air – Other Sites,Restriction Areas,Hospitals,Banned,4,Ranking,1990-04-27,1991-01-01,"(43.65595011300047, -71.50036091999965)",15GRP,100,249,False,False,3,0,0.0,[],,,0.0
1995,4,MA,Massachusetts,Legislation - Smokefree Indoor Air,Smokefree Indoor Air – Other Sites,Restriction Areas,Hospitals,Designated Areas,3,Ranking,1988-01-14,1988-04-13,"(42.27687047000046, -72.08269067499964)",15GRP,100,90,False,False,5,1,0.2,['Rhode Island'],Rhode Island,3894.0,0.175
1995,4,ND,North Dakota,Legislation - Smokefree Indoor Air,Restaurants,Restrictions,Type of Restriction in Restaurant (Summary),Designated Areas,3,Ranking,1993-01-01,1993-12-31,"(47.47531977900047, -100.11842104899966)",10GRP,37,364,False,False,3,2,0.6666666666666666,"['Minnesota', 'Montana']",Minnesota,6575.0,0.5833333333333333
1995,4,UT,Utah,Legislation - Smokefree Indoor Air,Restaurants,Restrictions,Type of Restriction in Restaurant (Summary),Banned,4,Ranking,1994-03-22,1995-01-01,"(39.360700171000474, -111.58713063499971)",10GRP,37,285,False,False,5,0,0.0,[],,,0.0
1995,4,CA,California,Legislation - Smokefree Indoor Air,Hotels and Motels,Restrictions,Type of Restriction in Lobby and Common Area of Hotel and Motel,Designated Areas,3,Ranking,1994-07-21,1995-01-01,"(37.63864012300047, -120.99999953799971)",10GRP,81,164,False,False,3,0,0.0,[],,,0.0
1995,4,RI,Rhode Island,Legislation - Smokefree Indoor Air,Government Worksites,Restrictions,Type of Restriction in Government Worksite,Designated Areas,3,Ranking,1986-06-27,1986-06-27,"(41.70828019300046, -71.52247031399963)",10GRP,1,0,False,False,2,0,0.0,[],,,0.0
1995,4,SC,South Carolina,Legislation - Smokefree Indoor Air,Smokefree Indoor Air – Other Sites,Restriction Areas,Hospitals,Designated Areas,3,Ranking,1990-05-30,1990-08-01,"(33.998821303000454, -81.04537120699968)",15GRP,100,63,False,False,2,0,0.0,[],,,0.0
1995,4,DC,District of Columbia,Legislation - Smokefree Indoor Air,Government Worksites,Restrictions,Type of Restriction in Government Worksite,Designated Areas,3,Ranking,1979-07-09,1979-09-28,"(38.89037138500049, -77.03196112699965)",10GRP,1,81,False,False,2,0,0.0,[],,,0.0
1995,4,CO,Colorado,Legislation - Smokefree Indoor Air,Home-based Day Care Centers,Restrictions,Type of Restriction in Home-Based Day Care,Banned,4,Ranking,1994-04-19,1994-04-19,"(38.843840757000464, -106.13361092099967)",10GRP,65,0,False,False,6,1,0.16666666666666666,['Utah'],Utah,28.0,0.43432648401826485
1995,4,MO,Missouri,Legislation - Smokefree Indoor Air,Smokefree Indoor Air – Other Sites,Restriction Areas,Public Transportation,Designated Areas,3,Ranking,1992-06-11,1992-08-13,"(38.635790776000476, -92.56630005299968)",15GRP,99,63,False,False,7,3,0.42857142857142855,"['Iowa', 'Illinois', 'Nebraska']",Iowa,4770.0,0.37499999999999994
1995,4,UT,Utah,Legislation - Smokefree Indoor Air,Smokefree Indoor Air – Other Sites,Restriction Areas,Enclosed Arenas,Banned,4,Ranking,1994-03-22,1995-01-01,"(39.360700171000474, -111.58713063499971)",15GRP,98,285,False,False,5,0,0.0,[],,,0.0
1995,4,NY,New York,Legislation - Smokefree Indoor Air,Smokefree Indoor Air – Other Sites,Restriction Areas,Grocery Stores,Designated Areas,3,Ranking,1989-07-05,1990-01-01,"(42.82700103200045, -75.54397042699964)",15GRP,97,180,False,False,5,0,0.0,[],,,0.0
1995,4,NY,New York,Legislation - Smokefree Indoor Air,Smokefree Indoor Air – Other Sites,Restriction Areas,Public Transportation,Banned,4,Ranking,1989-07-05,1990-01-01,"(42.82700103200045, -75.54397042699964)",15GRP,99,180,False,True,5,2,0.4,"['New Jersey', 'Massachusetts']",New Jersey,1484.0,0.35
1995,4,UT,Utah,Legislation - Smokefree Indoor Air,Smokefree Indoor Air – Other Sites,Restriction Areas,Hospitals,Designated Areas,3,Ranking,1994-03-22,1995-01-01,"(39.360700171000474, -111.58713063499971)",15GRP,100,285,False,False,5,3,0.6,"['Idaho', 'Colorado', 'Nevada']",Idaho,6896.0,0.5249999999999999
1995,4,OR,Oregon,Legislation - Smokefree Indoor Air,Smokefree Indoor Air – Other Sites,Restriction Areas,Enclosed Arenas,Designated Areas,3,Ranking,1981-07-21,1983-07-01,"(44.56744942400047, -120.15503132599969)",15GRP,98,710,False,False,4,0,0.0,[],,,0.0
1995,4,CO,Colorado,Legislation - Smokefree Indoor Air,Commercial Day Care Centers,Restrictions,Type of Restriction in Commercial Day Care,Banned,4,Ranking,1994-04-19,1994-04-19,"(38.843840757000464, -106.13361092099967)",10GRP,50,0,False,False,6,1,0.16666666666666666,['Utah'],Utah,28.0,0.43432648401826485
1995,4,NE,Nebraska,Legislation - Smokefree Indoor Air,Government Worksites,Restrictions,Type of Restriction in Government Worksite,Designated Areas,3,Ranking,1979-05-21,1980-01-01,"(41.6410409880005, -99.36572062299967)",10GRP,1,225,False,False,5,0,0.0,[],,,0.0
1995,4,IL,Illinois,Legislation - Smokefree Indoor Air,Restaurants,Restriction Areas,Type of Restriction in Restaurant Patron Area,Designated Areas,3,Ranking,1990-01-01,1990-07-01,"(40.48501028300046, -88.99771017799969)",15GRP,233,181,False,False,4,1,0.25,['Wisconsin'],Wisconsin,2557.0,0.21875
1995,4,ID,Idaho,Legislation - Smokefree Indoor Air,Government Worksites,Restrictions,Type of Restriction in Government Worksite,Banned,4,Ranking,1992-01-07,1992-01-07,"(43.682630005000476, -114.3637300419997)",10GRP,1,0,False,False,5,1,0.2,['Washington'],Washington,1226.0,0.175
1995,4,MO,Missouri,Legislation - Smokefree Indoor Air,Government Worksites,Restrictions,Type of Restriction in Government Worksite,Designated Areas,3,Ranking,1992-06-11,1992-08-28,"(38.635790776000476, -92.56630005299968)",10GRP,1,78,False,False,7,5,0.7142857142857143,"['Iowa', 'Illinois', 'Oklahoma', 'Kansas', 'Nebraska']",Iowa,4770.0,0.6249999999999999
1995,4,CT,Connecticut,Legislation - Smokefree Indoor Air,Restaurants,Restriction Areas,Type of Restriction in Restaurant Patron Area,Designated Areas,3,Ranking,1979-01-01,1979-12-31,"(41.56266102000046, -72.64984095199964)",15GRP,233,364,False,True,3,1,0.3333333333333333,['Rhode Island'],Rhode Island,730.0,0.29166666666666663
1995,4,MA,Massachusetts,Legislation - Smokefree Indoor Air,Smokefree Indoor Air – Other Sites,Restriction Areas,Grocery Stores,Banned,4,Ranking,1988-01-14,1988-04-13,"(42.27687047000046, -72.08269067499964)",15GRP,97,90,False,False,5,0,0.0,[],,,0.0
1995,4,MI,Michigan,Legislation - Smokefree Indoor Air,Restaurants,Restriction Areas,Type of Restriction in Restaurant Patron Area,Designated Areas,3,Ranking,1993-10-15,1994-04-01,"(44.6613195430005, -84.71439026999968)",15GRP,233,168,False,False,3,1,0.3333333333333333,['Wisconsin'],Wisconsin,3940.0,0.29166666666666663
1995,4,KS,Kansas,Legislation - Smokefree Indoor Air,Restaurants,Restriction Areas,Type of Restriction in Restaurant Bar Area,Designated Areas,3,Ranking,1987-07-01,1987-12-31,"(38.34774030000045, -98.20078122699965)",15GRP,231,183,False,False,4,1,0.25,['Nebraska'],Nebraska,3103.0,0.21875
1995,4,MN,Minnesota,Legislation - Smokefree Indoor Air,Private Worksites,Vehicles,Type of Restriction in Private Worksite Vehicle,Banned,4,Ranking,1987-06-04,1990-01-01,"(46.35564873600049, -94.79420050299967)",30GRP,34,942,False,False,4,0,0.0,[],,,0.0
1995,4,NV,Nevada,Legislation - Smokefree Indoor Air,Smokefree Indoor Air – Other Sites,Restriction Areas,Grocery Stores,Designated Areas,3,Ranking,1987-05-21,1987-05-21,"(39.493240390000494, -117.07184056399967)",15GRP,97,0,False,True,5,2,0.4,"['Idaho', 'Oregon']",Idaho,2130.0,0.35
1995,4,NV,Nevada,Legislation - Smokefree Indoor Air,Restaurants,Restrictions,Type of Restriction in Restaurant (Summary),Designated Areas,3,Ranking,1991-06-06,1991-10-01,"(39.493240390000494, -117.07184056399967)",10GRP,37,117,False,False,5,2,0.4,"['Idaho', 'Oregon']",Idaho,3808.0,0.35
1995,4,DE,Delaware,Legislation - Smokefree Indoor Air,Private Worksites,Restrictions,Type of Restriction in Private Worksite,Designated Areas,3,Ranking,1994-06-28,1994-06-28,"(39.008830667000495, -75.57774116799965)",10GRP,20,0,False,True,3,2,0.6666666666666666,"['Pennsylvania', 'New Jersey']",Pennsylvania,3303.0,0.5833333333333333
1995,4,NV,Nevada,Legislation - Smokefree Indoor Air,Restaurants,Restriction Areas,Type of Restriction in Restaurant Bar Area,Designated Areas,3,Ranking,1991-06-06,1991-10-01,"(39.493240390000494, -117.07184056399967)",15GRP,231,117,False,False,5,1,0.2,['Oregon'],Oregon,3808.0,0.175
1995,4,WI,Wisconsin,Legislation - Smokefree Indoor Air,Smokefree Indoor Air – Other Sites,Restriction Areas,Hospitals,Banned,4,Ranking,1984-04-18,1984-04-26,"(44.39319117400049, -89.81637074199966)",15GRP,100,8,False,False,4,1,0.25,['Minnesota'],Minnesota,3243.0,0.21875
1995,4,OR,Oregon,Legislation - Smokefree Indoor Air,Restaurants,Restriction Areas,Type of Restriction in Restaurant Employee Area,Designated Areas,3,Ranking,1981-01-01,1981-12-31,"(44.56744942400047, -120.15503132599969)",15GRP,232,364,False,False,4,0,0.0,[],,,0.0
1995,4,MN,Minnesota,Legislation - Smokefree Indoor Air,Smokefree Indoor Air – Other Sites,Restriction Areas,Enclosed Arenas,Designated Areas,3,Ranking,1975-06-02,1975-06-02,"(46.35564873600049, -94.79420050299967)",15GRP,98,0,False,False,4,0,0.0,[],,,0.0
1995,4,DE,Delaware,Legislation - Smokefree Indoor Air,Restaurants,Restrictions,Type of Restriction in Restaurant (Summary),Designated Areas,3,Ranking,1994-06-28,1994-06-28,"(39.008830667000495, -75.57774116799965)",10GRP,37,0,False,True,3,1,0.3333333333333333,['Pennsylvania'],Pennsylvania,2015.0,0.29166666666666663
1995,4,NY,New York,Legislation - Smokefree Indoor Air,Smokefree Indoor Air – Other Sites,Restriction Areas,Hospitals,Designated Areas,3,Ranking,1989-07-05,1990-01-01,"(42.82700103200045, -75.54397042699964)",15GRP,100,180,False,False,5,3,0.6,"['New Jersey', 'Pennsylvania', 'Massachusetts']",New Jersey,4234.0,0.5249999999999999
1995,4,MO,Missouri,Legislation - Smokefree Indoor Air,Commercial Day Care Centers,Restrictions,Type of Restriction in Commercial Day Care,Banned,4,Ranking,1993-06-15,1993-09-13,"(38.635790776000476, -92.56630005299968)",10GRP,50,90,False,False,7,1,0.14285714285714285,['Arkansas'],Arkansas,2994.0,0.12499999999999997
1995,4,UT,Utah,Legislation - Smokefree Indoor Air,Hotels and Motels,Additional Requirements,Sleeping Room Designation (Type),Smoking Room,3,Ranking,1994-03-22,1995-01-01,"(39.360700171000474, -111.58713063499971)",20GRP,83,285,False,False,5,0,0.0,[],,,0.0
1995,4,DE,Delaware,Legislation - Smokefree Indoor Air,Smokefree Indoor Air – Other Sites,Restriction Areas,Public Transportation,Banned,4,Ranking,1994-06-28,1994-06-28,"(39.008830667000495, -75.57774116799965)",15GRP,99,0,False,True,3,1,0.3333333333333333,['New Jersey'],New Jersey,3303.0,0.29166666666666663
1995,4,RI,Rhode Island,Legislation - Smokefree Indoor Air,Smokefree Indoor Air – Other Sites,Restriction Areas,Hospitals,Designated Areas,3,Ranking,1977-05-17,1977-07-16,"(41.70828019300046, -71.52247031399963)",15GRP,100,60,False,False,2,0,0.0,[],,,0.0
1995,4,KS,Kansas,Legislation - Smokefree Indoor Air,Home-based Day Care Centers,Restrictions,Type of Restriction in Home-Based Day Care,Banned,4,Ranking,1994-04-25,1994-07-01,"(38.34774030000045, -98.20078122699965)",10GRP,65,67,False,True,4,2,0.5,"['Missouri', 'Colorado']",Missouri,314.0,0.608458904109589
1995,4,LA,Louisiana,Legislation - Smokefree Indoor Air,Private Worksites,Restrictions,Type of Restriction in Private Worksite,Designated Areas,3,Ranking,1992-07-14,1992-08-15,"(31.31266064400046, -92.44568007099969)",10GRP,20,32,False,False,3,0,0.0,[],,,0.0
1995,4,VA,Virginia,Legislation - Smokefree Indoor Air,Restaurants,Restriction Areas,Type of Restriction in Restaurant Patron Area,Designated Areas,3,Ranking,1990-04-18,1990-12-31,"(37.54268067400045, -78.45789046299967)",15GRP,233,257,False,False,5,0,0.0,[],,,0.0
1995,4,SC,South Carolina,Legislation - Smokefree Indoor Air,Home-based Day Care Centers,Restrictions,Type of Restriction in Home-Based Day Care,Banned,4,Ranking,1994-03-01,1994-03-01,"(33.998821303000454, -81.04537120699968)",10GRP,65,0,False,False,2,0,0.0,[],,,0.0
1995,4,NH,New Hampshire,Legislation - Smokefree Indoor Air,Smokefree Indoor Air – Other Sites,Restriction Areas,Public Transportation,Banned,4,Ranking,1990-04-27,1991-01-01,"(43.65595011300047, -71.50036091999965)",15GRP,99,249,False,True,3,1,0.3333333333333333,['Massachusetts'],Massachusetts,834.0,0.29166666666666663
1995,4,PR,Puerto Rico,Legislation - Smokefree Indoor Air,Smokefree Indoor Air – Other Sites,Restriction Areas,Substance Use - Residential Facilities,Designated Smoking Area,0,Ranking,1993-08-03,1994-01-30,"(18.220833, -66.590149)",15GRP,339,180,False,False,0,0,,[],,,0.0
1995,4,DC,District of Columbia,Legislation - Smokefree Indoor Air,Restaurants,Restriction Areas,Type of Restriction in Restaurant Patron Area,Designated Areas,3,Ranking,1990-12-14,1991-02-14,"(38.89037138500049, -77.03196112699965)",15GRP,233,62,False,True,2,1,0.5,['Virginia'],Virginia,240.0,0.6388698630136986
1995,4,TN,Tennessee,Legislation - Smokefree Indoor Air,Smokefree Indoor Air – Other Sites,Restriction Areas,Hospitals,Designated Areas,3,Ranking,1995-06-12,1995-07-01,"(35.68094058000048, -85.77449091399967)",15GRP,100,19,False,False,7,3,0.42857142857142855,"['Virginia', 'Arkansas', 'Missouri']",Virginia,6654.0,0.37499999999999994
1995,4,TX,Texas,Legislation - Smokefree Indoor Air,Smokefree Indoor Air – Other Sites,Restriction Areas,Hospitals,Designated Areas,3,Ranking,1975-05-23,1975-09-01,"(31.827240407000488, -99.42677020599967)",15GRP,100,101,False,False,4,0,0.0,[],,,0.0
1995,4,VT,Vermont,Legislation - Smokefree Indoor Air,Restaurants,Restrictions,Type of Restriction in Restaurant (Summary),Designated Areas,3,Ranking,1993-05-28,1993-07-01,"(43.62538123900049, -72.51764079099962)",10GRP,37,34,False,True,3,3,1.0,"['New York', 'New Hampshire', 'Massachusetts']",New York,1423.0,0.7
1995,4,AZ,Arizona,Legislation - Smokefree Indoor Air,Smokefree Indoor Air – Other Sites,Restriction Areas,Public Transportation,Designated Areas,3,Ranking,1973-05-04,1973-08-08,"(34.865970280000454, -111.76381127699972)",15GRP,99,96,False,False,5,0,0.0,[],,,0.0
1995,4,NE,Nebraska,Legislation - Smokefree Indoor Air,Restaurants,Restrictions,Type of Restriction in Restaurant (Summary),Designated Areas,3,Ranking,1979-01-01,1979-12-31,"(41.6410409880005, -99.36572062299967)",10GRP,37,364,False,False,5,0,0.0,[],,,0.0
1995,4,MD,Maryland,Legislation - Smokefree Indoor Air,Restaurants,Restriction Areas,Type of Restriction in Restaurant Patron Area,Designated Areas,3,Ranking,1995-04-27,1995-04-27,"(39.29058096400047, -76.60926011099963)",15GRP,233,0,False,True,5,4,0.8,"['Virginia', 'Pennsylvania', 'District of Columbia', 'Delaware']",Virginia,2318.0,0.7
1995,4,NE,Nebraska,Legislation - Smokefree Indoor Air,Smokefree Indoor Air – Other Sites,Restriction Areas,Enclosed Arenas,Designated Areas,3,Ranking,1979-05-21,1980-01-01,"(41.6410409880005, -99.36572062299967)",15GRP,98,225,False,False,5,1,0.2,['Colorado'],Colorado,689.0,0.19184931506849315
1995,4,VT,Vermont,Legislation - Smokefree Indoor Air,Restaurants,Restriction Areas,Type of Restriction in Restaurant Bar Area,Banned,4,Ranking,1993-05-28,1993-07-01,"(43.62538123900049, -72.51764079099962)",15GRP,231,34,False,False,3,0,0.0,[],,,0.0
1995,4,MD,Maryland,Legislation - Smokefree Indoor Air,Hotels and Motels,Restrictions,Type of Restriction in Lobby and Common Area of Hotel and Motel,Banned,4,Ranking,1995-04-27,1995-04-27,"(39.29058096400047, -76.60926011099963)",10GRP,81,0,False,False,5,0,0.0,[],,,0.0
1995,4,IL,Illinois,Legislation - Smokefree Indoor Air,Hotels and Motels,Restrictions,Type of Restriction in Lobby and Common Area of Hotel and Motel,Designated Areas,3,Ranking,1990-01-09,1990-07-01,"(40.48501028300046, -88.99771017799969)",10GRP,81,173,False,False,4,0,0.0,[],,,0.0
1995,4,NV,Nevada,Legislation - Smokefree Indoor Air,Government Worksites,Restrictions,Type of Restriction in Government Worksite,Designated Areas,3,Ranking,1977-05-05,1977-05-05,"(39.493240390000494, -117.07184056399967)",10GRP,1,0,False,False,5,0,0.0,[],,,0.0
1995,4,WI,Wisconsin,Legislation - Smokefree Indoor Air,Restaurants,Restriction Areas,Type of Restriction in Restaurant Patron Area,Designated Areas,3,Ranking,1983-01-01,1983-12-31,"(44.39319117400049, -89.81637074199966)",15GRP,233,364,False,False,4,1,0.25,['Minnesota'],Minnesota,2922.0,0.21875
1995,4,NY,New York,Legislation - Smokefree Indoor Air,Private Worksites,Restrictions,Type of Restriction in Private Worksite,Designated Areas,3,Ranking,1989-07-05,1990-04-01,"(42.82700103200045, -75.54397042699964)",10GRP,20,270,False,True,5,3,0.6,"['New Jersey', 'Pennsylvania', 'Vermont']",New Jersey,1484.0,0.5249999999999999
1995,4,UT,Utah,Legislation - Smokefree Indoor Air,Smokefree Indoor Air – Other Sites,Restriction Areas,Public Transportation,Banned,4,Ranking,1994-03-22,1995-01-01,"(39.360700171000474, -111.58713063499971)",15GRP,99,285,False,False,5,0,0.0,[],,,0.0
1995,4,IL,Illinois,Legislation - Smokefree Indoor Air,Restaurants,Restrictions,Type of Restriction in Restaurant (Summary),Designated Areas,3,Ranking,1990-01-01,1990-07-01,"(40.48501028300046, -88.99771017799969)",10GRP,37,181,False,False,4,1,0.25,['Wisconsin'],Wisconsin,2557.0,0.21875
1995,4,SC,South Carolina,Legislation - Smokefree Indoor Air,Smokefree Indoor Air – Other Sites,Restriction Areas,Public Transportation,Banned,4,Ranking,1990-05-30,1990-08-01,"(33.998821303000454, -81.04537120699968)",15GRP,99,63,False,False,2,0,0.0,[],,,0.0
1995,4,HI,Hawaii,Legislation - Smokefree Indoor Air,Home-based Day Care Centers,Restrictions,Type of Restriction in Home-Based Day Care,Banned,4,Ranking,1993-04-26,1993-04-26,"(21.304850435000446, -157.85774940299973)",10GRP,65,0,False,False,0,0,,[],,,0.0
1995,4,NE,Nebraska,Legislation - Smokefree Indoor Air,Bars,Restriction Areas,Type of Restriction in Bar Employee Area,Designated Areas,3,Ranking,1979-01-01,1979-12-31,"(41.6410409880005, -99.36572062299967)",15GRP,236,364,False,False,5,0,0.0,[],,,0.0
1995,4,WI,Wisconsin,Legislation - Smokefree Indoor Air,Restaurants,Restrictions,Type of Restriction in Restaurant (Summary),Designated Areas,3,Ranking,1983-01-01,1983-12-31,"(44.39319117400049, -89.81637074199966)",10GRP,37,364,False,False,4,1,0.25,['Minnesota'],Minnesota,2922.0,0.21875
1995,4,RI,Rhode Island,Legislation - Smokefree Indoor Air,Restaurants,Restriction Areas,Type of Restriction in Restaurant Patron Area,Designated Areas,3,Ranking,1977-01-01,1977-12-31,"(41.70828019300046, -71.52247031399963)",15GRP,233,364,False,False,2,0,0.0,[],,,0.0
1995,4,KS,Kansas,Legislation - Smokefree Indoor Air,Smokefree Indoor Air – Other Sites,Restriction Areas,Public Transportation,Banned,4,Ranking,1987-04-14,1987-07-01,"(38.34774030000045, -98.20078122699965)",15GRP,99,78,False,False,4,0,0.0,[],,,0.0
1995,4,OR,Oregon,Legislation - Smokefree Indoor Air,Restaurants,Restriction Areas,Type of Restriction in Restaurant Patron Area,Designated Areas,3,Ranking,1981-01-01,1981-12-31,"(44.56744942400047, -120.15503132599969)",15GRP,233,364,False,False,4,0,0.0,[],,,0.0
1995,4,HI,Hawaii,Legislation - Smokefree Indoor Air,Restaurants,Restriction Areas,Type of Restriction in Restaurant Bar Area,Designated Areas,3,Ranking,1987-01-01,1987-01-01,"(21.304850435000446, -157.85774940299973)",15GRP,231,0,False,False,0,0,,[],,,0.0
1995,4,CA,California,Legislation - Smokefree Indoor Air,Restaurants,Restriction Areas,Type of Restriction in Restaurant Patron Area,Banned,4,Ranking,1994-07-21,1995-01-01,"(37.63864012300047, -120.99999953799971)",15GRP,233,164,False,False,3,0,0.0,[],,,0.0
1995,4,GU,Guam,Legislation - Smokefree Indoor Air,Commercial Day Care Centers,Restrictions,Type of Restriction in Commercial Day Care,Designated Smoking Area,0,Ranking,1992-10-01,1992-11-01,"(13.444304, 144.793731)",10GRP,50,31,False,False,0,0,,[],,,0.0
1995,4,VT,Vermont,Legislation - Smokefree Indoor Air,Government Worksites,Restrictions,Type of Restriction in Government Worksite,Designated Areas,3,Ranking,1993-05-28,1993-07-01,"(43.62538123900049, -72.51764079099962)",10GRP,1,34,False,True,3,3,1.0,"['New York', 'New Hampshire', 'Massachusetts']",New York,1961.0,0.7
1995,4,FL,Florida,Legislation - Smokefree Indoor Air,Restaurants,Restriction Areas,Type of Restriction in Restaurant Employee Area,Designated Areas,3,Ranking,1985-01-01,1985-01-01,"(28.932040377000476, -81.92896053899966)",15GRP,232,0,False,False,2,0,0.0,[],,,0.0
1995,4,GU,Guam,Legislation - Smokefree Indoor Air,Restaurants,Restriction Areas,Type of Restriction in Restaurant Patron Area,Designated Smoking Area,0,Ranking,1992-10-01,1992-11-01,"(13.444304, 144.793731)",15GRP,233,31,False,False,0,0,,[],,,0.0
1995,4,MI,Michigan,Legislation - Smokefree Indoor Air,Smokefree Indoor Air – Other Sites,Restriction Areas,Enclosed Arenas,Designated Areas,3,Ranking,1986-07-15,1986-07-15,"(44.6613195430005, -84.71439026999968)",15GRP,98,0,False,False,3,0,0.0,[],,,0.0
1995,4,AK,Alaska,Legislation - Smokefree Indoor Air,Restaurants,Restrictions,Type of Restriction in Restaurant (Summary),Designated Areas,3,Ranking,1975-01-01,1975-12-31,"(64.84507995700051, -147.72205903599973)",10GRP,37,364,False,False,0,0,,[],,,0.0
1995,4,MA,Massachusetts,Legislation - Smokefree Indoor Air,Restaurants,Restrictions,Type of Restriction in Restaurant (Summary),Designated Areas,3,Ranking,1990-06-26,1990-09-24,"(42.27687047000046, -72.08269067499964)",10GRP,37,90,False,False,5,4,0.8,"['Rhode Island', 'Connecticut', 'New York', 'New Hampshire']",Rhode Island,4924.0,0.7
1995,4,DE,Delaware,Legislation - Smokefree Indoor Air,Restaurants,Restriction Areas,Type of Restriction in Restaurant Employee Area,Designated Areas,3,Ranking,1994-06-28,1994-06-28,"(39.008830667000495, -75.57774116799965)",15GRP,232,0,False,True,3,1,0.3333333333333333,['Pennsylvania'],Pennsylvania,2015.0,0.29166666666666663
1995,4,FL,Florida,Legislation - Smokefree Indoor Air,Hotels and Motels,Restrictions,Type of Restriction in Lobby and Common Area of Hotel and Motel,Designated Areas,3,Ranking,1992-04-10,1992-10-01,"(28.932040377000476, -81.92896053899966)",10GRP,81,174,False,False,2,0,0.0,[],,,0.0
1995,4,PR,Puerto Rico,Legislation - Smokefree Indoor Air,Smokefree Indoor Air – Other Sites,Restriction Areas,Substance Use - Outpatient Facilities,Designated Smoking Area,0,Ranking,1993-08-03,1994-01-30,"(18.220833, -66.590149)",15GRP,338,180,False,False,0,0,,[],,,0.0
1995,4,NH,New Hampshire,Legislation - Smokefree Indoor Air,Restaurants,Restriction Areas,Type of Restriction in Restaurant Employee Area,Designated Areas,3,Ranking,1990-04-27,1991-01-01,"(43.65595011300047, -71.50036091999965)",15GRP,232,249,False,False,3,0,0.0,[],,,0.0
1995,4,IA,Iowa,Legislation - Smokefree Indoor Air,Smokefree Indoor Air – Other Sites,Restriction Areas,Malls,Designated Areas,3,Ranking,1990-04-24,1990-07-01,"(42.46940091300047, -93.81649055599968)",15GRP,96,68,False,False,6,0,0.0,[],,,0.0
1995,4,VT,Vermont,Legislation - Smokefree Indoor Air,Smokefree Indoor Air – Other Sites,Restriction Areas,Enclosed Arenas,Designated Areas,3,Ranking,1993-05-28,1993-07-01,"(43.62538123900049, -72.51764079099962)",15GRP,98,34,False,True,3,2,0.6666666666666666,"['New York', 'New Hampshire']",New York,1423.0,0.5833333333333333
1995,4,MA,Massachusetts,Legislation - Smokefree Indoor Air,Government Worksites,Restrictions,Type of Restriction in Government Worksite,Designated Areas,3,Ranking,1988-01-14,1988-04-13,"(42.27687047000046, -72.08269067499964)",10GRP,1,90,False,False,5,1,0.2,['Rhode Island'],Rhode Island,566.0,0.24239726027397257
1995,4,PA,Pennsylvania,Legislation - Smokefree Indoor Air,Government Worksites,Restrictions,Type of Restriction in Government Worksite,Designated Areas,3,Ranking,1988-12-21,1989-02-19,"(40.79373015200048, -77.86070029399963)",10GRP,1,60,False,False,6,1,0.16666666666666666,['New Jersey'],New Jersey,1099.0,0.14583333333333331
1995,4,VT,Vermont,Legislation - Smokefree Indoor Air,Bars,Restriction Areas,Type of Restriction in Bar Employee Area,Designated Areas,3,Ranking,1993-05-28,1993-07-01,"(43.62538123900049, -72.51764079099962)",15GRP,236,34,False,False,3,0,0.0,[],,,0.0
1995,4,MN,Minnesota,Legislation - Smokefree Indoor Air,Restaurants,Restriction Areas,Type of Restriction in Restaurant Bar Area,Designated Areas,3,Ranking,1975-01-01,1975-01-01,"(46.35564873600049, -94.79420050299967)",15GRP,231,0,False,False,4,0,0.0,[],,,0.0
1995,4,IA,Iowa,Legislation - Smokefree Indoor Air,Private Worksites,Restrictions,Type of Restriction in Private Worksite,Designated Areas,3,Ranking,1987-06-08,1987-07-01,"(42.46940091300047, -93.81649055599968)",10GRP,20,23,False,False,6,3,0.5,"['Minnesota', 'Wisconsin', 'Nebraska']",Minnesota,4389.0,0.4375
1995,4,NE,Nebraska,Legislation - Smokefree Indoor Air,Restaurants,Restriction Areas,Type of Restriction in Restaurant Employee Area,Designated Areas,3,Ranking,1979-01-01,1979-12-31,"(41.6410409880005, -99.36572062299967)",15GRP,232,364,False,False,5,0,0.0,[],,,0.0
1995,4,DC,District of Columbia,Legislation - Smokefree Indoor Air,Private Worksites,Restrictions,Type of Restriction in Private Worksite,Designated Areas,3,Ranking,1991-05-02,1991-08-02,"(38.89037138500049, -77.03196112699965)",10GRP,20,92,False,False,2,0,0.0,[],,,0.0
1995,4,ME,Maine,Legislation - Smokefree Indoor Air,Smokefree Indoor Air – Other Sites,Restriction Areas,Grocery Stores,Designated Areas,3,Ranking,1993-06-15,1994-01-01,"(45.254228894000505, -68.98503133599962)",15GRP,97,200,False,True,1,1,1.0,['New Hampshire'],New Hampshire,1145.0,0.7
1995,4,ME,Maine,Legislation - Smokefree Indoor Air,Commercial Day Care Centers,Restrictions,Type of Restriction in Commercial Day Care,Designated Areas,3,Ranking,1993-06-15,1994-01-01,"(45.254228894000505, -68.98503133599962)",10GRP,50,200,False,False,1,0,0.0,[],,,0.0
1995,4,IA,Iowa,Legislation - Smokefree Indoor Air,Smokefree Indoor Air – Other Sites,Restriction Areas,Grocery Stores,Designated Areas,3,Ranking,1987-06-08,1987-07-01,"(42.46940091300047, -93.81649055599968)",15GRP,97,23,False,False,6,3,0.5,"['Minnesota', 'Wisconsin', 'Nebraska']",Minnesota,4389.0,0.4375
1995,4,MO,Missouri,Legislation - Smokefree Indoor Air,Smokefree Indoor Air – Other Sites,Restriction Areas,Enclosed Arenas,Designated Areas,3,Ranking,1992-06-11,1992-08-13,"(38.635790776000476, -92.56630005299968)",15GRP,98,63,False,False,7,5,0.7142857142857143,"['Iowa', 'Illinois', 'Oklahoma', 'Kansas', 'Nebraska']",Iowa,4770.0,0.6249999999999999
1995,4,MO,Missouri,Legislation - Smokefree Indoor Air,Restaurants,Restriction Areas,Type of Restriction in Restaurant Employee Area,Designated Areas,3,Ranking,1992-06-11,1992-12-31,"(38.635790776000476, -92.56630005299968)",15GRP,232,203,False,False,7,4,0.5714285714285714,"['Iowa', 'Illinois', 'Kansas', 'Nebraska']",Iowa,4910.0,0.4999999999999999
1995,4,AK,Alaska,Legislation - Smokefree Indoor Air,Smokefree Indoor Air – Other Sites,Restriction Areas,Grocery Stores,Designated Areas,3,Ranking,1984-04-18,1984-07-17,"(64.84507995700051, -147.72205903599973)",15GRP,97,90,False,False,0,0,,[],,,0.0
1995,4,ID,Idaho,Legislation - Smokefree Indoor Air,Smokefree Indoor Air – Other Sites,Restriction Areas,Hospitals,Designated Areas,3,Ranking,1985-03-11,1986-01-01,"(43.682630005000476, -114.3637300419997)",15GRP,100,296,False,True,5,3,0.6,"['Montana', 'Nevada', 'Oregon']",Montana,3598.0,0.5249999999999999
1995,4,CO,Colorado,Legislation - Smokefree Indoor Air,Smokefree Indoor Air – Other Sites,Restriction Areas,Enclosed Arenas,Designated Areas,3,Ranking,1977-07-01,1977-07-01,"(38.843840757000464, -106.13361092099967)",15GRP,98,0,False,False,6,0,0.0,[],,,0.0
1995,4,OR,Oregon,Legislation - Smokefree Indoor Air,Smokefree Indoor Air – Other Sites,Restriction Areas,Grocery Stores,Designated Areas,3,Ranking,1981-07-21,1983-07-01,"(44.56744942400047, -120.15503132599969)",15GRP,97,710,False,False,4,0,0.0,[],,,0.0
1995,4,RI,Rhode Island,Legislation - Smokefree Indoor Air,Smokefree Indoor Air – Other Sites,Restriction Areas,Grocery Stores,Designated Areas,3,Ranking,1977-05-17,1977-07-16,"(41.70828019300046, -71.52247031399963)",15GRP,97,60,False,False,2,0,0.0,[],,,0.0
1995,4,MT,Montana,Legislation - Smokefree Indoor Air,Restaurants,Restrictions,Type of Restriction in Restaurant (Summary),Designated Areas,3,Ranking,1979-03-29,1979-07-01,"(47.06652897200047, -109.42442064499971)",10GRP,37,94,False,False,3,0,0.0,[],,,0.0
1995,4,GU,Guam,Legislation - Smokefree Indoor Air,Smokefree Indoor Air – Other Sites,Restriction Areas,Enclosed Arenas,Designated Smoking Area,0,Ranking,1992-10-01,1992-11-01,"(13.444304, 144.793731)",15GRP,98,31,False,False,0,0,,[],,,0.0
1995,4,ID,Idaho,Legislation - Smokefree Indoor Air,Smokefree Indoor Air – Other Sites,Restriction Areas,Public Transportation,Designated Areas,3,Ranking,1985-03-11,1986-01-01,"(43.682630005000476, -114.3637300419997)",15GRP,99,296,False,True,5,2,0.4,"['Montana', 'Nevada']",Montana,3598.0,0.35
1995,4,AK,Alaska,Legislation - Smokefree Indoor Air,Restaurants,Restriction Areas,Type of Restriction in Restaurant Employee Area,Designated Areas,3,Ranking,1975-01-01,1975-12-31,"(64.84507995700051, -147.72205903599973)",15GRP,232,364,False,False,0,0,,[],,,0.0
1995,4,MN,Minnesota,Legislation - Smokefree Indoor Air,Restaurants,Restrictions,Type of Restriction in Restaurant (Summary),Designated Areas,3,Ranking,1975-01-01,1975-01-01,"(46.35564873600049, -94.79420050299967)",10GRP,37,0,False,False,4,0,0.0,[],,,0.0
1995,4,MO,Missouri,Legislation - Smokefree Indoor Air,Smokefree Indoor Air – Other Sites,Restriction Areas,Grocery Stores,Designated Areas,3,Ranking,1992-06-11,1992-08-13,"(38.635790776000476, -92.56630005299968)",15GRP,97,63,False,False,7,4,0.5714285714285714,"['Iowa', 'Illinois', 'Kansas', 'Nebraska']",Iowa,4770.0,0.4999999999999999
1995,4,TN,Tennessee,Legislation - Smokefree Indoor Air,Commercial Day Care Centers,Restrictions,Type of Restriction in Commercial Day Care,Designated Areas,3,Ranking,1995-06-12,1995-07-01,"(35.68094058000048, -85.77449091399967)",10GRP,50,19,False,False,7,0,0.0,[],,,0.0
1995,4,VT,Vermont,Legislation - Smokefree Indoor Air,Smokefree Indoor Air – Other Sites,Restriction Areas,Public Transportation,Banned,4,Ranking,1993-05-28,1993-07-01,"(43.62538123900049, -72.51764079099962)",15GRP,99,34,False,True,3,3,1.0,"['New York', 'New Hampshire', 'Massachusetts']",New York,1961.0,0.7
1995,4,MO,Missouri,Legislation - Smokefree Indoor Air,Restaurants,Restrictions,Type of Restriction in Restaurant (Summary),Designated Areas,3,Ranking,1992-06-11,1992-12-31,"(38.635790776000476, -92.56630005299968)",10GRP,37,203,False,False,7,4,0.5714285714285714,"['Iowa', 'Illinois', 'Kansas', 'Nebraska']",Iowa,4910.0,0.4999999999999999
1995,4,FL,Florida,Legislation - Smokefree Indoor Air,Smokefree Indoor Air – Other Sites,Restriction Areas,Public Transportation,Banned,4,Ranking,1985-06-19,1985-10-01,"(28.932040377000476, -81.92896053899966)",15GRP,99,104,False,False,2,0,0.0,[],,,0.0
1995,4,NJ,New Jersey,Legislation - Smokefree Indoor Air,Smokefree Indoor Air – Other Sites,Restriction Areas,Grocery Stores,Banned,4,Ranking,1985-06-12,1985-12-09,"(40.13057004800049, -74.27369128799967)",15GRP,97,180,False,False,3,0,0.0,[],,,0.0
1995,4,NE,Nebraska,Legislation - Smokefree Indoor Air,Bars,Restriction Areas,Type of Restriction in Bar Patron Area,Designated Areas,3,Ranking,1979-01-01,1979-12-31,"(41.6410409880005, -99.36572062299967)",15GRP,235,364,False,False,5,0,0.0,[],,,0.0
1995,4,SC,South Carolina,Legislation - Smokefree Indoor Air,Smokefree Indoor Air – Other Sites,Restriction Areas,Enclosed Arenas,Designated Areas,3,Ranking,1990-05-30,1990-08-01,"(33.998821303000454, -81.04537120699968)",15GRP,98,63,False,False,2,0,0.0,[],,,0.0
1995,4,AR,Arkansas,Legislation - Smokefree Indoor Air,Commercial Day Care Centers,Restrictions,Type of Restriction in Commercial Day Care,Banned,4,Ranking,1985-04-04,1985-07-03,"(34.74865012400045, -92.27449074299966)",10GRP,50,90,False,False,6,0,0.0,[],,,0.0
1995,4,MA,Massachusetts,Legislation - Smokefree Indoor Air,Smokefree Indoor Air – Other Sites,Restriction Areas,Public Transportation,Banned,4,Ranking,1988-01-14,1988-04-13,"(42.27687047000046, -72.08269067499964)",15GRP,99,90,False,False,5,0,0.0,[],,,0.0
1995,4,MA,Massachusetts,Legislation - Smokefree Indoor Air,Restaurants,Restriction Areas,Type of Restriction in Restaurant Patron Area,Designated Areas,3,Ranking,1990-06-26,1990-09-24,"(42.27687047000046, -72.08269067499964)",15GRP,233,90,False,False,5,3,0.6,"['Rhode Island', 'Connecticut', 'New Hampshire']",Rhode Island,4924.0,0.5249999999999999
1995,4,GU,Guam,Legislation - Smokefree Indoor Air,Private Worksites,Restrictions,Type of Restriction in Private Worksite,Designated Smoking Area,0,Ranking,1992-10-01,1992-11-01,"(13.444304, 144.793731)",10GRP,20,31,False,False,0,0,,[],,,0.0
1995,4,NH,New Hampshire,Legislation - Smokefree Indoor Air,Smokefree Indoor Air – Other Sites,Restriction Areas,Enclosed Arenas,Designated Areas,3,Ranking,1990-04-27,1991-01-01,"(43.65595011300047, -71.50036091999965)",15GRP,98,249,False,False,3,0,0.0,[],,,0.0
1995,4,OR,Oregon,Legislation - Smokefree Indoor Air,Smokefree Indoor Air – Other Sites,Restriction Areas,Hospitals,Designated Areas,3,Ranking,1977-06-02,1977-10-04,"(44.56744942400047, -120.15503132599969)",15GRP,100,124,False,False,4,1,0.25,['Nevada'],Nevada,759.0,0.21875
1995,4,ID,Idaho,Legislation - Smokefree Indoor Air,Restaurants,Restriction Areas,Type of Restriction in Restaurant Employee Area,Designated Areas,3,Ranking,1985-01-01,1985-01-01,"(43.682630005000476, -114.3637300419997)",15GRP,232,0,False,False,5,1,0.2,['Oregon'],Oregon,1461.0,0.175
1995,4,IL,Illinois,Legislation - Smokefree Indoor Air,Restaurants,Restriction Areas,Type of Restriction in Restaurant Employee Area,Designated Areas,3,Ranking,1990-01-01,1990-07-01,"(40.48501028300046, -88.99771017799969)",15GRP,232,181,False,False,4,1,0.25,['Wisconsin'],Wisconsin,2557.0,0.21875
1995,4,UT,Utah,Legislation - Smokefree Indoor Air,Smokefree Indoor Air – Other Sites,Restriction Areas,Grocery Stores,Banned,4,Ranking,1994-03-22,1995-01-01,"(39.360700171000474, -111.58713063499971)",15GRP,97,285,False,False,5,0,0.0,[],,,0.0
1995,4,IL,Illinois,Legislation - Smokefree Indoor Air,Smokefree Indoor Air – Other Sites,Restriction Areas,Public Transportation,Designated Areas,3,Ranking,1990-01-09,1990-07-01,"(40.48501028300046, -88.99771017799969)",15GRP,99,173,False,True,4,2,0.5,"['Iowa', 'Wisconsin']",Iowa,2092.0,0.4375
1995,4,OK,Oklahoma,Legislation - Smokefree Indoor Air,Home-based Day Care Centers,Restrictions,Type of Restriction in Home-Based Day Care,Designated Areas,3,Ranking,1994-05-02,1994-07-01,"(35.47203135600046, -97.52107021399968)",10GRP,65,60,False,False,6,0,0.0,[],,,0.0
1995,4,NM,New Mexico,Legislation - Smokefree Indoor Air,Government Worksites,Restrictions,Type of Restriction in Government Worksite,Designated Areas,3,Ranking,1985-04-01,1986-01-01,"(34.52088095200048, -106.24058098499967)",10GRP,1,275,False,False,5,0,0.0,[],,,0.0
1995,4,SC,South Carolina,Legislation - Smokefree Indoor Air,Government Worksites,Restrictions,Type of Restriction in Government Worksite,Designated Areas,3,Ranking,1990-05-30,1990-08-01,"(33.998821303000454, -81.04537120699968)",10GRP,1,63,False,False,2,0,0.0,[],,,0.0
1995,4,FL,Florida,Legislation - Smokefree Indoor Air,Smokefree Indoor Air – Other Sites,Restriction Areas,Hospitals,Designated Areas,3,Ranking,1985-06-19,1985-10-01,"(28.932040377000476, -81.92896053899966)",15GRP,100,104,False,False,2,0,0.0,[],,,0.0
1995,4,NE,Nebraska,Legislation - Smokefree Indoor Air,Restaurants,Restriction Areas,Type of Restriction in Restaurant Bar Area,Designated Areas,3,Ranking,1979-01-01,1979-12-31,"(41.6410409880005, -99.36572062299967)",15GRP,231,364,False,False,5,0,0.0,[],,,0.0
1995,4,GU,Guam,Legislation - Smokefree Indoor Air,Restaurants,Restrictions,Type of Restriction in Restaurant (Summary),Designated Smoking Area,0,Ranking,1992-10-01,1992-11-01,"(13.444304, 144.793731)",10GRP,37,31,False,False,0,0,,[],,,0.0
1995,4,NY,New York,Legislation - Smokefree Indoor Air,Government Worksites,Vehicles,Type of Restriction in Government Worksite Vehicle,Banned,4,Ranking,1989-07-05,1990-01-01,"(42.82700103200045, -75.54397042699964)",30GRP,17,180,False,False,5,0,0.0,[],,,0.0
1995,4,SD,South Dakota,Legislation - Smokefree Indoor Air,Smokefree Indoor Air – Other Sites,Restriction Areas,Hospitals,Designated Areas,3,Ranking,1987-03-17,1987-06-15,"(44.353130053000484, -100.3735306369997)",15GRP,100,90,False,True,5,3,0.6,"['North Dakota', 'Nebraska', 'Montana']",North Dakota,3638.0,0.5249999999999999
1995,4,ME,Maine,Legislation - Smokefree Indoor Air,Hotels and Motels,Additional Requirements,Sleeping Room Designation (Type),Smoking Room,3,Ranking,1993-06-15,1994-01-01,"(45.254228894000505, -68.98503133599962)",20GRP,83,200,False,False,1,0,0.0,[],,,0.0
1995,4,IA,Iowa,Legislation - Smokefree Indoor Air,Restaurants,Restriction Areas,Type of Restriction in Restaurant Bar Area,Designated Areas,3,Ranking,1990-04-24,1990-04-24,"(42.46940091300047, -93.81649055599968)",15GRP,231,0,False,False,6,4,0.6666666666666666,"['Minnesota', 'Wisconsin', 'Illinois', 'Nebraska']",Minnesota,5592.0,0.5833333333333333
1995,4,WA,Washington,Legislation - Smokefree Indoor Air,Smokefree Indoor Air – Other Sites,Restriction Areas,Grocery Stores,Designated Areas,3,Ranking,1985-05-10,1985-07-28,"(47.52227862900048, -120.47001078999972)",15GRP,97,79,False,True,2,2,1.0,"['Idaho', 'Oregon']",Idaho,1389.0,0.7
1995,4,VT,Vermont,Legislation - Smokefree Indoor Air,Restaurants,Restriction Areas,Type of Restriction in Restaurant Patron Area,Banned,4,Ranking,1993-05-28,1993-07-01,"(43.62538123900049, -72.51764079099962)",15GRP,233,34,False,False,3,0,0.0,[],,,0.0
1995,4,ND,North Dakota,Legislation - Smokefree Indoor Air,Smokefree Indoor Air – Other Sites,Restriction Areas,Hospitals,Designated Areas,3,Ranking,1977-03-31,1977-08-01,"(47.47531977900047, -100.11842104899966)",15GRP,100,123,False,False,3,0,0.0,[],,,0.0
1995,4,LA,Louisiana,Legislation - Smokefree Indoor Air,Smokefree Indoor Air – Other Sites,Restriction Areas,Hospitals,Designated Areas,3,Ranking,1992-07-13,1992-08-15,"(31.31266064400046, -92.44568007099969)",15GRP,100,33,False,False,3,2,0.6666666666666666,"['Texas', 'Arkansas']",Texas,6261.0,0.5833333333333333
1995,4,PA,Pennsylvania,Legislation - Smokefree Indoor Air,Smokefree Indoor Air – Other Sites,Restriction Areas,Hospitals,Designated Areas,3,Ranking,1977-12-01,1978-01-30,"(40.79373015200048, -77.86070029399963)",15GRP,100,60,False,False,6,1,0.16666666666666666,['Ohio'],Ohio,550.0,0.21980593607305932
1995,4,NV,Nevada,Legislation - Smokefree Indoor Air,Restaurants,Restriction Areas,Type of Restriction in Restaurant Employee Area,Designated Areas,3,Ranking,1991-06-06,1991-10-01,"(39.493240390000494, -117.07184056399967)",15GRP,232,117,False,False,5,2,0.4,"['Idaho', 'Oregon']",Idaho,3808.0,0.35
1995,4,MA,Massachusetts,Legislation - Smokefree Indoor Air,Restaurants,Restriction Areas,Type of Restriction in Restaurant Bar Area,Designated Areas,3,Ranking,1990-06-26,1990-09-24,"(42.27687047000046, -72.08269067499964)",15GRP,231,90,False,False,5,2,0.4,"['Rhode Island', 'Connecticut']",Rhode Island,4924.0,0.35
1995,4,CT,Connecticut,Legislation - Smokefree Indoor Air,Restaurants,Restriction Areas,Type of Restriction in Restaurant Bar Area,Designated Areas,3,Ranking,1979-01-01,1979-12-31,"(41.56266102000046, -72.64984095199964)",15GRP,231,364,False,True,3,1,0.3333333333333333,['Rhode Island'],Rhode Island,730.0,0.29166666666666663
1995,4,MN,Minnesota,Legislation - Smokefree Indoor Air,Hotels and Motels,Restrictions,Type of Restriction in Lobby and Common Area of Hotel and Motel,Designated Areas,3,Ranking,1994-04-25,1994-04-28,"(46.35564873600049, -94.79420050299967)",10GRP,81,3,False,False,4,0,0.0,[],,,0.0
1995,4,GU,Guam,Legislation - Smokefree Indoor Air,Hotels and Motels,Restrictions,Type of Restriction in Lobby and Common Area of Hotel and Motel,Banned,4,Ranking,1992-10-01,1992-11-01,"(13.444304, 144.793731)",10GRP,81,31,False,False,0,0,,[],,,0.0
1995,4,PR,Puerto Rico,Legislation - Smokefree Indoor Air,Smokefree Indoor Air – Other Sites,Restriction Areas,Prisons,Designated Smoking Area,0,Ranking,1993-08-03,1994-01-30,"(18.220833, -66.590149)",15GRP,101,180,False,False,0,0,,[],,,0.0
1995,4,KS,Kansas,Legislation - Smokefree Indoor Air,Restaurants,Restrictions,Type of Restriction in Restaurant (Summary),Designated Areas,3,Ranking,1987-07-01,1987-12-31,"(38.34774030000045, -98.20078122699965)",10GRP,37,183,False,False,4,1,0.25,['Nebraska'],Nebraska,3103.0,0.21875
1995,4,MO,Missouri,Legislation - Smokefree Indoor Air,Private Worksites,Restrictions,Type of Restriction in Private Worksite,Designated Areas,3,Ranking,1992-06-11,1992-08-28,"(38.635790776000476, -92.56630005299968)",10GRP,20,78,False,False,7,3,0.42857142857142855,"['Iowa', 'Illinois', 'Nebraska']",Iowa,4770.0,0.37499999999999994
1995,4,MT,Montana,Legislation - Smokefree Indoor Air,Smokefree Indoor Air – Other Sites,Restriction Areas,Hospitals,Designated Areas,3,Ranking,1979-03-29,1979-07-01,"(47.06652897200047, -109.42442064499971)",15GRP,100,94,False,True,3,1,0.3333333333333333,['North Dakota'],North Dakota,728.0,0.2924885844748858
1995,4,FL,Florida,Legislation - Smokefree Indoor Air,Restaurants,Restrictions,Type of Restriction in Restaurant (Summary),Designated Areas,3,Ranking,1985-01-01,1985-01-01,"(28.932040377000476, -81.92896053899966)",10GRP,37,0,False,False,2,0,0.0,[],,,0.0
1995,4,UT,Utah,Legislation - Smokefree Indoor Air,Private Worksites,Restrictions,Type of Restriction in Private Worksite,Designated Areas,3,Ranking,1994-03-22,1995-01-01,"(39.360700171000474, -111.58713063499971)",10GRP,20,285,False,False,5,0,0.0,[],,,0.0
1995,4,VA,Virginia,Legislation - Smokefree Indoor Air,Restaurants,Restriction Areas,Type of Restriction in Restaurant Employee Area,Designated Areas,3,Ranking,1990-04-18,1990-12-31,"(37.54268067400045, -78.45789046299967)",15GRP,232,257,False,False,5,0,0.0,[],,,0.0
1995,4,OK,Oklahoma,Legislation - Smokefree Indoor Air,Government Worksites,Restrictions,Type of Restriction in Government Worksite,Designated Areas,3,Ranking,1987-06-24,1987-11-01,"(35.47203135600046, -97.52107021399968)",10GRP,1,130,False,True,6,2,0.3333333333333333,"['Kansas', 'New Mexico']",Kansas,814.0,0.29166666666666663
1995,4,UT,Utah,Legislation - Smokefree Indoor Air,Smokefree Indoor Air – Other Sites,Restriction Areas,Malls,Banned,4,Ranking,1994-03-22,1995-01-01,"(39.360700171000474, -111.58713063499971)",15GRP,96,285,False,False,5,0,0.0,[],,,0.0
1995,4,VA,Virginia,Legislation - Smokefree Indoor Air,Smokefree Indoor Air – Other Sites,Restriction Areas,Hospitals,Designated Areas,3,Ranking,1990-04-18,1991-07-01,"(37.54268067400045, -78.45789046299967)",15GRP,100,439,False,False,5,1,0.2,['District of Columbia'],District of Columbia,3936.0,0.175
1995,4,AK,Alaska,Legislation - Smokefree Indoor Air,Smokefree Indoor Air – Other Sites,Restriction Areas,Public Transportation,Designated Areas,3,Ranking,1984-04-18,1984-07-17,"(64.84507995700051, -147.72205903599973)",15GRP,99,90,False,False,0,0,,[],,,0.0
1995,4,AK,Alaska,Legislation - Smokefree Indoor Air,Commercial Day Care Centers,Restrictions,Type of Restriction in Commercial Day Care,Banned,4,Ranking,1990-05-16,1990-08-14,"(64.84507995700051, -147.72205903599973)",10GRP,50,90,False,False,0,0,,[],,,0.0
1995,4,WI,Wisconsin,Legislation - Smokefree Indoor Air,Commercial Day Care Centers,Restrictions,Type of Restriction in Commercial Day Care,Banned,4,Ranking,1994-04-14,1994-04-29,"(44.39319117400049, -89.81637074199966)",10GRP,50,15,False,True,4,3,0.75,"['Michigan', 'Minnesota', 'Illinois']",Michigan,2506.0,0.65625
1995,4,HI,Hawaii,Legislation - Smokefree Indoor Air,Restaurants,Restrictions,Type of Restriction in Restaurant (Summary),Designated Areas,3,Ranking,1987-01-01,1987-01-01,"(21.304850435000446, -157.85774940299973)",10GRP,37,0,False,False,0,0,,[],,,0.0
1995,4,NV,Nevada,Legislation - Smokefree Indoor Air,Restaurants,Restriction Areas,Type of Restriction in Restaurant Patron Area,Designated Areas,3,Ranking,1991-06-06,1991-10-01,"(39.493240390000494, -117.07184056399967)",15GRP,233,117,False,False,5,2,0.4,"['Idaho', 'Oregon']",Idaho,3808.0,0.35
1995,4,MA,Massachusetts,Legislation - Smokefree Indoor Air,Restaurants,Restriction Areas,Type of Restriction in Restaurant Employee Area,Designated Areas,3,Ranking,1990-06-26,1990-09-24,"(42.27687047000046, -72.08269067499964)",15GRP,232,90,False,False,5,3,0.6,"['Rhode Island', 'Connecticut', 'New Hampshire']",Rhode Island,4924.0,0.5249999999999999
1995,4,CA,California,Legislation - Smokefree Indoor Air,Hotels and Motels,Additional Requirements,Sleeping Room Designation (Type),Smoking Room,3,Ranking,1994-07-21,1995-01-01,"(37.63864012300047, -120.99999953799971)",20GRP,83,164,False,False,3,0,0.0,[],,,0.0
1995,4,MO,Missouri,Legislation - Smokefree Indoor Air,Bars,Restrictions,Type of Restriction in Bar (Summary),Designated Areas,3,Ranking,1992-06-11,1992-12-31,"(38.635790776000476, -92.56630005299968)",10GRP,234,203,False,False,7,1,0.14285714285714285,['Nebraska'],Nebraska,4910.0,0.12499999999999997
1995,4,ME,Maine,Legislation - Smokefree Indoor Air,Smokefree Indoor Air – Other Sites,Restriction Areas,Public Transportation,Designated Areas,3,Ranking,1993-06-15,1994-01-01,"(45.254228894000505, -68.98503133599962)",15GRP,99,200,False,False,1,0,0.0,[],,,0.0
1995,4,NE,Nebraska,Legislation - Smokefree Indoor Air,Government Worksites,Vehicles,Type of Restriction in Government Worksite Vehicle,Banned,4,Ranking,1979-05-21,1980-01-01,"(41.6410409880005, -99.36572062299967)",30GRP,17,225,False,False,5,0,0.0,[],,,0.0
1995,4,MO,Missouri,Legislation - Smokefree Indoor Air,Smokefree Indoor Air – Other Sites,Restriction Areas,Malls,Designated Areas,3,Ranking,1992-06-11,1992-08-13,"(38.635790776000476, -92.56630005299968)",15GRP,96,63,False,False,7,1,0.14285714285714285,['Iowa'],Iowa,779.0,0.12499999999999997
1995,4,WI,Wisconsin,Legislation - Smokefree Indoor Air,Restaurants,Restriction Areas,Type of Restriction in Restaurant Bar Area,Designated Areas,3,Ranking,1983-01-01,1983-12-31,"(44.39319117400049, -89.81637074199966)",15GRP,231,364,False,False,4,1,0.25,['Minnesota'],Minnesota,2922.0,0.21875
1995,4,GU,Guam,Legislation - Smokefree Indoor Air,Government Worksites,Restrictions,Type of Restriction in Government Worksite,Designated Smoking Area,0,Ranking,1992-10-01,1992-11-01,"(13.444304, 144.793731)",10GRP,1,31,False,False,0,0,,[],,,0.0
1995,4,MT,Montana,Legislation - Smokefree Indoor Air,Smokefree Indoor Air – Other Sites,Restriction Areas,Public Transportation,Designated Areas,3,Ranking,1979-03-29,1979-07-01,"(47.06652897200047, -109.42442064499971)",15GRP,99,94,False,True,3,1,0.3333333333333333,['South Dakota'],South Dakota,1861.0,0.29166666666666663
1995,4,MN,Minnesota,Legislation - Smokefree Indoor Air,Government Worksites,Restrictions,Type of Restriction in Government Worksite,Designated Areas,3,Ranking,1975-06-02,1975-06-02,"(46.35564873600049, -94.79420050299967)",10GRP,1,0,False,False,4,0,0.0,[],,,0.0
1995,4,GU,Guam,Legislation - Smokefree Indoor Air,Home-based Day Care Centers,Restrictions,Type of Restriction in Home-Based Day Care,Designated Smoking Area,0,Ranking,1992-10-01,1992-11-01,"(13.444304, 144.793731)",10GRP,65,31,False,False,0,0,,[],,,0.0
1995,4,IL,Illinois,Legislation - Smokefree Indoor Air,Smokefree Indoor Air – Other Sites,Restriction Areas,Grocery Stores,Designated Areas,3,Ranking,1990-01-09,1990-07-01,"(40.48501028300046, -88.99771017799969)",15GRP,97,173,False,True,4,2,0.5,"['Iowa', 'Wisconsin']",Iowa,2092.0,0.4375
1995,4,FL,Florida,Legislation - Smokefree Indoor Air,Private Worksites,Restrictions,Type of Restriction in Private Worksite,Designated Areas,3,Ranking,1985-06-19,1985-10-01,"(28.932040377000476, -81.92896053899966)",10GRP,20,104,False,False,2,0,0.0,[],,,0.0
1995,4,WI,Wisconsin,Legislation - Smokefree Indoor Air,Private Worksites,Restrictions,Type of Restriction in Private Worksite,Designated Areas,3,Ranking,1984-04-18,1984-04-26,"(44.39319117400049, -89.81637074199966)",10GRP,20,8,False,False,4,1,0.25,['Minnesota'],Minnesota,3243.0,0.21875
1995,4,NV,Nevada,Legislation - Smokefree Indoor Air,Smokefree Indoor Air – Other Sites,Restriction Areas,Hospitals,Designated Areas,3,Ranking,1975-05-05,1975-05-05,"(39.493240390000494, -117.07184056399967)",15GRP,100,0,False,False,5,0,0.0,[],,,0.0
1995,4,ME,Maine,Legislation - Smokefree Indoor Air,Home-based Day Care Centers,Restrictions,Type of Restriction in Home-Based Day Care,Designated Areas,3,Ranking,1993-06-15,1994-01-01,"(45.254228894000505, -68.98503133599962)",10GRP,65,200,False,False,1,0,0.0,[],,,0.0
1995,4,CA,California,Legislation - Smokefree Indoor Air,Commercial Day Care Centers,Restrictions,Type of Restriction in Commercial Day Care,Banned,4,Ranking,1986-07-16,1987-01-01,"(37.63864012300047, -120.99999953799971)",10GRP,50,169,False,False,3,0,0.0,[],,,0.0
1995,4,NH,New Hampshire,Legislation - Smokefree Indoor Air,Smokefree Indoor Air – Other Sites,Restriction Areas,Malls,Designated Areas,3,Ranking,1990-04-27,1991-01-01,"(43.65595011300047, -71.50036091999965)",15GRP,96,249,False,False,3,0,0.0,[],,,0.0
1995,4,FL,Florida,Legislation - Smokefree Indoor Air,Restaurants,Restriction Areas,Type of Restriction in Restaurant Patron Area,Designated Areas,3,Ranking,1985-01-01,1985-01-01,"(28.932040377000476, -81.92896053899966)",15GRP,233,0,False,False,2,0,0.0,[],,,0.0
1995,4,MN,Minnesota,Legislation - Smokefree Indoor Air,Restaurants,Restriction Areas,Type of Restriction in Restaurant Patron Area,Designated Areas,3,Ranking,1975-01-01,1975-01-01,"(46.35564873600049, -94.79420050299967)",15GRP,233,0,False,False,4,0,0.0,[],,,0.0
1995,4,MT,Montana,Legislation - Smokefree Indoor Air,Smokefree Indoor Air – Other Sites,Restriction Areas,Enclosed Arenas,Designated Areas,3,Ranking,1979-03-29,1979-07-01,"(47.06652897200047, -109.42442064499971)",15GRP,98,94,False,False,3,0,0.0,[],,,0.0
1995,4,MA,Massachusetts,Legislation - Smokefree Indoor Air,Home-based Day Care Centers,Restrictions,Type of Restriction in Home-Based Day Care,Designated Areas,3,Ranking,1988-01-14,1988-04-13,"(42.27687047000046, -72.08269067499964)",10GRP,65,90,False,False,5,0,0.0,[],,,0.0
1995,4,IA,Iowa,Legislation - Smokefree Indoor Air,Government Worksites,Restrictions,Type of Restriction in Government Worksite,Designated Areas,3,Ranking,1987-06-08,1987-07-01,"(42.46940091300047, -93.81649055599968)",10GRP,1,23,False,False,6,3,0.5,"['Minnesota', 'Wisconsin', 'Nebraska']",Minnesota,4389.0,0.4375
1995,4,HI,Hawaii,Legislation - Smokefree Indoor Air,Smokefree Indoor Air – Other Sites,Restriction Areas,Grocery Stores,Designated Areas,3,Ranking,1987-06-23,1988-07-01,"(21.304850435000446, -157.85774940299973)",15GRP,97,374,False,False,0,0,,[],,,0.0
1995,4,DC,District of Columbia,Legislation - Smokefree Indoor Air,Smokefree Indoor Air – Other Sites,Restriction Areas,Hospitals,Designated Areas,3,Ranking,1979-07-09,1979-09-28,"(38.89037138500049, -77.03196112699965)",15GRP,100,81,False,False,2,0,0.0,[],,,0.0
1995,4,RI,Rhode Island,Legislation - Smokefree Indoor Air,Restaurants,Restriction Areas,Type of Restriction in Restaurant Bar Area,Designated Areas,3,Ranking,1977-01-01,1977-12-31,"(41.70828019300046, -71.52247031399963)",15GRP,231,364,False,False,2,0,0.0,[],,,0.0
1995,4,MI,Michigan,Legislation - Smokefree Indoor Air,Smokefree Indoor Air – Other Sites,Restriction Areas,Grocery Stores,Designated Areas,3,Ranking,1976-03-11,1977-03-31,"(44.6613195430005, -84.71439026999968)",15GRP,97,385,False,False,3,0,0.0,[],,,0.0
1995,4,DE,Delaware,Legislation - Smokefree Indoor Air,Smokefree Indoor Air – Other Sites,Restriction Areas,Hospitals,Banned,4,Ranking,1994-06-28,1994-06-28,"(39.008830667000495, -75.57774116799965)",15GRP,100,0,False,False,3,0,0.0,[],,,0.0
1995,4,ID,Idaho,Legislation - Smokefree Indoor Air,Restaurants,Restriction Areas,Type of Restriction in Restaurant Patron Area,Designated Areas,3,Ranking,1985-01-01,1985-01-01,"(43.682630005000476, -114.3637300419997)",15GRP,233,0,False,False,5,1,0.2,['Oregon'],Oregon,1461.0,0.175
1995,4,ND,North Dakota,Legislation - Smokefree Indoor Air,Restaurants,Restriction Areas,Type of Restriction in Restaurant Patron Area,Designated Areas,3,Ranking,1993-01-01,1993-12-31,"(47.47531977900047, -100.11842104899966)",15GRP,233,364,False,False,3,1,0.3333333333333333,['Minnesota'],Minnesota,6575.0,0.29166666666666663
1995,4,IA,Iowa,Legislation - Smokefree Indoor Air,Restaurants,Restriction Areas,Type of Restriction in Restaurant Patron Area,Designated Areas,3,Ranking,1990-04-24,1990-04-24,"(42.46940091300047, -93.81649055599968)",15GRP,233,0,False,False,6,4,0.6666666666666666,"['Minnesota', 'Wisconsin', 'Illinois', 'Nebraska']",Minnesota,5592.0,0.5833333333333333
1995,4,FL,Florida,Legislation - Smokefree Indoor Air,Smokefree Indoor Air – Other Sites,Restriction Areas,Grocery Stores,Banned,4,Ranking,1985-06-19,1985-10-01,"(28.932040377000476, -81.92896053899966)",15GRP,97,104,False,False,2,0,0.0,[],,,0.0
1995,4,MN,Minnesota,Legislation - Smokefree Indoor Air,Smokefree Indoor Air – Other Sites,Restriction Areas,Hospitals,Banned,4,Ranking,1975-06-02,1975-06-02,"(46.35564873600049, -94.79420050299967)",15GRP,100,0,False,False,4,0,0.0,[],,,0.0
1995,4,NY,New York,Legislation - Smokefree Indoor Air,Private Worksites,Vehicles,Type of Restriction in Private Worksite Vehicle,Banned,4,Ranking,1989-07-05,1990-01-01,"(42.82700103200045, -75.54397042699964)",30GRP,34,180,False,False,5,0,0.0,[],,,0.0
1995,4,DE,Delaware,Legislation - Smokefree Indoor Air,Commercial Day Care Centers,Restrictions,Type of Restriction in Commercial Day Care,Banned,4,Ranking,1994-06-28,1994-06-28,"(39.008830667000495, -75.57774116799965)",10GRP,50,0,False,False,3,0,0.0,[],,,0.0
1995,4,NJ,New Jersey,Legislation - Smokefree Indoor Air,Smokefree Indoor Air – Other Sites,Restriction Areas,Public Transportation,Banned,4,Ranking,1985-06-12,1985-12-09,"(40.13057004800049, -74.27369128799967)",15GRP,99,180,False,False,3,0,0.0,[],,,0.0
1995,4,GU,Guam,Legislation - Smokefree Indoor Air,Smokefree Indoor Air – Other Sites,Restriction Areas,Malls,Designated Smoking Area,0,Ranking,1992-10-01,1992-11-01,"(13.444304, 144.793731)",15GRP,96,31,False,False,0,0,,[],,,0.0
1995,4,SD,South Dakota,Legislation - Smokefree Indoor Air,Government Worksites,Restrictions,Type of Restriction in Government Worksite,Banned,4,Ranking,1992-08-28,1992-11-19,"(44.353130053000484, -100.3735306369997)",10GRP,1,83,False,False,5,0,0.0,[],,,0.0
1995,4,AK,Alaska,Legislation - Smokefree Indoor Air,Government Worksites,Restrictions,Type of Restriction in Government Worksite,Designated Areas,3,Ranking,1984-04-18,1984-07-17,"(64.84507995700051, -147.72205903599973)",10GRP,1,90,False,False,0,0,,[],,,0.0
1995,4,IL,Illinois,Legislation - Smokefree Indoor Air,Government Worksites,Restrictions,Type of Restriction in Government Worksite,Designated Areas,3,Ranking,1990-01-09,1990-07-01,"(40.48501028300046, -88.99771017799969)",10GRP,1,173,False,True,4,2,0.5,"['Iowa', 'Wisconsin']",Iowa,2092.0,0.4375
1995,4,KS,Kansas,Legislation - Smokefree Indoor Air,Restaurants,Restriction Areas,Type of Restriction in Restaurant Patron Area,Designated Areas,3,Ranking,1987-07-01,1987-12-31,"(38.34774030000045, -98.20078122699965)",15GRP,233,183,False,False,4,1,0.25,['Nebraska'],Nebraska,3103.0,0.21875
1995,4,PA,Pennsylvania,Legislation - Smokefree Indoor Air,Restaurants,Restrictions,Type of Restriction in Restaurant (Summary),Designated Areas,3,Ranking,1988-12-21,1988-12-31,"(40.79373015200048, -77.86070029399963)",10GRP,37,10,False,False,6,0,0.0,[],,,0.0
1995,4,IA,Iowa,Legislation - Smokefree Indoor Air,Smokefree Indoor Air – Other Sites,Restriction Areas,Public Transportation,Designated Areas,3,Ranking,1987-06-08,1987-07-01,"(42.46940091300047, -93.81649055599968)",15GRP,99,23,False,False,6,3,0.5,"['Wisconsin', 'Nebraska', 'South Dakota']",Wisconsin,4854.0,0.4375
1995,4,MO,Missouri,Legislation - Smokefree Indoor Air,Hotels and Motels,Restrictions,Type of Restriction in Lobby and Common Area of Hotel and Motel,Designated Areas,3,Ranking,1992-06-11,1992-09-09,"(38.635790776000476, -92.56630005299968)",10GRP,81,90,False,False,7,1,0.14285714285714285,['Illinois'],Illinois,884.0,0.12499999999999997
1995,4,OR,Oregon,Legislation - Smokefree Indoor Air,Government Worksites,Restrictions,Type of Restriction in Government Worksite,Designated Areas,3,Ranking,1977-07-26,1977-10-04,"(44.56744942400047, -120.15503132599969)",10GRP,1,70,False,False,4,1,0.25,['Nevada'],Nevada,82.0,0.48505136986301367
1995,4,CO,Colorado,Legislation - Smokefree Indoor Air,Smokefree Indoor Air – Other Sites,Restriction Areas,Hospitals,Designated Areas,3,Ranking,1977-07-01,1977-07-01,"(38.843840757000464, -106.13361092099967)",15GRP,100,0,False,False,6,0,0.0,[],,,0.0
1995,4,NH,New Hampshire,Legislation - Smokefree Indoor Air,Smokefree Indoor Air – Other Sites,Restriction Areas,Prisons,Designated Areas,3,Ranking,1990-04-27,1991-01-01,"(43.65595011300047, -71.50036091999965)",15GRP,101,249,False,False,3,0,0.0,[],,,0.0
1995,4,CA,California,Legislation - Smokefree Indoor Air,Restaurants,Restrictions,Type of Restriction in Restaurant (Summary),Designated Areas,3,Ranking,1994-07-21,1995-01-01,"(37.63864012300047, -120.99999953799971)",10GRP,37,164,False,False,3,2,0.6666666666666666,"['Oregon', 'Nevada']",Oregon,4949.0,0.5833333333333333
1995,4,WI,Wisconsin,Legislation - Smokefree Indoor Air,Smokefree Indoor Air – Other Sites,Restriction Areas,Public Transportation,Designated Areas,3,Ranking,1984-04-18,1984-04-26,"(44.39319117400049, -89.81637074199966)",15GRP,99,8,False,False,4,0,0.0,[],,,0.0
1995,4,PR,Puerto Rico,Legislation - Smokefree Indoor Air,Smokefree Indoor Air – Other Sites,Restriction Areas,Public Transportation,Banned,4,Ranking,1993-08-03,1994-01-30,"(18.220833, -66.590149)",15GRP,99,180,False,False,0,0,,[],,,0.0
1995,4,PR,Puerto Rico,Legislation - Smokefree Indoor Air,Restaurants,Restriction Areas,Type of Restriction in Restaurant Patron Area,Designated Smoking Area,0,Ranking,1993-08-03,1994-01-30,"(18.220833, -66.590149)",15GRP,233,180,False,False,0,0,,[],,,0.0
1995,4,PR,Puerto Rico,Legislation - Smokefree Indoor Air,Smokefree Indoor Air – Other Sites,Restriction Areas,Hospitals,Designated Smoking Area,0,Ranking,1993-08-03,1994-01-30,"(18.220833, -66.590149)",15GRP,100,180,False,False,0,0,,[],,,0.0
1995,4,PR,Puerto Rico,Legislation - Smokefree Indoor Air,Smokefree Indoor Air – Other Sites,Restriction Areas,Mental Health - Residential Facilities,Designated Smoking Area,0,Ranking,1993-08-03,1994-01-30,"(18.220833, -66.590149)",15GRP,341,180,False,False,0,0,,[],,,0.0
1995,4,VA,Virginia,Legislation - Smokefree Indoor Air,Government Worksites,Restrictions,Type of Restriction in Government Worksite,Designated Areas,3,Ranking,1990-04-18,1991-07-01,"(37.54268067400045, -78.45789046299967)",10GRP,1,439,False,False,5,1,0.2,['District of Columbia'],District of Columbia,3936.0,0.175
1995,4,KS,Kansas,Legislation - Smokefree Indoor Air,Smokefree Indoor Air – Other Sites,Restriction Areas,Grocery Stores,Designated Areas,3,Ranking,1987-04-14,1987-07-01,"(38.34774030000045, -98.20078122699965)",15GRP,97,78,False,False,4,1,0.25,['Nebraska'],Nebraska,2885.0,0.21875
1995,4,FL,Florida,Legislation - Smokefree Indoor Air,Commercial Day Care Centers,Restrictions,Type of Restriction in Commercial Day Care,Banned,4,Ranking,1992-04-10,1992-10-01,"(28.932040377000476, -81.92896053899966)",10GRP,50,174,False,False,2,0,0.0,[],,,0.0
1995,4,ND,North Dakota,Legislation - Smokefree Indoor Air,Government Worksites,Restrictions,Type of Restriction in Government Worksite,Designated Areas,3,Ranking,1977-03-31,1977-08-01,"(47.47531977900047, -100.11842104899966)",10GRP,1,123,False,True,3,1,0.3333333333333333,['Minnesota'],Minnesota,668.0,0.31714611872146115
1995,4,OH,Ohio,Legislation - Smokefree Indoor Air,Smokefree Indoor Air – Other Sites,Restriction Areas,Public Transportation,Designated Areas,3,Ranking,1976-05-30,1976-08-31,"(40.06021014100048, -82.40426005599966)",15GRP,99,93,False,False,4,0,0.0,[],,,0.0
1995,4,AR,Arkansas,Legislation - Smokefree Indoor Air,Smokefree Indoor Air – Other Sites,Restriction Areas,Hospitals,Designated Areas,3,Ranking,1977-03-24,1977-06-22,"(34.74865012400045, -92.27449074299966)",15GRP,100,90,False,False,6,1,0.16666666666666666,['Texas'],Texas,671.0,0.17007990867579906
1995,4,PA,Pennsylvania,Legislation - Smokefree Indoor Air,Restaurants,Restriction Areas,Type of Restriction in Restaurant Employee Area,Designated Areas,3,Ranking,1988-12-21,1988-12-31,"(40.79373015200048, -77.86070029399963)",15GRP,232,10,False,False,6,0,0.0,[],,,0.0
1995,4,HI,Hawaii,Legislation - Smokefree Indoor Air,Restaurants,Restriction Areas,Type of Restriction in Restaurant Patron Area,Designated Areas,3,Ranking,1987-01-01,1987-01-01,"(21.304850435000446, -157.85774940299973)",15GRP,233,0,False,False,0,0,,[],,,0.0
1995,4,GU,Guam,Legislation - Smokefree Indoor Air,Smokefree Indoor Air – Other Sites,Restriction Areas,Hospitals,Designated Smoking Area,0,Ranking,1992-10-01,1992-11-01,"(13.444304, 144.793731)",15GRP,100,31,False,False,0,0,,[],,,0.0
1995,4,RI,Rhode Island,Legislation - Smokefree Indoor Air,Smokefree Indoor Air – Other Sites,Restriction Areas,Public Transportation,Designated Areas,3,Ranking,1977-05-17,1977-07-16,"(41.70828019300046, -71.52247031399963)",15GRP,99,60,False,False,2,0,0.0,[],,,0.0
1995,4,WA,Washington,Legislation - Smokefree Indoor Air,Government Worksites,Restrictions,Type of Restriction in Government Worksite,Banned,4,Ranking,1988-08-29,1989-01-01,"(47.52227862900048, -120.47001078999972)",10GRP,1,125,False,False,2,0,0.0,[],,,0.0
1995,4,MT,Montana,Legislation - Smokefree Indoor Air,Government Worksites,Restrictions,Type of Restriction in Government Worksite,Designated Areas,3,Ranking,1985-04-16,1985-10-01,"(47.06652897200047, -109.42442064499971)",10GRP,1,168,False,True,3,1,0.3333333333333333,['North Dakota'],North Dakota,2938.0,0.29166666666666663
1995,4,MO,Missouri,Legislation - Smokefree Indoor Air,Smokefree Indoor Air – Other Sites,Restriction Areas,Hospitals,Designated Areas,3,Ranking,1992-06-11,1992-08-13,"(38.635790776000476, -92.56630005299968)",15GRP,100,63,False,False,7,6,0.8571428571428571,"['Iowa', 'Illinois', 'Arkansas', 'Oklahoma', 'Kansas', 'Nebraska']",Iowa,5558.0,0.7
1995,4,NH,New Hampshire,Legislation - Smokefree Indoor Air,Commercial Day Care Centers,Restrictions,Type of Restriction in Commercial Day Care,Banned,4,Ranking,1990-04-27,1991-01-01,"(43.65595011300047, -71.50036091999965)",10GRP,50,249,False,False,3,0,0.0,[],,,0.0
1995,4,NH,New Hampshire,Legislation - Smokefree Indoor Air,Private Worksites,Restrictions,Type of Restriction in Private Worksite,Designated Areas,3,Ranking,1990-04-27,1991-01-01,"(43.65595011300047, -71.50036091999965)",10GRP,20,249,False,True,3,1,0.3333333333333333,['Vermont'],Vermont,1059.0,0.29166666666666663
1995,4,OK,Oklahoma,Legislation - Smokefree Indoor Air,Commercial Day Care Centers,Restrictions,Type of Restriction in Commercial Day Care,Designated Areas,3,Ranking,1994-05-02,1994-07-01,"(35.47203135600046, -97.52107021399968)",10GRP,50,60,False,False,6,0,0.0,[],,,0.0
1995,4,NH,New Hampshire,Legislation - Smokefree Indoor Air,Smokefree Indoor Air – Other Sites,Restriction Areas,Grocery Stores,Designated Areas,3,Ranking,1990-04-27,1991-01-01,"(43.65595011300047, -71.50036091999965)",15GRP,97,249,False,False,3,0,0.0,[],,,0.0
1995,4,NJ,New Jersey,Legislation - Smokefree Indoor Air,Government Worksites,Restrictions,Type of Restriction in Government Worksite,Designated Areas,3,Ranking,1985-12-18,1986-09-01,"(40.13057004800049, -74.27369128799967)",10GRP,1,257,False,False,3,0,0.0,[],,,0.0
1995,4,DE,Delaware,Legislation - Smokefree Indoor Air,Smokefree Indoor Air – Other Sites,Restriction Areas,Grocery Stores,Banned,4,Ranking,1994-06-28,1994-06-28,"(39.008830667000495, -75.57774116799965)",15GRP,97,0,False,True,3,1,0.3333333333333333,['New Jersey'],New Jersey,3303.0,0.29166666666666663
1995,4,PA,Pennsylvania,Legislation - Smokefree Indoor Air,Smokefree Indoor Air – Other Sites,Restriction Areas,Enclosed Arenas,Designated Areas,3,Ranking,1988-12-21,1989-02-19,"(40.79373015200048, -77.86070029399963)",15GRP,98,60,False,False,6,0,0.0,[],,,0.0
1995,4,NY,New York,Legislation - Smokefree Indoor Air,Smokefree Indoor Air – Other Sites,Restriction Areas,Enclosed Arenas,Designated Areas,3,Ranking,1989-07-05,1990-01-01,"(42.82700103200045, -75.54397042699964)",15GRP,98,180,False,False,5,1,0.2,['Pennsylvania'],Pennsylvania,196.0,0.3944520547945205
1995,4,WA,Washington,Legislation - Smokefree Indoor Air,Smokefree Indoor Air – Other Sites,Restriction Areas,Public Transportation,Banned,4,Ranking,1985-05-10,1995-07-28,"(47.52227862900048, -120.47001078999972)",15GRP,99,3731,False,False,2,0,0.0,[],,,0.0
1995,4,NH,New Hampshire,Legislation - Smokefree Indoor Air,Restaurants,Restriction Areas,Type of Restriction in Restaurant Patron Area,Designated Areas,3,Ranking,1990-04-27,1991-01-01,"(43.65595011300047, -71.50036091999965)",15GRP,233,249,False,False,3,0,0.0,[],,,0.0
1995,4,DC,District of Columbia,Legislation - Smokefree Indoor Air,Commercial Day Care Centers,Restrictions,Type of Restriction in Commercial Day Care,Designated Areas,3,Ranking,1963-07-12,1979-09-28,"(38.89037138500049, -77.03196112699965)",10GRP,50,5922,False,False,2,0,0.0,[],,,0.0
1995,4,NH,New Hampshire,Legislation - Smokefree Indoor Air,Government Multi-Unit Housing,Restrictions,Type of Restriction in Lobby and Common Area of Government Multi-Unit Housing,Designated Areas,3,Ranking,1990-04-27,1991-01-01,"(43.65595011300047, -71.50036091999965)",10GRP,115,249,False,False,3,0,0.0,[],,,0.0
1995,4,MN,Minnesota,Legislation - Smokefree Indoor Air,Commercial Day Care Centers,Restrictions,Type of Restriction in Commercial Day Care,Banned,4,Ranking,1987-06-04,1990-01-01,"(46.35564873600049, -94.79420050299967)",10GRP,50,942,False,False,4,0,0.0,[],,,0.0
1995,4,AK,Alaska,Legislation - Smokefree Indoor Air,Restaurants,Restriction Areas,Type of Restriction in Restaurant Patron Area,Designated Areas,3,Ranking,1975-01-01,1975-12-31,"(64.84507995700051, -147.72205903599973)",15GRP,233,364,False,False,0,0,,[],,,0.0
1995,4,NE,Nebraska,Legislation - Smokefree Indoor Air,Restaurants,Restriction Areas,Type of Restriction in Restaurant Patron Area,Designated Areas,3,Ranking,1979-01-01,1979-12-31,"(41.6410409880005, -99.36572062299967)",15GRP,233,364,False,False,5,0,0.0,[],,,0.0
1995,4,DE,Delaware,Legislation - Smokefree Indoor Air,Restaurants,Restriction Areas,Type of Restriction in Restaurant Patron Area,Designated Areas,3,Ranking,1994-06-28,1994-06-28,"(39.008830667000495, -75.57774116799965)",15GRP,233,0,False,True,3,1,0.3333333333333333,['Pennsylvania'],Pennsylvania,2015.0,0.29166666666666663
1995,4,FL,Florida,Legislation - Smokefree Indoor Air,Government Worksites,Restrictions,Type of Restriction in Government Worksite,Designated Areas,3,Ranking,1985-06-19,1985-10-01,"(28.932040377000476, -81.92896053899966)",10GRP,1,104,False,False,2,0,0.0,[],,,0.0
1995,4,RI,Rhode Island,Legislation - Smokefree Indoor Air,Private Worksites,Restrictions,Type of Restriction in Private Worksite,Designated Areas,3,Ranking,1986-06-27,1986-06-27,"(41.70828019300046, -71.52247031399963)",10GRP,20,0,False,False,2,0,0.0,[],,,0.0
1995,4,DE,Delaware,Legislation - Smokefree Indoor Air,Government Worksites,Restrictions,Type of Restriction in Government Worksite,Designated Areas,3,Ranking,1994-06-28,1994-06-28,"(39.008830667000495, -75.57774116799965)",10GRP,1,0,False,True,3,2,0.6666666666666666,"['Pennsylvania', 'New Jersey']",Pennsylvania,3114.0,0.5833333333333333
1995,4,UT,Utah,Legislation - Smokefree Indoor Air,Restaurants,Restriction Areas,Type of Restriction in Restaurant Employee Area,Banned,4,Ranking,1994-03-22,1995-01-01,"(39.360700171000474, -111.58713063499971)",15GRP,232,285,False,False,5,0,0.0,[],,,0.0
1995,4,LA,Louisiana,Legislation - Smokefree Indoor Air,Government Worksites,Restrictions,Type of Restriction in Government Worksite,Designated Areas,3,Ranking,1992-07-14,1992-08-15,"(31.31266064400046, -92.44568007099969)",10GRP,1,32,False,False,3,0,0.0,[],,,0.0
1995,4,WA,Washington,Legislation - Smokefree Indoor Air,Smokefree Indoor Air – Other Sites,Restriction Areas,Malls,Designated Areas,3,Ranking,1985-05-10,1985-07-28,"(47.52227862900048, -120.47001078999972)",15GRP,96,79,False,False,2,0,0.0,[],,,0.0
1995,4,CA,California,Legislation - Smokefree Indoor Air,Government Worksites,Vehicles,Type of Restriction in Government Worksite Vehicle,Banned,4,Ranking,1993-10-11,1994-01-01,"(37.63864012300047, -120.99999953799971)",30GRP,17,82,False,False,3,0,0.0,[],,,0.0
1995,4,OH,Ohio,Legislation - Smokefree Indoor Air,Smokefree Indoor Air – Other Sites,Restriction Areas,Hospitals,Designated Areas,3,Ranking,1976-05-30,1976-08-31,"(40.06021014100048, -82.40426005599966)",15GRP,100,93,False,False,4,0,0.0,[],,,0.0
1995,4,VT,Vermont,Legislation - Smokefree Indoor Air,Smokefree Indoor Air – Other Sites,Restriction Areas,Hospitals,Designated Areas,3,Ranking,1993-05-28,1993-07-01,"(43.62538123900049, -72.51764079099962)",15GRP,100,34,False,True,3,2,0.6666666666666666,"['New York', 'Massachusetts']",New York,1961.0,0.5833333333333333
1995,4,TX,Texas,Legislation - Smokefree Indoor Air,Smokefree Indoor Air – Other Sites,Restriction Areas,Public Transportation,Designated Areas,3,Ranking,1975-05-23,1975-09-01,"(31.827240407000488, -99.42677020599967)",15GRP,99,101,False,False,4,0,0.0,[],,,0.0
1995,4,MA,Massachusetts,Legislation - Smokefree Indoor Air,Commercial Day Care Centers,Restrictions,Type of Restriction in Commercial Day Care,Designated Areas,3,Ranking,1988-01-14,1988-04-13,"(42.27687047000046, -72.08269067499964)",10GRP,50,90,False,False,5,0,0.0,[],,,0.0
1995,4,NJ,New Jersey,Legislation - Smokefree Indoor Air,Private Worksites,Restrictions,Type of Restriction in Private Worksite,Designated Areas,3,Ranking,1985-06-12,1986-03-01,"(40.13057004800049, -74.27369128799967)",10GRP,20,262,False,False,3,0,0.0,[],,,0.0
1995,4,MO,Missouri,Legislation - Smokefree Indoor Air,Bars,Restriction Areas,Type of Restriction in Bar Patron Area,Designated Areas,3,Ranking,1992-06-11,1992-12-31,"(38.635790776000476, -92.56630005299968)",15GRP,235,203,False,False,7,1,0.14285714285714285,['Nebraska'],Nebraska,4910.0,0.12499999999999997
1995,4,AK,Alaska,Legislation - Smokefree Indoor Air,Smokefree Indoor Air – Other Sites,Restriction Areas,Hospitals,Banned,4,Ranking,1990-05-16,1990-08-14,"(64.84507995700051, -147.72205903599973)",15GRP,100,90,False,False,0,0,,[],,,0.0
1995,4,VT,Vermont,Legislation - Smokefree Indoor Air,Private Worksites,Restrictions,Type of Restriction in Private Worksite,Designated Areas,3,Ranking,1987-06-03,1988-07-01,"(43.62538123900049, -72.51764079099962)",10GRP,20,394,False,False,3,0,0.0,[],,,0.0
1995,4,NE,Nebraska,Legislation - Smokefree Indoor Air,Bars,Restrictions,Type of Restriction in Bar (Summary),Designated Areas,3,Ranking,1979-01-01,1979-12-31,"(41.6410409880005, -99.36572062299967)",10GRP,234,364,False,False,5,0,0.0,[],,,0.0
1995,4,IL,Illinois,Legislation - Smokefree Indoor Air,Smokefree Indoor Air – Other Sites,Restriction Areas,Hospitals,Designated Areas,3,Ranking,1990-01-09,1990-07-01,"(40.48501028300046, -88.99771017799969)",15GRP,100,173,False,False,4,1,0.25,['Iowa'],Iowa,946.0,0.21875
1995,4,KS,Kansas,Legislation - Smokefree Indoor Air,Smokefree Indoor Air – Other Sites,Restriction Areas,Hospitals,Designated Areas,3,Ranking,1987-04-14,1987-07-01,"(38.34774030000045, -98.20078122699965)",15GRP,100,78,False,True,4,2,0.5,"['Nebraska', 'Colorado']",Nebraska,3574.0,0.4375
1995,4,WI,Wisconsin,Legislation - Smokefree Indoor Air,Smokefree Indoor Air – Other Sites,Restriction Areas,Grocery Stores,Designated Areas,3,Ranking,1984-04-18,1984-04-26,"(44.39319117400049, -89.81637074199966)",15GRP,97,8,False,True,4,2,0.5,"['Michigan', 'Minnesota']",Michigan,3243.0,0.4375
1995,4,WI,Wisconsin,Legislation - Smokefree Indoor Air,Restaurants,Restriction Areas,Type of Restriction in Restaurant Employee Area,Designated Areas,3,Ranking,1983-01-01,1983-12-31,"(44.39319117400049, -89.81637074199966)",15GRP,232,364,False,False,4,1,0.25,['Minnesota'],Minnesota,2922.0,0.21875
1995,4,IA,Iowa,Legislation - Smokefree Indoor Air,Restaurants,Restrictions,Type of Restriction in Restaurant (Summary),Designated Areas,3,Ranking,1990-04-24,1990-04-24,"(42.46940091300047, -93.81649055599968)",10GRP,37,0,False,False,6,4,0.6666666666666666,"['Minnesota', 'Wisconsin', 'Illinois', 'Nebraska']",Minnesota,5592.0,0.5833333333333333
1995,4,WI,Wisconsin,Legislation - Smokefree Indoor Air,Government Worksites,Restrictions,Type of Restriction in Government Worksite,Designated Areas,3,Ranking,1984-04-18,1984-04-26,"(44.39319117400049, -89.81637074199966)",10GRP,1,8,False,False,4,1,0.25,['Minnesota'],Minnesota,3243.0,0.21875
1995,4,ID,Idaho,Legislation - Smokefree Indoor Air,Smokefree Indoor Air – Other Sites,Restriction Areas,Enclosed Arenas,Designated Areas,3,Ranking,1985-03-11,1986-01-01,"(43.682630005000476, -114.3637300419997)",15GRP,98,296,False,True,5,2,0.4,"['Montana', 'Oregon']",Montana,2174.0,0.35
1995,4,OK,Oklahoma,Legislation - Smokefree Indoor Air,Smokefree Indoor Air – Other Sites,Restriction Areas,Hospitals,Designated Areas,3,Ranking,1987-06-24,1987-11-01,"(35.47203135600046, -97.52107021399968)",15GRP,100,130,False,False,6,4,0.6666666666666666,"['Kansas', 'Arkansas', 'Texas', 'Colorado']",Kansas,4415.0,0.5833333333333333
1995,4,IL,Illinois,Legislation - Smokefree Indoor Air,Smokefree Indoor Air – Other Sites,Restriction Areas,Enclosed Arenas,Designated Areas,3,Ranking,1990-01-09,1990-07-01,"(40.48501028300046, -88.99771017799969)",15GRP,98,173,False,False,4,1,0.25,['Iowa'],Iowa,946.0,0.21875
1995,4,WV,West Virginia,Legislation - Smokefree Indoor Air,Smokefree Indoor Air – Other Sites,Restriction Areas,Public Transportation,Banned,4,Ranking,1985-04-13,1985-07-12,"(38.66551020200046, -80.71264013499967)",15GRP,99,90,False,False,4,0,0.0,[],,,0.0
1995,4,NJ,New Jersey,Legislation - Smokefree Indoor Air,Smokefree Indoor Air – Other Sites,Restriction Areas,Hospitals,Designated Areas,3,Ranking,1981-12-31,1982-06-01,"(40.13057004800049, -74.27369128799967)",15GRP,100,152,False,True,3,1,0.3333333333333333,['Pennsylvania'],Pennsylvania,1491.0,0.29166666666666663
1995,4,MI,Michigan,Legislation - Smokefree Indoor Air,Government Worksites,Restrictions,Type of Restriction in Government Worksite,Banned,4,Ranking,1992-03-18,1992-06-15,"(44.6613195430005, -84.71439026999968)",10GRP,1,89,False,False,3,0,0.0,[],,,0.0
1995,4,PR,Puerto Rico,Legislation - Smokefree Indoor Air,Restaurants,Restrictions,Type of Restriction in Restaurant (Summary),Designated Smoking Area,0,Ranking,1993-08-03,1994-01-30,"(18.220833, -66.590149)",10GRP,37,180,False,False,0,0,,[],,,0.0
1995,4,HI,Hawaii,Legislation - Smokefree Indoor Air,Commercial Day Care Centers,Restrictions,Type of Restriction in Commercial Day Care,Banned,4,Ranking,1993-04-26,1993-04-26,"(21.304850435000446, -157.85774940299973)",10GRP,50,0,False,False,0,0,,[],,,0.0
1995,4,PR,Puerto Rico,Legislation - Smokefree Indoor Air,Commercial Day Care Centers,Restrictions,Type of Restriction in Commercial Day Care,Designated Smoking Area,0,Ranking,1993-08-03,1994-01-30,"(18.220833, -66.590149)",10GRP,50,180,False,False,0,0,,[],,,0.0
1995,4,VT,Vermont,Legislation - Smokefree Indoor Air,Smokefree Indoor Air – Other Sites,Restriction Areas,Grocery Stores,Designated Areas,3,Ranking,1993-05-28,1993-07-01,"(43.62538123900049, -72.51764079099962)",15GRP,97,34,False,True,3,2,0.6666666666666666,"['New York', 'New Hampshire']",New York,1423.0,0.5833333333333333
1995,4,DC,District of Columbia,Legislation - Smokefree Indoor Air,Smokefree Indoor Air – Other Sites,Restriction Areas,Grocery Stores,Designated Areas,3,Ranking,1979-07-09,1979-09-28,"(38.89037138500049, -77.03196112699965)",15GRP,97,81,False,False,2,0,0.0,[],,,0.0
1995,4,CT,Connecticut,Legislation - Smokefree Indoor Air,Restaurants,Restrictions,Type of Restriction in Restaurant (Summary),Designated Areas,3,Ranking,1979-01-01,1979-12-31,"(41.56266102000046, -72.64984095199964)",10GRP,37,364,False,True,3,1,0.3333333333333333,['Rhode Island'],Rhode Island,730.0,0.29166666666666663
1995,4,KS,Kansas,Legislation - Smokefree Indoor Air,Government Worksites,Restrictions,Type of Restriction in Government Worksite,Designated Areas,3,Ranking,1987-04-14,1987-07-01,"(38.34774030000045, -98.20078122699965)",10GRP,1,78,False,False,4,1,0.25,['Nebraska'],Nebraska,2885.0,0.21875
1995,4,SC,South Carolina,Legislation - Smokefree Indoor Air,Commercial Day Care Centers,Restrictions,Type of Restriction in Commercial Day Care,Banned,4,Ranking,1994-03-01,1994-03-01,"(33.998821303000454, -81.04537120699968)",10GRP,50,0,False,False,2,0,0.0,[],,,0.0
1995,4,AZ,Arizona,Legislation - Smokefree Indoor Air,Government Worksites,Restrictions,Type of Restriction in Government Worksite,Designated Areas,3,Ranking,1991-06-25,1991-09-21,"(34.865970280000454, -111.76381127699972)",10GRP,1,88,False,False,5,2,0.4,"['Nevada', 'New Mexico']",Nevada,5164.0,0.35
1995,4,AK,Alaska,Legislation - Smokefree Indoor Air,Home-based Day Care Centers,Restrictions,Type of Restriction in Home-Based Day Care,Designated Areas,3,Ranking,1990-05-16,1990-08-14,"(64.84507995700051, -147.72205903599973)",10GRP,65,90,False,False,0,0,,[],,,0.0
1995,4,VT,Vermont,Legislation - Smokefree Indoor Air,Smokefree Indoor Air – Other Sites,Restriction Areas,Malls,Designated Areas,3,Ranking,1993-05-28,1993-07-01,"(43.62538123900049, -72.51764079099962)",15GRP,96,34,False,True,3,1,0.3333333333333333,['New Hampshire'],New Hampshire,1127.0,0.29166666666666663
1995,4,CT,Connecticut,Legislation - Smokefree Indoor Air,Restaurants,Restriction Areas,Type of Restriction in Restaurant Employee Area,Designated Areas,3,Ranking,1979-01-01,1979-12-31,"(41.56266102000046, -72.64984095199964)",15GRP,232,364,False,True,3,1,0.3333333333333333,['Rhode Island'],Rhode Island,730.0,0.29166666666666663
1995,4,FL,Florida,Legislation - Smokefree Indoor Air,Smokefree Indoor Air – Other Sites,Restriction Areas,Enclosed Arenas,Banned,4,Ranking,1985-06-19,1985-10-01,"(28.932040377000476, -81.92896053899966)",15GRP,98,104,False,False,2,0,0.0,[],,,0.0
1997,4,IN,Indiana,Legislation - Smokefree Indoor Air,Smokefree Indoor Air – Other Sites,Restriction Areas,Grocery Stores,Designated Areas,3,Ranking,1996-02-13,1997-07-01,"(39.766910452000445, -86.14996019399968)",15GRP,97,504,False,False,3,2,0.6666666666666666,"['Michigan', 'Illinois']",Michigan,7278.0,0.5833333333333333
1997,4,MN,Minnesota,Legislation - Smokefree Indoor Air,Smokefree Indoor Air – Other Sites,Restriction Areas,Prisons,Banned,4,Ranking,1996-04-02,1997-08-01,"(46.35564873600049, -94.79420050299967)",15GRP,101,486,False,False,4,0,0.0,[],,,0.0
1997,4,CA,California,Legislation - Smokefree Indoor Air,Bars,Restrictions,Type of Restriction in Bar (Summary),Designated Areas,3,Ranking,1996-09-27,1997-01-01,"(37.63864012300047, -120.99999953799971)",10GRP,234,96,False,False,3,0,0.0,[],,,0.0
1997,4,VA,Virginia,Legislation - Smokefree Indoor Air,Commercial Day Care Centers,Restrictions,Type of Restriction in Commercial Day Care,Designated Areas,3,Ranking,1997-03-20,1997-12-01,"(37.54268067400045, -78.45789046299967)",10GRP,50,256,False,False,5,2,0.4,"['Tennessee', 'District of Columbia']",Tennessee,12305.0,0.35
1997,4,IN,Indiana,Legislation - Smokefree Indoor Air,Smokefree Indoor Air – Other Sites,Restriction Areas,Hospitals,Designated Areas,3,Ranking,1996-02-13,1997-07-01,"(39.766910452000445, -86.14996019399968)",15GRP,100,504,False,False,3,2,0.6666666666666666,"['Ohio', 'Illinois']",Ohio,7198.0,0.5833333333333333
1997,4,VA,Virginia,Legislation - Smokefree Indoor Air,Smokefree Indoor Air – Other Sites,Restriction Areas,Hospitals,Designated Areas,3,Ranking,1997-03-20,1997-12-01,"(37.54268067400045, -78.45789046299967)",15GRP,100,256,False,False,5,2,0.4,"['Tennessee', 'District of Columbia']",Tennessee,6464.0,0.35
1997,4,CA,California,Legislation - Smokefree Indoor Air,Restaurants,Restriction Areas,Type of Restriction in Restaurant Bar Area,Designated Areas,3,Ranking,1996-09-27,1997-01-01,"(37.63864012300047, -120.99999953799971)",15GRP,231,96,False,False,3,2,0.6666666666666666,"['Oregon', 'Nevada']",Oregon,5748.0,0.5833333333333333
1997,4,CA,California,Legislation - Smokefree Indoor Air,Bars,Restriction Areas,Type of Restriction in Bar Patron Area,Designated Areas,3,Ranking,1996-09-27,1997-01-01,"(37.63864012300047, -120.99999953799971)",15GRP,235,96,False,False,3,0,0.0,[],,,0.0
1997,4,CA,California,Legislation - Smokefree Indoor Air,Bars,Restriction Areas,Type of Restriction in Bar Employee Area,Designated Areas,3,Ranking,1996-09-27,1997-01-01,"(37.63864012300047, -120.99999953799971)",15GRP,236,96,False,False,3,0,0.0,[],,,0.0
1997,4,CA,California,Legislation - Smokefree Indoor Air,Restaurants,Restrictions,Type of Restriction in Restaurant (Summary),Designated Areas,3,Ranking,1996-09-27,1997-01-01,"(37.63864012300047, -120.99999953799971)",10GRP,37,96,False,False,3,2,0.6666666666666666,"['Oregon', 'Nevada']",Oregon,5748.0,0.5833333333333333
1997,4,VA,Virginia,Legislation - Smokefree Indoor Air,Restaurants,Restriction Areas,Type of Restriction in Restaurant Employee Area,Designated Areas,3,Ranking,1997-03-20,1997-12-01,"(37.54268067400045, -78.45789046299967)",15GRP,232,256,False,False,5,1,0.2,['District of Columbia'],District of Columbia,2288.0,0.175
1997,4,VA,Virginia,Legislation - Smokefree Indoor Air,Smokefree Indoor Air – Other Sites,Restriction Areas,Grocery Stores,Designated Areas,3,Ranking,1997-03-20,1997-12-01,"(37.54268067400045, -78.45789046299967)",15GRP,97,256,False,False,5,1,0.2,['District of Columbia'],District of Columbia,6464.0,0.175
1997,4,WV,West Virginia,Legislation - Smokefree Indoor Air,Smokefree Indoor Air – Other Sites,Restriction Areas,Prisons,Banned,4,Ranking,1997-04-22,1997-07-09,"(38.66551020200046, -80.71264013499967)",15GRP,101,78,False,False,4,0,0.0,[],,,0.0
1997,4,VA,Virginia,Legislation - Smokefree Indoor Air,Restaurants,Restrictions,Type of Restriction in Restaurant (Summary),Designated Areas,3,Ranking,1997-03-20,1997-12-01,"(37.54268067400045, -78.45789046299967)",10GRP,37,256,False,True,5,2,0.4,"['Maryland', 'District of Columbia']",Maryland,2288.0,0.35
1997,4,VA,Virginia,Legislation - Smokefree Indoor Air,Smokefree Indoor Air – Other Sites,Restriction Areas,Malls,Designated Areas,3,Ranking,1997-03-20,1997-12-01,"(37.54268067400045, -78.45789046299967)",15GRP,96,256,False,False,5,0,0.0,[],,,0.0
1997,4,MA,Massachusetts,Legislation - Smokefree Indoor Air,Government Worksites,Restrictions,Type of Restriction in Government Worksite,Banned,4,Ranking,1997-08-28,1997-11-26,"(42.27687047000046, -72.08269067499964)",10GRP,1,90,False,False,5,0,0.0,[],,,0.0
1997,4,VA,Virginia,Legislation - Smokefree Indoor Air,Government Worksites,Restrictions,Type of Restriction in Government Worksite,Designated Areas,3,Ranking,1997-03-20,1997-12-01,"(37.54268067400045, -78.45789046299967)",10GRP,1,256,False,False,5,1,0.2,['District of Columbia'],District of Columbia,6464.0,0.175
1997,4,VA,Virginia,Legislation - Smokefree Indoor Air,Restaurants,Restriction Areas,Type of Restriction in Restaurant Patron Area,Designated Areas,3,Ranking,1997-03-20,1997-12-01,"(37.54268067400045, -78.45789046299967)",15GRP,233,256,False,True,5,2,0.4,"['Maryland', 'District of Columbia']",Maryland,2288.0,0.35
1998,4,CT,Connecticut,Legislation - Smokefree Indoor Air,Restaurants,Restriction Areas,Type of Restriction in Restaurant Employee Area,Designated Areas,3,Ranking,1998-12-01,1998-12-01,"(41.56266102000046, -72.64984095199964)",15GRP,232,0,False,False,3,2,0.6666666666666666,"['Massachusetts', 'Rhode Island']",Massachusetts,8004.0,0.5833333333333333
1998,4,CT,Connecticut,Legislation - Smokefree Indoor Air,Restaurants,Restrictions,Type of Restriction in Restaurant (Summary),Designated Areas,3,Ranking,1998-12-01,1998-12-31,"(41.56266102000046, -72.64984095199964)",10GRP,37,30,False,False,3,3,1.0,"['New York', 'Massachusetts', 'Rhode Island']",New York,8004.0,0.7
1998,4,GA,Georgia,Legislation - Smokefree Indoor Air,Smokefree Indoor Air – Other Sites,Restriction Areas,Public Transportation,Banned,4,Ranking,1998-04-14,1998-07-01,"(32.83968109300048, -83.62758034599966)",15GRP,99,78,False,False,5,2,0.4,"['Florida', 'South Carolina']",Florida,4682.0,0.35
1998,4,CT,Connecticut,Legislation - Smokefree Indoor Air,Restaurants,Restriction Areas,Type of Restriction in Restaurant Patron Area,Designated Areas,3,Ranking,1998-12-01,1998-12-31,"(41.56266102000046, -72.64984095199964)",15GRP,233,30,False,False,3,2,0.6666666666666666,"['Massachusetts', 'Rhode Island']",Massachusetts,8004.0,0.5833333333333333
1998,4,IN,Indiana,Legislation - Smokefree Indoor Air,Commercial Day Care Centers,Restrictions,Type of Restriction in Commercial Day Care,Designated Areas,3,Ranking,1998-03-11,1998-07-01,"(39.766910452000445, -86.14996019399968)",10GRP,50,112,False,False,3,0,0.0,[],,,0.0
1998,4,CA,California,Legislation - Smokefree Indoor Air,Restaurants,Restriction Areas,Type of Restriction in Restaurant Bar Area,Banned,4,Ranking,1996-09-27,1998-01-01,"(37.63864012300047, -120.99999953799971)",15GRP,231,461,False,False,3,0,0.0,[],,,0.0
1998,4,CA,California,Legislation - Smokefree Indoor Air,Bars,Restriction Areas,Type of Restriction in Bar Patron Area,Banned,4,Ranking,1996-09-27,1998-01-01,"(37.63864012300047, -120.99999953799971)",15GRP,235,461,False,False,3,0,0.0,[],,,0.0
1998,4,CT,Connecticut,Legislation - Smokefree Indoor Air,Restaurants,Restriction Areas,Type of Restriction in Restaurant Bar Area,Designated Areas,3,Ranking,1998-12-01,1998-12-31,"(41.56266102000046, -72.64984095199964)",15GRP,231,30,False,False,3,2,0.6666666666666666,"['Massachusetts', 'Rhode Island']",Massachusetts,8004.0,0.5833333333333333
1998,4,NJ,New Jersey,Legislation - Smokefree Indoor Air,Commercial Day Care Centers,Restrictions,Type of Restriction in Commercial Day Care,Banned,4,Ranking,1998-06-30,1998-09-28,"(40.13057004800049, -74.27369128799967)",10GRP,50,90,False,True,3,2,0.6666666666666666,"['Delaware', 'New York']",Delaware,1463.0,0.5833333333333333
1999,4,NE,Nebraska,Legislation - Smokefree Indoor Air,Government Worksites,Restrictions,Type of Restriction in Government Worksite,Banned,4,Ranking,1999-03-30,1999-08-28,"(41.6410409880005, -99.36572062299967)",10GRP,1,151,False,False,5,1,0.2,['South Dakota'],South Dakota,2405.0,0.175
1999,4,ME,Maine,Legislation - Smokefree Indoor Air,Restaurants,Restrictions,Type of Restriction in Restaurant (Summary),Designated Areas,3,Ranking,1999-04-06,1999-09-18,"(45.254228894000505, -68.98503133599962)",10GRP,37,165,False,True,1,1,1.0,['New Hampshire'],New Hampshire,3266.0,0.7
1999,4,ME,Maine,Legislation - Smokefree Indoor Air,Restaurants,Restriction Areas,Type of Restriction in Restaurant Employee Area,Designated Areas,3,Ranking,1999-04-06,1999-09-18,"(45.254228894000505, -68.98503133599962)",15GRP,232,165,False,True,1,1,1.0,['New Hampshire'],New Hampshire,3266.0,0.7
1999,4,ME,Maine,Legislation - Smokefree Indoor Air,Restaurants,Restriction Areas,Type of Restriction in Restaurant Patron Area,Designated Areas,3,Ranking,1999-04-06,1999-09-18,"(45.254228894000505, -68.98503133599962)",15GRP,233,165,False,True,1,1,1.0,['New Hampshire'],New Hampshire,3266.0,0.7
1999,4,PR,Puerto Rico,Legislation - Smokefree Indoor Air,Smokefree Indoor Air – Other Sites,Restriction Areas,Enclosed Arenas,Banned,4,Ranking,1999-08-21,1999-08-21,"(18.220833, -66.590149)",15GRP,98,0,False,False,0,0,,[],,,0.0
1999,4,OH,Ohio,Legislation - Smokefree Indoor Air,Government Worksites,Restrictions,Type of Restriction in Government Worksite,Banned,4,Ranking,1999-01-19,1999-01-19,"(40.06021014100048, -82.40426005599966)",10GRP,1,0,False,False,4,1,0.25,['Michigan'],Michigan,2498.0,0.21875
1999,4,CT,Connecticut,Legislation - Smokefree Indoor Air,Smokefree Indoor Air – Other Sites,Restriction Areas,Mental Health - Outpatient Facilities,Designated Areas,3,Ranking,1999-01-01,1999-01-01,"(41.56266102000046, -72.64984095199964)",15GRP,340,0,False,False,3,0,0.0,[],,,0.0
2000,4,NE,Nebraska,Legislation - Smokefree Indoor Air,Commercial Day Care Centers,Restrictions,Type of Restriction in Commercial Day Care,Banned,4,Ranking,2000-04-13,2000-04-13,"(41.6410409880005, -99.36572062299967)",10GRP,50,0,False,True,5,2,0.4,"['Missouri', 'Colorado']",Missouri,2494.0,0.35
2000,4,MS,Mississippi,Legislation - Smokefree Indoor Air,Government Worksites,Restrictions,Type of Restriction in Government Worksite,Designated Areas,3,Ranking,2000-05-20,2000-07-01,"(32.745510099000455, -89.53803082499968)",10GRP,1,42,False,False,4,1,0.25,['Louisiana'],Louisiana,2867.0,0.21875
2000,4,MI,Michigan,Legislation - Smokefree Indoor Air,Smokefree Indoor Air – Other Sites,Restriction Areas,Grocery Stores,Designated Areas,3,Ranking,2000-05-08,2000-11-08,"(44.6613195430005, -84.71439026999968)",15GRP,97,184,False,False,3,2,0.6666666666666666,"['Wisconsin', 'Indiana']",Wisconsin,5864.0,0.5833333333333333
2000,4,RI,Rhode Island,Legislation - Smokefree Indoor Air,Commercial Day Care Centers,Restrictions,Type of Restriction in Commercial Day Care,Banned,4,Ranking,2000-07-13,2000-07-13,"(41.70828019300046, -71.52247031399963)",10GRP,50,0,False,False,2,0,0.0,[],,,0.0
2000,4,RI,Rhode Island,Legislation - Smokefree Indoor Air,Home-based Day Care Centers,Restrictions,Type of Restriction in Home-Based Day Care,Banned,4,Ranking,2000-07-13,2000-07-13,"(41.70828019300046, -71.52247031399963)",10GRP,65,0,False,False,2,0,0.0,[],,,0.0
2000,4,RI,Rhode Island,Legislation - Smokefree Indoor Air,Commercial Day Care Centers,Vehicles,Type of Restriction in Commercial Day Care Vehicle,Banned,4,Ranking,2000-07-13,2000-07-13,"(41.70828019300046, -71.52247031399963)",30GRP,61,0,False,False,2,0,0.0,[],,,0.0
2001,4,ME,Maine,Legislation - Smokefree Indoor Air,Smokefree Indoor Air – Other Sites,Restriction Areas,Mental Health - Residential Facilities,Designated Areas,3,Ranking,2001-04-12,2001-07-11,"(45.254228894000505, -68.98503133599962)",15GRP,341,90,False,False,1,0,0.0,[],,,0.0
2001,4,ME,Maine,Legislation - Smokefree Indoor Air,Smokefree Indoor Air – Other Sites,Restriction Areas,Substance Use - Residential Facilities,Designated Areas,3,Ranking,2001-04-12,2001-07-11,"(45.254228894000505, -68.98503133599962)",15GRP,339,90,False,False,1,0,0.0,[],,,0.0
2001,4,DC,District of Columbia,Legislation - Smokefree Indoor Air,Government Worksites,Vehicles,Type of Restriction in Government Worksite Vehicle,Banned,4,Ranking,2001-01-01,2001-01-01,"(38.89037138500049, -77.03196112699965)",30GRP,17,0,False,False,2,0,0.0,[],,,0.0
2001,4,DC,District of Columbia,Legislation - Smokefree Indoor Air,Commercial Day Care Centers,Restrictions,Type of Restriction in Commercial Day Care,Designated Areas,3,Ranking,1979-07-12,1979-09-28,"(38.89037138500049, -77.03196112699965)",10GRP,50,78,False,False,2,0,0.0,[],,,0.0
2001,4,MT,Montana,Legislation - Smokefree Indoor Air,Government Worksites,Restrictions,Type of Restriction in Government Worksite,Banned,4,Ranking,2001-04-20,2001-04-20,"(47.06652897200047, -109.42442064499971)",10GRP,1,0,False,True,3,2,0.6666666666666666,"['South Dakota', 'Idaho']",South Dakota,3391.0,0.5833333333333333
2001,4,ME,Maine,Legislation - Smokefree Indoor Air,Smokefree Indoor Air – Other Sites,Restriction Areas,Hospital Campuses,Designated Areas,3,Ranking,2001-04-12,2001-07-11,"(45.254228894000505, -68.98503133599962)",15GRP,342,90,False,False,1,0,0.0,[],,,0.0
2002,4,SD,South Dakota,Legislation - Smokefree Indoor Air,Smokefree Indoor Air – Other Sites,Restriction Areas,Malls,Banned,4,Ranking,2002-02-22,2002-07-01,"(44.353130053000484, -100.3735306369997)",15GRP,96,129,False,False,5,0,0.0,[],,,0.0
2002,4,MP,Northern Mariana Islands,Legislation - Smokefree Indoor Air,Smokefree Indoor Air – Other Sites,Restriction Areas,Hospitals,Designated Smoking Areas,0,Ranking,2002-12-13,2002-12-13,"(15.0979, 145.6739)",15GRP,100,0,False,False,0,0,,[],,,0.0
2002,4,DE,Delaware,Legislation - Smokefree Indoor Air,Restaurants,Restriction Areas,Type of Restriction in Restaurant Bar Area,Banned,4,Ranking,2002-05-31,2002-12-01,"(39.008830667000495, -75.57774116799965)",15GRP,231,184,False,False,3,0,0.0,[],,,0.0
2002,4,MP,Northern Mariana Islands,Legislation - Smokefree Indoor Air,Smokefree Indoor Air – Other Sites,Restriction Areas,Grocery Stores,Banned,4,Ranking,2002-12-13,2002-12-13,"(15.0979, 145.6739)",15GRP,97,0,False,False,0,0,,[],,,0.0
2002,4,DE,Delaware,Legislation - Smokefree Indoor Air,Private Multi-Unit Housing,Restrictions,Type of Restriction in Lobby and Common Area of Private Multi-Unit Housing,Banned,4,Ranking,2002-05-31,2002-12-07,"(39.008830667000495, -75.57774116799965)",10GRP,125,190,False,False,3,0,0.0,[],,,0.0
2002,4,DE,Delaware,Legislation - Smokefree Indoor Air,Smokefree Indoor Air – Other Sites,Restriction Areas,Enclosed Arenas,Banned,4,Ranking,2002-05-31,2002-11-27,"(39.008830667000495, -75.57774116799965)",15GRP,98,180,False,False,3,0,0.0,[],,,0.0
2002,4,DE,Delaware,Legislation - Smokefree Indoor Air,Smokefree Indoor Air – Other Sites,Restriction Areas,Substance Use - Outpatient Facilities,Banned,4,Ranking,2002-05-31,2002-11-27,"(39.008830667000495, -75.57774116799965)",15GRP,338,180,False,False,3,0,0.0,[],,,0.0
2002,4,MP,Northern Mariana Islands,Legislation - Smokefree Indoor Air,Restaurants,Restriction Areas,Type of Restriction in Restaurant Patron Area,Designated Smoking Area,0,Ranking,2002-12-13,2002-12-13,"(15.0979, 145.6739)",15GRP,233,0,False,False,0,0,,[],,,0.0
2002,4,SD,South Dakota,Legislation - Smokefree Indoor Air,Smokefree Indoor Air – Other Sites,Restriction Areas,Grocery Stores,Banned,4,Ranking,2002-02-22,2002-07-01,"(44.353130053000484, -100.3735306369997)",15GRP,97,129,False,False,5,0,0.0,[],,,0.0
2002,4,OR,Oregon,Legislation - Smokefree Indoor Air,Restaurants,Restriction Areas,Type of Restriction in Restaurant Patron Area,Designated Areas,3,Ranking,2001-08-17,2002-01-01,"(44.56744942400047, -120.15503132599969)",15GRP,233,137,False,False,4,2,0.5,"['Nevada', 'Idaho']",Nevada,6072.0,0.4375
2002,4,SD,South Dakota,Legislation - Smokefree Indoor Air,Commercial Day Care Centers,Restrictions,Type of Restriction in Commercial Day Care,Banned,4,Ranking,2002-02-22,2002-07-01,"(44.353130053000484, -100.3735306369997)",10GRP,50,129,False,False,5,3,0.6,"['North Dakota', 'Minnesota', 'Nebraska']",North Dakota,5377.0,0.5249999999999999
2002,4,DE,Delaware,Legislation - Smokefree Indoor Air,Restaurants,Restrictions,Type of Restriction in Restaurant (Summary),Banned,4,Ranking,2002-05-31,2002-12-01,"(39.008830667000495, -75.57774116799965)",10GRP,37,184,False,False,3,0,0.0,[],,,0.0
2002,4,OR,Oregon,Legislation - Smokefree Indoor Air,Hotels and Motels,Additional Requirements,Sleeping Room Designation (Type),Smoking Room,3,Ranking,2001-08-17,2002-01-01,"(44.56744942400047, -120.15503132599969)",20GRP,83,137,False,False,4,1,0.25,['California'],California,2584.0,0.21875
2002,4,MP,Northern Mariana Islands,Legislation - Smokefree Indoor Air,Smokefree Indoor Air – Other Sites,Restriction Areas,Malls,Banned,4,Ranking,2002-12-13,2002-12-13,"(15.0979, 145.6739)",15GRP,96,0,False,False,0,0,,[],,,0.0
2002,4,SD,South Dakota,Legislation - Smokefree Indoor Air,Restaurants,Restriction Areas,Type of Restriction in Restaurant Patron Area,Banned,4,Ranking,2002-02-22,2002-07-01,"(44.353130053000484, -100.3735306369997)",15GRP,233,129,False,False,5,0,0.0,[],,,0.0
2002,4,DE,Delaware,Legislation - Smokefree Indoor Air,Smokefree Indoor Air – Other Sites,Restriction Areas,Malls,Banned,4,Ranking,2002-05-31,2002-11-27,"(39.008830667000495, -75.57774116799965)",15GRP,96,180,False,False,3,0,0.0,[],,,0.0
2002,4,DE,Delaware,Legislation - Smokefree Indoor Air,Home-based Day Care Centers,Restrictions,Type of Restriction in Home-Based Day Care,Banned,4,Ranking,2002-05-31,2002-11-27,"(39.008830667000495, -75.57774116799965)",10GRP,65,180,False,False,3,0,0.0,[],,,0.0
2002,4,OR,Oregon,Legislation - Smokefree Indoor Air,Hotels and Motels,Restrictions,Type of Restriction in Lobby and Common Area of Hotel and Motel,Banned,4,Ranking,2001-08-17,2002-01-01,"(44.56744942400047, -120.15503132599969)",10GRP,81,137,False,False,4,0,0.0,[],,,0.0
2002,4,DE,Delaware,Legislation - Smokefree Indoor Air,Restaurants,Restriction Areas,Type of Restriction in Restaurant Employee Area,Banned,4,Ranking,2002-05-31,2002-12-01,"(39.008830667000495, -75.57774116799965)",15GRP,232,184,False,False,3,0,0.0,[],,,0.0
2002,4,MP,Northern Mariana Islands,Legislation - Smokefree Indoor Air,Restaurants,Restrictions,Type of Restriction in Restaurant (Summary),Designated Smoking Area,0,Ranking,2002-12-13,2002-12-13,"(15.0979, 145.6739)",10GRP,37,0,False,False,0,0,,[],,,0.0
2002,4,SD,South Dakota,Legislation - Smokefree Indoor Air,Smokefree Indoor Air – Other Sites,Restriction Areas,Hospitals,Banned,4,Ranking,2002-02-22,2002-07-01,"(44.353130053000484, -100.3735306369997)",15GRP,100,129,False,False,5,1,0.2,['Minnesota'],Minnesota,9762.0,0.175
2002,4,DE,Delaware,Legislation - Smokefree Indoor Air,Bars,Restriction Areas,Type of Restriction in Bar Patron Area,Banned,4,Ranking,2002-05-31,2002-12-01,"(39.008830667000495, -75.57774116799965)",15GRP,235,184,False,False,3,0,0.0,[],,,0.0
2002,4,FL,Florida,Legislation - Smokefree Indoor Air,Government Worksites,Restrictions,Type of Restriction in Government Worksite,Banned,4,Ranking,1985-06-19,1985-10-01,"(28.932040377000476, -81.92896053899966)",10GRP,1,104,False,False,2,0,0.0,[],,,0.0
2002,4,SD,South Dakota,Legislation - Smokefree Indoor Air,Restaurants,Restrictions,Type of Restriction in Restaurant (Summary),Designated Areas,3,Ranking,2002-02-22,2002-07-01,"(44.353130053000484, -100.3735306369997)",10GRP,37,129,False,False,5,5,1.0,"['North Dakota', 'Minnesota', 'Iowa', 'Nebraska', 'Montana']",North Dakota,9914.0,0.7
2002,4,DE,Delaware,Legislation - Smokefree Indoor Air,Bars,Restrictions,Type of Restriction in Bar (Summary),Banned,4,Ranking,2002-05-31,2002-12-01,"(39.008830667000495, -75.57774116799965)",10GRP,234,184,False,False,3,0,0.0,[],,,0.0
2002,4,DE,Delaware,Legislation - Smokefree Indoor Air,Private Worksites,Restrictions,Type of Restriction in Private Worksite,Banned,4,Ranking,2002-05-31,2002-11-27,"(39.008830667000495, -75.57774116799965)",10GRP,20,180,False,False,3,0,0.0,[],,,0.0
2002,4,SD,South Dakota,Legislation - Smokefree Indoor Air,Private Worksites,Restrictions,Type of Restriction in Private Worksite,Banned,4,Ranking,2002-02-22,2002-07-01,"(44.353130053000484, -100.3735306369997)",10GRP,20,129,False,False,5,0,0.0,[],,,0.0
2002,4,MP,Northern Mariana Islands,Legislation - Smokefree Indoor Air,Government Worksites,Restrictions,Type of Restriction in Government Worksite,Designated Smoking Areas,0,Ranking,2002-12-13,2002-12-13,"(15.0979, 145.6739)",10GRP,1,0,False,False,0,0,,[],,,0.0
2002,4,DE,Delaware,Legislation - Smokefree Indoor Air,Restaurants,Restriction Areas,Type of Restriction in Restaurant Patron Area,Banned,4,Ranking,2002-05-31,2002-12-01,"(39.008830667000495, -75.57774116799965)",15GRP,233,184,False,False,3,0,0.0,[],,,0.0
2002,4,DE,Delaware,Legislation - Smokefree Indoor Air,Smokefree Indoor Air – Other Sites,Restriction Areas,Casinos (Racetrack),Banned,4,Ranking,2002-05-31,2002-11-27,"(39.008830667000495, -75.57774116799965)",15GRP,336,180,False,False,3,0,0.0,[],,,0.0
2002,4,OR,Oregon,Legislation - Smokefree Indoor Air,Restaurants,Restriction Areas,Type of Restriction in Restaurant Bar Area,Designated Areas,3,Ranking,2001-08-17,2002-01-01,"(44.56744942400047, -120.15503132599969)",15GRP,231,137,False,False,4,2,0.5,"['California', 'Nevada']",California,3725.0,0.4375
2002,4,SD,South Dakota,Legislation - Smokefree Indoor Air,Restaurants,Restriction Areas,Type of Restriction in Restaurant Employee Area,Banned,4,Ranking,2002-02-22,2002-07-01,"(44.353130053000484, -100.3735306369997)",15GRP,232,129,False,False,5,0,0.0,[],,,0.0
2002,4,DE,Delaware,Legislation - Smokefree Indoor Air,Government Worksites,Restrictions,Type of Restriction in Government Worksite,Banned,4,Ranking,2002-05-31,2002-11-27,"(39.008830667000495, -75.57774116799965)",10GRP,1,180,False,False,3,0,0.0,[],,,0.0
2002,4,SD,South Dakota,Legislation - Smokefree Indoor Air,Hotels and Motels,Restrictions,Type of Restriction in Lobby and Common Area of Hotel and Motel,Banned,4,Ranking,2002-02-22,2002-07-01,"(44.353130053000484, -100.3735306369997)",10GRP,81,129,False,False,5,0,0.0,[],,,0.0
2002,4,DE,Delaware,Legislation - Smokefree Indoor Air,Home-based Day Care Centers,Vehicles,Type of Restriction in Home-Based Day Care Vehicle,Banned,4,Ranking,2002-05-31,2002-11-27,"(39.008830667000495, -75.57774116799965)",30GRP,77,180,False,False,3,0,0.0,[],,,0.0
2002,4,MP,Northern Mariana Islands,Legislation - Smokefree Indoor Air,Home-based Day Care Centers,Restrictions,Type of Restriction in Home-Based Day Care,Banned,4,Ranking,2002-12-13,2002-12-13,"(15.0979, 145.6739)",10GRP,65,0,False,False,0,0,,[],,,0.0
2002,4,SD,South Dakota,Legislation - Smokefree Indoor Air,Smokefree Indoor Air – Other Sites,Restriction Areas,Public Transportation,Banned,4,Ranking,2002-02-22,2002-07-01,"(44.353130053000484, -100.3735306369997)",15GRP,99,129,False,False,5,0,0.0,[],,,0.0
2002,4,SD,South Dakota,Legislation - Smokefree Indoor Air,Hotels and Motels,Additional Requirements,Sleeping Room Designation (Type),Smoking Room,3,Ranking,2002-02-22,2002-07-01,"(44.353130053000484, -100.3735306369997)",20GRP,83,129,False,False,5,0,0.0,[],,,0.0
2002,4,DE,Delaware,Legislation - Smokefree Indoor Air,Government Multi-Unit Housing,Restrictions,Type of Restriction in Lobby and Common Area of Government Multi-Unit Housing,Banned,4,Ranking,2002-05-31,2002-12-07,"(39.008830667000495, -75.57774116799965)",10GRP,115,190,False,False,3,0,0.0,[],,,0.0
2002,4,DE,Delaware,Legislation - Smokefree Indoor Air,Commercial Day Care Centers,Vehicles,Type of Restriction in Commercial Day Care Vehicle,Banned,4,Ranking,2002-05-31,2002-11-27,"(39.008830667000495, -75.57774116799965)",30GRP,61,180,False,False,3,0,0.0,[],,,0.0
2002,4,SD,South Dakota,Legislation - Smokefree Indoor Air,Home-based Day Care Centers,Restrictions,Type of Restriction in Home-Based Day Care,Banned,4,Ranking,2002-02-22,2002-07-01,"(44.353130053000484, -100.3735306369997)",10GRP,65,129,False,False,5,2,0.4,"['North Dakota', 'Minnesota']",North Dakota,5377.0,0.35
2002,4,MP,Northern Mariana Islands,Legislation - Smokefree Indoor Air,Commercial Day Care Centers,Restrictions,Type of Restriction in Commercial Day Care,Designated Smoking Areas,0,Ranking,2002-12-13,2002-12-13,"(15.0979, 145.6739)",10GRP,50,0,False,False,0,0,,[],,,0.0
2002,4,DE,Delaware,Legislation - Smokefree Indoor Air,Bars,Restriction Areas,Type of Restriction in Bar Employee Area,Banned,4,Ranking,2002-05-31,2002-12-01,"(39.008830667000495, -75.57774116799965)",15GRP,236,184,False,False,3,0,0.0,[],,,0.0
2002,4,DE,Delaware,Legislation - Smokefree Indoor Air,Hotels and Motels,Restrictions,Type of Restriction in Lobby and Common Area of Hotel and Motel,Banned,4,Ranking,2002-05-31,2002-11-30,"(39.008830667000495, -75.57774116799965)",10GRP,81,183,False,True,3,1,0.3333333333333333,['Maryland'],Maryland,2591.0,0.29166666666666663
2002,4,SD,South Dakota,Legislation - Smokefree Indoor Air,Smokefree Indoor Air – Other Sites,Restriction Areas,Enclosed Arenas,Banned,4,Ranking,2002-02-22,2002-07-01,"(44.353130053000484, -100.3735306369997)",15GRP,98,129,False,False,5,0,0.0,[],,,0.0
2002,4,DE,Delaware,Legislation - Smokefree Indoor Air,Smokefree Indoor Air – Other Sites,Restriction Areas,Mental Health - Outpatient Facilities,Banned,4,Ranking,2002-05-31,2002-11-27,"(39.008830667000495, -75.57774116799965)",15GRP,340,180,False,False,3,0,0.0,[],,,0.0
2002,4,SD,South Dakota,Legislation - Smokefree Indoor Air,Government Worksites,Restrictions,Type of Restriction in Government Worksite,Banned,4,Ranking,2002-02-22,2002-07-01,"(44.353130053000484, -100.3735306369997)",10GRP,1,129,False,True,5,2,0.4,"['Nebraska', 'Montana']",Nebraska,1060.0,0.35
2002,4,OR,Oregon,Legislation - Smokefree Indoor Air,Restaurants,Restrictions,Type of Restriction in Restaurant (Summary),Designated Areas,3,Ranking,2001-08-17,2002-01-01,"(44.56744942400047, -120.15503132599969)",10GRP,37,137,False,False,4,3,0.75,"['California', 'Nevada', 'Idaho']",California,6072.0,0.65625
2003,4,MH,Marshall Islands,Legislation - Smokefree Indoor Air,Smokefree Indoor Air – Other Sites,Restriction Areas,Hospitals,Banned,4,Ranking,2003-09-29,2003-12-03,"(11.3246908, 166.84174239999993)",15GRP,100,65,False,False,0,0,,[],,,0.0
2003,4,OK,Oklahoma,Legislation - Smokefree Indoor Air,Hotels and Motels,Additional Requirements,Sleeping Room Designation (Type),Smoking Room,3,Ranking,2003-06-06,2003-09-01,"(35.47203135600046, -97.52107021399968)",20GRP,83,87,False,False,6,0,0.0,[],,,0.0
2003,4,NY,New York,Legislation - Smokefree Indoor Air,Restaurants,Restriction Areas,Type of Restriction in Restaurant Patron Area,Banned,4,Ranking,2003-03-26,2003-07-24,"(42.82700103200045, -75.54397042699964)",15GRP,233,120,False,False,5,1,0.2,['Vermont'],Vermont,3589.0,0.175
2003,4,AL,Alabama,Legislation - Smokefree Indoor Air,Smokefree Indoor Air – Other Sites,Restriction Areas,Grocery Stores,Designated Areas,3,Ranking,2003-06-19,2003-09-01,"(32.84057112200048, -86.63186076199969)",15GRP,97,74,False,False,4,0,0.0,[],,,0.0
2003,4,MH,Marshall Islands,Legislation - Smokefree Indoor Air,Smokefree Indoor Air – Other Sites,Restriction Areas,Malls,Banned,4,Ranking,2003-09-29,2003-12-03,"(11.3246908, 166.84174239999993)",15GRP,96,65,False,False,0,0,,[],,,0.0
2003,4,NY,New York,Legislation - Smokefree Indoor Air,Government Worksites,Restrictions,Type of Restriction in Government Worksite,Banned,4,Ranking,2003-03-26,2003-07-24,"(42.82700103200045, -75.54397042699964)",10GRP,1,120,False,False,5,1,0.2,['Massachusetts'],Massachusetts,2036.0,0.175
2003,4,NY,New York,Legislation - Smokefree Indoor Air,Bars,Restrictions,Type of Restriction in Bar (Summary),Banned,4,Ranking,2003-03-26,2003-07-24,"(42.82700103200045, -75.54397042699964)",10GRP,234,120,False,False,5,0,0.0,[],,,0.0
2003,4,NY,New York,Legislation - Smokefree Indoor Air,Smokefree Indoor Air – Other Sites,Restriction Areas,Mental Health - Residential Facilities,Designated Areas,3,Ranking,2003-03-26,2003-07-24,"(42.82700103200045, -75.54397042699964)",15GRP,341,120,False,False,5,0,0.0,[],,,0.0
2003,4,NY,New York,Legislation - Smokefree Indoor Air,Private Worksites,Restrictions,Type of Restriction in Private Worksite,Banned,4,Ranking,2003-03-26,2003-07-24,"(42.82700103200045, -75.54397042699964)",10GRP,20,120,False,False,5,0,0.0,[],,,0.0
2003,4,MH,Marshall Islands,Legislation - Smokefree Indoor Air,Smokefree Indoor Air – Other Sites,Restriction Areas,Public Transportation,Banned,4,Ranking,2003-09-29,2003-12-03,"(11.3246908, 166.84174239999993)",15GRP,99,65,False,False,0,0,,[],,,0.0
2003,4,NY,New York,Legislation - Smokefree Indoor Air,Smokefree Indoor Air – Other Sites,Restriction Areas,Grocery Stores,Banned,4,Ranking,2003-03-26,2003-07-24,"(42.82700103200045, -75.54397042699964)",15GRP,97,120,False,False,5,2,0.4,"['New Jersey', 'Massachusetts']",New Jersey,6496.0,0.35
2003,4,NY,New York,Legislation - Smokefree Indoor Air,Smokefree Indoor Air – Other Sites,Restriction Areas,Substance Use - Outpatient Facilities,Banned,4,Ranking,2003-03-26,2003-07-25,"(42.82700103200045, -75.54397042699964)",15GRP,338,121,False,False,5,0,0.0,[],,,0.0
2003,4,NY,New York,Legislation - Smokefree Indoor Air,Hotels and Motels,Additional Requirements,Sleeping Room Designation (Type),Smoking Room,3,Ranking,2003-05-26,2003-07-24,"(42.82700103200045, -75.54397042699964)",20GRP,83,59,False,False,5,1,0.2,['Connecticut'],Connecticut,3.0,0.4737671232876712
2003,4,NY,New York,Legislation - Smokefree Indoor Air,Smokefree Indoor Air – Other Sites,Restriction Areas,Bingo Halls,Banned,4,Ranking,2003-03-26,2003-07-24,"(42.82700103200045, -75.54397042699964)",15GRP,337,120,False,False,5,0,0.0,[],,,0.0
2003,4,MH,Marshall Islands,Legislation - Smokefree Indoor Air,Restaurants,Restriction Areas,Type of Restriction in Restaurant Patron Area,Banned,4,Ranking,2003-09-29,2003-12-03,"(11.3246908, 166.84174239999993)",15GRP,233,65,False,False,0,0,,[],,,0.0
2003,4,MH,Marshall Islands,Legislation - Smokefree Indoor Air,Restaurants,Restrictions,Type of Restriction in Restaurant (Summary),Designated Smoking Areas,0,Ranking,2003-09-29,2003-12-03,"(11.3246908, 166.84174239999993)",10GRP,37,65,False,False,0,0,,[],,,0.0
2003,4,FL,Florida,Legislation - Smokefree Indoor Air,Smokefree Indoor Air – Other Sites,Restriction Areas,Casinos (Racetrack),Banned,4,Ranking,2003-06-23,2003-07-01,"(28.932040377000476, -81.92896053899966)",15GRP,336,8,False,False,2,0,0.0,[],,,0.0
2003,4,NY,New York,Legislation - Smokefree Indoor Air,Smokefree Indoor Air – Other Sites,Restriction Areas,Enclosed Arenas,Banned,4,Ranking,2003-03-26,2003-07-24,"(42.82700103200045, -75.54397042699964)",15GRP,98,120,False,False,5,0,0.0,[],,,0.0
2003,4,NY,New York,Legislation - Smokefree Indoor Air,Hotels and Motels,Restrictions,Type of Restriction in Lobby and Common Area of Hotel and Motel,Banned,4,Ranking,2003-05-26,2003-07-24,"(42.82700103200045, -75.54397042699964)",10GRP,81,59,False,False,5,1,0.2,['Vermont'],Vermont,3644.0,0.175
2003,4,NY,New York,Legislation - Smokefree Indoor Air,Bars,Restriction Areas,Type of Restriction in Bar Patron Area,Banned,4,Ranking,2003-03-26,2003-07-24,"(42.82700103200045, -75.54397042699964)",15GRP,235,120,False,False,5,0,0.0,[],,,0.0
2003,4,MH,Marshall Islands,Legislation - Smokefree Indoor Air,Smokefree Indoor Air – Other Sites,Restriction Areas,Grocery Stores,Banned,4,Ranking,2003-09-29,2003-12-03,"(11.3246908, 166.84174239999993)",15GRP,97,65,False,False,0,0,,[],,,0.0
2003,4,OK,Oklahoma,Legislation - Smokefree Indoor Air,Hotels and Motels,Restrictions,Type of Restriction in Lobby and Common Area of Hotel and Motel,Banned,4,Ranking,2003-06-06,2003-09-01,"(35.47203135600046, -97.52107021399968)",10GRP,81,87,False,False,6,0,0.0,[],,,0.0
2003,4,OK,Oklahoma,Legislation - Smokefree Indoor Air,Smokefree Indoor Air – Other Sites,Restriction Areas,Malls,Banned,4,Ranking,2003-06-06,2003-09-01,"(35.47203135600046, -97.52107021399968)",15GRP,96,87,False,False,6,0,0.0,[],,,0.0
2003,4,AL,Alabama,Legislation - Smokefree Indoor Air,Hotels and Motels,Additional Requirements,Sleeping Room Designation (Type),Smoking Room,3,Ranking,2003-06-13,2003-09-01,"(32.84057112200048, -86.63186076199969)",20GRP,83,80,False,False,4,0,0.0,[],,,0.0
2003,4,FL,Florida,Legislation - Smokefree Indoor Air,Smokefree Indoor Air – Other Sites,Restriction Areas,Mental Health - Outpatient Facilities,Banned,4,Ranking,2003-06-23,2003-07-01,"(28.932040377000476, -81.92896053899966)",15GRP,340,8,False,False,2,0,0.0,[],,,0.0
2003,4,AL,Alabama,Legislation - Smokefree Indoor Air,Smokefree Indoor Air – Other Sites,Restriction Areas,Public Transportation,Designated Areas,3,Ranking,2003-06-19,2003-09-01,"(32.84057112200048, -86.63186076199969)",15GRP,99,74,False,False,4,0,0.0,[],,,0.0
2003,4,CT,Connecticut,Legislation - Smokefree Indoor Air,Smokefree Indoor Air – Other Sites,Restriction Areas,Grocery Stores,Banned,4,Ranking,2003-05-23,2003-10-01,"(41.56266102000046, -72.64984095199964)",15GRP,97,131,False,False,3,2,0.6666666666666666,"['New York', 'Massachusetts']",New York,5608.0,0.5833333333333333
2003,4,AL,Alabama,Legislation - Smokefree Indoor Air,Government Worksites,Restrictions,Type of Restriction in Government Worksite,Designated Areas,3,Ranking,2003-06-19,2003-09-01,"(32.84057112200048, -86.63186076199969)",10GRP,1,74,False,False,4,2,0.5,"['Mississippi', 'Florida']",Mississippi,6574.0,0.4375
2003,4,AL,Alabama,Legislation - Smokefree Indoor Air,Home-based Day Care Centers,Restrictions,Type of Restriction in Home-Based Day Care,Designated Areas,3,Ranking,2003-06-19,2003-09-01,"(32.84057112200048, -86.63186076199969)",10GRP,65,74,False,False,4,0,0.0,[],,,0.0
2003,4,CT,Connecticut,Legislation - Smokefree Indoor Air,Restaurants,Restriction Areas,Type of Restriction in Restaurant Bar Area,Banned,4,Ranking,2003-05-23,2003-10-01,"(41.56266102000046, -72.64984095199964)",15GRP,231,131,False,True,3,1,0.3333333333333333,['New York'],New York,58.0,0.5678310502283104
2003,4,FL,Florida,Legislation - Smokefree Indoor Air,Restaurants,Restriction Areas,Type of Restriction in Restaurant Patron Area,Banned,4,Ranking,2003-06-23,2003-07-01,"(28.932040377000476, -81.92896053899966)",15GRP,233,8,False,False,2,0,0.0,[],,,0.0
2003,4,FL,Florida,Legislation - Smokefree Indoor Air,Hotels and Motels,Additional Requirements,Sleeping Room Designation (Type),Smoking Room,3,Ranking,2003-06-23,2003-07-01,"(28.932040377000476, -81.92896053899966)",20GRP,83,8,False,True,2,1,0.5,['Alabama'],Alabama,10.0,0.733390410958904
2003,4,FL,Florida,Legislation - Smokefree Indoor Air,Smokefree Indoor Air – Other Sites,Restriction Areas,Mental Health - Residential Facilities,Banned,4,Ranking,2003-06-23,2003-07-01,"(28.932040377000476, -81.92896053899966)",15GRP,341,8,False,False,2,0,0.0,[],,,0.0
2003,4,FL,Florida,Legislation - Smokefree Indoor Air,Commercial Day Care Centers,Restrictions,Type of Restriction in Commercial Day Care,Banned,4,Ranking,2003-06-23,2003-07-01,"(28.932040377000476, -81.92896053899966)",10GRP,50,8,False,True,2,1,0.5,['Georgia'],Georgia,3370.0,0.4375
2003,4,AL,Alabama,Legislation - Smokefree Indoor Air,Smokefree Indoor Air – Other Sites,Restriction Areas,Enclosed Arenas,Designated Areas,3,Ranking,2003-06-19,2003-09-01,"(32.84057112200048, -86.63186076199969)",15GRP,98,74,False,False,4,0,0.0,[],,,0.0
2003,4,FL,Florida,Legislation - Smokefree Indoor Air,Government Worksites,Restrictions,Type of Restriction in Government Worksite,Banned,4,Ranking,2003-06-23,2003-07-01,"(28.932040377000476, -81.92896053899966)",10GRP,1,8,False,False,2,0,0.0,[],,,0.0
2003,4,CT,Connecticut,Legislation - Smokefree Indoor Air,Smokefree Indoor Air – Other Sites,Restriction Areas,Hospitals,Banned,4,Ranking,2003-05-23,2003-10-01,"(41.56266102000046, -72.64984095199964)",15GRP,100,131,False,True,3,1,0.3333333333333333,['New York'],New York,58.0,0.5678310502283104
2003,4,FL,Florida,Legislation - Smokefree Indoor Air,Smokefree Indoor Air – Other Sites,Restriction Areas,Hospitals,Banned,4,Ranking,2003-03-23,2003-07-01,"(28.932040377000476, -81.92896053899966)",15GRP,100,100,False,False,2,0,0.0,[],,,0.0
2003,4,FL,Florida,Legislation - Smokefree Indoor Air,Private Worksites,Restrictions,Type of Restriction in Private Worksite,Banned,4,Ranking,2003-06-23,2003-07-01,"(28.932040377000476, -81.92896053899966)",10GRP,20,8,False,False,2,0,0.0,[],,,0.0
2003,4,AL,Alabama,Legislation - Smokefree Indoor Air,Commercial Day Care Centers,Restrictions,Type of Restriction in Commercial Day Care,Designated Areas,3,Ranking,2003-06-19,2003-09-01,"(32.84057112200048, -86.63186076199969)",10GRP,50,74,False,False,4,1,0.25,['Tennessee'],Tennessee,2929.0,0.21875
2003,4,CT,Connecticut,Legislation - Smokefree Indoor Air,Restaurants,Restriction Areas,Type of Restriction in Restaurant Patron Area,Banned,4,Ranking,2003-05-23,2003-10-01,"(41.56266102000046, -72.64984095199964)",15GRP,233,131,False,True,3,1,0.3333333333333333,['New York'],New York,58.0,0.5678310502283104
2003,4,FL,Florida,Legislation - Smokefree Indoor Air,Restaurants,Restriction Areas,Type of Restriction in Restaurant Bar Area,Banned,4,Ranking,2003-06-23,2003-07-01,"(28.932040377000476, -81.92896053899966)",15GRP,231,8,False,False,2,0,0.0,[],,,0.0
2003,4,AL,Alabama,Legislation - Smokefree Indoor Air,Smokefree Indoor Air – Other Sites,Restriction Areas,Malls,Designated Areas,3,Ranking,2003-06-19,2003-09-01,"(32.84057112200048, -86.63186076199969)",15GRP,96,74,False,False,4,0,0.0,[],,,0.0
2003,4,FL,Florida,Legislation - Smokefree Indoor Air,Hotels and Motels,Restrictions,Type of Restriction in Lobby and Common Area of Hotel and Motel,Banned,4,Ranking,2003-06-23,2003-07-01,"(28.932040377000476, -81.92896053899966)",10GRP,81,8,False,False,2,0,0.0,[],,,0.0
2003,4,FL,Florida,Legislation - Smokefree Indoor Air,Smokefree Indoor Air – Other Sites,Restriction Areas,Substance Use - Outpatient Facilities,Banned,4,Ranking,2003-06-23,2003-07-01,"(28.932040377000476, -81.92896053899966)",15GRP,338,8,False,False,2,0,0.0,[],,,0.0
2003,4,CT,Connecticut,Legislation - Smokefree Indoor Air,Hotels and Motels,Additional Requirements,Sleeping Room Designation (Type),Smoking Room,3,Ranking,2003-05-23,2003-10-01,"(41.56266102000046, -72.64984095199964)",20GRP,83,131,False,False,3,0,0.0,[],,,0.0
2003,4,FL,Florida,Legislation - Smokefree Indoor Air,Restaurants,Restrictions,Type of Restriction in Restaurant (Summary),Banned,4,Ranking,2003-06-23,2003-07-01,"(28.932040377000476, -81.92896053899966)",10GRP,37,8,False,False,2,0,0.0,[],,,0.0
2003,4,FL,Florida,Legislation - Smokefree Indoor Air,Home-based Day Care Centers,Restrictions,Type of Restriction in Home-Based Day Care,Banned,4,Ranking,2003-05-27,2003-07-01,"(28.932040377000476, -81.92896053899966)",10GRP,65,35,False,True,2,1,0.5,['Georgia'],Georgia,3343.0,0.4375
2003,4,AL,Alabama,Legislation - Smokefree Indoor Air,Government Multi-Unit Housing,Restrictions,Type of Restriction in Lobby and Common Area of Government Multi-Unit Housing,Designated Areas,3,Ranking,2003-06-19,2003-09-01,"(32.84057112200048, -86.63186076199969)",10GRP,115,74,False,False,4,0,0.0,[],,,0.0
2003,4,AL,Alabama,Legislation - Smokefree Indoor Air,Hotels and Motels,Restrictions,Type of Restriction in Lobby and Common Area of Hotel and Motel,Designated Areas,3,Ranking,2003-06-19,2003-09-01,"(32.84057112200048, -86.63186076199969)",10GRP,81,74,False,False,4,1,0.25,['Florida'],Florida,4087.0,0.21875
2003,4,FL,Florida,Legislation - Smokefree Indoor Air,Smokefree Indoor Air – Other Sites,Restriction Areas,Substance Use - Residential Facilities,Banned,4,Ranking,2003-06-23,2003-07-01,"(28.932040377000476, -81.92896053899966)",15GRP,339,8,False,False,2,0,0.0,[],,,0.0
2003,4,AL,Alabama,Legislation - Smokefree Indoor Air,Private Worksites,Restrictions,Type of Restriction in Private Worksite,Designated Areas,3,Ranking,2003-06-19,2003-09-01,"(32.84057112200048, -86.63186076199969)",10GRP,20,74,False,False,4,1,0.25,['Florida'],Florida,6574.0,0.21875
2003,4,AL,Alabama,Legislation - Smokefree Indoor Air,Private Multi-Unit Housing,Restrictions,Type of Restriction in Lobby and Common Area of Private Multi-Unit Housing,Designated Areas,3,Ranking,2003-06-19,2003-09-01,"(32.84057112200048, -86.63186076199969)",10GRP,125,74,False,False,4,0,0.0,[],,,0.0
2003,4,FL,Florida,Legislation - Smokefree Indoor Air,Restaurants,Restriction Areas,Type of Restriction in Restaurant Employee Area,Banned,4,Ranking,2003-06-23,2003-07-01,"(28.932040377000476, -81.92896053899966)",15GRP,232,8,False,False,2,0,0.0,[],,,0.0
2003,4,AL,Alabama,Legislation - Smokefree Indoor Air,Smokefree Indoor Air – Other Sites,Restriction Areas,Hospitals,Designated Areas,3,Ranking,2003-06-19,2003-09-01,"(32.84057112200048, -86.63186076199969)",15GRP,100,74,False,False,4,2,0.5,"['Tennessee', 'Florida']",Tennessee,6574.0,0.4375
2003,4,NY,New York,Legislation - Smokefree Indoor Air,Bars,Restriction Areas,Type of Restriction in Bar Employee Area,Banned,4,Ranking,2003-03-26,2003-07-24,"(42.82700103200045, -75.54397042699964)",15GRP,236,120,False,False,5,0,0.0,[],,,0.0
2003,4,OK,Oklahoma,Legislation - Smokefree Indoor Air,Restaurants,Restriction Areas,Type of Restriction in Restaurant Bar Area,Designated Areas,3,Ranking,2003-06-06,2003-09-01,"(35.47203135600046, -97.52107021399968)",15GRP,231,87,False,False,6,2,0.3333333333333333,"['Kansas', 'Missouri']",Kansas,5819.0,0.29166666666666663
2003,4,NY,New York,Legislation - Smokefree Indoor Air,Restaurants,Restriction Areas,Type of Restriction in Restaurant Employee Area,Banned,4,Ranking,2003-03-26,2003-07-24,"(42.82700103200045, -75.54397042699964)",15GRP,232,120,False,False,5,0,0.0,[],,,0.0
2003,4,MH,Marshall Islands,Legislation - Smokefree Indoor Air,Smokefree Indoor Air – Other Sites,Restriction Areas,Enclosed Arenas,Banned,4,Ranking,2003-09-29,2003-12-03,"(11.3246908, 166.84174239999993)",15GRP,98,65,False,False,0,0,,[],,,0.0
2003,4,NY,New York,Legislation - Smokefree Indoor Air,Restaurants,Restrictions,Type of Restriction in Restaurant (Summary),Banned,4,Ranking,2003-03-26,2003-07-24,"(42.82700103200045, -75.54397042699964)",10GRP,37,120,False,False,5,0,0.0,[],,,0.0
2003,4,OK,Oklahoma,Legislation - Smokefree Indoor Air,Restaurants,Restrictions,Type of Restriction in Restaurant (Summary),Designated Areas,3,Ranking,2003-06-06,2003-09-01,"(35.47203135600046, -97.52107021399968)",10GRP,37,87,False,False,6,2,0.3333333333333333,"['Kansas', 'Missouri']",Kansas,5819.0,0.29166666666666663
2003,4,NY,New York,Legislation - Smokefree Indoor Air,Restaurants,Restriction Areas,Type of Restriction in Restaurant Bar Area,Banned,4,Ranking,2003-03-26,2003-07-24,"(42.82700103200045, -75.54397042699964)",15GRP,231,120,False,False,5,1,0.2,['Vermont'],Vermont,3589.0,0.175
2003,4,OK,Oklahoma,Legislation - Smokefree Indoor Air,Restaurants,Restriction Areas,Type of Restriction in Restaurant Employee Area,Designated Areas,3,Ranking,2003-06-06,2003-09-01,"(35.47203135600046, -97.52107021399968)",15GRP,232,87,False,False,6,2,0.3333333333333333,"['Kansas', 'Missouri']",Kansas,5819.0,0.29166666666666663
2003,4,OK,Oklahoma,Legislation - Smokefree Indoor Air,Restaurants,Restriction Areas,Type of Restriction in Restaurant Patron Area,Designated Areas,3,Ranking,2003-06-06,2003-09-01,"(35.47203135600046, -97.52107021399968)",15GRP,233,87,False,False,6,2,0.3333333333333333,"['Kansas', 'Missouri']",Kansas,5819.0,0.29166666666666663
2003,4,NY,New York,Legislation - Smokefree Indoor Air,Smokefree Indoor Air – Other Sites,Restriction Areas,Substance Use - Residential Facilities,Designated Areas,3,Ranking,2003-03-26,2003-07-24,"(42.82700103200045, -75.54397042699964)",15GRP,339,120,False,False,5,0,0.0,[],,,0.0
2003,4,MH,Marshall Islands,Legislation - Smokefree Indoor Air,Government Worksites,Restrictions,Type of Restriction in Government Worksite,Banned,4,Ranking,2003-09-29,2003-12-03,"(11.3246908, 166.84174239999993)",10GRP,1,65,False,False,0,0,,[],,,0.0
2003,4,NY,New York,Legislation - Smokefree Indoor Air,Smokefree Indoor Air – Other Sites,Restriction Areas,Malls,Banned,4,Ranking,2003-03-26,2003-07-24,"(42.82700103200045, -75.54397042699964)",15GRP,96,120,False,False,5,0,0.0,[],,,0.0
2003,4,NY,New York,Legislation - Smokefree Indoor Air,Home-based Day Care Centers,Restrictions,Type of Restriction in Home-Based Day Care,Banned,4,Ranking,2003-03-26,2003-07-24,"(42.82700103200045, -75.54397042699964)",10GRP,65,120,False,False,5,0,0.0,[],,,0.0
2003,4,OK,Oklahoma,Legislation - Smokefree Indoor Air,Home-based Day Care Centers,Restrictions,Type of Restriction in Home-Based Day Care,Banned,4,Ranking,2003-06-06,2003-11-01,"(35.47203135600046, -97.52107021399968)",10GRP,65,148,False,True,6,3,0.5,"['Kansas', 'Missouri', 'Colorado']",Kansas,3643.0,0.4375
2003,4,NY,New York,Legislation - Smokefree Indoor Air,Smokefree Indoor Air – Other Sites,Restriction Areas,Hospitals,Banned,4,Ranking,2003-03-26,2003-07-25,"(42.82700103200045, -75.54397042699964)",15GRP,100,121,False,False,5,0,0.0,[],,,0.0
2003,4,MH,Marshall Islands,Legislation - Smokefree Indoor Air,Restaurants,Restriction Areas,Type of Restriction in Restaurant Bar Area,Designated Smoking Area,0,Ranking,2003-09-29,2003-12-03,"(11.3246908, 166.84174239999993)",15GRP,231,65,False,False,0,0,,[],,,0.0
2003,4,OK,Oklahoma,Legislation - Smokefree Indoor Air,Smokefree Indoor Air – Other Sites,Restriction Areas,Public Transportation,Banned,4,Ranking,2003-06-06,2003-09-01,"(35.47203135600046, -97.52107021399968)",15GRP,99,87,False,False,6,1,0.16666666666666666,['Kansas'],Kansas,5897.0,0.14583333333333331
2003,4,NY,New York,Legislation - Smokefree Indoor Air,Smokefree Indoor Air – Other Sites,Restriction Areas,Mental Health - Outpatient Facilities,Banned,4,Ranking,2003-03-26,2003-07-25,"(42.82700103200045, -75.54397042699964)",15GRP,340,121,False,False,5,0,0.0,[],,,0.0
2003,4,OK,Oklahoma,Legislation - Smokefree Indoor Air,Private Worksites,Restrictions,Type of Restriction in Private Worksite,Designated Areas,3,Ranking,2003-06-06,2003-09-01,"(35.47203135600046, -97.52107021399968)",10GRP,20,87,False,False,6,1,0.16666666666666666,['Missouri'],Missouri,4012.0,0.14583333333333331
2004,4,ID,Idaho,Legislation - Smokefree Indoor Air,Private Worksites,Restrictions,Type of Restriction in Private Worksite,Designated Areas,3,Ranking,2004-04-02,2004-07-01,"(43.682630005000476, -114.3637300419997)",10GRP,20,90,False,False,5,2,0.4,"['Montana', 'Utah']",Montana,9136.0,0.35
2004,4,ME,Maine,Legislation - Smokefree Indoor Air,Restaurants,Restriction Areas,Type of Restriction in Restaurant Patron Area,Banned,4,Ranking,2003-06-24,2004-01-01,"(45.254228894000505, -68.98503133599962)",15GRP,233,191,False,False,1,0,0.0,[],,,0.0
2004,4,MA,Massachusetts,Legislation - Smokefree Indoor Air,Hotels and Motels,Additional Requirements,Sleeping Room Designation (Type),Smoking Room,3,Ranking,2004-06-18,2004-07-05,"(42.27687047000046, -72.08269067499964)",20GRP,83,17,False,True,5,2,0.4,"['Connecticut', 'New York']",Connecticut,392.0,0.48890410958904107
2004,4,MA,Massachusetts,Legislation - Smokefree Indoor Air,Smokefree Indoor Air – Other Sites,Restriction Areas,Mental Health - Residential Facilities,Banned,4,Ranking,2004-06-18,2004-07-05,"(42.27687047000046, -72.08269067499964)",15GRP,341,17,False,False,5,0,0.0,[],,,0.0
2004,4,MA,Massachusetts,Legislation - Smokefree Indoor Air,Smokefree Indoor Air – Other Sites,Restriction Areas,Enclosed Arenas,Banned,4,Ranking,2004-06-18,2004-07-05,"(42.27687047000046, -72.08269067499964)",15GRP,98,17,False,False,5,1,0.2,['New York'],New York,450.0,0.2900684931506849
2004,4,ME,Maine,Legislation - Smokefree Indoor Air,Smokefree Indoor Air – Other Sites,Restriction Areas,Casinos (Racetrack),Designated Areas,3,Ranking,2003-06-24,2004-01-01,"(45.254228894000505, -68.98503133599962)",15GRP,336,191,False,False,1,0,0.0,[],,,0.0
2004,4,ID,Idaho,Legislation - Smokefree Indoor Air,Smokefree Indoor Air – Other Sites,Restriction Areas,Grocery Stores,Banned,4,Ranking,2004-04-02,2004-07-01,"(43.682630005000476, -114.3637300419997)",15GRP,97,90,False,False,5,1,0.2,['Utah'],Utah,3664.0,0.175
2004,4,ME,Maine,Legislation - Smokefree Indoor Air,Restaurants,Restriction Areas,Type of Restriction in Restaurant Bar Area,Banned,4,Ranking,2003-06-24,2004-01-01,"(45.254228894000505, -68.98503133599962)",15GRP,231,191,False,False,1,0,0.0,[],,,0.0
2004,4,MA,Massachusetts,Legislation - Smokefree Indoor Air,Smokefree Indoor Air – Other Sites,Restriction Areas,Mental Health - Outpatient Facilities,Banned,4,Ranking,2004-06-18,2004-07-05,"(42.27687047000046, -72.08269067499964)",15GRP,340,17,False,False,5,1,0.2,['New York'],New York,450.0,0.2900684931506849
2004,4,MN,Minnesota,Legislation - Smokefree Indoor Air,Smokefree Indoor Air – Other Sites,Restriction Areas,Mental Health - Outpatient Facilities,Banned,4,Ranking,2003-06-05,2004-01-01,"(46.35564873600049, -94.79420050299967)",15GRP,340,210,False,False,4,0,0.0,[],,,0.0
2004,4,MA,Massachusetts,Legislation - Smokefree Indoor Air,Smokefree Indoor Air – Other Sites,Restriction Areas,Hospitals,Banned,4,Ranking,2004-06-18,2004-07-05,"(42.27687047000046, -72.08269067499964)",15GRP,100,17,False,False,5,3,0.6,"['Connecticut', 'New York', 'New Hampshire']",Connecticut,5166.0,0.5249999999999999
2004,4,ME,Maine,Legislation - Smokefree Indoor Air,Bars,Restrictions,Type of Restriction in Bar (Summary),Banned,4,Ranking,2003-06-24,2004-01-01,"(45.254228894000505, -68.98503133599962)",10GRP,234,191,False,False,1,0,0.0,[],,,0.0
2004,4,MA,Massachusetts,Legislation - Smokefree Indoor Air,Restaurants,Restrictions,Type of Restriction in Restaurant (Summary),Banned,4,Ranking,2004-06-18,2004-07-05,"(42.27687047000046, -72.08269067499964)",10GRP,37,17,False,False,5,1,0.2,['New York'],New York,450.0,0.2900684931506849
2004,4,ID,Idaho,Legislation - Smokefree Indoor Air,Restaurants,Restrictions,Type of Restriction in Restaurant (Summary),Banned,4,Ranking,2004-04-02,2004-07-01,"(43.682630005000476, -114.3637300419997)",10GRP,37,90,False,False,5,1,0.2,['Utah'],Utah,3664.0,0.175
2004,4,MA,Massachusetts,Legislation - Smokefree Indoor Air,Government Worksites,Vehicles,Type of Restriction in Government Worksite Vehicle,Banned,4,Ranking,2004-06-18,2004-07-05,"(42.27687047000046, -72.08269067499964)",30GRP,17,17,False,False,5,1,0.2,['New York'],New York,5462.0,0.175
2004,4,ID,Idaho,Legislation - Smokefree Indoor Air,Smokefree Indoor Air – Other Sites,Restriction Areas,Enclosed Arenas,Banned,4,Ranking,2004-04-02,2004-07-01,"(43.682630005000476, -114.3637300419997)",15GRP,98,90,False,False,5,1,0.2,['Utah'],Utah,3664.0,0.175
2004,4,MA,Massachusetts,Legislation - Smokefree Indoor Air,Smokefree Indoor Air – Other Sites,Restriction Areas,Substance Use - Residential Facilities,Banned,4,Ranking,2004-06-18,2004-07-05,"(42.27687047000046, -72.08269067499964)",15GRP,339,17,False,False,5,0,0.0,[],,,0.0
2004,4,ID,Idaho,Legislation - Smokefree Indoor Air,Restaurants,Restriction Areas,Type of Restriction in Restaurant Employee Area,Banned,4,Ranking,2004-04-02,2004-07-01,"(43.682630005000476, -114.3637300419997)",15GRP,232,90,False,False,5,1,0.2,['Utah'],Utah,3664.0,0.175
2004,4,ID,Idaho,Legislation - Smokefree Indoor Air,Hotels and Motels,Restrictions,Type of Restriction in Lobby and Common Area of Hotel and Motel,Banned,4,Ranking,2004-04-02,2004-07-01,"(43.682630005000476, -114.3637300419997)",10GRP,81,90,False,False,5,2,0.4,"['Utah', 'Oregon']",Utah,3664.0,0.35
2004,4,MA,Massachusetts,Legislation - Smokefree Indoor Air,Restaurants,Restriction Areas,Type of Restriction in Restaurant Employee Area,Banned,4,Ranking,2004-06-18,2004-07-05,"(42.27687047000046, -72.08269067499964)",15GRP,232,17,False,False,5,1,0.2,['New York'],New York,450.0,0.2900684931506849
2004,4,ID,Idaho,Legislation - Smokefree Indoor Air,Commercial Day Care Centers,Restrictions,Type of Restriction in Commercial Day Care,Banned,4,Ranking,2004-04-02,2004-07-01,"(43.682630005000476, -114.3637300419997)",10GRP,50,90,False,False,5,1,0.2,['Utah'],Utah,3664.0,0.175
2004,4,ME,Maine,Legislation - Smokefree Indoor Air,Hotels and Motels,Restrictions,Type of Restriction in Lobby and Common Area of Hotel and Motel,Banned,4,Ranking,1993-06-15,1994-01-01,"(45.254228894000505, -68.98503133599962)",10GRP,81,200,False,False,1,0,0.0,[],,,0.0
2004,4,CT,Connecticut,Legislation - Smokefree Indoor Air,Bars,Restriction Areas,Type of Restriction in Bar Patron Area,Banned,4,Ranking,2003-05-23,2004-04-01,"(41.56266102000046, -72.64984095199964)",15GRP,235,314,False,True,3,1,0.3333333333333333,['New York'],New York,58.0,0.5678310502283104
2004,4,ID,Idaho,Legislation - Smokefree Indoor Air,Smokefree Indoor Air – Other Sites,Restriction Areas,Malls,Banned,4,Ranking,2004-04-02,2004-07-01,"(43.682630005000476, -114.3637300419997)",15GRP,96,90,False,False,5,1,0.2,['Utah'],Utah,3664.0,0.175
2004,4,MA,Massachusetts,Legislation - Smokefree Indoor Air,Commercial Day Care Centers,Restrictions,Type of Restriction in Commercial Day Care,Banned,4,Ranking,2004-06-18,2004-07-05,"(42.27687047000046, -72.08269067499964)",10GRP,50,17,False,False,5,3,0.6,"['Rhode Island', 'New York', 'New Hampshire']",Rhode Island,5166.0,0.5249999999999999
2004,4,ME,Maine,Legislation - Smokefree Indoor Air,Commercial Day Care Centers,Restrictions,Type of Restriction in Commercial Day Care,Banned,4,Ranking,2003-06-24,2004-01-01,"(45.254228894000505, -68.98503133599962)",10GRP,50,191,False,False,1,1,1.0,['New Hampshire'],New Hampshire,4806.0,0.7
2004,4,MA,Massachusetts,Legislation - Smokefree Indoor Air,Restaurants,Restriction Areas,Type of Restriction in Restaurant Bar Area,Banned,4,Ranking,2004-06-18,2004-07-05,"(42.27687047000046, -72.08269067499964)",15GRP,231,17,False,False,5,3,0.6,"['Connecticut', 'New York', 'Vermont']",Connecticut,4039.0,0.5249999999999999
2004,4,ID,Idaho,Legislation - Smokefree Indoor Air,Smokefree Indoor Air – Other Sites,Restriction Areas,Hospitals,Banned,4,Ranking,2004-04-02,2004-07-01,"(43.682630005000476, -114.3637300419997)",15GRP,100,90,False,False,5,0,0.0,[],,,0.0
2004,4,ME,Maine,Legislation - Smokefree Indoor Air,Restaurants,Restrictions,Type of Restriction in Restaurant (Summary),Banned,4,Ranking,2003-06-24,2004-01-01,"(45.254228894000505, -68.98503133599962)",10GRP,37,191,False,False,1,0,0.0,[],,,0.0
2004,4,MN,Minnesota,Legislation - Smokefree Indoor Air,Smokefree Indoor Air – Other Sites,Restriction Areas,Substance Use - Outpatient Facilities,Banned,4,Ranking,2003-06-05,2004-01-01,"(46.35564873600049, -94.79420050299967)",15GRP,338,210,False,False,4,0,0.0,[],,,0.0
2004,4,MA,Massachusetts,Legislation - Smokefree Indoor Air,Hotels and Motels,Restrictions,Type of Restriction in Lobby and Common Area of Hotel and Motel,Banned,4,Ranking,2004-06-18,2004-07-05,"(42.27687047000046, -72.08269067499964)",10GRP,81,17,False,False,5,2,0.4,"['New York', 'Vermont']",New York,4033.0,0.35
2004,4,ID,Idaho,Legislation - Smokefree Indoor Air,Hotels and Motels,Additional Requirements,Sleeping Room Designation (Type),Smoking Room,3,Ranking,2004-04-02,2004-07-01,"(43.682630005000476, -114.3637300419997)",20GRP,83,90,False,False,5,2,0.4,"['Utah', 'Oregon']",Utah,3664.0,0.35
2004,4,ID,Idaho,Legislation - Smokefree Indoor Air,Restaurants,Restriction Areas,Type of Restriction in Restaurant Bar Area,Banned,4,Ranking,2004-04-02,2004-07-01,"(43.682630005000476, -114.3637300419997)",15GRP,231,90,False,False,5,1,0.2,['Utah'],Utah,3664.0,0.175
2004,4,MA,Massachusetts,Legislation - Smokefree Indoor Air,Smokefree Indoor Air – Other Sites,Restriction Areas,Substance Use - Outpatient Facilities,Banned,4,Ranking,2004-06-18,2004-07-05,"(42.27687047000046, -72.08269067499964)",15GRP,338,17,False,False,5,1,0.2,['New York'],New York,450.0,0.2900684931506849
2004,4,ID,Idaho,Legislation - Smokefree Indoor Air,Government Worksites,Restrictions,Type of Restriction in Government Worksite,Banned,4,Ranking,2004-04-02,2004-07-01,"(43.682630005000476, -114.3637300419997)",10GRP,1,90,False,False,5,3,0.6,"['Montana', 'Utah', 'Washington']",Montana,5695.0,0.5249999999999999
2004,4,ID,Idaho,Legislation - Smokefree Indoor Air,Home-based Day Care Centers,Restrictions,Type of Restriction in Home-Based Day Care,Banned,4,Ranking,2004-04-02,2004-07-01,"(43.682630005000476, -114.3637300419997)",10GRP,65,90,False,False,5,1,0.2,['Utah'],Utah,3664.0,0.175
2004,4,ME,Maine,Legislation - Smokefree Indoor Air,Bars,Restriction Areas,Type of Restriction in Bar Employee Area,Banned,4,Ranking,2003-06-24,2004-01-01,"(45.254228894000505, -68.98503133599962)",15GRP,236,191,False,False,1,0,0.0,[],,,0.0
2004,4,CA,California,Legislation - Smokefree Indoor Air,Government Worksites,Vehicles,Type of Restriction in Government Worksite Vehicle,Banned,4,Ranking,2003-09-08,2004-01-01,"(37.63864012300047, -120.99999953799971)",30GRP,17,115,False,False,3,0,0.0,[],,,0.0
2004,4,MA,Massachusetts,Legislation - Smokefree Indoor Air,Bars,Restrictions,Type of Restriction in Bar (Summary),Banned,4,Ranking,2004-06-18,2004-07-05,"(42.27687047000046, -72.08269067499964)",10GRP,234,17,False,False,5,1,0.2,['New York'],New York,450.0,0.2900684931506849
2004,4,MA,Massachusetts,Legislation - Smokefree Indoor Air,Home-based Day Care Centers,Restrictions,Type of Restriction in Home-Based Day Care,Banned,4,Ranking,2004-06-18,2004-07-05,"(42.27687047000046, -72.08269067499964)",10GRP,65,17,False,True,5,2,0.4,"['Rhode Island', 'New York']",Rhode Island,1436.0,0.35
2004,4,ID,Idaho,Legislation - Smokefree Indoor Air,Restaurants,Restriction Areas,Type of Restriction in Restaurant Patron Area,Banned,4,Ranking,2004-04-02,2004-07-01,"(43.682630005000476, -114.3637300419997)",15GRP,233,90,False,False,5,1,0.2,['Utah'],Utah,3664.0,0.175
2004,4,MA,Massachusetts,Legislation - Smokefree Indoor Air,Bars,Restriction Areas,Type of Restriction in Bar Employee Area,Banned,4,Ranking,2004-06-18,2004-07-05,"(42.27687047000046, -72.08269067499964)",15GRP,236,17,False,False,5,1,0.2,['New York'],New York,450.0,0.2900684931506849
2004,4,ID,Idaho,Legislation - Smokefree Indoor Air,Smokefree Indoor Air – Other Sites,Restriction Areas,Public Transportation,Banned,4,Ranking,2004-04-02,2004-07-01,"(43.682630005000476, -114.3637300419997)",15GRP,99,90,False,False,5,2,0.4,"['Utah', 'Washington']",Utah,6902.0,0.35
2004,4,NE,Nebraska,Legislation - Smokefree Indoor Air,Home-based Day Care Centers,Restrictions,Type of Restriction in Home-Based Day Care,Banned,4,Ranking,2004-04-15,2004-04-15,"(41.6410409880005, -99.36572062299967)",10GRP,65,0,False,False,5,4,0.8,"['South Dakota', 'Missouri', 'Kansas', 'Colorado']",South Dakota,3957.0,0.7
2004,4,ME,Maine,Legislation - Smokefree Indoor Air,Bars,Restriction Areas,Type of Restriction in Bar Patron Area,Banned,4,Ranking,2003-06-24,2004-01-01,"(45.254228894000505, -68.98503133599962)",15GRP,235,191,False,False,1,0,0.0,[],,,0.0
2004,4,MA,Massachusetts,Legislation - Smokefree Indoor Air,Restaurants,Restriction Areas,Type of Restriction in Restaurant Patron Area,Banned,4,Ranking,2004-06-18,2004-07-05,"(42.27687047000046, -72.08269067499964)",15GRP,233,17,False,False,5,3,0.6,"['Connecticut', 'New York', 'Vermont']",Connecticut,4039.0,0.5249999999999999
2004,4,MA,Massachusetts,Legislation - Smokefree Indoor Air,Private Worksites,Restrictions,Type of Restriction in Private Worksite,Banned,4,Ranking,2004-06-18,2004-07-05,"(42.27687047000046, -72.08269067499964)",10GRP,20,17,False,False,5,1,0.2,['New York'],New York,450.0,0.2900684931506849
2004,4,ME,Maine,Legislation - Smokefree Indoor Air,Restaurants,Restriction Areas,Type of Restriction in Restaurant Employee Area,Banned,4,Ranking,2003-06-24,2004-01-01,"(45.254228894000505, -68.98503133599962)",15GRP,232,191,False,False,1,0,0.0,[],,,0.0
2004,4,MA,Massachusetts,Legislation - Smokefree Indoor Air,Bars,Restriction Areas,Type of Restriction in Bar Patron Area,Banned,4,Ranking,2004-06-18,2004-07-05,"(42.27687047000046, -72.08269067499964)",15GRP,235,17,False,True,5,2,0.4,"['Connecticut', 'New York']",Connecticut,450.0,0.4650684931506849
2005,4,RI,Rhode Island,Legislation - Smokefree Indoor Air,Smokefree Indoor Air – Other Sites,Restriction Areas,Hospitals,Banned,4,Ranking,2004-06-29,2005-03-01,"(41.70828019300046, -71.52247031399963)",15GRP,100,245,False,True,2,2,1.0,"['Connecticut', 'Massachusetts']",Connecticut,403.0,0.8343835616438355
2005,4,VT,Vermont,Legislation - Smokefree Indoor Air,Bars,Restriction Areas,Type of Restriction in Bar Patron Area,Banned,4,Ranking,2005-06-01,2005-09-01,"(43.62538123900049, -72.51764079099962)",15GRP,235,92,False,True,3,2,0.6666666666666666,"['New York', 'Massachusetts']",New York,798.0,0.5833333333333333
2005,4,MT,Montana,Legislation - Smokefree Indoor Air,Smokefree Indoor Air – Other Sites,Restriction Areas,Substance Use - Residential Facilities,Banned,4,Ranking,2005-04-15,2005-10-01,"(47.06652897200047, -109.42442064499971)",15GRP,339,169,False,False,3,0,0.0,[],,,0.0
2005,4,WA,Washington,Legislation - Smokefree Indoor Air,Smokefree Indoor Air – Other Sites,Restriction Areas,Casinos,Banned,4,Ranking,2005-11-08,2005-12-08,"(47.52227862900048, -120.47001078999972)",15GRP,335,30,False,False,2,0,0.0,[],,,0.0
2005,4,WA,Washington,Legislation - Smokefree Indoor Air,Smokefree Indoor Air – Other Sites,Restriction Areas,Grocery Stores,Banned,4,Ranking,2005-11-08,2005-12-08,"(47.52227862900048, -120.47001078999972)",15GRP,97,30,False,True,2,1,0.5,['Idaho'],Idaho,585.0,0.4970890410958904
2005,4,WA,Washington,Legislation - Smokefree Indoor Air,Restaurants,Restrictions,Type of Restriction in Restaurant (Summary),Banned,4,Ranking,2005-11-08,2005-12-08,"(47.52227862900048, -120.47001078999972)",10GRP,37,30,False,True,2,1,0.5,['Idaho'],Idaho,585.0,0.4970890410958904
2005,4,RI,Rhode Island,Legislation - Smokefree Indoor Air,Restaurants,Restriction Areas,Type of Restriction in Restaurant Employee Area,Banned,4,Ranking,2004-06-29,2005-03-01,"(41.70828019300046, -71.52247031399963)",15GRP,232,245,False,True,2,1,0.5,['Massachusetts'],Massachusetts,11.0,0.7329794520547945
2005,4,WA,Washington,Legislation - Smokefree Indoor Air,Restaurants,Restriction Areas,Type of Restriction in Restaurant Bar Area,Banned,4,Ranking,2005-11-08,2005-12-08,"(47.52227862900048, -120.47001078999972)",15GRP,231,30,False,True,2,1,0.5,['Idaho'],Idaho,585.0,0.4970890410958904
2005,4,RI,Rhode Island,Legislation - Smokefree Indoor Air,Smokefree Indoor Air – Other Sites,Restriction Areas,Public Transportation,Banned,4,Ranking,2004-06-29,2005-03-01,"(41.70828019300046, -71.52247031399963)",15GRP,99,245,False,False,2,1,0.5,['Massachusetts'],Massachusetts,6011.0,0.4375
2005,4,RI,Rhode Island,Legislation - Smokefree Indoor Air,Restaurants,Restriction Areas,Type of Restriction in Restaurant Patron Area,Banned,4,Ranking,2004-06-29,2005-03-01,"(41.70828019300046, -71.52247031399963)",15GRP,233,245,False,True,2,2,1.0,"['Connecticut', 'Massachusetts']",Connecticut,403.0,0.8343835616438355
2005,4,MT,Montana,Legislation - Smokefree Indoor Air,Smokefree Indoor Air – Other Sites,Restriction Areas,Substance Use - Outpatient Facilities,Banned,4,Ranking,2005-04-15,2005-10-01,"(47.06652897200047, -109.42442064499971)",15GRP,338,169,False,False,3,0,0.0,[],,,0.0
2005,4,RI,Rhode Island,Legislation - Smokefree Indoor Air,Hotels and Motels,Restrictions,Type of Restriction in Lobby and Common Area of Hotel and Motel,Banned,4,Ranking,2004-06-29,2005-03-01,"(41.70828019300046, -71.52247031399963)",10GRP,81,245,False,True,2,1,0.5,['Massachusetts'],Massachusetts,11.0,0.7329794520547945
2005,4,WA,Washington,Legislation - Smokefree Indoor Air,Smokefree Indoor Air – Other Sites,Restriction Areas,Enclosed Arenas,Banned,4,Ranking,2005-11-08,2005-12-08,"(47.52227862900048, -120.47001078999972)",15GRP,98,30,False,True,2,1,0.5,['Idaho'],Idaho,585.0,0.4970890410958904
2005,4,WA,Washington,Legislation - Smokefree Indoor Air,Private Worksites,Restrictions,Type of Restriction in Private Worksite,Banned,4,Ranking,2005-11-08,2005-12-08,"(47.52227862900048, -120.47001078999972)",10GRP,20,30,False,False,2,0,0.0,[],,,0.0
2005,4,MT,Montana,Legislation - Smokefree Indoor Air,Hotels and Motels,Additional Requirements,Sleeping Room Designation (Type),Smoking Room,3,Ranking,2005-04-18,2005-10-01,"(47.06652897200047, -109.42442064499971)",20GRP,83,166,False,True,3,2,0.6666666666666666,"['South Dakota', 'Idaho']",South Dakota,1151.0,0.5833333333333333
2005,4,MT,Montana,Legislation - Smokefree Indoor Air,Smokefree Indoor Air – Other Sites,Restriction Areas,Public Transportation,Banned,4,Ranking,2005-04-17,2005-10-01,"(47.06652897200047, -109.42442064499971)",15GRP,99,167,False,True,3,2,0.6666666666666666,"['South Dakota', 'Idaho']",South Dakota,1150.0,0.5833333333333333
2005,4,ND,North Dakota,Legislation - Smokefree Indoor Air,Hotels and Motels,Restrictions,Type of Restriction in Lobby and Common Area of Hotel and Motel,Banned,4,Ranking,2005-05-25,2005-08-01,"(47.47531977900047, -100.11842104899966)",10GRP,81,68,False,True,3,2,0.6666666666666666,"['South Dakota', 'Montana']",South Dakota,1188.0,0.5833333333333333
2005,4,RI,Rhode Island,Legislation - Smokefree Indoor Air,Government Worksites,Vehicles,Type of Restriction in Government Worksite Vehicle,Banned,4,Ranking,2004-06-29,2005-03-01,"(41.70828019300046, -71.52247031399963)",30GRP,17,245,False,True,2,1,0.5,['Massachusetts'],Massachusetts,11.0,0.7329794520547945
2005,4,RI,Rhode Island,Legislation - Smokefree Indoor Air,Smokefree Indoor Air – Other Sites,Restriction Areas,Enclosed Arenas,Banned,4,Ranking,2004-06-29,2005-03-01,"(41.70828019300046, -71.52247031399963)",15GRP,98,245,False,True,2,1,0.5,['Massachusetts'],Massachusetts,11.0,0.7329794520547945
2005,4,RI,Rhode Island,Legislation - Smokefree Indoor Air,Government Worksites,Restrictions,Type of Restriction in Government Worksite,Banned,4,Ranking,2004-06-29,2005-03-01,"(41.70828019300046, -71.52247031399963)",10GRP,1,245,False,True,2,1,0.5,['Massachusetts'],Massachusetts,2497.0,0.4375
2005,4,RI,Rhode Island,Legislation - Smokefree Indoor Air,Private Worksites,Vehicles,Type of Restriction in Private Worksite Vehicle,Banned,4,Ranking,2004-06-29,2005-03-01,"(41.70828019300046, -71.52247031399963)",30GRP,34,245,False,False,2,0,0.0,[],,,0.0
2005,4,ND,North Dakota,Legislation - Smokefree Indoor Air,Smokefree Indoor Air – Other Sites,Restriction Areas,Enclosed Arenas,Banned,4,Ranking,2005-04-25,2005-08-01,"(47.47531977900047, -100.11842104899966)",15GRP,98,98,False,True,3,2,0.6666666666666666,"['South Dakota', 'Montana']",South Dakota,1158.0,0.5833333333333333
2005,4,RI,Rhode Island,Legislation - Smokefree Indoor Air,Private Multi-Unit Housing,Restrictions,Type of Restriction in Lobby and Common Area of Private Multi-Unit Housing,Banned,4,Ranking,2004-06-29,2005-03-01,"(41.70828019300046, -71.52247031399963)",10GRP,125,245,False,False,2,0,0.0,[],,,0.0
2005,4,WA,Washington,Legislation - Smokefree Indoor Air,Restaurants,Restriction Areas,Type of Restriction in Restaurant Employee Area,Banned,4,Ranking,2005-11-08,2005-12-08,"(47.52227862900048, -120.47001078999972)",15GRP,232,30,False,True,2,1,0.5,['Idaho'],Idaho,585.0,0.4970890410958904
2005,4,MT,Montana,Legislation - Smokefree Indoor Air,Smokefree Indoor Air – Other Sites,Restriction Areas,Malls,Banned,4,Ranking,2005-04-17,2005-10-01,"(47.06652897200047, -109.42442064499971)",15GRP,96,167,False,True,3,2,0.6666666666666666,"['South Dakota', 'Idaho']",South Dakota,1150.0,0.5833333333333333
2005,4,WA,Washington,Legislation - Smokefree Indoor Air,Restaurants,Restriction Areas,Type of Restriction in Restaurant Patron Area,Banned,4,Ranking,2005-11-08,2005-12-08,"(47.52227862900048, -120.47001078999972)",15GRP,233,30,False,True,2,1,0.5,['Idaho'],Idaho,585.0,0.4970890410958904
2005,4,VT,Vermont,Legislation - Smokefree Indoor Air,Bars,Restrictions,Type of Restriction in Bar (Summary),Designated Areas,3,Ranking,2005-06-01,2005-09-01,"(43.62538123900049, -72.51764079099962)",10GRP,234,92,False,False,3,0,0.0,[],,,0.0
2005,4,ND,North Dakota,Legislation - Smokefree Indoor Air,Smokefree Indoor Air – Other Sites,Restriction Areas,Grocery Stores,Banned,4,Ranking,2005-04-25,2005-08-01,"(47.47531977900047, -100.11842104899966)",15GRP,97,98,False,True,3,2,0.6666666666666666,"['South Dakota', 'Montana']",South Dakota,1158.0,0.5833333333333333
2005,4,RI,Rhode Island,Legislation - Smokefree Indoor Air,Bars,Restrictions,Type of Restriction in Bar (Summary),Banned,4,Ranking,2004-06-29,2005-03-01,"(41.70828019300046, -71.52247031399963)",10GRP,234,245,False,True,2,1,0.5,['Massachusetts'],Massachusetts,11.0,0.7329794520547945
2005,4,MT,Montana,Legislation - Smokefree Indoor Air,Smokefree Indoor Air – Other Sites,Restriction Areas,Enclosed Arenas,Banned,4,Ranking,2005-04-17,2005-10-01,"(47.06652897200047, -109.42442064499971)",15GRP,98,167,False,True,3,2,0.6666666666666666,"['South Dakota', 'Idaho']",South Dakota,1150.0,0.5833333333333333
2005,4,WA,Washington,Legislation - Smokefree Indoor Air,Commercial Day Care Centers,Restrictions,Type of Restriction in Commercial Day Care,Banned,4,Ranking,2005-11-08,2005-12-08,"(47.52227862900048, -120.47001078999972)",10GRP,50,30,False,True,2,1,0.5,['Idaho'],Idaho,585.0,0.4970890410958904
2005,4,WA,Washington,Legislation - Smokefree Indoor Air,Smokefree Indoor Air – Other Sites,Restriction Areas,Mental Health - Residential Facilities,Banned,4,Ranking,2005-11-08,2005-12-08,"(47.52227862900048, -120.47001078999972)",15GRP,341,30,False,False,2,0,0.0,[],,,0.0
2005,4,RI,Rhode Island,Legislation - Smokefree Indoor Air,Hotels and Motels,Additional Requirements,Sleeping Room Designation (Type),Smoking Room,3,Ranking,2004-06-29,2005-03-01,"(41.70828019300046, -71.52247031399963)",20GRP,83,245,False,True,2,2,1.0,"['Connecticut', 'Massachusetts']",Connecticut,403.0,0.8343835616438355
2005,4,ND,North Dakota,Legislation - Smokefree Indoor Air,Hotels and Motels,Additional Requirements,Sleeping Room Designation (Type),Smoking Room,3,Ranking,2005-05-25,2005-08-01,"(47.47531977900047, -100.11842104899966)",20GRP,83,68,False,True,3,2,0.6666666666666666,"['South Dakota', 'Montana']",South Dakota,1188.0,0.5833333333333333
2005,4,MT,Montana,Legislation - Smokefree Indoor Air,Restaurants,Restriction Areas,Type of Restriction in Restaurant Bar Area,Banned,4,Ranking,2005-04-18,2005-10-01,"(47.06652897200047, -109.42442064499971)",15GRP,231,166,False,True,3,1,0.3333333333333333,['Idaho'],Idaho,381.0,0.43509132420091323
2005,4,MT,Montana,Legislation - Smokefree Indoor Air,Private Worksites,Restrictions,Type of Restriction in Private Worksite,Banned,4,Ranking,2005-04-15,2005-10-01,"(47.06652897200047, -109.42442064499971)",10GRP,20,169,False,True,3,1,0.3333333333333333,['South Dakota'],South Dakota,1148.0,0.29166666666666663
2005,4,ND,North Dakota,Legislation - Smokefree Indoor Air,Private Multi-Unit Housing,Restrictions,Type of Restriction in Lobby and Common Area of Private Multi-Unit Housing,Banned,4,Ranking,2005-04-25,2005-08-01,"(47.47531977900047, -100.11842104899966)",10GRP,125,98,False,False,3,0,0.0,[],,,0.0
2005,4,RI,Rhode Island,Legislation - Smokefree Indoor Air,Smokefree Indoor Air – Other Sites,Restriction Areas,Bingo Halls,Banned,4,Ranking,2004-06-29,2005-03-01,"(41.70828019300046, -71.52247031399963)",15GRP,337,245,False,False,2,0,0.0,[],,,0.0
2005,4,RI,Rhode Island,Legislation - Smokefree Indoor Air,Private Worksites,Restrictions,Type of Restriction in Private Worksite,Banned,4,Ranking,2004-06-29,2005-03-01,"(41.70828019300046, -71.52247031399963)",10GRP,20,245,False,True,2,1,0.5,['Massachusetts'],Massachusetts,11.0,0.7329794520547945
2005,4,WA,Washington,Legislation - Smokefree Indoor Air,Bars,Restrictions,Type of Restriction in Bar (Summary),Banned,4,Ranking,2005-11-08,2005-12-08,"(47.52227862900048, -120.47001078999972)",10GRP,234,30,False,False,2,0,0.0,[],,,0.0
2005,4,WA,Washington,Legislation - Smokefree Indoor Air,Smokefree Indoor Air – Other Sites,Restriction Areas,Substance Use - Residential Facilities,Banned,4,Ranking,2005-11-08,2005-12-08,"(47.52227862900048, -120.47001078999972)",15GRP,339,30,False,False,2,0,0.0,[],,,0.0
2005,4,RI,Rhode Island,Legislation - Smokefree Indoor Air,Smokefree Indoor Air – Other Sites,Restriction Areas,Grocery Stores,Banned,4,Ranking,2004-06-29,2005-03-01,"(41.70828019300046, -71.52247031399963)",15GRP,97,245,False,False,2,2,1.0,"['Connecticut', 'Massachusetts']",Connecticut,6011.0,0.7
2005,4,MT,Montana,Legislation - Smokefree Indoor Air,Hotels and Motels,Restrictions,Type of Restriction in Lobby and Common Area of Hotel and Motel,Banned,4,Ranking,2005-04-18,2005-10-01,"(47.06652897200047, -109.42442064499971)",10GRP,81,166,False,True,3,2,0.6666666666666666,"['South Dakota', 'Idaho']",South Dakota,1151.0,0.5833333333333333
2005,4,WA,Washington,Legislation - Smokefree Indoor Air,Smokefree Indoor Air – Other Sites,Restriction Areas,Malls,Banned,4,Ranking,2005-11-08,2005-12-08,"(47.52227862900048, -120.47001078999972)",15GRP,96,30,False,True,2,1,0.5,['Idaho'],Idaho,585.0,0.4970890410958904
2005,4,WA,Washington,Legislation - Smokefree Indoor Air,Government Worksites,Restrictions,Type of Restriction in Government Worksite,Banned,4,Ranking,2005-11-08,2005-12-08,"(47.52227862900048, -120.47001078999972)",10GRP,1,30,False,False,2,1,0.5,['Idaho'],Idaho,5054.0,0.4375
2005,4,ND,North Dakota,Legislation - Smokefree Indoor Air,Smokefree Indoor Air – Other Sites,Restriction Areas,Public Transportation,Banned,4,Ranking,2005-04-25,2005-08-01,"(47.47531977900047, -100.11842104899966)",15GRP,99,98,False,True,3,2,0.6666666666666666,"['South Dakota', 'Montana']",South Dakota,1158.0,0.5833333333333333
2005,4,MT,Montana,Legislation - Smokefree Indoor Air,Smokefree Indoor Air – Other Sites,Restriction Areas,Mental Health - Outpatient Facilities,Banned,4,Ranking,2005-04-15,2005-10-01,"(47.06652897200047, -109.42442064499971)",15GRP,340,169,False,False,3,0,0.0,[],,,0.0
2005,4,RI,Rhode Island,Legislation - Smokefree Indoor Air,Bars,Restriction Areas,Type of Restriction in Bar Employee Area,Banned,4,Ranking,2004-06-29,2005-03-01,"(41.70828019300046, -71.52247031399963)",15GRP,236,245,False,True,2,1,0.5,['Massachusetts'],Massachusetts,11.0,0.7329794520547945
2005,4,RI,Rhode Island,Legislation - Smokefree Indoor Air,Bars,Restriction Areas,Type of Restriction in Bar Patron Area,Banned,4,Ranking,2004-06-29,2005-03-01,"(41.70828019300046, -71.52247031399963)",15GRP,235,245,False,True,2,2,1.0,"['Connecticut', 'Massachusetts']",Connecticut,403.0,0.8343835616438355
2005,4,RI,Rhode Island,Legislation - Smokefree Indoor Air,Restaurants,Restrictions,Type of Restriction in Restaurant (Summary),Banned,4,Ranking,2004-06-29,2005-03-01,"(41.70828019300046, -71.52247031399963)",10GRP,37,245,False,True,2,1,0.5,['Massachusetts'],Massachusetts,11.0,0.7329794520547945
2005,4,WA,Washington,Legislation - Smokefree Indoor Air,Home-based Day Care Centers,Restrictions,Type of Restriction in Home-Based Day Care,Banned,4,Ranking,2005-11-08,2005-12-08,"(47.52227862900048, -120.47001078999972)",10GRP,65,30,False,True,2,1,0.5,['Idaho'],Idaho,585.0,0.4970890410958904
2005,4,MT,Montana,Legislation - Smokefree Indoor Air,Commercial Day Care Centers,Restrictions,Type of Restriction in Commercial Day Care,Banned,4,Ranking,2005-04-16,2005-10-01,"(47.06652897200047, -109.42442064499971)",10GRP,50,168,False,False,3,3,1.0,"['North Dakota', 'South Dakota', 'Idaho']",North Dakota,4398.0,0.7
2005,4,MT,Montana,Legislation - Smokefree Indoor Air,Restaurants,Restriction Areas,Type of Restriction in Restaurant Employee Area,Banned,4,Ranking,2005-04-18,2005-10-01,"(47.06652897200047, -109.42442064499971)",15GRP,232,166,False,True,3,2,0.6666666666666666,"['South Dakota', 'Idaho']",South Dakota,1151.0,0.5833333333333333
2005,4,ND,North Dakota,Legislation - Smokefree Indoor Air,Restaurants,Restriction Areas,Type of Restriction in Restaurant Employee Area,Banned,4,Ranking,2005-04-25,2005-08-01,"(47.47531977900047, -100.11842104899966)",15GRP,232,98,False,True,3,2,0.6666666666666666,"['South Dakota', 'Montana']",South Dakota,1158.0,0.5833333333333333
2005,4,MT,Montana,Legislation - Smokefree Indoor Air,Restaurants,Restriction Areas,Type of Restriction in Restaurant Patron Area,Banned,4,Ranking,2005-04-18,2005-10-01,"(47.06652897200047, -109.42442064499971)",15GRP,233,166,False,True,3,2,0.6666666666666666,"['South Dakota', 'Idaho']",South Dakota,1151.0,0.5833333333333333
2005,4,ND,North Dakota,Legislation - Smokefree Indoor Air,Government Multi-Unit Housing,Restrictions,Type of Restriction in Lobby and Common Area of Government Multi-Unit Housing,Banned,4,Ranking,2005-04-25,2005-08-01,"(47.47531977900047, -100.11842104899966)",10GRP,115,98,False,False,3,0,0.0,[],,,0.0
2005,4,ND,North Dakota,Legislation - Smokefree Indoor Air,Restaurants,Restriction Areas,Type of Restriction in Restaurant Patron Area,Banned,4,Ranking,2005-04-25,2005-08-01,"(47.47531977900047, -100.11842104899966)",15GRP,233,98,False,True,3,2,0.6666666666666666,"['South Dakota', 'Montana']",South Dakota,1158.0,0.5833333333333333
2005,4,MT,Montana,Legislation - Smokefree Indoor Air,Smokefree Indoor Air – Other Sites,Restriction Areas,Mental Health - Residential Facilities,Banned,4,Ranking,2005-04-15,2005-10-01,"(47.06652897200047, -109.42442064499971)",15GRP,341,169,False,False,3,0,0.0,[],,,0.0
2005,4,MT,Montana,Legislation - Smokefree Indoor Air,Smokefree Indoor Air – Other Sites,Restriction Areas,Grocery Stores,Banned,4,Ranking,2005-04-17,2005-10-01,"(47.06652897200047, -109.42442064499971)",15GRP,97,167,False,True,3,2,0.6666666666666666,"['South Dakota', 'Idaho']",South Dakota,1150.0,0.5833333333333333
2005,4,RI,Rhode Island,Legislation - Smokefree Indoor Air,Restaurants,Restriction Areas,Type of Restriction in Restaurant Bar Area,Banned,4,Ranking,2004-06-29,2005-03-01,"(41.70828019300046, -71.52247031399963)",15GRP,231,245,False,True,2,2,1.0,"['Connecticut', 'Massachusetts']",Connecticut,403.0,0.8343835616438355
2005,4,WA,Washington,Legislation - Smokefree Indoor Air,Smokefree Indoor Air – Other Sites,Restriction Areas,Hospitals,Banned,4,Ranking,2005-11-08,2005-12-08,"(47.52227862900048, -120.47001078999972)",15GRP,100,30,False,True,2,1,0.5,['Idaho'],Idaho,585.0,0.4970890410958904
2005,4,WA,Washington,Legislation - Smokefree Indoor Air,Bars,Restriction Areas,Type of Restriction in Bar Employee Area,Banned,4,Ranking,2005-11-08,2005-12-08,"(47.52227862900048, -120.47001078999972)",15GRP,236,30,False,False,2,0,0.0,[],,,0.0
2005,4,ND,North Dakota,Legislation - Smokefree Indoor Air,Private Worksites,Restrictions,Type of Restriction in Private Worksite,Banned,4,Ranking,2005-04-25,2005-08-01,"(47.47531977900047, -100.11842104899966)",10GRP,20,98,False,True,3,2,0.6666666666666666,"['South Dakota', 'Montana']",South Dakota,1158.0,0.5833333333333333
2005,4,ND,North Dakota,Legislation - Smokefree Indoor Air,Restaurants,Restrictions,Type of Restriction in Restaurant (Summary),Designated Areas,3,Ranking,2005-04-25,2005-08-01,"(47.47531977900047, -100.11842104899966)",10GRP,37,98,False,False,3,3,1.0,"['Minnesota', 'South Dakota', 'Montana']",Minnesota,11072.0,0.7
2005,4,NV,Nevada,Legislation - Smokefree Indoor Air,Commercial Day Care Centers,Restrictions,Type of Restriction in Commercial Day Care,Banned,4,Ranking,2005-05-24,2005-10-01,"(39.493240390000494, -117.07184056399967)",10GRP,50,130,False,False,5,3,0.6,"['Idaho', 'Utah', 'California']",Idaho,6887.0,0.5249999999999999
2005,4,WA,Washington,Legislation - Smokefree Indoor Air,Smokefree Indoor Air – Other Sites,Restriction Areas,Mental Health - Outpatient Facilities,Banned,4,Ranking,2005-11-08,2005-12-08,"(47.52227862900048, -120.47001078999972)",15GRP,340,30,False,False,2,0,0.0,[],,,0.0
2005,4,WA,Washington,Legislation - Smokefree Indoor Air,Smokefree Indoor Air – Other Sites,Restriction Areas,Public Transportation,Banned,4,Ranking,2005-11-08,2005-12-08,"(47.52227862900048, -120.47001078999972)",15GRP,99,30,False,True,2,1,0.5,['Idaho'],Idaho,585.0,0.4970890410958904
2005,4,WA,Washington,Legislation - Smokefree Indoor Air,Bars,Restriction Areas,Type of Restriction in Bar Patron Area,Banned,4,Ranking,2005-11-08,2005-12-08,"(47.52227862900048, -120.47001078999972)",15GRP,235,30,False,False,2,0,0.0,[],,,0.0
2005,4,MT,Montana,Legislation - Smokefree Indoor Air,Smokefree Indoor Air – Other Sites,Restriction Areas,Hospitals,Banned,4,Ranking,2005-04-17,2005-10-01,"(47.06652897200047, -109.42442064499971)",15GRP,100,167,False,True,3,2,0.6666666666666666,"['South Dakota', 'Idaho']",South Dakota,1150.0,0.5833333333333333
2005,4,GA,Georgia,Legislation - Smokefree Indoor Air,Smokefree Indoor Air – Other Sites,Restriction Areas,Substance Use - Residential Facilities,Designated Areas,3,Ranking,2005-05-09,2005-07-01,"(32.83968109300048, -83.62758034599966)",15GRP,339,53,False,False,5,0,0.0,[],,,0.0
2005,4,ND,North Dakota,Legislation - Smokefree Indoor Air,Smokefree Indoor Air – Other Sites,Restriction Areas,Hospital Campuses,Designated Areas,3,Ranking,2005-04-25,2005-08-01,"(47.47531977900047, -100.11842104899966)",15GRP,342,98,False,False,3,0,0.0,[],,,0.0
2005,4,GA,Georgia,Legislation - Smokefree Indoor Air,Restaurants,Restriction Areas,Type of Restriction in Restaurant Bar Area,Designated Areas,3,Ranking,2005-05-09,2005-07-01,"(32.83968109300048, -83.62758034599966)",15GRP,231,53,False,False,5,1,0.2,['Florida'],Florida,7433.0,0.175
2005,4,GA,Georgia,Legislation - Smokefree Indoor Air,Smokefree Indoor Air – Other Sites,Restriction Areas,Mental Health - Outpatient Facilities,Designated Areas,3,Ranking,2005-05-09,2005-07-01,"(32.83968109300048, -83.62758034599966)",15GRP,340,53,False,False,5,0,0.0,[],,,0.0
2005,4,GA,Georgia,Legislation - Smokefree Indoor Air,Commercial Day Care Centers,Restrictions,Type of Restriction in Commercial Day Care,Banned,4,Ranking,2005-05-09,2005-07-01,"(32.83968109300048, -83.62758034599966)",10GRP,50,53,False,False,5,2,0.4,"['Florida', 'South Carolina']",Florida,4777.0,0.35
2005,4,GA,Georgia,Legislation - Smokefree Indoor Air,Smokefree Indoor Air – Other Sites,Restriction Areas,Substance Use - Outpatient Facilities,Designated Areas,3,Ranking,2005-05-09,2005-07-01,"(32.83968109300048, -83.62758034599966)",15GRP,338,53,False,False,5,0,0.0,[],,,0.0
2005,4,GA,Georgia,Legislation - Smokefree Indoor Air,Smokefree Indoor Air – Other Sites,Restriction Areas,Mental Health - Residential Facilities,Designated Areas,3,Ranking,2005-05-09,2005-07-01,"(32.83968109300048, -83.62758034599966)",15GRP,341,53,False,False,5,0,0.0,[],,,0.0
2005,4,ME,Maine,Legislation - Smokefree Indoor Air,Commercial Day Care Centers,Vehicles,Type of Restriction in Commercial Day Care Vehicle,Banned,4,Ranking,2005-05-31,2005-09-17,"(45.254228894000505, -68.98503133599962)",30GRP,61,109,False,False,1,0,0.0,[],,,0.0
2005,4,GA,Georgia,Legislation - Smokefree Indoor Air,Restaurants,Restrictions,Type of Restriction in Restaurant (Summary),Designated Areas,3,Ranking,2005-05-09,2005-07-01,"(32.83968109300048, -83.62758034599966)",10GRP,37,53,False,False,5,1,0.2,['Florida'],Florida,7433.0,0.175
2005,4,ME,Maine,Legislation - Smokefree Indoor Air,Home-based Day Care Centers,Vehicles,Type of Restriction in Home-Based Day Care Vehicle,Banned,4,Ranking,2005-05-31,2005-09-17,"(45.254228894000505, -68.98503133599962)",30GRP,77,109,False,False,1,0,0.0,[],,,0.0
2005,4,ND,North Dakota,Legislation - Smokefree Indoor Air,Government Worksites,Restrictions,Type of Restriction in Government Worksite,Banned,4,Ranking,2005-04-25,2005-08-01,"(47.47531977900047, -100.11842104899966)",10GRP,1,98,False,False,3,2,0.6666666666666666,"['South Dakota', 'Montana']",South Dakota,4623.0,0.5833333333333333
2005,4,MT,Montana,Legislation - Smokefree Indoor Air,Restaurants,Restrictions,Type of Restriction in Restaurant (Summary),Banned,4,Ranking,2005-04-18,2005-10-01,"(47.06652897200047, -109.42442064499971)",10GRP,37,166,False,True,3,1,0.3333333333333333,['Idaho'],Idaho,381.0,0.43509132420091323
2005,4,ND,North Dakota,Legislation - Smokefree Indoor Air,Smokefree Indoor Air – Other Sites,Restriction Areas,Hospitals,Banned,4,Ranking,2005-04-25,2005-08-01,"(47.47531977900047, -100.11842104899966)",15GRP,100,98,False,False,3,3,1.0,"['Minnesota', 'South Dakota', 'Montana']",Minnesota,10920.0,0.7
2005,4,GA,Georgia,Legislation - Smokefree Indoor Air,Restaurants,Restriction Areas,Type of Restriction in Restaurant Patron Area,Designated Areas,3,Ranking,2005-05-09,2005-07-01,"(32.83968109300048, -83.62758034599966)",15GRP,233,53,False,False,5,1,0.2,['Florida'],Florida,7433.0,0.175
2005,4,GA,Georgia,Legislation - Smokefree Indoor Air,Bars,Restriction Areas,Type of Restriction in Bar Patron Area,Designated Areas,3,Ranking,2005-05-09,2005-07-01,"(32.83968109300048, -83.62758034599966)",15GRP,235,53,False,False,5,0,0.0,[],,,0.0
2005,4,NC,North Carolina,Legislation - Smokefree Indoor Air,Smokefree Indoor Air – Other Sites,Restriction Areas,Prisons,Banned,4,Ranking,2005-09-08,2005-09-08,"(35.466220975000454, -79.15925046299964)",15GRP,101,0,False,False,4,0,0.0,[],,,0.0
2005,4,AR,Arkansas,Legislation - Smokefree Indoor Air,Smokefree Indoor Air – Other Sites,Restriction Areas,Hospital Campuses,Banned,4,Ranking,2005-02-11,2005-10-01,"(34.74865012400045, -92.27449074299966)",15GRP,342,232,False,False,6,0,0.0,[],,,0.0
2005,4,WA,Washington,Legislation - Smokefree Indoor Air,Smokefree Indoor Air – Other Sites,Restriction Areas,Substance Use - Outpatient Facilities,Banned,4,Ranking,2005-11-08,2005-12-08,"(47.52227862900048, -120.47001078999972)",15GRP,338,30,False,False,2,0,0.0,[],,,0.0
2005,4,RI,Rhode Island,Legislation - Smokefree Indoor Air,Government Multi-Unit Housing,Restrictions,Type of Restriction in Lobby and Common Area of Government Multi-Unit Housing,Banned,4,Ranking,2004-06-29,2005-03-01,"(41.70828019300046, -71.52247031399963)",10GRP,115,245,False,False,2,0,0.0,[],,,0.0
2005,4,ME,Maine,Legislation - Smokefree Indoor Air,Home-based Day Care Centers,Restrictions,Type of Restriction in Home-Based Day Care,Banned,4,Ranking,2005-05-31,2005-09-17,"(45.254228894000505, -68.98503133599962)",10GRP,65,109,False,False,1,0,0.0,[],,,0.0
2005,4,MT,Montana,Legislation - Smokefree Indoor Air,Home-based Day Care Centers,Restrictions,Type of Restriction in Home-Based Day Care,Banned,4,Ranking,2005-04-16,2005-10-01,"(47.06652897200047, -109.42442064499971)",10GRP,65,168,False,False,3,3,1.0,"['North Dakota', 'South Dakota', 'Idaho']",North Dakota,4398.0,0.7
2005,4,GA,Georgia,Legislation - Smokefree Indoor Air,Bars,Restrictions,Type of Restriction in Bar (Summary),Designated Areas,3,Ranking,2005-05-09,2005-07-01,"(32.83968109300048, -83.62758034599966)",10GRP,234,53,False,False,5,0,0.0,[],,,0.0
2005,4,GA,Georgia,Legislation - Smokefree Indoor Air,Hotels and Motels,Restrictions,Type of Restriction in Lobby and Common Area of Hotel and Motel,Banned,4,Ranking,2005-05-09,2005-07-01,"(32.83968109300048, -83.62758034599966)",10GRP,81,53,False,False,5,1,0.2,['Florida'],Florida,686.0,0.1930821917808219
2005,4,AR,Arkansas,Legislation - Smokefree Indoor Air,Smokefree Indoor Air – Other Sites,Restriction Areas,Hospitals,Banned,4,Ranking,2005-02-11,2005-10-01,"(34.74865012400045, -92.27449074299966)",15GRP,100,232,False,False,6,0,0.0,[],,,0.0
2005,4,ND,North Dakota,Legislation - Smokefree Indoor Air,Smokefree Indoor Air – Other Sites,Restriction Areas,Bingo Halls,Banned,4,Ranking,2005-04-25,2005-08-01,"(47.47531977900047, -100.11842104899966)",15GRP,337,98,False,False,3,0,0.0,[],,,0.0
2005,4,GA,Georgia,Legislation - Smokefree Indoor Air,Smokefree Indoor Air – Other Sites,Restriction Areas,Public Transportation,Banned,4,Ranking,2005-05-09,2005-07-01,"(32.83968109300048, -83.62758034599966)",15GRP,99,53,False,False,5,2,0.4,"['Florida', 'South Carolina']",Florida,7264.0,0.35
2005,4,CA,California,Legislation - Smokefree Indoor Air,Smokefree Indoor Air – Other Sites,Restriction Areas,Prisons,Banned,4,Ranking,2004-09-27,2005-07-01,"(37.63864012300047, -120.99999953799971)",15GRP,101,277,False,False,3,0,0.0,[],,,0.0
2005,4,GA,Georgia,Legislation - Smokefree Indoor Air,Private Worksites,Restrictions,Type of Restriction in Private Worksite,Designated Areas,3,Ranking,2005-04-08,2005-07-01,"(32.83968109300048, -83.62758034599966)",10GRP,20,84,False,False,5,2,0.4,"['Florida', 'Alabama']",Florida,7233.0,0.35
2005,4,GA,Georgia,Legislation - Smokefree Indoor Air,Hotels and Motels,Additional Requirements,Sleeping Room Designation (Type),Smoking Room,3,Ranking,2005-05-09,2005-07-01,"(32.83968109300048, -83.62758034599966)",20GRP,83,53,False,True,5,2,0.4,"['Florida', 'Alabama']",Florida,696.0,0.36397260273972604
2006,4,DC,District of Columbia,Legislation - Smokefree Indoor Air,Commercial Day Care Centers,Vehicles,Type of Restriction in Commercial Day Care Vehicle,Banned,4,Ranking,2006-01-31,2006-04-03,"(38.89037138500049, -77.03196112699965)",30GRP,61,62,False,False,2,0,0.0,[],,,0.0
2006,3,DC,District of Columbia,Legislation - Smokefree Indoor Air,Private Worksites,Restrictions,Type of Restriction in Private Worksite,Banned,4,Ranking,2006-01-31,2006-04-03,"(38.89037138500049, -77.03196112699965)",10GRP,20,62,False,False,2,0,0.0,[],,,0.0
2006,3,AR,Arkansas,Legislation - Smokefree Indoor Air,Smokefree Indoor Air – Other Sites,Restriction Areas,Enclosed Arenas,Banned,4,Ranking,2006-04-07,2006-07-21,"(34.74865012400045, -92.27449074299966)",15GRP,98,105,False,False,6,0,0.0,[],,,0.0
2006,3,AR,Arkansas,Legislation - Smokefree Indoor Air,Hotels and Motels,Additional Requirements,Sleeping Room Designation (Type),Smoking Room,3,Ranking,2006-04-07,2006-07-21,"(34.74865012400045, -92.27449074299966)",20GRP,83,105,False,False,6,1,0.16666666666666666,['Oklahoma'],Oklahoma,1036.0,0.14583333333333331
2006,4,DC,District of Columbia,Legislation - Smokefree Indoor Air,Smokefree Indoor Air – Other Sites,Restriction Areas,Malls,Banned,4,Ranking,2006-01-31,2006-04-03,"(38.89037138500049, -77.03196112699965)",15GRP,96,62,False,False,2,0,0.0,[],,,0.0
2006,2,NJ,New Jersey,Legislation - Smokefree Indoor Air,Government Multi-Unit Housing,Restrictions,Type of Restriction in Lobby and Common Area of Government Multi-Unit Housing,Banned,4,Ranking,2006-01-15,2006-04-15,"(40.13057004800049, -74.27369128799967)",10GRP,115,90,False,True,3,1,0.3333333333333333,['Delaware'],Delaware,1325.0,0.29166666666666663
2006,4,NV,Nevada,Legislation - Smokefree Indoor Air,Restaurants,Restriction Areas,Type of Restriction in Restaurant Patron Area,Banned,4,Ranking,2006-11-07,2006-12-08,"(39.493240390000494, -117.07184056399967)",15GRP,233,31,False,False,5,3,0.6,"['Idaho', 'Utah', 'California']",Idaho,4613.0,0.5249999999999999
2006,4,AR,Arkansas,Legislation - Smokefree Indoor Air,Restaurants,Restriction Areas,Type of Restriction in Restaurant Patron Area,Designated Areas,3,Ranking,2006-04-07,2006-07-21,"(34.74865012400045, -92.27449074299966)",15GRP,233,105,False,False,6,2,0.3333333333333333,"['Missouri', 'Oklahoma']",Missouri,5048.0,0.29166666666666663
2006,3,LA,Louisiana,Legislation - Smokefree Indoor Air,Personal Vehicles,Restrictions,Type of Restriction in Personal Vehicle,Banned,4,Ranking,2006-07-05,2006-08-15,"(31.31266064400046, -92.44568007099969)",10GRP,102,41,False,True,3,1,0.3333333333333333,['Arkansas'],Arkansas,86.0,0.556324200913242
2006,4,GU,Guam,Legislation - Smokefree Indoor Air,Smokefree Indoor Air – Other Sites,Restriction Areas,Hospitals,Designated Smoking Area,0,Ranking,2005-12-09,2006-05-08,"(13.444304, 144.793731)",15GRP,100,150,False,False,0,0,,[],,,0.0
2006,3,GU,Guam,Legislation - Smokefree Indoor Air,Smokefree Indoor Air – Other Sites,Restriction Areas,Enclosed Arenas,Banned,4,Ranking,2005-12-09,2006-05-08,"(13.444304, 144.793731)",15GRP,98,150,False,False,0,0,,[],,,0.0
2006,3,AR,Arkansas,Legislation - Smokefree Indoor Air,Commercial Day Care Centers,Restrictions,Type of Restriction in Commercial Day Care,Banned,4,Ranking,2006-04-07,2006-07-21,"(34.74865012400045, -92.27449074299966)",10GRP,50,105,False,False,6,2,0.3333333333333333,"['Missouri', 'Louisiana']",Missouri,4684.0,0.29166666666666663
2006,3,NJ,New Jersey,Legislation - Smokefree Indoor Air,Restaurants,Restriction Areas,Type of Restriction in Restaurant Bar Area,Banned,4,Ranking,2006-01-15,2006-04-15,"(40.13057004800049, -74.27369128799967)",15GRP,231,90,False,True,3,2,0.6666666666666666,"['Delaware', 'New York']",Delaware,1325.0,0.5833333333333333
2006,3,GU,Guam,Legislation - Smokefree Indoor Air,Restaurants,Restriction Areas,Type of Restriction in Restaurant Patron Area,Banned,4,Ranking,2005-12-09,2006-05-08,"(13.444304, 144.793731)",15GRP,233,150,False,False,0,0,,[],,,0.0
2006,3,NJ,New Jersey,Legislation - Smokefree Indoor Air,Private Worksites,Restrictions,Type of Restriction in Private Worksite,Banned,4,Ranking,2006-01-15,2006-04-15,"(40.13057004800049, -74.27369128799967)",10GRP,20,90,False,True,3,2,0.6666666666666666,"['Delaware', 'New York']",Delaware,1325.0,0.5833333333333333
2006,3,NJ,New Jersey,Legislation - Smokefree Indoor Air,Smokefree Indoor Air – Other Sites,Restriction Areas,Public Transportation,Banned,4,Ranking,2006-01-15,2006-04-15,"(40.13057004800049, -74.27369128799967)",15GRP,99,90,False,False,3,2,0.6666666666666666,"['Delaware', 'New York']",Delaware,6038.0,0.5833333333333333
2006,3,OK,Oklahoma,Legislation - Smokefree Indoor Air,Government Worksites,Vehicles,Type of Restriction in Government Worksite Vehicle,Banned,4,Ranking,2003-06-06,2006-03-01,"(35.47203135600046, -97.52107021399968)",30GRP,17,999,False,False,6,0,0.0,[],,,0.0
2006,4,HI,Hawaii,Legislation - Smokefree Indoor Air,Hotels and Motels,Restrictions,Type of Restriction in Lobby and Common Area of Hotel and Motel,Banned,4,Ranking,2006-07-10,2006-11-16,"(21.304850435000446, -157.85774940299973)",10GRP,81,129,False,False,0,0,,[],,,0.0
2006,3,NJ,New Jersey,Legislation - Smokefree Indoor Air,Bars,Restriction Areas,Type of Restriction in Bar Employee Area,Banned,4,Ranking,2006-01-15,2006-04-15,"(40.13057004800049, -74.27369128799967)",15GRP,236,90,False,True,3,2,0.6666666666666666,"['Delaware', 'New York']",Delaware,1325.0,0.5833333333333333
2006,3,UT,Utah,Legislation - Smokefree Indoor Air,Private Worksites,Restrictions,Type of Restriction in Private Worksite,Banned,4,Ranking,2006-03-16,2006-05-01,"(39.360700171000474, -111.58713063499971)",10GRP,20,46,False,False,5,0,0.0,[],,,0.0
2006,3,DC,District of Columbia,Legislation - Smokefree Indoor Air,Restaurants,Restriction Areas,Type of Restriction in Restaurant Patron Area,Designated Areas,3,Ranking,2006-01-31,2006-04-04,"(38.89037138500049, -77.03196112699965)",15GRP,233,63,False,False,2,2,1.0,"['Maryland', 'Virginia']",Maryland,5767.0,0.7
2006,3,NJ,New Jersey,Legislation - Smokefree Indoor Air,Hotels and Motels,Additional Requirements,Sleeping Room Designation (Type),Smoking Room,3,Ranking,2006-01-15,2006-04-15,"(40.13057004800049, -74.27369128799967)",20GRP,83,90,False,True,3,1,0.3333333333333333,['New York'],New York,965.0,0.29166666666666663
2006,3,CO,Colorado,Legislation - Smokefree Indoor Air,Bars,Restrictions,Type of Restriction in Bar (Summary),Banned,4,Ranking,2006-03-27,2006-07-01,"(38.843840757000464, -106.13361092099967)",10GRP,234,96,False,False,6,0,0.0,[],,,0.0
2006,4,CO,Colorado,Legislation - Smokefree Indoor Air,Restaurants,Restriction Areas,Type of Restriction in Restaurant Patron Area,Banned,4,Ranking,2006-03-27,2006-07-01,"(38.843840757000464, -106.13361092099967)",15GRP,233,96,False,False,6,1,0.16666666666666666,['Utah'],Utah,4388.0,0.14583333333333331
2006,2,NJ,New Jersey,Legislation - Smokefree Indoor Air,Restaurants,Restriction Areas,Type of Restriction in Restaurant Patron Area,Banned,4,Ranking,2006-01-15,2006-04-15,"(40.13057004800049, -74.27369128799967)",15GRP,233,90,False,True,3,2,0.6666666666666666,"['Delaware', 'New York']",Delaware,1325.0,0.5833333333333333
2006,3,AR,Arkansas,Legislation - Smokefree Indoor Air,Private Worksites,Restrictions,Type of Restriction in Private Worksite,Banned,4,Ranking,2006-04-07,2006-07-21,"(34.74865012400045, -92.27449074299966)",10GRP,20,105,False,False,6,0,0.0,[],,,0.0
2006,4,CO,Colorado,Legislation - Smokefree Indoor Air,Government Worksites,Restrictions,Type of Restriction in Government Worksite,Banned,4,Ranking,2006-03-27,2006-07-01,"(38.843840757000464, -106.13361092099967)",10GRP,1,96,False,False,6,2,0.3333333333333333,"['Nebraska', 'Utah']",Nebraska,4388.0,0.29166666666666663
2006,3,AR,Arkansas,Legislation - Smokefree Indoor Air,Government Worksites,Restrictions,Type of Restriction in Government Worksite,Banned,4,Ranking,2006-04-07,2006-07-21,"(34.74865012400045, -92.27449074299966)",10GRP,1,105,False,False,6,1,0.16666666666666666,['Mississippi'],Mississippi,15.0,0.43966894977168947
2006,3,NJ,New Jersey,Legislation - Smokefree Indoor Air,Commercial Day Care Centers,Restrictions,Type of Restriction in Commercial Day Care,Banned,4,Ranking,2006-01-15,2006-04-15,"(40.13057004800049, -74.27369128799967)",10GRP,50,90,False,False,3,2,0.6666666666666666,"['Delaware', 'New York']",Delaware,4219.0,0.5833333333333333
2006,3,NJ,New Jersey,Legislation - Smokefree Indoor Air,Home-based Day Care Centers,Restrictions,Type of Restriction in Home-Based Day Care,Banned,4,Ranking,2006-01-15,2006-04-15,"(40.13057004800049, -74.27369128799967)",10GRP,65,90,False,True,3,2,0.6666666666666666,"['Delaware', 'New York']",Delaware,1325.0,0.5833333333333333
2006,4,HI,Hawaii,Legislation - Smokefree Indoor Air,Smokefree Indoor Air – Other Sites,Restriction Areas,Substance Use - Residential Facilities,Banned,4,Ranking,2006-07-10,2006-11-16,"(21.304850435000446, -157.85774940299973)",15GRP,339,129,False,False,0,0,,[],,,0.0
2006,2,NJ,New Jersey,Legislation - Smokefree Indoor Air,Smokefree Indoor Air – Other Sites,Restriction Areas,Hospitals,Banned,4,Ranking,2006-01-15,2006-04-15,"(40.13057004800049, -74.27369128799967)",15GRP,100,90,False,False,3,2,0.6666666666666666,"['Delaware', 'New York']",Delaware,4219.0,0.5833333333333333
2006,3,CO,Colorado,Legislation - Smokefree Indoor Air,Smokefree Indoor Air – Other Sites,Restriction Areas,Casinos,Banned,4,Ranking,2006-03-27,2006-07-01,"(38.843840757000464, -106.13361092099967)",15GRP,335,96,False,False,6,0,0.0,[],,,0.0
2006,3,GU,Guam,Legislation - Smokefree Indoor Air,Hotels and Motels,Restrictions,Type of Restriction in Lobby and Common Area of Hotel and Motel,Banned,4,Ranking,2005-12-09,2006-05-08,"(13.444304, 144.793731)",10GRP,81,150,False,False,0,0,,[],,,0.0
2006,3,NJ,New Jersey,Legislation - Smokefree Indoor Air,Bars,Restrictions,Type of Restriction in Bar (Summary),Banned,4,Ranking,2006-01-15,2006-04-15,"(40.13057004800049, -74.27369128799967)",10GRP,234,90,False,True,3,2,0.6666666666666666,"['Delaware', 'New York']",Delaware,1325.0,0.5833333333333333
2006,4,CO,Colorado,Legislation - Smokefree Indoor Air,Smokefree Indoor Air – Other Sites,Restriction Areas,Grocery Stores,Banned,4,Ranking,2006-03-27,2006-07-01,"(38.843840757000464, -106.13361092099967)",15GRP,97,96,False,False,6,1,0.16666666666666666,['Utah'],Utah,4388.0,0.14583333333333331
2006,4,DC,District of Columbia,Legislation - Smokefree Indoor Air,Hotels and Motels,Additional Requirements,Sleeping Room Designation (Type),Smoking Room,3,Ranking,2006-01-31,2006-04-04,"(38.89037138500049, -77.03196112699965)",20GRP,83,63,False,False,2,1,0.5,['Maryland'],Maryland,3932.0,0.4375
2006,4,HI,Hawaii,Legislation - Smokefree Indoor Air,Bars,Restrictions,Type of Restriction in Bar (Summary),Banned,4,Ranking,2006-07-10,2006-11-16,"(21.304850435000446, -157.85774940299973)",10GRP,234,129,False,False,0,0,,[],,,0.0
2006,4,NJ,New Jersey,Legislation - Smokefree Indoor Air,Government Worksites,Restrictions,Type of Restriction in Government Worksite,Banned,4,Ranking,2006-01-15,2006-04-15,"(40.13057004800049, -74.27369128799967)",10GRP,1,90,False,True,3,2,0.6666666666666666,"['Delaware', 'New York']",Delaware,1325.0,0.5833333333333333
2006,4,DC,District of Columbia,Legislation - Smokefree Indoor Air,Government Worksites,Restrictions,Type of Restriction in Government Worksite,Banned,4,Ranking,2006-01-31,2006-04-03,"(38.89037138500049, -77.03196112699965)",10GRP,1,62,False,False,2,0,0.0,[],,,0.0
2006,4,AR,Arkansas,Legislation - Smokefree Indoor Air,Restaurants,Restriction Areas,Type of Restriction in Restaurant Bar Area,Designated Areas,3,Ranking,2006-04-07,2006-07-21,"(34.74865012400045, -92.27449074299966)",15GRP,231,105,False,False,6,2,0.3333333333333333,"['Missouri', 'Oklahoma']",Missouri,5048.0,0.29166666666666663
2006,4,DC,District of Columbia,Legislation - Smokefree Indoor Air,Commercial Day Care Centers,Restrictions,Type of Restriction in Commercial Day Care,Banned,4,Ranking,2006-01-31,2006-04-03,"(38.89037138500049, -77.03196112699965)",10GRP,50,62,False,False,2,0,0.0,[],,,0.0
2006,4,HI,Hawaii,Legislation - Smokefree Indoor Air,Bars,Restriction Areas,Type of Restriction in Bar Employee Area,Banned,4,Ranking,2006-07-10,2006-11-16,"(21.304850435000446, -157.85774940299973)",15GRP,236,129,False,False,0,0,,[],,,0.0
2006,4,OH,Ohio,Legislation - Smokefree Indoor Air,Restaurants,Restriction Areas,Type of Restriction in Restaurant Bar Area,Banned,4,Ranking,2006-11-07,2006-12-07,"(40.06021014100048, -82.40426005599966)",15GRP,231,30,False,False,4,0,0.0,[],,,0.0
2006,3,GU,Guam,Legislation - Smokefree Indoor Air,Restaurants,Restriction Areas,Type of Restriction in Restaurant Bar Area,Banned,4,Ranking,2005-12-09,2006-05-08,"(13.444304, 144.793731)",15GRP,231,150,False,False,0,0,,[],,,0.0
2006,4,NV,Nevada,Legislation - Smokefree Indoor Air,Smokefree Indoor Air – Other Sites,Restriction Areas,Enclosed Arenas,Banned,4,Ranking,2006-11-07,2006-11-17,"(39.493240390000494, -117.07184056399967)",15GRP,98,10,False,False,5,3,0.6,"['Idaho', 'Utah', 'Arizona']",Idaho,4613.0,0.5249999999999999
2006,4,AR,Arkansas,Legislation - Smokefree Indoor Air,Government Worksites,Vehicles,Type of Restriction in Government Worksite Vehicle,Banned,4,Ranking,2006-04-07,2006-07-21,"(34.74865012400045, -92.27449074299966)",30GRP,17,105,False,False,6,1,0.16666666666666666,['Oklahoma'],Oklahoma,1036.0,0.14583333333333331
2006,4,DC,District of Columbia,Legislation - Smokefree Indoor Air,Restaurants,Restrictions,Type of Restriction in Restaurant (Summary),Designated Areas,3,Ranking,2006-01-31,2006-04-04,"(38.89037138500049, -77.03196112699965)",10GRP,37,63,False,False,2,2,1.0,"['Maryland', 'Virginia']",Maryland,5767.0,0.7
2006,3,CO,Colorado,Legislation - Smokefree Indoor Air,Private Worksites,Restrictions,Type of Restriction in Private Worksite,Banned,4,Ranking,2006-03-27,2006-07-01,"(38.843840757000464, -106.13361092099967)",10GRP,20,96,False,False,6,1,0.16666666666666666,['Utah'],Utah,11.0,0.44131278538812785
2006,3,CO,Colorado,Legislation - Smokefree Indoor Air,Hotels and Motels,Restrictions,Type of Restriction in Lobby and Common Area of Hotel and Motel,Banned,4,Ranking,2006-05-27,2006-07-01,"(38.843840757000464, -106.13361092099967)",10GRP,81,35,False,False,6,2,0.3333333333333333,"['Oklahoma', 'Utah']",Oklahoma,4449.0,0.29166666666666663
2006,3,NJ,New Jersey,Legislation - Smokefree Indoor Air,Smokefree Indoor Air – Other Sites,Restriction Areas,Grocery Stores,Banned,4,Ranking,2006-01-15,2006-04-15,"(40.13057004800049, -74.27369128799967)",15GRP,97,90,False,False,3,2,0.6666666666666666,"['Delaware', 'New York']",Delaware,4219.0,0.5833333333333333
2006,3,CO,Colorado,Legislation - Smokefree Indoor Air,Smokefree Indoor Air – Other Sites,Restriction Areas,Enclosed Arenas,Banned,4,Ranking,2006-03-27,2006-07-01,"(38.843840757000464, -106.13361092099967)",15GRP,98,96,False,False,6,1,0.16666666666666666,['Utah'],Utah,4388.0,0.14583333333333331
2006,3,DC,District of Columbia,Legislation - Smokefree Indoor Air,Private Worksites,Vehicles,Type of Restriction in Private Worksite Vehicle,Banned,4,Ranking,2006-01-31,2006-04-03,"(38.89037138500049, -77.03196112699965)",30GRP,34,62,False,False,2,0,0.0,[],,,0.0
2006,3,AR,Arkansas,Legislation - Smokefree Indoor Air,Personal Vehicles,Restrictions,Type of Restriction in Personal Vehicle,Banned,4,Ranking,2006-04-10,2006-07-21,"(34.74865012400045, -92.27449074299966)",10GRP,102,102,False,False,6,0,0.0,[],,,0.0
2006,2,NJ,New Jersey,Legislation - Smokefree Indoor Air,Smokefree Indoor Air – Other Sites,Restriction Areas,Enclosed Arenas,Banned,4,Ranking,2006-01-15,2006-04-15,"(40.13057004800049, -74.27369128799967)",15GRP,98,90,False,True,3,2,0.6666666666666666,"['Delaware', 'New York']",Delaware,1325.0,0.5833333333333333
2006,4,HI,Hawaii,Legislation - Smokefree Indoor Air,Smokefree Indoor Air – Other Sites,Restriction Areas,Mental Health - Residential Facilities,Banned,4,Ranking,2006-07-10,2006-11-16,"(21.304850435000446, -157.85774940299973)",15GRP,341,129,False,False,0,0,,[],,,0.0
2006,4,CO,Colorado,Legislation - Smokefree Indoor Air,Smokefree Indoor Air – Other Sites,Restriction Areas,Hospitals,Banned,4,Ranking,2006-03-27,2006-07-01,"(38.843840757000464, -106.13361092099967)",15GRP,100,96,False,False,6,0,0.0,[],,,0.0
2006,4,CO,Colorado,Legislation - Smokefree Indoor Air,Restaurants,Restriction Areas,Type of Restriction in Restaurant Bar Area,Banned,4,Ranking,2006-03-27,2006-07-01,"(38.843840757000464, -106.13361092099967)",15GRP,231,96,False,False,6,1,0.16666666666666666,['Utah'],Utah,4388.0,0.14583333333333331
2006,4,GU,Guam,Legislation - Smokefree Indoor Air,Government Worksites,Restrictions,Type of Restriction in Government Worksite,Designated Smoking Area,0,Ranking,2005-12-09,2006-05-08,"(13.444304, 144.793731)",10GRP,1,150,False,False,0,0,,[],,,0.0
2006,4,NJ,New Jersey,Legislation - Smokefree Indoor Air,Hotels and Motels,Restrictions,Type of Restriction in Lobby and Common Area of Hotel and Motel,Banned,4,Ranking,2006-01-15,2006-04-15,"(40.13057004800049, -74.27369128799967)",10GRP,81,90,False,True,3,2,0.6666666666666666,"['Delaware', 'New York']",Delaware,1325.0,0.5833333333333333
2006,3,CO,Colorado,Legislation - Smokefree Indoor Air,Restaurants,Restriction Areas,Type of Restriction in Restaurant Employee Area,Banned,4,Ranking,2006-03-27,2006-07-01,"(38.843840757000464, -106.13361092099967)",15GRP,232,96,False,False,6,1,0.16666666666666666,['Utah'],Utah,4388.0,0.14583333333333331
2006,2,NJ,New Jersey,Legislation - Smokefree Indoor Air,Restaurants,Restrictions,Type of Restriction in Restaurant (Summary),Banned,4,Ranking,2006-01-15,2006-04-15,"(40.13057004800049, -74.27369128799967)",10GRP,37,90,False,True,3,2,0.6666666666666666,"['Delaware', 'New York']",Delaware,1325.0,0.5833333333333333
2006,4,OH,Ohio,Legislation - Smokefree Indoor Air,Bars,Restriction Areas,Type of Restriction in Bar Employee Area,Banned,4,Ranking,2006-11-07,2006-12-07,"(40.06021014100048, -82.40426005599966)",15GRP,236,30,False,False,4,0,0.0,[],,,0.0
2006,2,TN,Tennessee,Legislation - Smokefree Indoor Air,Government Worksites,Restrictions,Type of Restriction in Government Worksite,Banned,4,Ranking,2006-06-12,2006-06-12,"(35.68094058000048, -85.77449091399967)",10GRP,1,0,False,False,7,2,0.2857142857142857,"['Mississippi', 'Arkansas']",Mississippi,81.0,0.5167123287671231
2006,4,OH,Ohio,Legislation - Smokefree Indoor Air,Smokefree Indoor Air – Other Sites,Restriction Areas,Malls,Banned,4,Ranking,2006-11-07,2006-12-07,"(40.06021014100048, -82.40426005599966)",15GRP,96,30,False,False,4,0,0.0,[],,,0.0
2006,4,CO,Colorado,Legislation - Smokefree Indoor Air,Bars,Restriction Areas,Type of Restriction in Bar Patron Area,Banned,4,Ranking,2006-03-27,2006-07-01,"(38.843840757000464, -106.13361092099967)",15GRP,235,96,False,False,6,0,0.0,[],,,0.0
2006,4,HI,Hawaii,Legislation - Smokefree Indoor Air,Restaurants,Restriction Areas,Type of Restriction in Restaurant Employee Area,Banned,4,Ranking,2006-07-10,2006-11-16,"(21.304850435000446, -157.85774940299973)",15GRP,232,129,False,False,0,0,,[],,,0.0
2006,4,AR,Arkansas,Legislation - Smokefree Indoor Air,Smokefree Indoor Air – Other Sites,Restriction Areas,Malls,Banned,4,Ranking,2006-04-07,2006-07-21,"(34.74865012400045, -92.27449074299966)",15GRP,96,105,False,False,6,1,0.16666666666666666,['Oklahoma'],Oklahoma,1036.0,0.14583333333333331
2006,3,CO,Colorado,Legislation - Smokefree Indoor Air,Smokefree Indoor Air – Other Sites,Restriction Areas,Bingo Halls,Banned,4,Ranking,2006-03-27,2006-07-01,"(38.843840757000464, -106.13361092099967)",15GRP,337,96,False,False,6,0,0.0,[],,,0.0
2006,4,HI,Hawaii,Legislation - Smokefree Indoor Air,Smokefree Indoor Air – Other Sites,Restriction Areas,Grocery Stores,Banned,4,Ranking,2006-07-10,2006-11-16,"(21.304850435000446, -157.85774940299973)",15GRP,97,129,False,False,0,0,,[],,,0.0
2006,4,HI,Hawaii,Legislation - Smokefree Indoor Air,Smokefree Indoor Air – Other Sites,Restriction Areas,Malls,Banned,4,Ranking,2006-07-10,2006-11-16,"(21.304850435000446, -157.85774940299973)",15GRP,96,129,False,False,0,0,,[],,,0.0
2006,3,AR,Arkansas,Legislation - Smokefree Indoor Air,Restaurants,Restriction Areas,Type of Restriction in Restaurant Employee Area,Designated Areas,3,Ranking,2006-04-07,2006-07-21,"(34.74865012400045, -92.27449074299966)",15GRP,232,105,False,False,6,2,0.3333333333333333,"['Missouri', 'Oklahoma']",Missouri,5048.0,0.29166666666666663
2006,4,GU,Guam,Legislation - Smokefree Indoor Air,Private Worksites,Restrictions,Type of Restriction in Private Worksite,Designated Smoking Area,0,Ranking,2005-12-09,2006-05-08,"(13.444304, 144.793731)",10GRP,20,150,False,False,0,0,,[],,,0.0
2006,3,DC,District of Columbia,Legislation - Smokefree Indoor Air,Smokefree Indoor Air – Other Sites,Restriction Areas,Enclosed Arenas,Banned,4,Ranking,2006-01-31,2006-04-03,"(38.89037138500049, -77.03196112699965)",15GRP,98,62,False,False,2,0,0.0,[],,,0.0
2006,4,DC,District of Columbia,Legislation - Smokefree Indoor Air,Smokefree Indoor Air – Other Sites,Restriction Areas,Grocery Stores,Banned,4,Ranking,2006-01-31,2006-04-03,"(38.89037138500049, -77.03196112699965)",15GRP,97,62,False,False,2,0,0.0,[],,,0.0
2006,3,GU,Guam,Legislation - Smokefree Indoor Air,Smokefree Indoor Air – Other Sites,Restriction Areas,Grocery Stores,Designated Smoking Area,0,Ranking,2005-12-09,2006-05-08,"(13.444304, 144.793731)",15GRP,97,150,False,False,0,0,,[],,,0.0
2006,4,HI,Hawaii,Legislation - Smokefree Indoor Air,Smokefree Indoor Air – Other Sites,Restriction Areas,Substance Use - Outpatient Facilities,Banned,4,Ranking,2006-07-10,2006-11-16,"(21.304850435000446, -157.85774940299973)",15GRP,338,129,False,False,0,0,,[],,,0.0
2006,4,OH,Ohio,Legislation - Smokefree Indoor Air,Bars,Restriction Areas,Type of Restriction in Bar Patron Area,Banned,4,Ranking,2006-11-07,2006-12-07,"(40.06021014100048, -82.40426005599966)",15GRP,235,30,False,False,4,0,0.0,[],,,0.0
2006,4,OH,Ohio,Legislation - Smokefree Indoor Air,Restaurants,Restrictions,Type of Restriction in Restaurant (Summary),Banned,4,Ranking,2006-11-07,2006-12-07,"(40.06021014100048, -82.40426005599966)",10GRP,37,30,False,False,4,0,0.0,[],,,0.0
2006,4,HI,Hawaii,Legislation - Smokefree Indoor Air,Government Multi-Unit Housing,Restrictions,Type of Restriction in Lobby and Common Area of Government Multi-Unit Housing,Banned,4,Ranking,2006-07-10,2006-11-16,"(21.304850435000446, -157.85774940299973)",10GRP,115,129,False,False,0,0,,[],,,0.0
2006,4,HI,Hawaii,Legislation - Smokefree Indoor Air,Restaurants,Restriction Areas,Type of Restriction in Restaurant Bar Area,Banned,4,Ranking,2006-07-10,2006-11-16,"(21.304850435000446, -157.85774940299973)",15GRP,231,129,False,False,0,0,,[],,,0.0
2006,4,AR,Arkansas,Legislation - Smokefree Indoor Air,Restaurants,Restrictions,Type of Restriction in Restaurant (Summary),Designated Areas,3,Ranking,2006-04-07,2006-07-21,"(34.74865012400045, -92.27449074299966)",10GRP,37,105,False,False,6,2,0.3333333333333333,"['Missouri', 'Oklahoma']",Missouri,5048.0,0.29166666666666663
2006,3,AR,Arkansas,Legislation - Smokefree Indoor Air,Smokefree Indoor Air – Other Sites,Restriction Areas,Grocery Stores,Banned,4,Ranking,2006-04-07,2006-07-21,"(34.74865012400045, -92.27449074299966)",15GRP,97,105,False,False,6,0,0.0,[],,,0.0
2006,2,NJ,New Jersey,Legislation - Smokefree Indoor Air,Private Multi-Unit Housing,Restrictions,Type of Restriction in Lobby and Common Area of Private Multi-Unit Housing,Banned,4,Ranking,2006-01-15,2006-04-15,"(40.13057004800049, -74.27369128799967)",10GRP,125,90,False,True,3,1,0.3333333333333333,['Delaware'],Delaware,1325.0,0.29166666666666663
2006,4,HI,Hawaii,Legislation - Smokefree Indoor Air,Smokefree Indoor Air – Other Sites,Restriction Areas,Enclosed Arenas,Banned,4,Ranking,2006-07-10,2006-11-16,"(21.304850435000446, -157.85774940299973)",15GRP,98,129,False,False,0,0,,[],,,0.0
2006,4,GU,Guam,Legislation - Smokefree Indoor Air,Restaurants,Restrictions,Type of Restriction in Restaurant (Summary),Banned,4,Ranking,2005-12-09,2006-05-08,"(13.444304, 144.793731)",10GRP,37,150,False,False,0,0,,[],,,0.0
2006,3,CO,Colorado,Legislation - Smokefree Indoor Air,Restaurants,Restrictions,Type of Restriction in Restaurant (Summary),Banned,4,Ranking,2006-03-27,2006-07-01,"(38.843840757000464, -106.13361092099967)",10GRP,37,96,False,False,6,1,0.16666666666666666,['Utah'],Utah,4388.0,0.14583333333333331
2006,4,AR,Arkansas,Legislation - Smokefree Indoor Air,Commercial Day Care Centers,Vehicles,Type of Restriction in Commercial Day Care Vehicle,Banned,4,Ranking,2006-04-10,2006-07-21,"(34.74865012400045, -92.27449074299966)",30GRP,61,102,False,False,6,0,0.0,[],,,0.0
2006,4,HI,Hawaii,Legislation - Smokefree Indoor Air,Smokefree Indoor Air – Other Sites,Restriction Areas,Mental Health - Outpatient Facilities,Banned,4,Ranking,2006-07-10,2006-11-16,"(21.304850435000446, -157.85774940299973)",15GRP,340,129,False,False,0,0,,[],,,0.0
2006,4,NV,Nevada,Legislation - Smokefree Indoor Air,Restaurants,Restriction Areas,Type of Restriction in Restaurant Employee Area,Banned,4,Ranking,2006-11-07,2006-12-08,"(39.493240390000494, -117.07184056399967)",15GRP,232,31,False,False,5,2,0.4,"['Idaho', 'Utah']",Idaho,4613.0,0.35
2006,4,GU,Guam,Legislation - Smokefree Indoor Air,Home-based Day Care Centers,Restrictions,Type of Restriction in Home-Based Day Care,Designated Smoking Area,0,Ranking,2005-12-09,2006-05-08,"(13.444304, 144.793731)",10GRP,65,150,False,False,0,0,,[],,,0.0
2006,4,NV,Nevada,Legislation - Smokefree Indoor Air,Smokefree Indoor Air – Other Sites,Restriction Areas,Public Transportation,Banned,4,Ranking,2006-11-07,2006-11-17,"(39.493240390000494, -117.07184056399967)",15GRP,99,10,False,False,5,3,0.6,"['Idaho', 'Utah', 'Arizona']",Idaho,4613.0,0.5249999999999999
2006,4,NV,Nevada,Legislation - Smokefree Indoor Air,Restaurants,Restrictions,Type of Restriction in Restaurant (Summary),Banned,4,Ranking,2006-11-07,2006-12-08,"(39.493240390000494, -117.07184056399967)",10GRP,37,31,False,False,5,3,0.6,"['Idaho', 'Utah', 'Arizona']",Idaho,4613.0,0.5249999999999999
2006,4,OH,Ohio,Legislation - Smokefree Indoor Air,Smokefree Indoor Air – Other Sites,Restriction Areas,Hospitals,Banned,4,Ranking,2006-11-07,2006-12-07,"(40.06021014100048, -82.40426005599966)",15GRP,100,30,False,False,4,0,0.0,[],,,0.0
2006,4,CO,Colorado,Legislation - Smokefree Indoor Air,Government Multi-Unit Housing,Restrictions,Type of Restriction in Lobby and Common Area of Government Multi-Unit Housing,Banned,4,Ranking,2006-03-27,2006-07-01,"(38.843840757000464, -106.13361092099967)",10GRP,115,96,False,False,6,0,0.0,[],,,0.0
2006,4,DC,District of Columbia,Legislation - Smokefree Indoor Air,Restaurants,Restriction Areas,Type of Restriction in Restaurant Employee Area,Designated Areas,3,Ranking,2006-01-31,2006-04-04,"(38.89037138500049, -77.03196112699965)",15GRP,232,63,False,False,2,1,0.5,['Virginia'],Virginia,5767.0,0.4375
2006,4,DC,District of Columbia,Legislation - Smokefree Indoor Air,Smokefree Indoor Air – Other Sites,Restriction Areas,Hospitals,Banned,4,Ranking,2006-01-31,2006-04-03,"(38.89037138500049, -77.03196112699965)",15GRP,100,62,False,False,2,0,0.0,[],,,0.0
2006,4,NJ,New Jersey,Legislation - Smokefree Indoor Air,Bars,Restriction Areas,Type of Restriction in Bar Patron Area,Banned,4,Ranking,2006-01-15,2006-04-15,"(40.13057004800049, -74.27369128799967)",15GRP,235,90,False,True,3,2,0.6666666666666666,"['Delaware', 'New York']",Delaware,1325.0,0.5833333333333333
2006,4,OH,Ohio,Legislation - Smokefree Indoor Air,Restaurants,Restriction Areas,Type of Restriction in Restaurant Employee Area,Banned,4,Ranking,2006-11-07,2006-12-07,"(40.06021014100048, -82.40426005599966)",15GRP,232,30,False,False,4,0,0.0,[],,,0.0
2006,4,NV,Nevada,Legislation - Smokefree Indoor Air,Hotels and Motels,Restrictions,Type of Restriction in Lobby and Common Area of Hotel and Motel,Banned,4,Ranking,2006-11-07,2006-11-17,"(39.493240390000494, -117.07184056399967)",10GRP,81,10,False,False,5,3,0.6,"['Idaho', 'Utah', 'Oregon']",Idaho,4613.0,0.5249999999999999
2006,4,NV,Nevada,Legislation - Smokefree Indoor Air,Restaurants,Restriction Areas,Type of Restriction in Restaurant Bar Area,Banned,4,Ranking,2006-11-07,2006-12-08,"(39.493240390000494, -117.07184056399967)",15GRP,231,31,False,False,5,3,0.6,"['Idaho', 'Utah', 'California']",Idaho,4613.0,0.5249999999999999
2006,2,NJ,New Jersey,Legislation - Smokefree Indoor Air,Restaurants,Restriction Areas,Type of Restriction in Restaurant Employee Area,Banned,4,Ranking,2006-01-15,2006-04-15,"(40.13057004800049, -74.27369128799967)",15GRP,232,90,False,True,3,2,0.6666666666666666,"['Delaware', 'New York']",Delaware,1325.0,0.5833333333333333
2006,4,OH,Ohio,Legislation - Smokefree Indoor Air,Smokefree Indoor Air – Other Sites,Restriction Areas,Enclosed Arenas,Banned,4,Ranking,2006-11-07,2006-12-07,"(40.06021014100048, -82.40426005599966)",15GRP,98,30,False,False,4,0,0.0,[],,,0.0
2006,4,HI,Hawaii,Legislation - Smokefree Indoor Air,Private Multi-Unit Housing,Restrictions,Type of Restriction in Lobby and Common Area of Private Multi-Unit Housing,Banned,4,Ranking,2006-07-10,2006-11-16,"(21.304850435000446, -157.85774940299973)",10GRP,125,129,False,False,0,0,,[],,,0.0
2006,4,DC,District of Columbia,Legislation - Smokefree Indoor Air,Home-based Day Care Centers,Vehicles,Type of Restriction in Home-Based Day Care Vehicle,Banned,4,Ranking,2006-01-31,2006-04-03,"(38.89037138500049, -77.03196112699965)",30GRP,77,62,False,False,2,0,0.0,[],,,0.0
2006,3,MS,Mississippi,Legislation - Smokefree Indoor Air,Government Worksites,Restrictions,Type of Restriction in Government Worksite,Banned,4,Ranking,2006-03-23,2006-07-01,"(32.745510099000455, -89.53803082499968)",10GRP,1,100,False,False,4,0,0.0,[],,,0.0
2006,4,GU,Guam,Legislation - Smokefree Indoor Air,Smokefree Indoor Air – Other Sites,Restriction Areas,Malls,Designated Smoking Area,0,Ranking,2005-12-09,2006-05-08,"(13.444304, 144.793731)",15GRP,96,150,False,False,0,0,,[],,,0.0
2006,3,NJ,New Jersey,Legislation - Smokefree Indoor Air,Smokefree Indoor Air – Other Sites,Restriction Areas,Malls,Banned,4,Ranking,2006-01-15,2006-04-15,"(40.13057004800049, -74.27369128799967)",15GRP,96,90,False,True,3,2,0.6666666666666666,"['Delaware', 'New York']",Delaware,1325.0,0.5833333333333333
2006,4,GU,Guam,Legislation - Smokefree Indoor Air,Smokefree Indoor Air – Other Sites,Restriction Areas,Public Transportation,Banned,4,Ranking,2005-12-09,2006-05-08,"(13.444304, 144.793731)",15GRP,99,150,False,False,0,0,,[],,,0.0
2006,4,DC,District of Columbia,Legislation - Smokefree Indoor Air,Home-based Day Care Centers,Restrictions,Type of Restriction in Home-Based Day Care,Banned,4,Ranking,2006-01-31,2006-04-03,"(38.89037138500049, -77.03196112699965)",10GRP,65,62,False,False,2,0,0.0,[],,,0.0
2006,4,HI,Hawaii,Legislation - Smokefree Indoor Air,Government Worksites,Vehicles,Type of Restriction in Government Worksite Vehicle,Banned,4,Ranking,2006-07-10,2006-11-16,"(21.304850435000446, -157.85774940299973)",30GRP,17,129,False,False,0,0,,[],,,0.0
2006,4,HI,Hawaii,Legislation - Smokefree Indoor Air,Restaurants,Restrictions,Type of Restriction in Restaurant (Summary),Banned,4,Ranking,2006-07-10,2006-11-16,"(21.304850435000446, -157.85774940299973)",10GRP,37,129,False,False,0,0,,[],,,0.0
2006,4,GU,Guam,Legislation - Smokefree Indoor Air,Commercial Day Care Centers,Restrictions,Type of Restriction in Commercial Day Care,Designated Smoking Area,0,Ranking,2005-12-09,2006-05-08,"(13.444304, 144.793731)",10GRP,50,150,False,False,0,0,,[],,,0.0
2006,4,CO,Colorado,Legislation - Smokefree Indoor Air,Commercial Day Care Centers,Restrictions,Type of Restriction in Commercial Day Care,Banned,4,Ranking,2006-03-27,2006-07-01,"(38.843840757000464, -106.13361092099967)",10GRP,50,96,False,False,6,2,0.3333333333333333,"['Nebraska', 'Utah']",Nebraska,4388.0,0.29166666666666663
2006,4,CO,Colorado,Legislation - Smokefree Indoor Air,Smokefree Indoor Air – Other Sites,Restriction Areas,Public Transportation,Banned,4,Ranking,2006-03-27,2006-07-01,"(38.843840757000464, -106.13361092099967)",15GRP,99,96,False,False,6,3,0.5,"['Kansas', 'Oklahoma', 'Utah']",Kansas,6922.0,0.4375
2006,4,AR,Arkansas,Legislation - Smokefree Indoor Air,Smokefree Indoor Air – Other Sites,Restriction Areas,Public Transportation,Banned,4,Ranking,2006-04-07,2006-07-21,"(34.74865012400045, -92.27449074299966)",15GRP,99,105,False,False,6,2,0.3333333333333333,"['Louisiana', 'Oklahoma']",Louisiana,5015.0,0.29166666666666663
2006,3,DC,District of Columbia,Legislation - Smokefree Indoor Air,Hotels and Motels,Restrictions,Type of Restriction in Lobby and Common Area of Hotel and Motel,Banned,4,Ranking,2006-01-31,2006-04-04,"(38.89037138500049, -77.03196112699965)",10GRP,81,63,False,False,2,1,0.5,['Maryland'],Maryland,3932.0,0.4375
2006,3,AR,Arkansas,Legislation - Smokefree Indoor Air,Home-based Day Care Centers,Restrictions,Type of Restriction in Home-Based Day Care,Banned,4,Ranking,2006-04-07,2006-07-21,"(34.74865012400045, -92.27449074299966)",10GRP,65,105,False,False,6,2,0.3333333333333333,"['Missouri', 'Oklahoma']",Missouri,4679.0,0.29166666666666663
2006,4,HI,Hawaii,Legislation - Smokefree Indoor Air,Smokefree Indoor Air – Other Sites,Restriction Areas,Hospitals,Banned,4,Ranking,2006-07-10,2006-11-16,"(21.304850435000446, -157.85774940299973)",15GRP,100,129,False,False,0,0,,[],,,0.0
2006,4,HI,Hawaii,Legislation - Smokefree Indoor Air,Government Worksites,Restrictions,Type of Restriction in Government Worksite,Banned,4,Ranking,2006-07-10,2006-11-16,"(21.304850435000446, -157.85774940299973)",10GRP,1,129,False,False,0,0,,[],,,0.0
2006,4,CO,Colorado,Legislation - Smokefree Indoor Air,Home-based Day Care Centers,Restrictions,Type of Restriction in Home-Based Day Care,Banned,4,Ranking,2006-03-27,2006-07-01,"(38.843840757000464, -106.13361092099967)",10GRP,65,96,False,False,6,4,0.6666666666666666,"['Nebraska', 'Kansas', 'Oklahoma', 'Utah']",Nebraska,4388.0,0.5833333333333333
2006,4,HI,Hawaii,Legislation - Smokefree Indoor Air,Restaurants,Restriction Areas,Type of Restriction in Restaurant Patron Area,Banned,4,Ranking,2006-07-10,2006-11-16,"(21.304850435000446, -157.85774940299973)",15GRP,233,129,False,False,0,0,,[],,,0.0
2006,3,GU,Guam,Legislation - Smokefree Indoor Air,Restaurants,Restriction Areas,Type of Restriction in Restaurant Employee Area,Banned,4,Ranking,2005-12-09,2006-05-08,"(13.444304, 144.793731)",15GRP,232,150,False,False,0,0,,[],,,0.0
2006,4,HI,Hawaii,Legislation - Smokefree Indoor Air,Bars,Restriction Areas,Type of Restriction in Bar Patron Area,Banned,4,Ranking,2006-07-10,2006-11-16,"(21.304850435000446, -157.85774940299973)",15GRP,235,129,False,False,0,0,,[],,,0.0
2006,3,AR,Arkansas,Legislation - Smokefree Indoor Air,Smokefree Indoor Air – Other Sites,Restriction Areas,Hospitals,Banned,4,Ranking,2006-04-07,2006-07-21,"(34.74865012400045, -92.27449074299966)",15GRP,100,105,False,False,6,0,0.0,[],,,0.0
2006,3,TN,Tennessee,Legislation - Smokefree Indoor Air,Smokefree Indoor Air – Other Sites,Restriction Areas,Prisons,Banned,4,Ranking,2006-06-12,2006-07-01,"(35.68094058000048, -85.77449091399967)",15GRP,101,19,False,False,7,1,0.14285714285714285,['North Carolina'],North Carolina,277.0,0.3111643835616438
2006,4,CO,Colorado,Legislation - Smokefree Indoor Air,Bars,Restriction Areas,Type of Restriction in Bar Employee Area,Banned,4,Ranking,2006-03-27,2006-07-01,"(38.843840757000464, -106.13361092099967)",15GRP,236,96,False,False,6,0,0.0,[],,,0.0
2006,4,CO,Colorado,Legislation - Smokefree Indoor Air,Smokefree Indoor Air – Other Sites,Restriction Areas,Malls,Banned,4,Ranking,2006-03-27,2006-07-01,"(38.843840757000464, -106.13361092099967)",15GRP,96,96,False,False,6,2,0.3333333333333333,"['Oklahoma', 'Utah']",Oklahoma,4388.0,0.29166666666666663
2006,3,AR,Arkansas,Legislation - Smokefree Indoor Air,Smokefree Indoor Air – Other Sites,Restriction Areas,Casinos (Racetrack),Designated Areas,3,Ranking,2006-04-07,2006-07-21,"(34.74865012400045, -92.27449074299966)",15GRP,336,105,False,False,6,0,0.0,[],,,0.0
2006,4,OH,Ohio,Legislation - Smokefree Indoor Air,Hotels and Motels,Restrictions,Type of Restriction in Lobby and Common Area of Hotel and Motel,Banned,4,Ranking,2006-11-07,2006-12-07,"(40.06021014100048, -82.40426005599966)",10GRP,81,30,False,False,4,0,0.0,[],,,0.0
2006,3,AR,Arkansas,Legislation - Smokefree Indoor Air,Hotels and Motels,Restrictions,Type of Restriction in Lobby and Common Area of Hotel and Motel,Banned,4,Ranking,2006-04-07,2006-07-21,"(34.74865012400045, -92.27449074299966)",10GRP,81,105,False,False,6,1,0.16666666666666666,['Oklahoma'],Oklahoma,1036.0,0.14583333333333331
2006,3,CO,Colorado,Legislation - Smokefree Indoor Air,Private Multi-Unit Housing,Restrictions,Type of Restriction in Lobby and Common Area of Private Multi-Unit Housing,Banned,4,Ranking,2006-03-27,2006-07-01,"(38.843840757000464, -106.13361092099967)",10GRP,125,96,False,False,6,0,0.0,[],,,0.0
2006,4,HI,Hawaii,Legislation - Smokefree Indoor Air,Smokefree Indoor Air – Other Sites,Restriction Areas,Public Transportation,Banned,4,Ranking,2006-07-10,2006-11-16,"(21.304850435000446, -157.85774940299973)",15GRP,99,129,False,False,0,0,,[],,,0.0
2006,4,NV,Nevada,Legislation - Smokefree Indoor Air,Smokefree Indoor Air – Other Sites,Restriction Areas,Grocery Stores,Banned,4,Ranking,2006-11-07,2006-11-17,"(39.493240390000494, -117.07184056399967)",15GRP,97,10,False,False,5,3,0.6,"['Idaho', 'Utah', 'Arizona']",Idaho,4613.0,0.5249999999999999
2006,4,HI,Hawaii,Legislation - Smokefree Indoor Air,Home-based Day Care Centers,Restrictions,Type of Restriction in Home-Based Day Care,Banned,4,Ranking,2006-07-10,2006-11-16,"(21.304850435000446, -157.85774940299973)",10GRP,65,129,False,False,0,0,,[],,,0.0
2006,4,OH,Ohio,Legislation - Smokefree Indoor Air,Private Worksites,Vehicles,Type of Restriction in Private Worksite Vehicle,Banned,4,Ranking,2006-11-07,2006-12-07,"(40.06021014100048, -82.40426005599966)",30GRP,34,30,False,False,4,0,0.0,[],,,0.0
2006,3,WA,Washington,Legislation - Smokefree Indoor Air,Hotels and Motels,Restrictions,Type of Restriction in Lobby and Common Area of Hotel and Motel,Banned,4,Ranking,2005-11-08,2006-07-06,"(47.52227862900048, -120.47001078999972)",10GRP,81,240,False,True,2,2,1.0,"['Idaho', 'Oregon']",Idaho,1544.0,0.7
2006,4,HI,Hawaii,Legislation - Smokefree Indoor Air,Private Worksites,Restrictions,Type of Restriction in Private Worksite,Banned,4,Ranking,2006-07-10,2006-11-16,"(21.304850435000446, -157.85774940299973)",10GRP,20,129,False,False,0,0,,[],,,0.0
2006,4,OH,Ohio,Legislation - Smokefree Indoor Air,Private Worksites,Restrictions,Type of Restriction in Private Worksite,Banned,4,Ranking,2006-11-07,2006-12-07,"(40.06021014100048, -82.40426005599966)",10GRP,20,30,False,False,4,0,0.0,[],,,0.0
2006,4,HI,Hawaii,Legislation - Smokefree Indoor Air,Hotels and Motels,Additional Requirements,Sleeping Room Designation (Type),Smoking Room,3,Ranking,2006-07-10,2006-11-16,"(21.304850435000446, -157.85774940299973)",20GRP,83,129,False,False,0,0,,[],,,0.0
2006,4,NV,Nevada,Legislation - Smokefree Indoor Air,Government Worksites,Restrictions,Type of Restriction in Government Worksite,Banned,4,Ranking,2006-11-07,2006-11-17,"(39.493240390000494, -117.07184056399967)",10GRP,1,10,False,False,5,3,0.6,"['Idaho', 'Utah', 'Arizona']",Idaho,5418.0,0.5249999999999999
2006,4,OH,Ohio,Legislation - Smokefree Indoor Air,Smokefree Indoor Air – Other Sites,Restriction Areas,Grocery Stores,Banned,4,Ranking,2006-11-07,2006-12-07,"(40.06021014100048, -82.40426005599966)",15GRP,97,30,False,False,4,0,0.0,[],,,0.0
2006,4,HI,Hawaii,Legislation - Smokefree Indoor Air,Commercial Day Care Centers,Restrictions,Type of Restriction in Commercial Day Care,Banned,4,Ranking,2006-07-10,2006-11-16,"(21.304850435000446, -157.85774940299973)",10GRP,50,129,False,False,0,0,,[],,,0.0
2006,4,OH,Ohio,Legislation - Smokefree Indoor Air,Smokefree Indoor Air – Other Sites,Restriction Areas,Public Transportation,Banned,4,Ranking,2006-11-07,2006-12-07,"(40.06021014100048, -82.40426005599966)",15GRP,99,30,False,False,4,1,0.25,['West Virginia'],West Virginia,7878.0,0.21875
2006,4,NV,Nevada,Legislation - Smokefree Indoor Air,Smokefree Indoor Air – Other Sites,Restriction Areas,Malls,Banned,4,Ranking,2006-11-07,2006-11-17,"(39.493240390000494, -117.07184056399967)",15GRP,96,10,False,False,5,3,0.6,"['Idaho', 'Utah', 'Arizona']",Idaho,4613.0,0.5249999999999999
2006,4,OH,Ohio,Legislation - Smokefree Indoor Air,Home-based Day Care Centers,Restrictions,Type of Restriction in Home-Based Day Care,Banned,4,Ranking,2006-11-07,2006-12-07,"(40.06021014100048, -82.40426005599966)",10GRP,65,30,False,False,4,1,0.25,['Michigan'],Michigan,4757.0,0.21875
2006,4,OH,Ohio,Legislation - Smokefree Indoor Air,Commercial Day Care Centers,Restrictions,Type of Restriction in Commercial Day Care,Banned,4,Ranking,2006-11-07,2006-12-07,"(40.06021014100048, -82.40426005599966)",10GRP,50,30,False,False,4,1,0.25,['Michigan'],Michigan,4764.0,0.21875
2006,4,NV,Nevada,Legislation - Smokefree Indoor Air,Home-based Day Care Centers,Restrictions,Type of Restriction in Home-Based Day Care,Banned,4,Ranking,2006-11-07,2006-11-17,"(39.493240390000494, -117.07184056399967)",10GRP,65,10,False,False,5,4,0.8,"['Idaho', 'Utah', 'Arizona', 'California']",Idaho,4613.0,0.7
2006,4,OH,Ohio,Legislation - Smokefree Indoor Air,Restaurants,Restriction Areas,Type of Restriction in Restaurant Patron Area,Banned,4,Ranking,2006-11-07,2006-12-07,"(40.06021014100048, -82.40426005599966)",15GRP,233,30,False,False,4,0,0.0,[],,,0.0
2006,4,OH,Ohio,Legislation - Smokefree Indoor Air,Government Worksites,Vehicles,Type of Restriction in Government Worksite Vehicle,Banned,4,Ranking,2006-11-07,2006-12-07,"(40.06021014100048, -82.40426005599966)",30GRP,17,30,False,False,4,0,0.0,[],,,0.0
2006,4,OH,Ohio,Legislation - Smokefree Indoor Air,Hotels and Motels,Additional Requirements,Sleeping Room Designation (Type),Smoking Room,3,Ranking,2006-11-07,2006-12-07,"(40.06021014100048, -82.40426005599966)",20GRP,83,30,False,False,4,0,0.0,[],,,0.0
2006,4,NV,Nevada,Legislation - Smokefree Indoor Air,Smokefree Indoor Air – Other Sites,Restriction Areas,Hospitals,Banned,4,Ranking,2006-11-07,2006-11-17,"(39.493240390000494, -117.07184056399967)",15GRP,100,10,False,True,5,2,0.4,"['Idaho', 'Arizona']",Idaho,949.0,0.35
2006,4,OH,Ohio,Legislation - Smokefree Indoor Air,Bars,Restrictions,Type of Restriction in Bar (Summary),Banned,4,Ranking,2006-11-07,2006-12-07,"(40.06021014100048, -82.40426005599966)",10GRP,234,30,False,False,4,0,0.0,[],,,0.0
2006,4,OH,Ohio,Legislation - Smokefree Indoor Air,Government Worksites,Restrictions,Type of Restriction in Government Worksite,Banned,4,Ranking,2006-11-07,2006-12-07,"(40.06021014100048, -82.40426005599966)",10GRP,1,30,False,False,4,1,0.25,['Michigan'],Michigan,5347.0,0.21875
2006,4,NV,Nevada,Legislation - Smokefree Indoor Air,Private Worksites,Restrictions,Type of Restriction in Private Worksite,Banned,4,Ranking,2006-11-07,2006-11-17,"(39.493240390000494, -117.07184056399967)",10GRP,20,10,False,True,5,2,0.4,"['Utah', 'Arizona']",Utah,236.0,0.5530136986301369
2007,2,AZ,Arizona,Legislation - Smokefree Indoor Air,Home-based Day Care Centers,Restrictions,Type of Restriction in Home-Based Day Care,Banned,4,Ranking,2006-11-07,2007-05-01,"(34.865970280000454, -111.76381127699972)",10GRP,65,175,False,False,5,4,0.8,"['California', 'Nevada', 'Utah', 'Colorado']",California,4613.0,0.7
2007,2,LA,Louisiana,Legislation - Smokefree Indoor Air,Smokefree Indoor Air – Other Sites,Restriction Areas,Substance Use - Outpatient Facilities,Designated Areas,3,Ranking,2006-06-30,2007-01-01,"(31.31266064400046, -92.44568007099969)",15GRP,338,185,False,False,3,0,0.0,[],,,0.0
2007,1,LA,Louisiana,Legislation - Smokefree Indoor Air,Smokefree Indoor Air – Other Sites,Restriction Areas,Casinos,Designated Areas,3,Ranking,2006-06-30,2007-01-01,"(31.31266064400046, -92.44568007099969)",15GRP,335,185,False,False,3,0,0.0,[],,,0.0
2007,1,LA,Louisiana,Legislation - Smokefree Indoor Air,Hotels and Motels,Additional Requirements,Sleeping Room Designation (Type),Smoking Room,3,Ranking,2006-06-30,2007-01-01,"(31.31266064400046, -92.44568007099969)",20GRP,83,185,False,True,3,1,0.3333333333333333,['Arkansas'],Arkansas,84.0,0.5571461187214611
2007,2,AZ,Arizona,Legislation - Smokefree Indoor Air,Restaurants,Restriction Areas,Type of Restriction in Restaurant Employee Area,Banned,4,Ranking,2006-11-15,2007-05-01,"(34.865970280000454, -111.76381127699972)",15GRP,232,167,False,False,5,3,0.6,"['Nevada', 'Utah', 'Colorado']",Nevada,4621.0,0.5249999999999999
2007,2,AZ,Arizona,Legislation - Smokefree Indoor Air,Smokefree Indoor Air – Other Sites,Restriction Areas,Substance Use - Residential Facilities,Banned,4,Ranking,2006-11-07,2007-05-01,"(34.865970280000454, -111.76381127699972)",15GRP,339,175,False,False,5,0,0.0,[],,,0.0
2007,1,LA,Louisiana,Legislation - Smokefree Indoor Air,Restaurants,Restriction Areas,Type of Restriction in Restaurant Bar Area,Banned,4,Ranking,2006-06-30,2007-01-01,"(31.31266064400046, -92.44568007099969)",15GRP,231,185,False,False,3,0,0.0,[],,,0.0
2007,2,LA,Louisiana,Legislation - Smokefree Indoor Air,Smokefree Indoor Air – Other Sites,Restriction Areas,Prisons,Banned,4,Ranking,2006-06-30,2007-01-01,"(31.31266064400046, -92.44568007099969)",15GRP,101,185,False,False,3,0,0.0,[],,,0.0
2007,1,LA,Louisiana,Legislation - Smokefree Indoor Air,Hotels and Motels,Restrictions,Type of Restriction in Lobby and Common Area of Hotel and Motel,Banned,4,Ranking,2006-06-30,2007-01-01,"(31.31266064400046, -92.44568007099969)",10GRP,81,185,False,True,3,1,0.3333333333333333,['Arkansas'],Arkansas,84.0,0.5571461187214611
2007,1,DC,District of Columbia,Legislation - Smokefree Indoor Air,Bars,Restriction Areas,Type of Restriction in Bar Employee Area,Banned,4,Ranking,2006-01-31,2007-01-01,"(38.89037138500049, -77.03196112699965)",15GRP,236,335,False,False,2,0,0.0,[],,,0.0
2007,2,AZ,Arizona,Legislation - Smokefree Indoor Air,Commercial Day Care Centers,Restrictions,Type of Restriction in Commercial Day Care,Banned,4,Ranking,2006-11-07,2007-05-01,"(34.865970280000454, -111.76381127699972)",10GRP,50,175,False,False,5,4,0.8,"['California', 'Nevada', 'Utah', 'Colorado']",California,7419.0,0.7
2007,1,LA,Louisiana,Legislation - Smokefree Indoor Air,Smokefree Indoor Air – Other Sites,Restriction Areas,Substance Use - Residential Facilities,Designated Areas,3,Ranking,2006-06-30,2007-01-01,"(31.31266064400046, -92.44568007099969)",15GRP,339,185,False,False,3,0,0.0,[],,,0.0
2007,2,DC,District of Columbia,Legislation - Smokefree Indoor Air,Restaurants,Restriction Areas,Type of Restriction in Restaurant Patron Area,Banned,4,Ranking,2006-01-31,2007-01-01,"(38.89037138500049, -77.03196112699965)",15GRP,233,335,False,False,2,0,0.0,[],,,0.0
2007,1,LA,Louisiana,Legislation - Smokefree Indoor Air,Smokefree Indoor Air – Other Sites,Restriction Areas,Enclosed Arenas,Designated Areas,3,Ranking,2006-06-30,2007-01-01,"(31.31266064400046, -92.44568007099969)",15GRP,98,185,False,False,3,0,0.0,[],,,0.0
2007,2,LA,Louisiana,Legislation - Smokefree Indoor Air,Private Worksites,Vehicles,Type of Restriction in Private Worksite Vehicle,Banned,4,Ranking,2006-06-30,2007-01-01,"(31.31266064400046, -92.44568007099969)",30GRP,34,185,False,False,3,0,0.0,[],,,0.0
2007,2,AZ,Arizona,Legislation - Smokefree Indoor Air,Private Worksites,Restrictions,Type of Restriction in Private Worksite,Banned,4,Ranking,2006-11-07,2007-05-01,"(34.865970280000454, -111.76381127699972)",10GRP,20,175,False,True,5,3,0.6,"['Nevada', 'Utah', 'Colorado']",Nevada,236.0,0.7280136986301369
2007,2,LA,Louisiana,Legislation - Smokefree Indoor Air,Smokefree Indoor Air – Other Sites,Restriction Areas,Grocery Stores,Banned,4,Ranking,2006-06-30,2007-01-01,"(31.31266064400046, -92.44568007099969)",15GRP,97,185,False,True,3,1,0.3333333333333333,['Arkansas'],Arkansas,84.0,0.5571461187214611
2007,2,AZ,Arizona,Legislation - Smokefree Indoor Air,Private Multi-Unit Housing,Restrictions,Type of Restriction in Lobby and Common Area of Private Multi-Unit Housing,Banned,4,Ranking,2006-11-07,2007-05-01,"(34.865970280000454, -111.76381127699972)",10GRP,125,175,False,False,5,1,0.2,['Colorado'],Colorado,225.0,0.3825342465753424
2007,2,AZ,Arizona,Legislation - Smokefree Indoor Air,Hotels and Motels,Additional Requirements,Sleeping Room Designation (Type),Smoking Room,3,Ranking,2006-12-07,2007-05-01,"(34.865970280000454, -111.76381127699972)",20GRP,83,145,False,False,5,2,0.4,"['California', 'Utah']",California,4643.0,0.35
2007,1,LA,Louisiana,Legislation - Smokefree Indoor Air,Restaurants,Restrictions,Type of Restriction in Restaurant (Summary),Banned,4,Ranking,2006-06-30,2007-01-01,"(31.31266064400046, -92.44568007099969)",10GRP,37,185,False,False,3,0,0.0,[],,,0.0
2007,2,LA,Louisiana,Legislation - Smokefree Indoor Air,Smokefree Indoor Air – Other Sites,Restriction Areas,Mental Health - Residential Facilities,Designated Areas,3,Ranking,2006-06-30,2007-01-01,"(31.31266064400046, -92.44568007099969)",15GRP,341,185,False,False,3,0,0.0,[],,,0.0
2007,2,AZ,Arizona,Legislation - Smokefree Indoor Air,Bars,Restriction Areas,Type of Restriction in Bar Employee Area,Banned,4,Ranking,2006-11-15,2007-05-01,"(34.865970280000454, -111.76381127699972)",15GRP,236,167,False,False,5,1,0.2,['Colorado'],Colorado,233.0,0.37924657534246575
2007,2,AZ,Arizona,Legislation - Smokefree Indoor Air,Smokefree Indoor Air – Other Sites,Restriction Areas,Public Transportation,Banned,4,Ranking,2006-11-07,2007-05-01,"(34.865970280000454, -111.76381127699972)",15GRP,99,175,False,False,5,3,0.6,"['Nevada', 'Utah', 'Colorado']",Nevada,4613.0,0.5249999999999999
2007,2,NM,New Mexico,Legislation - Smokefree Indoor Air,Restaurants,Restrictions,Type of Restriction in Restaurant (Summary),Banned,4,Ranking,2007-03-13,2007-06-15,"(34.52088095200048, -106.24058098499967)",10GRP,37,94,False,False,5,3,0.6,"['Arizona', 'Utah', 'Colorado']",Arizona,4739.0,0.5249999999999999
2007,3,LA,Louisiana,Legislation - Smokefree Indoor Air,Commercial Day Care Centers,Vehicles,Type of Restriction in Commercial Day Care Vehicle,Banned,4,Ranking,2006-06-30,2007-01-01,"(31.31266064400046, -92.44568007099969)",30GRP,61,185,False,True,3,1,0.3333333333333333,['Arkansas'],Arkansas,81.0,0.5583789954337899
2007,4,LA,Louisiana,Legislation - Smokefree Indoor Air,Home-based Day Care Centers,Vehicles,Type of Restriction in Home-Based Day Care Vehicle,Banned,4,Ranking,2006-06-30,2007-01-01,"(31.31266064400046, -92.44568007099969)",30GRP,77,185,False,False,3,0,0.0,[],,,0.0
2007,3,AZ,Arizona,Legislation - Smokefree Indoor Air,Government Multi-Unit Housing,Restrictions,Type of Restriction in Lobby and Common Area of Government Multi-Unit Housing,Banned,4,Ranking,2006-11-07,2007-05-01,"(34.865970280000454, -111.76381127699972)",10GRP,115,175,False,False,5,1,0.2,['Colorado'],Colorado,225.0,0.3825342465753424
2007,4,MN,Minnesota,Legislation - Smokefree Indoor Air,Smokefree Indoor Air – Other Sites,Restriction Areas,Enclosed Arenas,Banned,4,Ranking,2007-05-16,2007-10-01,"(46.35564873600049, -94.79420050299967)",15GRP,98,138,False,True,4,2,0.5,"['South Dakota', 'North Dakota']",South Dakota,1909.0,0.4375
2007,3,NM,New Mexico,Legislation - Smokefree Indoor Air,Private Worksites,Restrictions,Type of Restriction in Private Worksite,Banned,4,Ranking,2007-03-13,2007-06-15,"(34.52088095200048, -106.24058098499967)",10GRP,20,94,False,True,5,3,0.6,"['Arizona', 'Utah', 'Colorado']",Arizona,362.0,0.6762328767123287
2007,4,MN,Minnesota,Legislation - Smokefree Indoor Air,Smokefree Indoor Air – Other Sites,Restriction Areas,Grocery Stores,Banned,4,Ranking,2007-05-16,2007-10-01,"(46.35564873600049, -94.79420050299967)",15GRP,97,138,False,True,4,2,0.5,"['South Dakota', 'North Dakota']",South Dakota,1909.0,0.4375
2007,4,MN,Minnesota,Legislation - Smokefree Indoor Air,Restaurants,Restrictions,Type of Restriction in Restaurant (Summary),Banned,4,Ranking,2007-05-16,2007-10-01,"(46.35564873600049, -94.79420050299967)",10GRP,37,138,False,False,4,0,0.0,[],,,0.0
2007,4,MN,Minnesota,Legislation - Smokefree Indoor Air,Bars,Restriction Areas,Type of Restriction in Bar Employee Area,Banned,4,Ranking,2007-05-16,2007-10-01,"(46.35564873600049, -94.79420050299967)",15GRP,236,138,False,False,4,0,0.0,[],,,0.0
2007,4,NC,North Carolina,Legislation - Smokefree Indoor Air,Smokefree Indoor Air – Other Sites,Restriction Areas,Mental Health - Residential Facilities,Banned,4,Ranking,2007-08-28,2007-10-01,"(35.466220975000454, -79.15925046299964)",15GRP,341,34,False,False,4,1,0.25,['Tennessee'],Tennessee,78.0,0.48669520547945205
2007,3,NM,New Mexico,Legislation - Smokefree Indoor Air,Restaurants,Restriction Areas,Type of Restriction in Restaurant Bar Area,Banned,4,Ranking,2007-03-13,2007-06-15,"(34.52088095200048, -106.24058098499967)",15GRP,231,94,False,False,5,3,0.6,"['Arizona', 'Utah', 'Colorado']",Arizona,4739.0,0.5249999999999999
2007,4,MN,Minnesota,Legislation - Smokefree Indoor Air,Restaurants,Restriction Areas,Type of Restriction in Restaurant Employee Area,Banned,4,Ranking,2007-05-16,2007-10-01,"(46.35564873600049, -94.79420050299967)",15GRP,232,138,False,True,4,2,0.5,"['South Dakota', 'North Dakota']",South Dakota,1909.0,0.4375
2007,4,LA,Louisiana,Legislation - Smokefree Indoor Air,Home-based Day Care Centers,Restrictions,Type of Restriction in Home-Based Day Care,Banned,4,Ranking,2006-06-30,2007-01-01,"(31.31266064400046, -92.44568007099969)",10GRP,65,185,False,True,3,1,0.3333333333333333,['Arkansas'],Arkansas,84.0,0.5571461187214611
2007,3,AZ,Arizona,Legislation - Smokefree Indoor Air,Hotels and Motels,Restrictions,Type of Restriction in Lobby and Common Area of Hotel and Motel,Banned,4,Ranking,2006-12-07,2007-05-01,"(34.865970280000454, -111.76381127699972)",10GRP,81,145,False,False,5,3,0.6,"['Nevada', 'Utah', 'Colorado']",Nevada,4643.0,0.5249999999999999
2007,4,LA,Louisiana,Legislation - Smokefree Indoor Air,Smokefree Indoor Air – Other Sites,Restriction Areas,Public Transportation,Banned,4,Ranking,2006-06-30,2007-01-01,"(31.31266064400046, -92.44568007099969)",15GRP,99,185,False,True,3,1,0.3333333333333333,['Arkansas'],Arkansas,84.0,0.5571461187214611
2007,4,LA,Louisiana,Legislation - Smokefree Indoor Air,Restaurants,Restriction Areas,Type of Restriction in Restaurant Employee Area,Banned,4,Ranking,2006-06-30,2007-01-01,"(31.31266064400046, -92.44568007099969)",15GRP,232,185,False,False,3,0,0.0,[],,,0.0
2007,3,NM,New Mexico,Legislation - Smokefree Indoor Air,Commercial Day Care Centers,Restrictions,Type of Restriction in Commercial Day Care,Banned,4,Ranking,2007-03-13,2007-06-15,"(34.52088095200048, -106.24058098499967)",10GRP,50,94,False,False,5,3,0.6,"['Arizona', 'Utah', 'Colorado']",Arizona,4739.0,0.5249999999999999
2007,4,PR,Puerto Rico,Legislation - Smokefree Indoor Air,Smokefree Indoor Air – Other Sites,Restriction Areas,Casinos (Racetrack),Banned,4,Ranking,2006-03-02,2007-03-02,"(18.220833, -66.590149)",15GRP,336,365,False,False,0,0,,[],,,0.0
2007,4,MN,Minnesota,Legislation - Smokefree Indoor Air,Hotels and Motels,Restrictions,Type of Restriction in Lobby and Common Area of Hotel and Motel,Banned,4,Ranking,2007-05-14,2007-10-01,"(46.35564873600049, -94.79420050299967)",10GRP,81,140,False,True,4,2,0.5,"['South Dakota', 'North Dakota']",South Dakota,1907.0,0.4375
2007,4,MN,Minnesota,Legislation - Smokefree Indoor Air,Government Multi-Unit Housing,Restrictions,Type of Restriction in Lobby and Common Area of Government Multi-Unit Housing,Banned,4,Ranking,2007-05-16,2007-10-01,"(46.35564873600049, -94.79420050299967)",10GRP,115,138,False,False,4,1,0.25,['North Dakota'],North Dakota,751.0,0.21875
2007,3,LA,Louisiana,Legislation - Smokefree Indoor Air,Smokefree Indoor Air – Other Sites,Restriction Areas,Bingo Halls,Designated Areas,3,Ranking,2006-06-30,2007-01-01,"(31.31266064400046, -92.44568007099969)",15GRP,337,185,False,False,3,0,0.0,[],,,0.0
2007,2,PR,Puerto Rico,Legislation - Smokefree Indoor Air,Home-based Day Care Centers,Vehicles,Type of Restriction in Home-Based Day Care Vehicle,Banned,4,Ranking,2006-03-02,2007-03-02,"(18.220833, -66.590149)",30GRP,77,365,False,False,0,0,,[],,,0.0
2007,2,NM,New Mexico,Legislation - Smokefree Indoor Air,Smokefree Indoor Air – Other Sites,Restriction Areas,Malls,Banned,4,Ranking,2007-03-13,2007-06-15,"(34.52088095200048, -106.24058098499967)",15GRP,96,94,False,False,5,4,0.8,"['Arizona', 'Utah', 'Colorado', 'Oklahoma']",Arizona,4739.0,0.7
2007,4,NC,North Carolina,Legislation - Smokefree Indoor Air,Smokefree Indoor Air – Other Sites,Restriction Areas,Substance Use - Outpatient Facilities,Banned,4,Ranking,2007-08-28,2007-10-01,"(35.466220975000454, -79.15925046299964)",15GRP,338,34,False,False,4,1,0.25,['Tennessee'],Tennessee,78.0,0.48669520547945205
2007,3,AZ,Arizona,Legislation - Smokefree Indoor Air,Smokefree Indoor Air – Other Sites,Restriction Areas,Hospitals,Banned,4,Ranking,2006-11-07,2007-05-01,"(34.865970280000454, -111.76381127699972)",15GRP,100,175,False,True,5,2,0.4,"['Nevada', 'Colorado']",Nevada,225.0,0.5575342465753425
2007,4,LA,Louisiana,Legislation - Smokefree Indoor Air,Private Worksites,Restrictions,Type of Restriction in Private Worksite,Banned,4,Ranking,2006-06-30,2007-01-01,"(31.31266064400046, -92.44568007099969)",10GRP,20,185,False,True,3,1,0.3333333333333333,['Arkansas'],Arkansas,84.0,0.5571461187214611
2007,2,PR,Puerto Rico,Legislation - Smokefree Indoor Air,Hotels and Motels,Additional Requirements,Sleeping Room Designation (Type),Smoking Room,3,Ranking,2006-03-02,2007-03-02,"(18.220833, -66.590149)",20GRP,83,365,False,False,0,0,,[],,,0.0
2007,3,NM,New Mexico,Legislation - Smokefree Indoor Air,Bars,Restriction Areas,Type of Restriction in Bar Employee Area,Banned,4,Ranking,2007-03-13,2007-06-15,"(34.52088095200048, -106.24058098499967)",15GRP,236,94,False,True,5,3,0.6,"['Arizona', 'Utah', 'Colorado']",Arizona,351.0,0.6807534246575342
2007,4,MD,Maryland,Legislation - Smokefree Indoor Air,Home-based Day Care Centers,Vehicles,Type of Restriction in Home-Based Day Care Vehicle,Banned,4,Ranking,2007-05-17,2007-10-01,"(39.29058096400047, -76.60926011099963)",30GRP,77,137,False,True,5,2,0.4,"['District of Columbia', 'Delaware']",District of Columbia,1812.0,0.35
2007,4,AZ,Arizona,Legislation - Smokefree Indoor Air,Smokefree Indoor Air – Other Sites,Restriction Areas,Grocery Stores,Banned,4,Ranking,2006-11-07,2007-05-01,"(34.865970280000454, -111.76381127699972)",15GRP,97,175,False,False,5,3,0.6,"['Nevada', 'Utah', 'Colorado']",Nevada,4613.0,0.5249999999999999
2007,3,LA,Louisiana,Legislation - Smokefree Indoor Air,Smokefree Indoor Air – Other Sites,Restriction Areas,Mental Health - Outpatient Facilities,Designated Areas,3,Ranking,2006-06-30,2007-01-01,"(31.31266064400046, -92.44568007099969)",15GRP,340,185,False,False,3,0,0.0,[],,,0.0
2007,2,NM,New Mexico,Legislation - Smokefree Indoor Air,Smokefree Indoor Air – Other Sites,Restriction Areas,Hospitals,Banned,4,Ranking,2007-03-13,2007-06-15,"(34.52088095200048, -106.24058098499967)",15GRP,100,94,False,True,5,2,0.4,"['Arizona', 'Colorado']",Arizona,351.0,0.5057534246575343
2007,3,NM,New Mexico,Legislation - Smokefree Indoor Air,Smokefree Indoor Air – Other Sites,Restriction Areas,Public Transportation,Banned,4,Ranking,2007-03-13,2007-06-15,"(34.52088095200048, -106.24058098499967)",15GRP,99,94,False,False,5,4,0.8,"['Arizona', 'Utah', 'Colorado', 'Oklahoma']",Arizona,4739.0,0.7
2007,4,AZ,Arizona,Legislation - Smokefree Indoor Air,Restaurants,Restrictions,Type of Restriction in Restaurant (Summary),Banned,4,Ranking,2006-11-07,2007-05-01,"(34.865970280000454, -111.76381127699972)",10GRP,37,175,False,False,5,3,0.6,"['Nevada', 'Utah', 'Colorado']",Nevada,4613.0,0.5249999999999999
2007,3,AZ,Arizona,Legislation - Smokefree Indoor Air,Smokefree Indoor Air – Other Sites,Restriction Areas,Malls,Banned,4,Ranking,2006-11-07,2007-05-01,"(34.865970280000454, -111.76381127699972)",15GRP,96,175,False,False,5,3,0.6,"['Nevada', 'Utah', 'Colorado']",Nevada,4613.0,0.5249999999999999
2007,4,MN,Minnesota,Legislation - Smokefree Indoor Air,Restaurants,Restriction Areas,Type of Restriction in Restaurant Bar Area,Banned,4,Ranking,2007-05-16,2007-10-01,"(46.35564873600049, -94.79420050299967)",15GRP,231,138,False,False,4,0,0.0,[],,,0.0
2007,4,AZ,Arizona,Legislation - Smokefree Indoor Air,Smokefree Indoor Air – Other Sites,Restriction Areas,Enclosed Arenas,Banned,4,Ranking,2006-11-07,2007-05-01,"(34.865970280000454, -111.76381127699972)",15GRP,98,175,False,False,5,3,0.6,"['Nevada', 'Utah', 'Colorado']",Nevada,4613.0,0.5249999999999999
2007,4,LA,Louisiana,Legislation - Smokefree Indoor Air,Restaurants,Restriction Areas,Type of Restriction in Restaurant Patron Area,Banned,4,Ranking,2006-06-30,2007-01-01,"(31.31266064400046, -92.44568007099969)",15GRP,233,185,False,False,3,0,0.0,[],,,0.0
2007,3,DC,District of Columbia,Legislation - Smokefree Indoor Air,Bars,Restrictions,Type of Restriction in Bar (Summary),Banned,4,Ranking,2006-01-31,2007-01-01,"(38.89037138500049, -77.03196112699965)",10GRP,234,335,False,False,2,0,0.0,[],,,0.0
2007,4,MN,Minnesota,Legislation - Smokefree Indoor Air,Bars,Restriction Areas,Type of Restriction in Bar Patron Area,Banned,4,Ranking,2007-05-16,2007-10-01,"(46.35564873600049, -94.79420050299967)",15GRP,235,138,False,False,4,0,0.0,[],,,0.0
2007,2,NM,New Mexico,Legislation - Smokefree Indoor Air,Restaurants,Restriction Areas,Type of Restriction in Restaurant Patron Area,Banned,4,Ranking,2007-03-13,2007-06-15,"(34.52088095200048, -106.24058098499967)",15GRP,233,94,False,False,5,3,0.6,"['Arizona', 'Utah', 'Colorado']",Arizona,4739.0,0.5249999999999999
2007,4,LA,Louisiana,Legislation - Smokefree Indoor Air,Government Worksites,Restrictions,Type of Restriction in Government Worksite,Banned,4,Ranking,2006-06-30,2007-01-01,"(31.31266064400046, -92.44568007099969)",10GRP,1,185,False,True,3,2,0.6666666666666666,"['Arkansas', 'Mississippi']",Arkansas,99.0,0.8426484018264839
2007,2,NM,New Mexico,Legislation - Smokefree Indoor Air,Hotels and Motels,Additional Requirements,Sleeping Room Designation (Type),Smoking Room,3,Ranking,2007-03-13,2007-06-15,"(34.52088095200048, -106.24058098499967)",20GRP,83,94,False,False,5,3,0.6,"['Arizona', 'Utah', 'Oklahoma']",Arizona,4739.0,0.5249999999999999
2007,4,MN,Minnesota,Legislation - Smokefree Indoor Air,Smokefree Indoor Air – Other Sites,Restriction Areas,Mental Health - Outpatient Facilities,Designated Areas,3,Ranking,2007-05-16,2007-10-01,"(46.35564873600049, -94.79420050299967)",15GRP,340,138,False,False,4,0,0.0,[],,,0.0
2007,3,AZ,Arizona,Legislation - Smokefree Indoor Air,Smokefree Indoor Air – Other Sites,Restriction Areas,Substance Use - Outpatient Facilities,Banned,4,Ranking,2006-11-07,2007-05-01,"(34.865970280000454, -111.76381127699972)",15GRP,338,175,False,False,5,0,0.0,[],,,0.0
2007,3,NM,New Mexico,Legislation - Smokefree Indoor Air,Bars,Restriction Areas,Type of Restriction in Bar Patron Area,Banned,4,Ranking,2007-03-13,2007-06-15,"(34.52088095200048, -106.24058098499967)",15GRP,235,94,False,True,5,3,0.6,"['Arizona', 'Utah', 'Colorado']",Arizona,351.0,0.6807534246575342
2007,4,LA,Louisiana,Legislation - Smokefree Indoor Air,Commercial Day Care Centers,Restrictions,Type of Restriction in Commercial Day Care,Banned,4,Ranking,2006-06-30,2007-01-01,"(31.31266064400046, -92.44568007099969)",10GRP,50,185,False,False,3,1,0.3333333333333333,['Arkansas'],Arkansas,7757.0,0.29166666666666663
2007,4,MN,Minnesota,Legislation - Smokefree Indoor Air,Smokefree Indoor Air – Other Sites,Restriction Areas,Bingo Halls,Banned,4,Ranking,2007-05-16,2007-10-01,"(46.35564873600049, -94.79420050299967)",15GRP,337,138,False,False,4,1,0.25,['North Dakota'],North Dakota,751.0,0.21875
2007,2,NM,New Mexico,Legislation - Smokefree Indoor Air,Restaurants,Restriction Areas,Type of Restriction in Restaurant Employee Area,Banned,4,Ranking,2007-03-13,2007-06-15,"(34.52088095200048, -106.24058098499967)",15GRP,232,94,False,False,5,3,0.6,"['Arizona', 'Utah', 'Colorado']",Arizona,4739.0,0.5249999999999999
2007,4,MN,Minnesota,Legislation - Smokefree Indoor Air,Hotels and Motels,Additional Requirements,Sleeping Room Designation (Type),Smoking Room,3,Ranking,2007-05-14,2007-10-01,"(46.35564873600049, -94.79420050299967)",20GRP,83,140,False,True,4,2,0.5,"['South Dakota', 'North Dakota']",South Dakota,1907.0,0.4375
2007,3,AZ,Arizona,Legislation - Smokefree Indoor Air,Restaurants,Restriction Areas,Type of Restriction in Restaurant Patron Area,Banned,4,Ranking,2006-11-15,2007-05-01,"(34.865970280000454, -111.76381127699972)",15GRP,233,167,False,False,5,4,0.8,"['California', 'Nevada', 'Utah', 'Colorado']",California,4621.0,0.7
2007,3,DC,District of Columbia,Legislation - Smokefree Indoor Air,Restaurants,Restrictions,Type of Restriction in Restaurant (Summary),Banned,4,Ranking,2006-01-31,2007-01-01,"(38.89037138500049, -77.03196112699965)",10GRP,37,335,False,False,2,0,0.0,[],,,0.0
2007,3,NH,New Hampshire,Legislation - Smokefree Indoor Air,Restaurants,Restriction Areas,Type of Restriction in Restaurant Patron Area,Banned,4,Ranking,2007-06-19,2007-09-17,"(43.65595011300047, -71.50036091999965)",15GRP,233,90,False,False,3,3,1.0,"['Vermont', 'Maine', 'Massachusetts']",Vermont,5135.0,0.7
2007,2,NM,New Mexico,Legislation - Smokefree Indoor Air,Home-based Day Care Centers,Restrictions,Type of Restriction in Home-Based Day Care,Banned,4,Ranking,2007-03-13,2007-06-15,"(34.52088095200048, -106.24058098499967)",10GRP,65,94,False,False,5,4,0.8,"['Arizona', 'Utah', 'Colorado', 'Oklahoma']",Arizona,4739.0,0.7
2007,3,DC,District of Columbia,Legislation - Smokefree Indoor Air,Restaurants,Restriction Areas,Type of Restriction in Restaurant Employee Area,Banned,4,Ranking,2006-01-31,2007-01-01,"(38.89037138500049, -77.03196112699965)",15GRP,232,335,False,False,2,0,0.0,[],,,0.0
2007,4,NH,New Hampshire,Legislation - Smokefree Indoor Air,Restaurants,Restrictions,Type of Restriction in Restaurant (Summary),Banned,4,Ranking,2007-06-19,2007-09-17,"(43.65595011300047, -71.50036091999965)",10GRP,37,90,False,True,3,2,0.6666666666666666,"['Maine', 'Massachusetts']",Maine,1456.0,0.5833333333333333
2007,2,PR,Puerto Rico,Legislation - Smokefree Indoor Air,Bars,Restriction Areas,Type of Restriction in Bar Employee Area,Banned,4,Ranking,2006-03-02,2007-03-02,"(18.220833, -66.590149)",15GRP,236,365,False,False,0,0,,[],,,0.0
2007,1,PR,Puerto Rico,Legislation - Smokefree Indoor Air,Restaurants,Restriction Areas,Type of Restriction in Restaurant Bar Area,Banned,4,Ranking,2006-03-02,2007-03-02,"(18.220833, -66.590149)",15GRP,231,365,False,False,0,0,,[],,,0.0
2007,4,NM,New Mexico,Legislation - Smokefree Indoor Air,Government Worksites,Restrictions,Type of Restriction in Government Worksite,Banned,4,Ranking,2007-03-13,2007-06-15,"(34.52088095200048, -106.24058098499967)",10GRP,1,94,False,False,5,3,0.6,"['Arizona', 'Utah', 'Colorado']",Arizona,4739.0,0.5249999999999999
2007,4,PR,Puerto Rico,Legislation - Smokefree Indoor Air,Smokefree Indoor Air – Other Sites,Restriction Areas,Hospitals,Banned,4,Ranking,2006-03-02,2007-03-02,"(18.220833, -66.590149)",15GRP,100,365,False,False,0,0,,[],,,0.0
2007,1,PR,Puerto Rico,Legislation - Smokefree Indoor Air,Government Multi-Unit Housing,Restrictions,Type of Restriction in Lobby and Common Area of Government Multi-Unit Housing,Banned,4,Ranking,2006-03-02,2007-03-02,"(18.220833, -66.590149)",10GRP,115,365,False,False,0,0,,[],,,0.0
2007,3,PR,Puerto Rico,Legislation - Smokefree Indoor Air,Restaurants,Restrictions,Type of Restriction in Restaurant (Summary),Banned,4,Ranking,2006-03-02,2007-03-02,"(18.220833, -66.590149)",10GRP,37,365,False,False,0,0,,[],,,0.0
2007,3,PR,Puerto Rico,Legislation - Smokefree Indoor Air,Restaurants,Restriction Areas,Type of Restriction in Restaurant Employee Area,Banned,4,Ranking,2006-03-02,2007-03-02,"(18.220833, -66.590149)",15GRP,232,365,False,False,0,0,,[],,,0.0
2007,4,TN,Tennessee,Legislation - Smokefree Indoor Air,Government Multi-Unit Housing,Restrictions,Type of Restriction in Lobby and Common Area of Government Multi-Unit Housing,Banned,4,Ranking,2007-06-11,2007-10-01,"(35.68094058000048, -85.77449091399967)",10GRP,115,112,False,False,7,0,0.0,[],,,0.0
2007,1,PR,Puerto Rico,Legislation - Smokefree Indoor Air,Government Worksites,Vehicles,Type of Restriction in Government Worksite Vehicle,Banned,4,Ranking,2006-03-02,2007-03-02,"(18.220833, -66.590149)",30GRP,17,365,False,False,0,0,,[],,,0.0
2007,4,PR,Puerto Rico,Legislation - Smokefree Indoor Air,Bars,Restrictions,Type of Restriction in Bar (Summary),Banned,4,Ranking,2006-03-02,2007-03-02,"(18.220833, -66.590149)",10GRP,234,365,False,False,0,0,,[],,,0.0
2007,4,TN,Tennessee,Legislation - Smokefree Indoor Air,Private Multi-Unit Housing,Restrictions,Type of Restriction in Lobby and Common Area of Private Multi-Unit Housing,Banned,4,Ranking,2007-06-11,2007-10-01,"(35.68094058000048, -85.77449091399967)",10GRP,125,112,False,False,7,0,0.0,[],,,0.0
2007,4,TN,Tennessee,Legislation - Smokefree Indoor Air,Smokefree Indoor Air – Other Sites,Restriction Areas,Mental Health - Outpatient Facilities,Banned,4,Ranking,2007-06-11,2007-10-01,"(35.68094058000048, -85.77449091399967)",15GRP,340,112,False,False,7,0,0.0,[],,,0.0
2007,1,PR,Puerto Rico,Legislation - Smokefree Indoor Air,Commercial Day Care Centers,Restrictions,Type of Restriction in Commercial Day Care,Banned,4,Ranking,2006-03-02,2007-03-02,"(18.220833, -66.590149)",10GRP,50,365,False,False,0,0,,[],,,0.0
2007,1,PR,Puerto Rico,Legislation - Smokefree Indoor Air,Smokefree Indoor Air – Other Sites,Restriction Areas,Malls,Banned,4,Ranking,2006-03-02,2007-03-02,"(18.220833, -66.590149)",15GRP,96,365,False,False,0,0,,[],,,0.0
2007,3,PR,Puerto Rico,Legislation - Smokefree Indoor Air,Government Worksites,Restrictions,Type of Restriction in Government Worksite,Banned,4,Ranking,2006-03-02,2007-03-02,"(18.220833, -66.590149)",10GRP,1,365,False,False,0,0,,[],,,0.0
2007,4,PR,Puerto Rico,Legislation - Smokefree Indoor Air,Restaurants,Restriction Areas,Type of Restriction in Restaurant Patron Area,Banned,4,Ranking,2006-03-02,2007-03-02,"(18.220833, -66.590149)",15GRP,233,365,False,False,0,0,,[],,,0.0
2007,4,TN,Tennessee,Legislation - Smokefree Indoor Air,Smokefree Indoor Air – Other Sites,Restriction Areas,Malls,Banned,4,Ranking,2007-06-11,2007-10-01,"(35.68094058000048, -85.77449091399967)",15GRP,96,112,False,False,7,1,0.14285714285714285,['Arkansas'],Arkansas,430.0,0.24828767123287668
2007,2,PR,Puerto Rico,Legislation - Smokefree Indoor Air,Private Worksites,Restrictions,Type of Restriction in Private Worksite,Banned,4,Ranking,2006-03-02,2007-03-02,"(18.220833, -66.590149)",10GRP,20,365,False,False,0,0,,[],,,0.0
2007,3,PR,Puerto Rico,Legislation - Smokefree Indoor Air,Hotels and Motels,Restrictions,Type of Restriction in Lobby and Common Area of Hotel and Motel,Banned,4,Ranking,2006-03-02,2007-03-02,"(18.220833, -66.590149)",10GRP,81,365,False,False,0,0,,[],,,0.0
2007,4,NM,New Mexico,Legislation - Smokefree Indoor Air,Smokefree Indoor Air – Other Sites,Restriction Areas,Enclosed Arenas,Banned,4,Ranking,2007-03-13,2007-06-15,"(34.52088095200048, -106.24058098499967)",15GRP,98,94,False,False,5,3,0.6,"['Arizona', 'Utah', 'Colorado']",Arizona,4739.0,0.5249999999999999
2007,4,TN,Tennessee,Legislation - Smokefree Indoor Air,Hotels and Motels,Restrictions,Type of Restriction in Lobby and Common Area of Hotel and Motel,Banned,4,Ranking,2007-06-11,2007-10-01,"(35.68094058000048, -85.77449091399967)",10GRP,81,112,False,False,7,2,0.2857142857142857,"['Georgia', 'Arkansas']",Georgia,763.0,0.24999999999999994
2007,4,NH,New Hampshire,Legislation - Smokefree Indoor Air,Restaurants,Restriction Areas,Type of Restriction in Restaurant Employee Area,Banned,4,Ranking,2007-06-19,2007-09-17,"(43.65595011300047, -71.50036091999965)",15GRP,232,90,False,True,3,2,0.6666666666666666,"['Maine', 'Massachusetts']",Maine,1456.0,0.5833333333333333
2007,4,TN,Tennessee,Legislation - Smokefree Indoor Air,Smokefree Indoor Air – Other Sites,Restriction Areas,Public Transportation,Banned,4,Ranking,2007-06-11,2007-10-01,"(35.68094058000048, -85.77449091399967)",15GRP,99,112,False,False,7,2,0.2857142857142857,"['Georgia', 'Arkansas']",Georgia,3345.0,0.24999999999999994
2007,4,NM,New Mexico,Legislation - Smokefree Indoor Air,Bars,Restrictions,Type of Restriction in Bar (Summary),Banned,4,Ranking,2007-03-13,2007-06-15,"(34.52088095200048, -106.24058098499967)",10GRP,234,94,False,True,5,3,0.6,"['Arizona', 'Utah', 'Colorado']",Arizona,351.0,0.6807534246575342
2007,4,TN,Tennessee,Legislation - Smokefree Indoor Air,Home-based Day Care Centers,Restrictions,Type of Restriction in Home-Based Day Care,Banned,4,Ranking,2007-06-11,2007-10-01,"(35.68094058000048, -85.77449091399967)",10GRP,65,112,False,False,7,3,0.42857142857142855,"['Georgia', 'Arkansas', 'Missouri']",Georgia,5109.0,0.37499999999999994
2007,4,TN,Tennessee,Legislation - Smokefree Indoor Air,Restaurants,Restriction Areas,Type of Restriction in Restaurant Bar Area,Designated Areas,3,Ranking,2007-06-11,2007-10-01,"(35.68094058000048, -85.77449091399967)",15GRP,231,112,False,False,7,3,0.42857142857142855,"['Georgia', 'Arkansas', 'Missouri']",Georgia,5478.0,0.37499999999999994
2007,4,TN,Tennessee,Legislation - Smokefree Indoor Air,Government Worksites,Vehicles,Type of Restriction in Government Worksite Vehicle,Banned,4,Ranking,2007-06-21,2007-07-01,"(35.68094058000048, -85.77449091399967)",30GRP,17,10,False,False,7,1,0.14285714285714285,['Arkansas'],Arkansas,440.0,0.2441780821917808
2007,4,TN,Tennessee,Legislation - Smokefree Indoor Air,Restaurants,Restrictions,Type of Restriction in Restaurant (Summary),Designated Areas,3,Ranking,2007-06-11,2007-10-01,"(35.68094058000048, -85.77449091399967)",10GRP,37,112,False,False,7,4,0.5714285714285714,"['Virginia', 'Georgia', 'Arkansas', 'Missouri']",Virginia,6263.0,0.4999999999999999
2007,2,PR,Puerto Rico,Legislation - Smokefree Indoor Air,Smokefree Indoor Air – Other Sites,Restriction Areas,Casinos,Banned,4,Ranking,2006-03-02,2007-03-02,"(18.220833, -66.590149)",15GRP,335,365,False,False,0,0,,[],,,0.0
2007,4,TN,Tennessee,Legislation - Smokefree Indoor Air,Private Worksites,Restrictions,Type of Restriction in Private Worksite,Banned,4,Ranking,2007-06-11,2007-10-01,"(35.68094058000048, -85.77449091399967)",10GRP,20,112,False,False,7,1,0.14285714285714285,['Arkansas'],Arkansas,430.0,0.24828767123287668
2007,4,TN,Tennessee,Legislation - Smokefree Indoor Air,Hotels and Motels,Additional Requirements,Sleeping Room Designation (Type),Smoking Room,3,Ranking,2007-06-11,2007-10-01,"(35.68094058000048, -85.77449091399967)",20GRP,83,112,False,True,7,3,0.42857142857142855,"['Georgia', 'Alabama', 'Arkansas']",Georgia,1459.0,0.37499999999999994
2007,1,PR,Puerto Rico,Legislation - Smokefree Indoor Air,Bars,Restriction Areas,Type of Restriction in Bar Patron Area,Banned,4,Ranking,2006-03-02,2007-03-02,"(18.220833, -66.590149)",15GRP,235,365,False,False,0,0,,[],,,0.0
2007,2,PR,Puerto Rico,Legislation - Smokefree Indoor Air,Personal Vehicles,Restrictions,Type of Restriction in Personal Vehicle,Banned,4,Ranking,2006-03-02,2007-03-02,"(18.220833, -66.590149)",10GRP,102,365,False,False,0,0,,[],,,0.0
2007,4,PR,Puerto Rico,Legislation - Smokefree Indoor Air,Smokefree Indoor Air – Other Sites,Restriction Areas,Mental Health - Outpatient Facilities,Banned,4,Ranking,2006-03-02,2007-03-02,"(18.220833, -66.590149)",15GRP,340,365,False,False,0,0,,[],,,0.0
2007,4,NM,New Mexico,Legislation - Smokefree Indoor Air,Hotels and Motels,Restrictions,Type of Restriction in Lobby and Common Area of Hotel and Motel,Banned,4,Ranking,2007-03-13,2007-03-13,"(34.52088095200048, -106.24058098499967)",10GRP,81,0,False,False,5,4,0.8,"['Arizona', 'Utah', 'Colorado', 'Oklahoma']",Arizona,4739.0,0.7
2007,2,PR,Puerto Rico,Legislation - Smokefree Indoor Air,Smokefree Indoor Air – Other Sites,Restriction Areas,Mental Health - Residential Facilities,Banned,4,Ranking,2006-03-02,2007-03-02,"(18.220833, -66.590149)",15GRP,341,365,False,False,0,0,,[],,,0.0
2007,4,TN,Tennessee,Legislation - Smokefree Indoor Air,Smokefree Indoor Air – Other Sites,Restriction Areas,Hospitals,Banned,4,Ranking,2007-06-11,2007-10-01,"(35.68094058000048, -85.77449091399967)",15GRP,100,112,False,False,7,1,0.14285714285714285,['Arkansas'],Arkansas,850.0,0.12499999999999997
2007,4,TN,Tennessee,Legislation - Smokefree Indoor Air,Smokefree Indoor Air – Other Sites,Restriction Areas,Substance Use - Outpatient Facilities,Banned,4,Ranking,2007-06-11,2007-10-01,"(35.68094058000048, -85.77449091399967)",15GRP,338,112,False,False,7,0,0.0,[],,,0.0
2007,4,PR,Puerto Rico,Legislation - Smokefree Indoor Air,Home-based Day Care Centers,Restrictions,Type of Restriction in Home-Based Day Care,Banned,4,Ranking,2006-03-02,2007-03-02,"(18.220833, -66.590149)",10GRP,65,365,False,False,0,0,,[],,,0.0
2007,3,PR,Puerto Rico,Legislation - Smokefree Indoor Air,Commercial Day Care Centers,Vehicles,Type of Restriction in Commercial Day Care Vehicle,Banned,4,Ranking,2006-03-02,2007-03-02,"(18.220833, -66.590149)",30GRP,61,365,False,False,0,0,,[],,,0.0
2007,4,PR,Puerto Rico,Legislation - Smokefree Indoor Air,Private Multi-Unit Housing,Restrictions,Type of Restriction in Lobby and Common Area of Private Multi-Unit Housing,Banned,4,Ranking,2006-03-02,2007-03-02,"(18.220833, -66.590149)",10GRP,125,365,False,False,0,0,,[],,,0.0
2007,3,PR,Puerto Rico,Legislation - Smokefree Indoor Air,Smokefree Indoor Air – Other Sites,Restriction Areas,Grocery Stores,Banned,4,Ranking,2006-03-02,2007-03-02,"(18.220833, -66.590149)",15GRP,97,365,False,False,0,0,,[],,,0.0
2007,4,NH,New Hampshire,Legislation - Smokefree Indoor Air,Restaurants,Restriction Areas,Type of Restriction in Restaurant Bar Area,Banned,4,Ranking,2007-06-19,2007-09-17,"(43.65595011300047, -71.50036091999965)",15GRP,231,90,False,False,3,3,1.0,"['Vermont', 'Maine', 'Massachusetts']",Vermont,5135.0,0.7
2007,4,TN,Tennessee,Legislation - Smokefree Indoor Air,Commercial Day Care Centers,Restrictions,Type of Restriction in Commercial Day Care,Banned,4,Ranking,2007-06-11,2007-10-01,"(35.68094058000048, -85.77449091399967)",10GRP,50,112,False,False,7,3,0.42857142857142855,"['Georgia', 'Arkansas', 'Missouri']",Georgia,8103.0,0.37499999999999994
2007,4,TN,Tennessee,Legislation - Smokefree Indoor Air,Smokefree Indoor Air – Other Sites,Restriction Areas,Substance Use - Residential Facilities,Banned,4,Ranking,2007-06-11,2007-10-01,"(35.68094058000048, -85.77449091399967)",15GRP,339,112,False,False,7,0,0.0,[],,,0.0
2007,4,TN,Tennessee,Legislation - Smokefree Indoor Air,Government Worksites,Restrictions,Type of Restriction in Government Worksite,Banned,4,Ranking,2007-06-11,2007-10-01,"(35.68094058000048, -85.77449091399967)",10GRP,1,112,False,False,7,2,0.2857142857142857,"['Mississippi', 'Arkansas']",Mississippi,445.0,0.3671232876712328
2007,4,NM,New Mexico,Legislation - Smokefree Indoor Air,Smokefree Indoor Air – Other Sites,Restriction Areas,Grocery Stores,Banned,4,Ranking,2007-03-13,2007-06-15,"(34.52088095200048, -106.24058098499967)",15GRP,97,94,False,False,5,3,0.6,"['Arizona', 'Utah', 'Colorado']",Arizona,4739.0,0.5249999999999999
2007,4,TN,Tennessee,Legislation - Smokefree Indoor Air,Smokefree Indoor Air – Other Sites,Restriction Areas,Mental Health - Residential Facilities,Banned,4,Ranking,2007-06-11,2007-10-01,"(35.68094058000048, -85.77449091399967)",15GRP,341,112,False,False,7,0,0.0,[],,,0.0
2007,4,TN,Tennessee,Legislation - Smokefree Indoor Air,Smokefree Indoor Air – Other Sites,Restriction Areas,Grocery Stores,Banned,4,Ranking,2007-06-11,2007-10-01,"(35.68094058000048, -85.77449091399967)",15GRP,97,112,False,False,7,1,0.14285714285714285,['Arkansas'],Arkansas,430.0,0.24828767123287668
2007,4,LA,Louisiana,Legislation - Smokefree Indoor Air,Government Worksites,Vehicles,Type of Restriction in Government Worksite Vehicle,Banned,4,Ranking,2006-06-30,2007-01-01,"(31.31266064400046, -92.44568007099969)",30GRP,17,185,False,True,3,1,0.3333333333333333,['Arkansas'],Arkansas,84.0,0.5571461187214611
2007,4,AZ,Arizona,Legislation - Smokefree Indoor Air,Private Worksites,Vehicles,Type of Restriction in Private Worksite Vehicle,Banned,4,Ranking,2006-11-07,2007-05-01,"(34.865970280000454, -111.76381127699972)",30GRP,34,175,False,False,5,0,0.0,[],,,0.0
2007,4,MN,Minnesota,Legislation - Smokefree Indoor Air,Restaurants,Restriction Areas,Type of Restriction in Restaurant Patron Area,Banned,4,Ranking,2007-05-16,2007-10-01,"(46.35564873600049, -94.79420050299967)",15GRP,233,138,False,True,4,2,0.5,"['South Dakota', 'North Dakota']",South Dakota,1909.0,0.4375
2007,3,AZ,Arizona,Legislation - Smokefree Indoor Air,Smokefree Indoor Air – Other Sites,Restriction Areas,Mental Health - Residential Facilities,Banned,4,Ranking,2006-11-07,2007-05-01,"(34.865970280000454, -111.76381127699972)",15GRP,341,175,False,False,5,0,0.0,[],,,0.0
2007,1,LA,Louisiana,Legislation - Smokefree Indoor Air,Smokefree Indoor Air – Other Sites,Restriction Areas,Casinos (Racetrack),Designated Areas,3,Ranking,2006-06-30,2007-01-01,"(31.31266064400046, -92.44568007099969)",15GRP,336,185,False,True,3,1,0.3333333333333333,['Arkansas'],Arkansas,84.0,0.5571461187214611
2007,4,MD,Maryland,Legislation - Smokefree Indoor Air,Hotels and Motels,Restrictions,Type of Restriction in Lobby and Common Area of Hotel and Motel,Banned,4,Ranking,2007-05-17,2007-10-01,"(39.29058096400047, -76.60926011099963)",10GRP,81,137,False,True,5,2,0.4,"['District of Columbia', 'Delaware']",District of Columbia,1812.0,0.35
2007,4,MN,Minnesota,Legislation - Smokefree Indoor Air,Government Worksites,Restrictions,Type of Restriction in Government Worksite,Banned,4,Ranking,2007-05-16,2007-10-01,"(46.35564873600049, -94.79420050299967)",10GRP,1,138,False,False,4,2,0.5,"['South Dakota', 'North Dakota']",South Dakota,5374.0,0.4375
2007,4,AZ,Arizona,Legislation - Smokefree Indoor Air,Smokefree Indoor Air – Other Sites,Restriction Areas,Mental Health - Outpatient Facilities,Banned,4,Ranking,2006-11-07,2007-05-01,"(34.865970280000454, -111.76381127699972)",15GRP,340,175,False,False,5,0,0.0,[],,,0.0
2007,4,TN,Tennessee,Legislation - Smokefree Indoor Air,Restaurants,Restriction Areas,Type of Restriction in Restaurant Patron Area,Designated Areas,3,Ranking,2007-06-11,2007-10-01,"(35.68094058000048, -85.77449091399967)",15GRP,233,112,False,False,7,4,0.5714285714285714,"['Virginia', 'Georgia', 'Arkansas', 'Missouri']",Virginia,6263.0,0.4999999999999999
2007,4,MD,Maryland,Legislation - Smokefree Indoor Air,Commercial Day Care Centers,Vehicles,Type of Restriction in Commercial Day Care Vehicle,Banned,4,Ranking,2007-05-17,2007-10-01,"(39.29058096400047, -76.60926011099963)",30GRP,61,137,False,True,5,2,0.4,"['District of Columbia', 'Delaware']",District of Columbia,1812.0,0.35
2007,4,TN,Tennessee,Legislation - Smokefree Indoor Air,Smokefree Indoor Air – Other Sites,Restriction Areas,Enclosed Arenas,Banned,4,Ranking,2007-06-11,2007-10-01,"(35.68094058000048, -85.77449091399967)",15GRP,98,112,False,False,7,1,0.14285714285714285,['Arkansas'],Arkansas,430.0,0.24828767123287668
2007,4,TN,Tennessee,Legislation - Smokefree Indoor Air,Restaurants,Restriction Areas,Type of Restriction in Restaurant Employee Area,Designated Areas,3,Ranking,2007-06-11,2007-10-01,"(35.68094058000048, -85.77449091399967)",15GRP,232,112,False,False,7,3,0.42857142857142855,"['Virginia', 'Arkansas', 'Missouri']",Virginia,6263.0,0.37499999999999994
2007,4,LA,Louisiana,Legislation - Smokefree Indoor Air,Smokefree Indoor Air – Other Sites,Restriction Areas,Malls,Banned,4,Ranking,2006-06-30,2007-01-01,"(31.31266064400046, -92.44568007099969)",15GRP,96,185,False,True,3,1,0.3333333333333333,['Arkansas'],Arkansas,84.0,0.5571461187214611
2007,4,MN,Minnesota,Legislation - Smokefree Indoor Air,Private Worksites,Restrictions,Type of Restriction in Private Worksite,Banned,4,Ranking,2007-05-16,2007-10-01,"(46.35564873600049, -94.79420050299967)",10GRP,20,138,False,True,4,2,0.5,"['South Dakota', 'North Dakota']",South Dakota,1909.0,0.4375
2007,2,AZ,Arizona,Legislation - Smokefree Indoor Air,Bars,Restrictions,Type of Restriction in Bar (Summary),Banned,4,Ranking,2006-11-15,2007-05-01,"(34.865970280000454, -111.76381127699972)",10GRP,234,167,False,False,5,1,0.2,['Colorado'],Colorado,233.0,0.37924657534246575
2007,1,DC,District of Columbia,Legislation - Smokefree Indoor Air,Restaurants,Restriction Areas,Type of Restriction in Restaurant Bar Area,Banned,4,Ranking,2006-01-31,2007-01-01,"(38.89037138500049, -77.03196112699965)",15GRP,231,335,False,False,2,0,0.0,[],,,0.0
2007,2,AZ,Arizona,Legislation - Smokefree Indoor Air,Government Worksites,Vehicles,Type of Restriction in Government Worksite Vehicle,Banned,4,Ranking,2006-11-07,2007-05-01,"(34.865970280000454, -111.76381127699972)",30GRP,17,175,False,False,5,1,0.2,['California'],California,4775.0,0.175
2007,2,AZ,Arizona,Legislation - Smokefree Indoor Air,Government Worksites,Restrictions,Type of Restriction in Government Worksite,Banned,4,Ranking,2006-11-07,2007-05-01,"(34.865970280000454, -111.76381127699972)",10GRP,1,175,False,False,5,3,0.6,"['Nevada', 'Utah', 'Colorado']",Nevada,4613.0,0.5249999999999999
2007,1,DC,District of Columbia,Legislation - Smokefree Indoor Air,Bars,Restriction Areas,Type of Restriction in Bar Patron Area,Banned,4,Ranking,2006-01-31,2007-01-01,"(38.89037138500049, -77.03196112699965)",15GRP,235,335,False,False,2,0,0.0,[],,,0.0
2007,3,AZ,Arizona,Legislation - Smokefree Indoor Air,Bars,Restriction Areas,Type of Restriction in Bar Patron Area,Banned,4,Ranking,2006-11-15,2007-05-01,"(34.865970280000454, -111.76381127699972)",15GRP,235,167,False,False,5,2,0.4,"['California', 'Colorado']",California,3701.0,0.35
2007,4,NC,North Carolina,Legislation - Smokefree Indoor Air,Smokefree Indoor Air – Other Sites,Restriction Areas,Mental Health - Outpatient Facilities,Banned,4,Ranking,2007-08-28,2007-10-01,"(35.466220975000454, -79.15925046299964)",15GRP,340,34,False,False,4,1,0.25,['Tennessee'],Tennessee,78.0,0.48669520547945205
2007,4,NC,North Carolina,Legislation - Smokefree Indoor Air,Smokefree Indoor Air – Other Sites,Restriction Areas,Substance Use - Residential Facilities,Banned,4,Ranking,2007-08-28,2007-10-01,"(35.466220975000454, -79.15925046299964)",15GRP,339,34,False,False,4,1,0.25,['Tennessee'],Tennessee,78.0,0.48669520547945205
2007,4,MN,Minnesota,Legislation - Smokefree Indoor Air,Bars,Restrictions,Type of Restriction in Bar (Summary),Banned,4,Ranking,2007-05-16,2007-10-01,"(46.35564873600049, -94.79420050299967)",10GRP,234,138,False,False,4,0,0.0,[],,,0.0
2007,4,MD,Maryland,Legislation - Smokefree Indoor Air,Hotels and Motels,Additional Requirements,Sleeping Room Designation (Type),Smoking Room,3,Ranking,2007-05-17,2007-10-01,"(39.29058096400047, -76.60926011099963)",20GRP,83,137,False,False,5,1,0.2,['District of Columbia'],District of Columbia,471.0,0.28143835616438356
2007,4,MN,Minnesota,Legislation - Smokefree Indoor Air,Private Multi-Unit Housing,Restrictions,Type of Restriction in Lobby and Common Area of Private Multi-Unit Housing,Banned,4,Ranking,2007-05-16,2007-10-01,"(46.35564873600049, -94.79420050299967)",10GRP,125,138,False,False,4,1,0.25,['North Dakota'],North Dakota,751.0,0.21875
2007,2,AZ,Arizona,Legislation - Smokefree Indoor Air,Restaurants,Restrictions,Type of Restriction in Restaurant (Summary),Banned,4,Ranking,2006-11-15,2007-05-01,"(34.865970280000454, -111.76381127699972)",10GRP,37,167,False,False,5,3,0.6,"['Nevada', 'Utah', 'Colorado']",Nevada,4621.0,0.5249999999999999
2007,4,MN,Minnesota,Legislation - Smokefree Indoor Air,Smokefree Indoor Air – Other Sites,Restriction Areas,Public Transportation,Banned,4,Ranking,2007-05-16,2007-10-01,"(46.35564873600049, -94.79420050299967)",15GRP,99,138,False,True,4,2,0.5,"['South Dakota', 'North Dakota']",South Dakota,1909.0,0.4375
2007,2,AZ,Arizona,Legislation - Smokefree Indoor Air,Restaurants,Restriction Areas,Type of Restriction in Restaurant Bar Area,Banned,4,Ranking,2006-11-15,2007-05-01,"(34.865970280000454, -111.76381127699972)",15GRP,231,167,False,False,5,4,0.8,"['California', 'Nevada', 'Utah', 'Colorado']",California,4621.0,0.7
2007,4,MN,Minnesota,Legislation - Smokefree Indoor Air,Smokefree Indoor Air – Other Sites,Restriction Areas,Malls,Banned,4,Ranking,2007-05-16,2007-10-01,"(46.35564873600049, -94.79420050299967)",15GRP,96,138,False,False,4,1,0.25,['South Dakota'],South Dakota,1909.0,0.21875
2008,3,MD,Maryland,Legislation - Smokefree Indoor Air,Private Worksites,Restrictions,Type of Restriction in Private Worksite,Banned,4,Ranking,2007-05-17,2008-02-01,"(39.29058096400047, -76.60926011099963)",10GRP,20,260,False,True,5,2,0.4,"['District of Columbia', 'Delaware']",District of Columbia,1812.0,0.35
2008,3,MI,Michigan,Legislation - Smokefree Indoor Air,Smokefree Indoor Air – Other Sites,Restriction Areas,Prisons,Banned,4,Ranking,2008-07-01,2008-07-01,"(44.6613195430005, -84.71439026999968)",15GRP,101,0,False,False,3,0,0.0,[],,,0.0
2008,3,IL,Illinois,Legislation - Smokefree Indoor Air,Government Worksites,Restrictions,Type of Restriction in Government Worksite,Banned,4,Ranking,2007-07-23,2008-01-01,"(40.48501028300046, -88.99771017799969)",10GRP,1,162,False,False,4,0,0.0,[],,,0.0
2008,4,IL,Illinois,Legislation - Smokefree Indoor Air,Restaurants,Restrictions,Type of Restriction in Restaurant (Summary),Banned,4,Ranking,2007-07-23,2008-01-01,"(40.48501028300046, -88.99771017799969)",10GRP,37,162,False,False,4,0,0.0,[],,,0.0
2008,4,MD,Maryland,Legislation - Smokefree Indoor Air,Smokefree Indoor Air – Other Sites,Restriction Areas,Grocery Stores,Banned,4,Ranking,2007-05-17,2008-02-01,"(39.29058096400047, -76.60926011099963)",15GRP,97,260,False,False,5,2,0.4,"['District of Columbia', 'Delaware']",District of Columbia,4706.0,0.35
2008,3,IL,Illinois,Legislation - Smokefree Indoor Air,Private Worksites,Restrictions,Type of Restriction in Private Worksite,Banned,4,Ranking,2007-07-23,2008-01-01,"(40.48501028300046, -88.99771017799969)",10GRP,20,162,False,False,4,0,0.0,[],,,0.0
2008,4,IA,Iowa,Legislation - Smokefree Indoor Air,Smokefree Indoor Air – Other Sites,Restriction Areas,Malls,Banned,4,Ranking,2008-04-15,2008-07-01,"(42.46940091300047, -93.81649055599968)",15GRP,96,77,False,True,6,4,0.6666666666666666,"['Minnesota', 'Illinois', 'Nebraska', 'South Dakota']",Minnesota,2244.0,0.5833333333333333
2008,3,IA,Iowa,Legislation - Smokefree Indoor Air,Home-based Day Care Centers,Restrictions,Type of Restriction in Home-Based Day Care,Banned,4,Ranking,2008-04-15,2008-07-01,"(42.46940091300047, -93.81649055599968)",10GRP,65,77,False,False,6,5,0.8333333333333334,"['Minnesota', 'Illinois', 'Missouri', 'Nebraska', 'South Dakota']",Minnesota,7621.0,0.7
2008,4,IA,Iowa,Legislation - Smokefree Indoor Air,Smokefree Indoor Air – Other Sites,Restriction Areas,Prisons,Designated Areas,3,Ranking,2008-04-15,2008-07-01,"(42.46940091300047, -93.81649055599968)",15GRP,101,77,False,False,6,0,0.0,[],,,0.0
2008,4,MD,Maryland,Legislation - Smokefree Indoor Air,Smokefree Indoor Air – Other Sites,Restriction Areas,Hospitals,Banned,4,Ranking,2007-05-17,2008-02-01,"(39.29058096400047, -76.60926011099963)",15GRP,100,260,False,False,5,2,0.4,"['District of Columbia', 'Delaware']",District of Columbia,4706.0,0.35
2008,4,IA,Iowa,Legislation - Smokefree Indoor Air,Private Worksites,Restrictions,Type of Restriction in Private Worksite,Banned,4,Ranking,2008-04-15,2008-07-01,"(42.46940091300047, -93.81649055599968)",10GRP,20,77,False,True,6,4,0.6666666666666666,"['Minnesota', 'Illinois', 'Nebraska', 'South Dakota']",Minnesota,2244.0,0.5833333333333333
2008,4,IA,Iowa,Legislation - Smokefree Indoor Air,Smokefree Indoor Air – Other Sites,Restriction Areas,Casinos,Designated Areas,3,Ranking,2008-04-15,2008-07-01,"(42.46940091300047, -93.81649055599968)",15GRP,335,77,False,False,6,0,0.0,[],,,0.0
2008,3,MD,Maryland,Legislation - Smokefree Indoor Air,Smokefree Indoor Air – Other Sites,Restriction Areas,Enclosed Arenas,Banned,4,Ranking,2007-05-17,2008-02-01,"(39.29058096400047, -76.60926011099963)",15GRP,98,260,False,True,5,2,0.4,"['District of Columbia', 'Delaware']",District of Columbia,1812.0,0.35
2008,4,IL,Illinois,Legislation - Smokefree Indoor Air,Smokefree Indoor Air – Other Sites,Restriction Areas,Mental Health - Residential Facilities,Banned,4,Ranking,2007-07-23,2008-01-01,"(40.48501028300046, -88.99771017799969)",15GRP,341,162,False,False,4,0,0.0,[],,,0.0
2008,3,IL,Illinois,Legislation - Smokefree Indoor Air,Smokefree Indoor Air – Other Sites,Restriction Areas,Malls,Banned,4,Ranking,2007-07-23,2008-01-01,"(40.48501028300046, -88.99771017799969)",15GRP,96,162,False,False,4,0,0.0,[],,,0.0
2008,4,IA,Iowa,Legislation - Smokefree Indoor Air,Government Worksites,Vehicles,Type of Restriction in Government Worksite Vehicle,Banned,4,Ranking,2008-04-15,2008-07-01,"(42.46940091300047, -93.81649055599968)",30GRP,17,77,False,False,6,3,0.5,"['Minnesota', 'Illinois', 'Nebraska']",Minnesota,10557.0,0.4375
2008,3,MD,Maryland,Legislation - Smokefree Indoor Air,Restaurants,Restriction Areas,Type of Restriction in Restaurant Patron Area,Banned,4,Ranking,2007-05-17,2008-02-01,"(39.29058096400047, -76.60926011099963)",15GRP,233,260,False,True,5,2,0.4,"['District of Columbia', 'Delaware']",District of Columbia,1812.0,0.35
2008,3,IA,Iowa,Legislation - Smokefree Indoor Air,Smokefree Indoor Air – Other Sites,Restriction Areas,Public Transportation,Banned,4,Ranking,2008-04-15,2008-07-01,"(42.46940091300047, -93.81649055599968)",15GRP,99,77,False,True,6,4,0.6666666666666666,"['Minnesota', 'Illinois', 'Nebraska', 'South Dakota']",Minnesota,2244.0,0.5833333333333333
2008,4,CA,California,Legislation - Smokefree Indoor Air,Commercial Day Care Centers,Vehicles,Type of Restriction in Commercial Day Care Vehicle,Banned,4,Ranking,2007-12-04,2008-01-01,"(37.63864012300047, -120.99999953799971)",30GRP,61,28,False,False,3,0,0.0,[],,,0.0
2008,3,IL,Illinois,Legislation - Smokefree Indoor Air,Smokefree Indoor Air – Other Sites,Restriction Areas,Substance Use - Outpatient Facilities,Banned,4,Ranking,2007-07-23,2008-01-01,"(40.48501028300046, -88.99771017799969)",15GRP,338,162,False,False,4,0,0.0,[],,,0.0
2008,3,MD,Maryland,Legislation - Smokefree Indoor Air,Smokefree Indoor Air – Other Sites,Restriction Areas,Malls,Banned,4,Ranking,2007-05-17,2008-02-01,"(39.29058096400047, -76.60926011099963)",15GRP,96,260,False,True,5,2,0.4,"['District of Columbia', 'Delaware']",District of Columbia,1812.0,0.35
2008,3,IL,Illinois,Legislation - Smokefree Indoor Air,Government Worksites,Vehicles,Type of Restriction in Government Worksite Vehicle,Banned,4,Ranking,2007-07-23,2008-01-01,"(40.48501028300046, -88.99771017799969)",30GRP,17,162,False,False,4,0,0.0,[],,,0.0
2008,4,IL,Illinois,Legislation - Smokefree Indoor Air,Hotels and Motels,Restrictions,Type of Restriction in Lobby and Common Area of Hotel and Motel,Banned,4,Ranking,2007-07-23,2008-01-01,"(40.48501028300046, -88.99771017799969)",10GRP,81,162,False,False,4,0,0.0,[],,,0.0
2008,3,IL,Illinois,Legislation - Smokefree Indoor Air,Smokefree Indoor Air – Other Sites,Restriction Areas,Casinos,Banned,4,Ranking,2007-07-23,2008-01-01,"(40.48501028300046, -88.99771017799969)",15GRP,335,162,False,False,4,0,0.0,[],,,0.0
2008,4,IA,Iowa,Legislation - Smokefree Indoor Air,Smokefree Indoor Air – Other Sites,Restriction Areas,Grocery Stores,Banned,4,Ranking,2008-04-15,2008-07-01,"(42.46940091300047, -93.81649055599968)",15GRP,97,77,False,True,6,4,0.6666666666666666,"['Minnesota', 'Illinois', 'Nebraska', 'South Dakota']",Minnesota,2244.0,0.5833333333333333
2008,3,IA,Iowa,Legislation - Smokefree Indoor Air,Hotels and Motels,Additional Requirements,Sleeping Room Designation (Type),Smoking Room,3,Ranking,2008-04-15,2008-07-01,"(42.46940091300047, -93.81649055599968)",20GRP,83,77,False,False,6,4,0.6666666666666666,"['Minnesota', 'Illinois', 'Nebraska', 'South Dakota']",Minnesota,6679.0,0.5833333333333333
2008,3,IL,Illinois,Legislation - Smokefree Indoor Air,Hotels and Motels,Additional Requirements,Sleeping Room Designation (Type),Smoking Room,3,Ranking,2007-07-23,2008-01-01,"(40.48501028300046, -88.99771017799969)",20GRP,83,162,False,False,4,0,0.0,[],,,0.0
2008,3,MD,Maryland,Legislation - Smokefree Indoor Air,Bars,Restrictions,Type of Restriction in Bar (Summary),Banned,4,Ranking,2007-05-17,2008-02-01,"(39.29058096400047, -76.60926011099963)",10GRP,234,260,False,True,5,2,0.4,"['District of Columbia', 'Delaware']",District of Columbia,1812.0,0.35
2008,4,IL,Illinois,Legislation - Smokefree Indoor Air,Smokefree Indoor Air – Other Sites,Restriction Areas,Grocery Stores,Banned,4,Ranking,2007-07-23,2008-01-01,"(40.48501028300046, -88.99771017799969)",15GRP,97,162,False,False,4,0,0.0,[],,,0.0
2008,4,IA,Iowa,Legislation - Smokefree Indoor Air,Government Worksites,Restrictions,Type of Restriction in Government Worksite,Banned,4,Ranking,2008-04-15,2008-07-01,"(42.46940091300047, -93.81649055599968)",10GRP,1,77,False,False,6,4,0.6666666666666666,"['Minnesota', 'Illinois', 'Nebraska', 'South Dakota']",Minnesota,5709.0,0.5833333333333333
2008,3,IA,Iowa,Legislation - Smokefree Indoor Air,Bars,Restriction Areas,Type of Restriction in Bar Patron Area,Banned,4,Ranking,2008-04-15,2008-07-01,"(42.46940091300047, -93.81649055599968)",15GRP,235,77,False,True,6,3,0.5,"['Minnesota', 'Illinois', 'Nebraska']",Minnesota,335.0,0.5998287671232876
2008,4,IA,Iowa,Legislation - Smokefree Indoor Air,Restaurants,Restriction Areas,Type of Restriction in Restaurant Patron Area,Banned,4,Ranking,2008-04-15,2008-07-01,"(42.46940091300047, -93.81649055599968)",15GRP,233,77,False,True,6,4,0.6666666666666666,"['Minnesota', 'Illinois', 'Nebraska', 'South Dakota']",Minnesota,2244.0,0.5833333333333333
2008,4,IA,Iowa,Legislation - Smokefree Indoor Air,Private Worksites,Vehicles,Type of Restriction in Private Worksite Vehicle,Banned,4,Ranking,2008-04-15,2008-07-01,"(42.46940091300047, -93.81649055599968)",30GRP,34,77,False,False,6,1,0.16666666666666666,['Minnesota'],Minnesota,7621.0,0.14583333333333331
2008,3,IA,Iowa,Legislation - Smokefree Indoor Air,Smokefree Indoor Air – Other Sites,Restriction Areas,Mental Health - Outpatient Facilities,Designated Areas,3,Ranking,2008-04-15,2008-07-01,"(42.46940091300047, -93.81649055599968)",15GRP,340,77,False,False,6,1,0.16666666666666666,['Minnesota'],Minnesota,335.0,0.30816210045662096
2008,3,IA,Iowa,Legislation - Smokefree Indoor Air,Smokefree Indoor Air – Other Sites,Restriction Areas,Enclosed Arenas,Banned,4,Ranking,2008-04-15,2008-07-01,"(42.46940091300047, -93.81649055599968)",15GRP,98,77,False,True,6,4,0.6666666666666666,"['Minnesota', 'Illinois', 'Nebraska', 'South Dakota']",Minnesota,2244.0,0.5833333333333333
2008,4,MD,Maryland,Legislation - Smokefree Indoor Air,Commercial Day Care Centers,Restrictions,Type of Restriction in Commercial Day Care,Banned,4,Ranking,2007-05-17,2008-02-01,"(39.29058096400047, -76.60926011099963)",10GRP,50,260,False,False,5,2,0.4,"['District of Columbia', 'Delaware']",District of Columbia,4706.0,0.35
2008,3,PA,Pennsylvania,Legislation - Smokefree Indoor Air,Smokefree Indoor Air – Other Sites,Restriction Areas,Mental Health - Residential Facilities,Designated Areas,3,Ranking,2008-06-13,2008-09-11,"(40.79373015200048, -77.86070029399963)",15GRP,341,90,False,False,6,1,0.16666666666666666,['New York'],New York,1906.0,0.14583333333333331
2008,4,IL,Illinois,Legislation - Smokefree Indoor Air,Restaurants,Restriction Areas,Type of Restriction in Restaurant Employee Area,Banned,4,Ranking,2007-07-23,2008-01-01,"(40.48501028300046, -88.99771017799969)",15GRP,232,162,False,False,4,0,0.0,[],,,0.0
2008,3,PA,Pennsylvania,Legislation - Smokefree Indoor Air,Smokefree Indoor Air – Other Sites,Restriction Areas,Grocery Stores,Banned,4,Ranking,2008-06-13,2008-09-11,"(40.79373015200048, -77.86070029399963)",15GRP,97,90,False,False,6,5,0.8333333333333334,"['New York', 'New Jersey', 'Delaware', 'Maryland', 'Ohio']",New York,8402.0,0.7
2008,4,MD,Maryland,Legislation - Smokefree Indoor Air,Restaurants,Restriction Areas,Type of Restriction in Restaurant Employee Area,Banned,4,Ranking,2007-05-17,2008-02-01,"(39.29058096400047, -76.60926011099963)",15GRP,232,260,False,True,5,2,0.4,"['District of Columbia', 'Delaware']",District of Columbia,1812.0,0.35
2008,3,IA,Iowa,Legislation - Smokefree Indoor Air,Bars,Restrictions,Type of Restriction in Bar (Summary),Banned,4,Ranking,2008-04-15,2008-07-01,"(42.46940091300047, -93.81649055599968)",10GRP,234,77,False,True,6,3,0.5,"['Minnesota', 'Illinois', 'Nebraska']",Minnesota,335.0,0.5998287671232876
2008,3,SD,South Dakota,Legislation - Smokefree Indoor Air,Restaurants,Restrictions,Type of Restriction in Restaurant (Summary),Banned,4,Ranking,2008-03-13,2008-07-01,"(44.353130053000484, -100.3735306369997)",10GRP,37,110,False,True,5,3,0.6,"['Minnesota', 'Nebraska', 'Montana']",Minnesota,1060.0,0.5249999999999999
2008,4,MD,Maryland,Legislation - Smokefree Indoor Air,Restaurants,Restrictions,Type of Restriction in Restaurant (Summary),Banned,4,Ranking,2007-05-17,2008-02-01,"(39.29058096400047, -76.60926011099963)",10GRP,37,260,False,True,5,2,0.4,"['District of Columbia', 'Delaware']",District of Columbia,1812.0,0.35
2008,4,IL,Illinois,Legislation - Smokefree Indoor Air,Smokefree Indoor Air – Other Sites,Restriction Areas,Bingo Halls,Banned,4,Ranking,2007-07-23,2008-01-01,"(40.48501028300046, -88.99771017799969)",15GRP,337,162,False,False,4,0,0.0,[],,,0.0
2008,3,IA,Iowa,Legislation - Smokefree Indoor Air,Commercial Day Care Centers,Restrictions,Type of Restriction in Commercial Day Care,Banned,4,Ranking,2008-04-15,2008-07-01,"(42.46940091300047, -93.81649055599968)",10GRP,50,77,False,False,6,6,1.0,"['Minnesota', 'Wisconsin', 'Illinois', 'Missouri', 'Nebraska', 'South Dakota']",Minnesota,7621.0,0.7
2008,4,IA,Iowa,Legislation - Smokefree Indoor Air,Smokefree Indoor Air – Other Sites,Restriction Areas,Bingo Halls,Banned,4,Ranking,2008-04-15,2008-07-01,"(42.46940091300047, -93.81649055599968)",15GRP,337,77,False,True,6,2,0.3333333333333333,"['Minnesota', 'Illinois']",Minnesota,335.0,0.4539954337899543
2008,3,MD,Maryland,Legislation - Smokefree Indoor Air,Government Worksites,Restrictions,Type of Restriction in Government Worksite,Banned,4,Ranking,2007-05-17,2008-02-01,"(39.29058096400047, -76.60926011099963)",10GRP,1,260,False,True,5,2,0.4,"['District of Columbia', 'Delaware']",District of Columbia,1812.0,0.35
2008,3,IA,Iowa,Legislation - Smokefree Indoor Air,Smokefree Indoor Air – Other Sites,Restriction Areas,Mental Health - Residential Facilities,Designated Areas,3,Ranking,2008-04-15,2008-07-01,"(42.46940091300047, -93.81649055599968)",15GRP,341,77,False,False,6,0,0.0,[],,,0.0
2008,4,MD,Maryland,Legislation - Smokefree Indoor Air,Bars,Restriction Areas,Type of Restriction in Bar Employee Area,Banned,4,Ranking,2007-05-17,2008-02-01,"(39.29058096400047, -76.60926011099963)",15GRP,236,260,False,True,5,2,0.4,"['District of Columbia', 'Delaware']",District of Columbia,1812.0,0.35
2008,3,IL,Illinois,Legislation - Smokefree Indoor Air,Smokefree Indoor Air – Other Sites,Restriction Areas,Substance Use - Residential Facilities,Banned,4,Ranking,2007-07-23,2008-01-01,"(40.48501028300046, -88.99771017799969)",15GRP,339,162,False,False,4,0,0.0,[],,,0.0
2008,3,PA,Pennsylvania,Legislation - Smokefree Indoor Air,Smokefree Indoor Air – Other Sites,Restriction Areas,Prisons,Banned,4,Ranking,2008-06-13,2008-09-11,"(40.79373015200048, -77.86070029399963)",15GRP,101,90,False,False,6,1,0.16666666666666666,['West Virginia'],West Virginia,4070.0,0.14583333333333331
2008,3,IL,Illinois,Legislation - Smokefree Indoor Air,Bars,Restrictions,Type of Restriction in Bar (Summary),Banned,4,Ranking,2007-07-23,2008-01-01,"(40.48501028300046, -88.99771017799969)",10GRP,234,162,False,False,4,0,0.0,[],,,0.0
2008,3,IL,Illinois,Legislation - Smokefree Indoor Air,Bars,Restriction Areas,Type of Restriction in Bar Patron Area,Banned,4,Ranking,2007-07-23,2008-01-01,"(40.48501028300046, -88.99771017799969)",15GRP,235,162,False,False,4,0,0.0,[],,,0.0
2008,3,NC,North Carolina,Legislation - Smokefree Indoor Air,Government Worksites,Restrictions,Type of Restriction in Government Worksite,Banned,4,Ranking,2007-07-08,2008-01-01,"(35.466220975000454, -79.15925046299964)",10GRP,1,177,False,False,4,1,0.25,['Tennessee'],Tennessee,391.0,0.3580650684931507
2008,4,IL,Illinois,Legislation - Smokefree Indoor Air,Smokefree Indoor Air – Other Sites,Restriction Areas,Hospital Campuses,Designated Areas,3,Ranking,2007-07-23,2008-01-01,"(40.48501028300046, -88.99771017799969)",15GRP,342,162,False,False,4,0,0.0,[],,,0.0
2008,4,IA,Iowa,Legislation - Smokefree Indoor Air,Restaurants,Restriction Areas,Type of Restriction in Restaurant Employee Area,Banned,4,Ranking,2008-04-15,2008-07-01,"(42.46940091300047, -93.81649055599968)",15GRP,232,77,False,True,6,4,0.6666666666666666,"['Minnesota', 'Illinois', 'Nebraska', 'South Dakota']",Minnesota,2244.0,0.5833333333333333
2008,4,PA,Pennsylvania,Legislation - Smokefree Indoor Air,Hotels and Motels,Additional Requirements,Sleeping Room Designation (Type),Smoking Room,3,Ranking,2008-06-13,2008-09-11,"(40.79373015200048, -77.86070029399963)",20GRP,83,90,False,False,6,4,0.6666666666666666,"['New York', 'New Jersey', 'Maryland', 'Ohio']",New York,4796.0,0.5833333333333333
2008,4,PA,Pennsylvania,Legislation - Smokefree Indoor Air,Smokefree Indoor Air – Other Sites,Restriction Areas,Substance Use - Residential Facilities,Designated Areas,3,Ranking,2008-06-13,2008-09-11,"(40.79373015200048, -77.86070029399963)",15GRP,339,90,False,False,6,1,0.16666666666666666,['New York'],New York,1906.0,0.14583333333333331
2008,4,PA,Pennsylvania,Legislation - Smokefree Indoor Air,Restaurants,Restriction Areas,Type of Restriction in Restaurant Employee Area,Banned,4,Ranking,2008-06-13,2008-09-11,"(40.79373015200048, -77.86070029399963)",15GRP,232,90,False,True,6,5,0.8333333333333334,"['New York', 'New Jersey', 'Delaware', 'Maryland', 'Ohio']",New York,2205.0,0.7
2008,4,PA,Pennsylvania,Legislation - Smokefree Indoor Air,Home-based Day Care Centers,Restrictions,Type of Restriction in Home-Based Day Care,Banned,4,Ranking,2008-06-13,2008-09-11,"(40.79373015200048, -77.86070029399963)",10GRP,65,90,False,True,6,5,0.8333333333333334,"['New York', 'New Jersey', 'Delaware', 'Maryland', 'Ohio']",New York,2205.0,0.7
2008,3,IL,Illinois,Legislation - Smokefree Indoor Air,Smokefree Indoor Air – Other Sites,Restriction Areas,Public Transportation,Banned,4,Ranking,2007-07-23,2008-01-01,"(40.48501028300046, -88.99771017799969)",15GRP,99,162,False,False,4,0,0.0,[],,,0.0
2008,4,PA,Pennsylvania,Legislation - Smokefree Indoor Air,Commercial Day Care Centers,Restrictions,Type of Restriction in Commercial Day Care,Banned,4,Ranking,2008-06-13,2008-09-11,"(40.79373015200048, -77.86070029399963)",10GRP,50,90,False,False,6,5,0.8333333333333334,"['New York', 'New Jersey', 'Delaware', 'Maryland', 'Ohio']",New York,5099.0,0.7
2008,3,IA,Iowa,Legislation - Smokefree Indoor Air,Hotels and Motels,Restrictions,Type of Restriction in Lobby and Common Area of Hotel and Motel,Banned,4,Ranking,2008-04-15,2008-07-01,"(42.46940091300047, -93.81649055599968)",10GRP,81,77,False,True,6,4,0.6666666666666666,"['Minnesota', 'Illinois', 'Nebraska', 'South Dakota']",Minnesota,2244.0,0.5833333333333333
2008,3,PA,Pennsylvania,Legislation - Smokefree Indoor Air,Smokefree Indoor Air – Other Sites,Restriction Areas,Public Transportation,Banned,4,Ranking,2008-06-13,2008-09-11,"(40.79373015200048, -77.86070029399963)",15GRP,99,90,False,False,6,6,1.0,"['New York', 'New Jersey', 'Delaware', 'Maryland', 'West Virginia', 'Ohio']",New York,8462.0,0.7
2008,4,PA,Pennsylvania,Legislation - Smokefree Indoor Air,Smokefree Indoor Air – Other Sites,Restriction Areas,Enclosed Arenas,Banned,4,Ranking,2008-06-13,2008-09-11,"(40.79373015200048, -77.86070029399963)",15GRP,98,90,False,True,6,5,0.8333333333333334,"['New York', 'New Jersey', 'Delaware', 'Maryland', 'Ohio']",New York,2205.0,0.7
2008,4,PA,Pennsylvania,Legislation - Smokefree Indoor Air,Smokefree Indoor Air – Other Sites,Restriction Areas,Hospitals,Banned,4,Ranking,2008-06-13,2008-09-11,"(40.79373015200048, -77.86070029399963)",15GRP,100,90,False,False,6,5,0.8333333333333334,"['New York', 'New Jersey', 'Delaware', 'Maryland', 'Ohio']",New York,5099.0,0.7
2008,4,PA,Pennsylvania,Legislation - Smokefree Indoor Air,Hotels and Motels,Restrictions,Type of Restriction in Lobby and Common Area of Hotel and Motel,Banned,4,Ranking,2008-06-13,2008-09-11,"(40.79373015200048, -77.86070029399963)",10GRP,81,90,False,False,6,5,0.8333333333333334,"['New York', 'New Jersey', 'Delaware', 'Maryland', 'Ohio']",New York,4796.0,0.7
2008,4,SD,South Dakota,Legislation - Smokefree Indoor Air,Restaurants,Restriction Areas,Type of Restriction in Restaurant Bar Area,Banned,4,Ranking,2008-03-13,2008-07-01,"(44.353130053000484, -100.3735306369997)",15GRP,231,110,False,True,5,3,0.6,"['Minnesota', 'Nebraska', 'Montana']",Minnesota,1060.0,0.5249999999999999
2008,4,PA,Pennsylvania,Legislation - Smokefree Indoor Air,Restaurants,Restriction Areas,Type of Restriction in Restaurant Patron Area,Banned,4,Ranking,2008-06-13,2008-09-11,"(40.79373015200048, -77.86070029399963)",15GRP,233,90,False,True,6,5,0.8333333333333334,"['New York', 'New Jersey', 'Delaware', 'Maryland', 'Ohio']",New York,2205.0,0.7
2008,4,PA,Pennsylvania,Legislation - Smokefree Indoor Air,Government Worksites,Restrictions,Type of Restriction in Government Worksite,Banned,4,Ranking,2008-06-13,2008-09-11,"(40.79373015200048, -77.86070029399963)",10GRP,1,90,False,False,6,5,0.8333333333333334,"['New York', 'New Jersey', 'Delaware', 'Maryland', 'Ohio']",New York,5635.0,0.7
2008,4,PA,Pennsylvania,Legislation - Smokefree Indoor Air,Smokefree Indoor Air – Other Sites,Restriction Areas,Malls,Banned,4,Ranking,2008-06-13,2008-09-11,"(40.79373015200048, -77.86070029399963)",15GRP,96,90,False,True,6,5,0.8333333333333334,"['New York', 'New Jersey', 'Delaware', 'Maryland', 'Ohio']",New York,2205.0,0.7
2008,4,PA,Pennsylvania,Legislation - Smokefree Indoor Air,Private Worksites,Restrictions,Type of Restriction in Private Worksite,Banned,4,Ranking,2008-06-13,2008-09-11,"(40.79373015200048, -77.86070029399963)",10GRP,20,90,False,True,6,5,0.8333333333333334,"['New York', 'New Jersey', 'Delaware', 'Maryland', 'Ohio']",New York,2205.0,0.7
2008,4,PA,Pennsylvania,Legislation - Smokefree Indoor Air,Home-based Day Care Centers,Vehicles,Type of Restriction in Home-Based Day Care Vehicle,Banned,4,Ranking,2008-06-13,2008-09-11,"(40.79373015200048, -77.86070029399963)",30GRP,77,90,False,True,6,2,0.3333333333333333,"['Delaware', 'Maryland']",Delaware,2205.0,0.29166666666666663
2008,4,IL,Illinois,Legislation - Smokefree Indoor Air,Restaurants,Restriction Areas,Type of Restriction in Restaurant Patron Area,Banned,4,Ranking,2007-07-23,2008-01-01,"(40.48501028300046, -88.99771017799969)",15GRP,233,162,False,False,4,0,0.0,[],,,0.0
2008,4,IA,Iowa,Legislation - Smokefree Indoor Air,Smokefree Indoor Air – Other Sites,Restriction Areas,Hospitals,Banned,4,Ranking,2008-04-15,2008-07-01,"(42.46940091300047, -93.81649055599968)",15GRP,100,77,False,False,6,5,0.8333333333333334,"['Minnesota', 'Wisconsin', 'Illinois', 'Nebraska', 'South Dakota']",Minnesota,12006.0,0.7
2008,3,IL,Illinois,Legislation - Smokefree Indoor Air,Smokefree Indoor Air – Other Sites,Restriction Areas,Enclosed Arenas,Banned,4,Ranking,2007-07-23,2008-01-01,"(40.48501028300046, -88.99771017799969)",15GRP,98,162,False,False,4,0,0.0,[],,,0.0
2008,4,MD,Maryland,Legislation - Smokefree Indoor Air,Home-based Day Care Centers,Restrictions,Type of Restriction in Home-Based Day Care,Banned,4,Ranking,2007-05-17,2008-02-01,"(39.29058096400047, -76.60926011099963)",10GRP,65,260,False,True,5,2,0.4,"['District of Columbia', 'Delaware']",District of Columbia,1812.0,0.35
2008,4,IL,Illinois,Legislation - Smokefree Indoor Air,Smokefree Indoor Air – Other Sites,Restriction Areas,Hospitals,Banned,4,Ranking,2007-07-23,2008-01-01,"(40.48501028300046, -88.99771017799969)",15GRP,100,162,False,False,4,1,0.25,['Wisconsin'],Wisconsin,8496.0,0.21875
2008,3,IA,Iowa,Legislation - Smokefree Indoor Air,Restaurants,Restrictions,Type of Restriction in Restaurant (Summary),Banned,4,Ranking,2008-04-15,2008-07-01,"(42.46940091300047, -93.81649055599968)",10GRP,37,77,False,True,6,4,0.6666666666666666,"['Minnesota', 'Illinois', 'Nebraska', 'South Dakota']",Minnesota,335.0,0.7456621004566208
2008,4,IA,Iowa,Legislation - Smokefree Indoor Air,Restaurants,Restriction Areas,Type of Restriction in Restaurant Bar Area,Banned,4,Ranking,2008-04-15,2008-07-01,"(42.46940091300047, -93.81649055599968)",15GRP,231,77,False,True,6,4,0.6666666666666666,"['Minnesota', 'Illinois', 'Nebraska', 'South Dakota']",Minnesota,335.0,0.7456621004566208
2008,4,IL,Illinois,Legislation - Smokefree Indoor Air,Smokefree Indoor Air – Other Sites,Restriction Areas,Mental Health - Outpatient Facilities,Banned,4,Ranking,2007-07-23,2008-01-01,"(40.48501028300046, -88.99771017799969)",15GRP,340,162,False,False,4,0,0.0,[],,,0.0
2008,3,CA,California,Legislation - Smokefree Indoor Air,Personal Vehicles,Restrictions,Type of Restriction in Personal Vehicle,Banned,4,Ranking,2007-12-04,2008-01-01,"(37.63864012300047, -120.99999953799971)",10GRP,102,28,False,False,3,0,0.0,[],,,0.0
2008,3,MD,Maryland,Legislation - Smokefree Indoor Air,Smokefree Indoor Air – Other Sites,Restriction Areas,Public Transportation,Banned,4,Ranking,2007-05-17,2008-02-01,"(39.29058096400047, -76.60926011099963)",15GRP,99,260,False,False,5,2,0.4,"['West Virginia', 'Delaware']",West Virginia,8069.0,0.35
2008,4,IL,Illinois,Legislation - Smokefree Indoor Air,Restaurants,Restriction Areas,Type of Restriction in Restaurant Bar Area,Banned,4,Ranking,2007-07-23,2008-01-01,"(40.48501028300046, -88.99771017799969)",15GRP,231,162,False,False,4,0,0.0,[],,,0.0
2008,3,IA,Iowa,Legislation - Smokefree Indoor Air,Government Multi-Unit Housing,Restrictions,Type of Restriction in Lobby and Common Area of Government Multi-Unit Housing,Banned,4,Ranking,2008-04-15,2008-07-01,"(42.46940091300047, -93.81649055599968)",10GRP,115,77,False,False,6,1,0.16666666666666666,['Minnesota'],Minnesota,335.0,0.30816210045662096
2008,4,ME,Maine,Legislation - Smokefree Indoor Air,Personal Vehicles,Restrictions,Type of Restriction in Personal Vehicle,Banned,4,Ranking,2008-04-10,2008-09-01,"(45.254228894000505, -68.98503133599962)",10GRP,102,144,False,False,1,0,0.0,[],,,0.0
2008,2,IL,Illinois,Legislation - Smokefree Indoor Air,Bars,Restriction Areas,Type of Restriction in Bar Employee Area,Banned,4,Ranking,2007-07-23,2008-01-01,"(40.48501028300046, -88.99771017799969)",15GRP,236,162,False,False,4,0,0.0,[],,,0.0
2008,1,MD,Maryland,Legislation - Smokefree Indoor Air,Restaurants,Restriction Areas,Type of Restriction in Restaurant Bar Area,Banned,4,Ranking,2007-05-17,2008-02-01,"(39.29058096400047, -76.60926011099963)",15GRP,231,260,False,True,5,2,0.4,"['District of Columbia', 'Delaware']",District of Columbia,1812.0,0.35
2008,1,MD,Maryland,Legislation - Smokefree Indoor Air,Bars,Restriction Areas,Type of Restriction in Bar Patron Area,Banned,4,Ranking,2007-05-17,2008-02-01,"(39.29058096400047, -76.60926011099963)",15GRP,235,260,False,True,5,2,0.4,"['District of Columbia', 'Delaware']",District of Columbia,1812.0,0.35
2008,4,IA,Iowa,Legislation - Smokefree Indoor Air,Bars,Restriction Areas,Type of Restriction in Bar Employee Area,Banned,4,Ranking,2008-04-15,2008-07-01,"(42.46940091300047, -93.81649055599968)",15GRP,236,77,False,True,6,3,0.5,"['Minnesota', 'Illinois', 'Nebraska']",Minnesota,335.0,0.5998287671232876
2008,3,PA,Pennsylvania,Legislation - Smokefree Indoor Air,Smokefree Indoor Air – Other Sites,Restriction Areas,Casinos (Racetrack),Designated Areas,3,Ranking,2008-06-13,2008-09-11,"(40.79373015200048, -77.86070029399963)",15GRP,336,90,False,False,6,0,0.0,[],,,0.0
2008,3,IA,Iowa,Legislation - Smokefree Indoor Air,Smokefree Indoor Air – Other Sites,Restriction Areas,Casinos (Racetrack),Designated Areas,3,Ranking,2008-04-15,2008-07-01,"(42.46940091300047, -93.81649055599968)",15GRP,336,77,False,False,6,0,0.0,[],,,0.0
2009,3,VT,Vermont,Legislation - Smokefree Indoor Air,Smokefree Indoor Air – Other Sites,Restriction Areas,Malls,Banned,4,Ranking,2009-05-09,2009-07-01,"(43.62538123900049, -72.51764079099962)",15GRP,96,53,False,True,3,1,0.3333333333333333,['New York'],New York,2236.0,0.29166666666666663
2009,4,MP,Northern Mariana Islands,Legislation - Smokefree Indoor Air,Restaurants,Restriction Areas,Type of Restriction in Restaurant Patron Area,Banned,4,Ranking,2009-09-29,2009-09-29,"(15.0979, 145.6739)",15GRP,233,0,False,False,0,0,,[],,,0.0
2009,4,MP,Northern Mariana Islands,Legislation - Smokefree Indoor Air,Smokefree Indoor Air – Other Sites,Restriction Areas,Public Transportation,Banned,4,Ranking,2009-09-29,2009-09-29,"(15.0979, 145.6739)",15GRP,99,0,False,False,0,0,,[],,,0.0
2009,2,OR,Oregon,Legislation - Smokefree Indoor Air,Smokefree Indoor Air – Other Sites,Restriction Areas,Hospitals,Banned,4,Ranking,2007-06-26,2009-01-01,"(44.56744942400047, -120.15503132599969)",15GRP,100,555,False,True,4,3,0.75,"['Nevada', 'Idaho', 'Washington']",Nevada,1180.0,0.65625
2009,4,MP,Northern Mariana Islands,Legislation - Smokefree Indoor Air,Hotels and Motels,Additional Requirements,Sleeping Room Designation (Type),Smoking Rooms,0,Ranking,2009-09-29,2009-09-29,"(15.0979, 145.6739)",20GRP,83,0,False,False,0,0,,[],,,0.0
2009,3,MP,Northern Mariana Islands,Legislation - Smokefree Indoor Air,Home-based Day Care Centers,Restrictions,Type of Restriction in Home-Based Day Care,Banned,4,Ranking,2009-09-29,2009-09-29,"(15.0979, 145.6739)",10GRP,65,0,False,False,0,0,,[],,,0.0
2009,3,VT,Vermont,Legislation - Smokefree Indoor Air,Smokefree Indoor Air – Other Sites,Restriction Areas,Enclosed Arenas,Banned,4,Ranking,2009-05-09,2009-07-01,"(43.62538123900049, -72.51764079099962)",15GRP,98,53,False,True,3,2,0.6666666666666666,"['New York', 'Massachusetts']",New York,2236.0,0.5833333333333333
2009,4,ME,Maine,Legislation - Smokefree Indoor Air,Smokefree Indoor Air – Other Sites,Restriction Areas,Public Transportation,Banned,4,Ranking,2009-06-08,2009-09-11,"(45.254228894000505, -68.98503133599962)",15GRP,99,95,False,False,1,1,1.0,['New Hampshire'],New Hampshire,6982.0,0.7
2009,3,ME,Maine,Legislation - Smokefree Indoor Air,Private Worksites,Restrictions,Type of Restriction in Private Worksite,Banned,4,Ranking,2009-06-08,2009-09-11,"(45.254228894000505, -68.98503133599962)",10GRP,20,95,False,False,1,0,0.0,[],,,0.0
2009,4,NC,North Carolina,Legislation - Smokefree Indoor Air,Government Worksites,Vehicles,Type of Restriction in Government Worksite Vehicle,Banned,4,Ranking,2008-08-02,2009-01-01,"(35.466220975000454, -79.15925046299964)",30GRP,17,152,False,False,4,1,0.25,['Tennessee'],Tennessee,408.0,0.35107876712328767
2009,3,UT,Utah,Legislation - Smokefree Indoor Air,Bars,Restriction Areas,Type of Restriction in Bar Patron Area,Banned,4,Ranking,2007-02-27,2009-01-01,"(39.360700171000474, -111.58713063499971)",15GRP,235,674,False,True,5,2,0.4,"['Colorado', 'Arizona']",Colorado,337.0,0.5115068493150685
2009,4,MP,Northern Mariana Islands,Legislation - Smokefree Indoor Air,Smokefree Indoor Air – Other Sites,Restriction Areas,Mental Health - Outpatient Facilities,Banned,4,Ranking,2009-09-29,2009-09-29,"(15.0979, 145.6739)",15GRP,340,0,False,False,0,0,,[],,,0.0
2009,3,OR,Oregon,Legislation - Smokefree Indoor Air,Restaurants,Restriction Areas,Type of Restriction in Restaurant Employee Area,Banned,4,Ranking,2007-06-26,2009-01-01,"(44.56744942400047, -120.15503132599969)",15GRP,232,555,False,True,4,3,0.75,"['Nevada', 'Idaho', 'Washington']",Nevada,1180.0,0.65625
2009,4,MP,Northern Mariana Islands,Legislation - Smokefree Indoor Air,Private Multi-Unit Housing,Restrictions,Type of Restriction in Lobby and Common Area of Private Multi-Unit Housing,Banned,4,Ranking,2009-09-29,2009-09-29,"(15.0979, 145.6739)",10GRP,125,0,False,False,0,0,,[],,,0.0
2009,3,ME,Maine,Legislation - Smokefree Indoor Air,Smokefree Indoor Air – Other Sites,Restriction Areas,Grocery Stores,Banned,4,Ranking,2009-06-08,2009-09-11,"(45.254228894000505, -68.98503133599962)",15GRP,97,95,False,False,1,0,0.0,[],,,0.0
2009,2,OR,Oregon,Legislation - Smokefree Indoor Air,Bars,Restriction Areas,Type of Restriction in Bar Patron Area,Banned,4,Ranking,2007-06-26,2009-01-01,"(44.56744942400047, -120.15503132599969)",15GRP,235,555,False,False,4,2,0.5,"['California', 'Washington']",California,3924.0,0.4375
2009,3,OR,Oregon,Legislation - Smokefree Indoor Air,Smokefree Indoor Air – Other Sites,Restriction Areas,Enclosed Arenas,Banned,4,Ranking,2007-06-26,2009-01-01,"(44.56744942400047, -120.15503132599969)",15GRP,98,555,False,True,4,3,0.75,"['Nevada', 'Idaho', 'Washington']",Nevada,1180.0,0.65625
2009,3,OR,Oregon,Legislation - Smokefree Indoor Air,Hotels and Motels,Additional Requirements,Sleeping Room Designation (Type),Smoking Room,3,Ranking,2007-06-26,2009-01-01,"(44.56744942400047, -120.15503132599969)",20GRP,83,555,False,False,4,2,0.5,"['California', 'Idaho']",California,4723.0,0.4375
2009,3,VT,Vermont,Legislation - Smokefree Indoor Air,Bars,Restrictions,Type of Restriction in Bar (Summary),Banned,4,Ranking,2009-05-09,2009-07-01,"(43.62538123900049, -72.51764079099962)",10GRP,234,53,False,True,3,2,0.6666666666666666,"['New York', 'Massachusetts']",New York,2236.0,0.5833333333333333
2009,3,OR,Oregon,Legislation - Smokefree Indoor Air,Private Worksites,Restrictions,Type of Restriction in Private Worksite,Banned,4,Ranking,2007-06-26,2009-01-01,"(44.56744942400047, -120.15503132599969)",10GRP,20,555,False,True,4,2,0.5,"['Nevada', 'Washington']",Nevada,595.0,0.4929794520547945
2009,3,OR,Oregon,Legislation - Smokefree Indoor Air,Commercial Day Care Centers,Restrictions,Type of Restriction in Commercial Day Care,Banned,4,Ranking,2007-06-26,2009-01-01,"(44.56744942400047, -120.15503132599969)",10GRP,50,555,False,False,4,4,1.0,"['California', 'Nevada', 'Idaho', 'Washington']",California,7650.0,0.7
2009,4,MP,Northern Mariana Islands,Legislation - Smokefree Indoor Air,Private Worksites,Restrictions,Type of Restriction in Private Worksite,Banned,4,Ranking,2009-09-29,2009-09-29,"(15.0979, 145.6739)",10GRP,20,0,False,False,0,0,,[],,,0.0
2009,4,MP,Northern Mariana Islands,Legislation - Smokefree Indoor Air,Private Worksites,Vehicles,Type of Restriction in Private Worksite Vehicle,Banned,4,Ranking,2009-09-29,2009-09-29,"(15.0979, 145.6739)",30GRP,34,0,False,False,0,0,,[],,,0.0
2009,4,MP,Northern Mariana Islands,Legislation - Smokefree Indoor Air,Government Multi-Unit Housing,Restrictions,Type of Restriction in Lobby and Common Area of Government Multi-Unit Housing,Banned,4,Ranking,2009-09-29,2009-09-29,"(15.0979, 145.6739)",10GRP,115,0,False,False,0,0,,[],,,0.0
2009,4,MT,Montana,Legislation - Smokefree Indoor Air,Bars,Restrictions,Type of Restriction in Bar (Summary),Banned,4,Ranking,2005-04-18,2009-10-01,"(47.06652897200047, -109.42442064499971)",10GRP,234,1627,False,False,3,0,0.0,[],,,0.0
2009,4,NE,Nebraska,Legislation - Smokefree Indoor Air,Smokefree Indoor Air – Other Sites,Restriction Areas,Mental Health - Outpatient Facilities,Banned,4,Ranking,2008-02-26,2009-06-01,"(41.6410409880005, -99.36572062299967)",15GRP,340,461,False,False,5,0,0.0,[],,,0.0
2009,3,NE,Nebraska,Legislation - Smokefree Indoor Air,Home-based Day Care Centers,Restrictions,Type of Restriction in Home-Based Day Care,Banned,4,Ranking,2008-02-26,2009-06-01,"(41.6410409880005, -99.36572062299967)",10GRP,65,461,False,False,5,4,0.8,"['South Dakota', 'Missouri', 'Kansas', 'Colorado']",South Dakota,5369.0,0.7
2009,4,ME,Maine,Legislation - Smokefree Indoor Air,Smokefree Indoor Air – Other Sites,Restriction Areas,Hospitals,Banned,4,Ranking,2009-06-08,2009-09-11,"(45.254228894000505, -68.98503133599962)",15GRP,100,95,False,False,1,1,1.0,['New Hampshire'],New Hampshire,6982.0,0.7
2009,3,UT,Utah,Legislation - Smokefree Indoor Air,Bars,Restriction Areas,Type of Restriction in Bar Employee Area,Banned,4,Ranking,2007-02-27,2009-01-01,"(39.360700171000474, -111.58713063499971)",15GRP,236,674,False,True,5,2,0.4,"['Colorado', 'Arizona']",Colorado,337.0,0.5115068493150685
2009,2,NE,Nebraska,Legislation - Smokefree Indoor Air,Smokefree Indoor Air – Other Sites,Restriction Areas,Public Transportation,Banned,4,Ranking,2008-02-26,2009-06-01,"(41.6410409880005, -99.36572062299967)",15GRP,99,461,False,False,5,3,0.6,"['South Dakota', 'Kansas', 'Colorado']",South Dakota,7623.0,0.5249999999999999
2009,3,NE,Nebraska,Legislation - Smokefree Indoor Air,Smokefree Indoor Air – Other Sites,Restriction Areas,Enclosed Arenas,Banned,4,Ranking,2008-02-26,2009-06-01,"(41.6410409880005, -99.36572062299967)",15GRP,98,461,False,True,5,2,0.4,"['South Dakota', 'Colorado']",South Dakota,2195.0,0.35
2009,2,NE,Nebraska,Legislation - Smokefree Indoor Air,Bars,Restriction Areas,Type of Restriction in Bar Employee Area,Banned,4,Ranking,2008-02-26,2009-06-01,"(41.6410409880005, -99.36572062299967)",15GRP,236,461,False,False,5,1,0.2,['Colorado'],Colorado,701.0,0.18691780821917808
2009,2,NE,Nebraska,Legislation - Smokefree Indoor Air,Private Worksites,Restrictions,Type of Restriction in Private Worksite,Banned,4,Ranking,2008-02-26,2009-06-01,"(41.6410409880005, -99.36572062299967)",10GRP,20,461,False,True,5,2,0.4,"['South Dakota', 'Colorado']",South Dakota,2195.0,0.35
2009,4,NE,Nebraska,Legislation - Smokefree Indoor Air,Restaurants,Restriction Areas,Type of Restriction in Restaurant Employee Area,Banned,4,Ranking,2008-02-26,2009-06-01,"(41.6410409880005, -99.36572062299967)",15GRP,232,461,False,True,5,2,0.4,"['South Dakota', 'Colorado']",South Dakota,2195.0,0.35
2009,2,NE,Nebraska,Legislation - Smokefree Indoor Air,Smokefree Indoor Air – Other Sites,Restriction Areas,Substance Use - Residential Facilities,Banned,4,Ranking,2008-02-26,2009-06-01,"(41.6410409880005, -99.36572062299967)",15GRP,339,461,False,False,5,0,0.0,[],,,0.0
2009,2,UT,Utah,Legislation - Smokefree Indoor Air,Bars,Restrictions,Type of Restriction in Bar (Summary),Banned,4,Ranking,2007-02-27,2009-01-01,"(39.360700171000474, -111.58713063499971)",10GRP,234,674,False,True,5,2,0.4,"['Colorado', 'Arizona']",Colorado,337.0,0.5115068493150685
2009,3,NE,Nebraska,Legislation - Smokefree Indoor Air,Hotels and Motels,Restrictions,Type of Restriction in Lobby and Common Area of Hotel and Motel,Banned,4,Ranking,2008-02-26,2009-06-01,"(41.6410409880005, -99.36572062299967)",10GRP,81,461,False,True,5,2,0.4,"['South Dakota', 'Colorado']",South Dakota,2195.0,0.35
2009,2,NE,Nebraska,Legislation - Smokefree Indoor Air,Smokefree Indoor Air – Other Sites,Restriction Areas,Malls,Banned,4,Ranking,2008-02-26,2009-06-01,"(41.6410409880005, -99.36572062299967)",15GRP,96,461,False,True,5,2,0.4,"['South Dakota', 'Colorado']",South Dakota,2195.0,0.35
2009,2,NE,Nebraska,Legislation - Smokefree Indoor Air,Restaurants,Restriction Areas,Type of Restriction in Restaurant Bar Area,Banned,4,Ranking,2008-02-26,2009-06-01,"(41.6410409880005, -99.36572062299967)",15GRP,231,461,False,False,5,1,0.2,['Colorado'],Colorado,701.0,0.18691780821917808
2009,3,NE,Nebraska,Legislation - Smokefree Indoor Air,Restaurants,Restrictions,Type of Restriction in Restaurant (Summary),Banned,4,Ranking,2008-02-26,2009-06-01,"(41.6410409880005, -99.36572062299967)",10GRP,37,461,False,False,5,1,0.2,['Colorado'],Colorado,701.0,0.18691780821917808
2009,3,MP,Northern Mariana Islands,Legislation - Smokefree Indoor Air,Smokefree Indoor Air – Other Sites,Restriction Areas,Mental Health - Residential Facilities,Banned,4,Ranking,2009-09-29,2009-09-29,"(15.0979, 145.6739)",15GRP,341,0,False,False,0,0,,[],,,0.0
2009,4,MP,Northern Mariana Islands,Legislation - Smokefree Indoor Air,Hotels and Motels,Restrictions,Type of Restriction in Lobby and Common Area of Hotel and Motel,Banned,4,Ranking,2009-09-29,2009-09-29,"(15.0979, 145.6739)",10GRP,81,0,False,False,0,0,,[],,,0.0
2009,2,NE,Nebraska,Legislation - Smokefree Indoor Air,Smokefree Indoor Air – Other Sites,Restriction Areas,Substance Use - Outpatient Facilities,Banned,4,Ranking,2008-02-26,2009-06-01,"(41.6410409880005, -99.36572062299967)",15GRP,338,461,False,False,5,0,0.0,[],,,0.0
2009,2,OR,Oregon,Legislation - Smokefree Indoor Air,Smokefree Indoor Air – Other Sites,Restriction Areas,Prisons,Banned,4,Ranking,2007-06-26,2009-01-01,"(44.56744942400047, -120.15503132599969)",15GRP,101,555,False,False,4,1,0.25,['California'],California,1002.0,0.21875
2009,3,ME,Maine,Legislation - Smokefree Indoor Air,Smokefree Indoor Air – Other Sites,Restriction Areas,Malls,Banned,4,Ranking,2009-06-08,2009-09-11,"(45.254228894000505, -68.98503133599962)",15GRP,96,95,False,False,1,0,0.0,[],,,0.0
2009,2,OR,Oregon,Legislation - Smokefree Indoor Air,Bars,Restrictions,Type of Restriction in Bar (Summary),Banned,4,Ranking,2007-06-26,2009-01-01,"(44.56744942400047, -120.15503132599969)",10GRP,234,555,False,False,4,1,0.25,['Washington'],Washington,595.0,0.2742294520547945
2009,4,MP,Northern Mariana Islands,Legislation - Smokefree Indoor Air,Commercial Day Care Centers,Vehicles,Type of Restriction in Commercial Day Care Vehicle,Banned,4,Ranking,2009-09-29,2009-09-29,"(15.0979, 145.6739)",30GRP,61,0,False,False,0,0,,[],,,0.0
2009,3,OR,Oregon,Legislation - Smokefree Indoor Air,Restaurants,Restriction Areas,Type of Restriction in Restaurant Patron Area,Banned,4,Ranking,2007-06-26,2009-01-01,"(44.56744942400047, -120.15503132599969)",15GRP,233,555,False,False,4,4,1.0,"['California', 'Nevada', 'Idaho', 'Washington']",California,4723.0,0.7
2009,3,OR,Oregon,Legislation - Smokefree Indoor Air,Home-based Day Care Centers,Restrictions,Type of Restriction in Home-Based Day Care,Banned,4,Ranking,2007-06-26,2009-01-01,"(44.56744942400047, -120.15503132599969)",10GRP,65,555,False,False,4,4,1.0,"['California', 'Nevada', 'Idaho', 'Washington']",California,4723.0,0.7
2009,3,MP,Northern Mariana Islands,Legislation - Smokefree Indoor Air,Smokefree Indoor Air – Other Sites,Restriction Areas,Grocery Stores,Banned,4,Ranking,2009-09-29,2009-09-29,"(15.0979, 145.6739)",15GRP,97,0,False,False,0,0,,[],,,0.0
2009,3,HI,Hawaii,Legislation - Smokefree Indoor Air,Smokefree Indoor Air – Other Sites,Restriction Areas,Prisons,Designated Areas,3,Ranking,2009-06-08,2009-07-01,"(21.304850435000446, -157.85774940299973)",15GRP,101,23,False,False,0,0,,[],,,0.0
2009,4,MP,Northern Mariana Islands,Legislation - Smokefree Indoor Air,Government Worksites,Restrictions,Type of Restriction in Government Worksite,Banned,4,Ranking,2009-09-29,2009-09-29,"(15.0979, 145.6739)",10GRP,1,0,False,False,0,0,,[],,,0.0
2009,3,OR,Oregon,Legislation - Smokefree Indoor Air,Smokefree Indoor Air – Other Sites,Restriction Areas,Public Transportation,Banned,4,Ranking,2007-06-26,2009-01-01,"(44.56744942400047, -120.15503132599969)",15GRP,99,555,False,False,4,3,0.75,"['Nevada', 'Idaho', 'Washington']",Nevada,8082.0,0.65625
2009,3,VT,Vermont,Legislation - Smokefree Indoor Air,Smokefree Indoor Air – Other Sites,Restriction Areas,Grocery Stores,Banned,4,Ranking,2009-05-09,2009-07-01,"(43.62538123900049, -72.51764079099962)",15GRP,97,53,False,False,3,2,0.6666666666666666,"['New York', 'Massachusetts']",New York,7786.0,0.5833333333333333
2009,2,OR,Oregon,Legislation - Smokefree Indoor Air,Private Worksites,Vehicles,Type of Restriction in Private Worksite Vehicle,Banned,4,Ranking,2007-06-26,2009-01-01,"(44.56744942400047, -120.15503132599969)",30GRP,34,555,False,False,4,0,0.0,[],,,0.0
2009,3,OR,Oregon,Legislation - Smokefree Indoor Air,Government Worksites,Restrictions,Type of Restriction in Government Worksite,Banned,4,Ranking,2007-06-26,2009-01-01,"(44.56744942400047, -120.15503132599969)",10GRP,1,555,False,False,4,3,0.75,"['Nevada', 'Idaho', 'Washington']",Nevada,6875.0,0.65625
2009,2,OR,Oregon,Legislation - Smokefree Indoor Air,Smokefree Indoor Air – Other Sites,Restriction Areas,Grocery Stores,Banned,4,Ranking,2007-06-26,2009-01-01,"(44.56744942400047, -120.15503132599969)",15GRP,97,555,False,True,4,3,0.75,"['Nevada', 'Idaho', 'Washington']",Nevada,1180.0,0.65625
2009,3,VT,Vermont,Legislation - Smokefree Indoor Air,Smokefree Indoor Air – Other Sites,Restriction Areas,Hospitals,Banned,4,Ranking,2009-05-09,2009-07-01,"(43.62538123900049, -72.51764079099962)",15GRP,100,53,False,False,3,3,1.0,"['New York', 'New Hampshire', 'Massachusetts']",New York,6952.0,0.7
2009,4,MT,Montana,Legislation - Smokefree Indoor Air,Bars,Restriction Areas,Type of Restriction in Bar Patron Area,Banned,4,Ranking,2005-04-18,2009-10-01,"(47.06652897200047, -109.42442064499971)",15GRP,235,1627,False,False,3,0,0.0,[],,,0.0
2009,3,VT,Vermont,Legislation - Smokefree Indoor Air,Government Worksites,Restrictions,Type of Restriction in Government Worksite,Banned,4,Ranking,2009-05-09,2009-07-01,"(43.62538123900049, -72.51764079099962)",10GRP,1,53,False,False,3,2,0.6666666666666666,"['New York', 'Massachusetts']",New York,4272.0,0.5833333333333333
2009,4,ME,Maine,Legislation - Smokefree Indoor Air,Government Multi-Unit Housing,Restrictions,Type of Restriction in Lobby and Common Area of Government Multi-Unit Housing,Banned,4,Ranking,2009-06-08,2009-09-11,"(45.254228894000505, -68.98503133599962)",10GRP,115,95,False,False,1,0,0.0,[],,,0.0
2009,4,MP,Northern Mariana Islands,Legislation - Smokefree Indoor Air,Restaurants,Restriction Areas,Type of Restriction in Restaurant Employee Area,Banned,4,Ranking,2009-09-29,2009-09-29,"(15.0979, 145.6739)",15GRP,232,0,False,False,0,0,,[],,,0.0
2009,4,VT,Vermont,Legislation - Smokefree Indoor Air,Restaurants,Restriction Areas,Type of Restriction in Restaurant Employee Area,Banned,4,Ranking,2009-05-09,2009-07-01,"(43.62538123900049, -72.51764079099962)",15GRP,232,53,False,True,3,3,1.0,"['New York', 'New Hampshire', 'Massachusetts']",New York,2236.0,0.7
2009,4,VA,Virginia,Legislation - Smokefree Indoor Air,Smokefree Indoor Air – Other Sites,Restriction Areas,Grocery Stores,Designated Areas,3,Ranking,2009-03-09,2009-12-01,"(37.54268067400045, -78.45789046299967)",15GRP,97,267,False,False,5,1,0.2,['District of Columbia'],District of Columbia,10836.0,0.175
2009,4,OR,Oregon,Legislation - Smokefree Indoor Air,Restaurants,Restriction Areas,Type of Restriction in Restaurant Bar Area,Banned,4,Ranking,2007-06-26,2009-01-01,"(44.56744942400047, -120.15503132599969)",15GRP,231,555,False,False,4,4,1.0,"['California', 'Nevada', 'Idaho', 'Washington']",California,3924.0,0.7
2009,4,VT,Vermont,Legislation - Smokefree Indoor Air,Restaurants,Restrictions,Type of Restriction in Restaurant (Summary),Banned,4,Ranking,2009-05-09,2009-07-01,"(43.62538123900049, -72.51764079099962)",10GRP,37,53,False,True,3,3,1.0,"['New York', 'New Hampshire', 'Massachusetts']",New York,2236.0,0.7
2009,3,MP,Northern Mariana Islands,Legislation - Smokefree Indoor Air,Restaurants,Restriction Areas,Type of Restriction in Restaurant Bar Area,Banned,4,Ranking,2009-09-29,2009-09-29,"(15.0979, 145.6739)",15GRP,231,0,False,False,0,0,,[],,,0.0
2009,4,MT,Montana,Legislation - Smokefree Indoor Air,Bars,Restriction Areas,Type of Restriction in Bar Employee Area,Banned,4,Ranking,2005-04-18,2009-10-01,"(47.06652897200047, -109.42442064499971)",15GRP,236,1627,False,False,3,0,0.0,[],,,0.0
2009,3,OR,Oregon,Legislation - Smokefree Indoor Air,Government Worksites,Vehicles,Type of Restriction in Government Worksite Vehicle,Banned,4,Ranking,2007-06-26,2009-01-01,"(44.56744942400047, -120.15503132599969)",30GRP,17,555,False,False,4,1,0.25,['California'],California,5006.0,0.21875
2009,3,MP,Northern Mariana Islands,Legislation - Smokefree Indoor Air,Smokefree Indoor Air – Other Sites,Restriction Areas,Enclosed Arenas,Banned,4,Ranking,2009-09-29,2009-09-29,"(15.0979, 145.6739)",15GRP,98,0,False,False,0,0,,[],,,0.0
2009,3,VT,Vermont,Legislation - Smokefree Indoor Air,Private Worksites,Restrictions,Type of Restriction in Private Worksite,Banned,4,Ranking,2009-05-09,2009-07-01,"(43.62538123900049, -72.51764079099962)",10GRP,20,53,False,True,3,2,0.6666666666666666,"['New York', 'Massachusetts']",New York,2236.0,0.5833333333333333
2009,4,ME,Maine,Legislation - Smokefree Indoor Air,Smokefree Indoor Air – Other Sites,Restriction Areas,Enclosed Arenas,Banned,4,Ranking,2009-06-08,2009-09-11,"(45.254228894000505, -68.98503133599962)",15GRP,98,95,False,False,1,0,0.0,[],,,0.0
2009,2,OR,Oregon,Legislation - Smokefree Indoor Air,Restaurants,Restrictions,Type of Restriction in Restaurant (Summary),Banned,4,Ranking,2007-06-26,2009-01-01,"(44.56744942400047, -120.15503132599969)",10GRP,37,555,False,True,4,3,0.75,"['Nevada', 'Idaho', 'Washington']",Nevada,1180.0,0.65625
2009,4,MP,Northern Mariana Islands,Legislation - Smokefree Indoor Air,Smokefree Indoor Air – Other Sites,Restriction Areas,Malls,Banned,4,Ranking,2009-09-29,2009-09-29,"(15.0979, 145.6739)",15GRP,96,0,False,False,0,0,,[],,,0.0
2009,4,ME,Maine,Legislation - Smokefree Indoor Air,Government Worksites,Restrictions,Type of Restriction in Government Worksite,Banned,4,Ranking,2009-06-08,2009-09-11,"(45.254228894000505, -68.98503133599962)",10GRP,1,95,False,False,1,0,0.0,[],,,0.0
2009,3,MP,Northern Mariana Islands,Legislation - Smokefree Indoor Air,Smokefree Indoor Air – Other Sites,Restriction Areas,Hospitals,Banned,4,Ranking,2009-09-29,2009-09-29,"(15.0979, 145.6739)",15GRP,100,0,False,False,0,0,,[],,,0.0
2009,4,MP,Northern Mariana Islands,Legislation - Smokefree Indoor Air,Government Worksites,Vehicles,Type of Restriction in Government Worksite Vehicle,Banned,4,Ranking,2009-09-29,2009-09-29,"(15.0979, 145.6739)",30GRP,17,0,False,False,0,0,,[],,,0.0
2009,4,MP,Northern Mariana Islands,Legislation - Smokefree Indoor Air,Restaurants,Restrictions,Type of Restriction in Restaurant (Summary),Banned,4,Ranking,2009-09-29,2009-09-29,"(15.0979, 145.6739)",10GRP,37,0,False,False,0,0,,[],,,0.0
2009,3,WA,Washington,Legislation - Smokefree Indoor Air,Smokefree Indoor Air – Other Sites,Restriction Areas,Public Transportation,Designated Areas,3,Ranking,2009-04-21,2009-07-26,"(47.52227862900048, -120.47001078999972)",15GRP,99,96,False,False,2,1,0.5,['Idaho'],Idaho,8807.0,0.4375
2009,3,MP,Northern Mariana Islands,Legislation - Smokefree Indoor Air,Commercial Day Care Centers,Restrictions,Type of Restriction in Commercial Day Care,Banned,4,Ranking,2009-09-29,2009-09-29,"(15.0979, 145.6739)",10GRP,50,0,False,False,0,0,,[],,,0.0
2009,3,OR,Oregon,Legislation - Smokefree Indoor Air,Bars,Restriction Areas,Type of Restriction in Bar Employee Area,Banned,4,Ranking,2007-06-26,2009-01-01,"(44.56744942400047, -120.15503132599969)",15GRP,236,555,False,False,4,1,0.25,['Washington'],Washington,595.0,0.2742294520547945
2009,3,NE,Nebraska,Legislation - Smokefree Indoor Air,Bars,Restrictions,Type of Restriction in Bar (Summary),Banned,4,Ranking,2008-02-26,2009-06-01,"(41.6410409880005, -99.36572062299967)",10GRP,234,461,False,False,5,1,0.2,['Colorado'],Colorado,701.0,0.18691780821917808
2009,2,NE,Nebraska,Legislation - Smokefree Indoor Air,Smokefree Indoor Air – Other Sites,Restriction Areas,Mental Health - Residential Facilities,Banned,4,Ranking,2008-02-26,2009-06-01,"(41.6410409880005, -99.36572062299967)",15GRP,341,461,False,False,5,0,0.0,[],,,0.0
2009,3,NE,Nebraska,Legislation - Smokefree Indoor Air,Hotels and Motels,Additional Requirements,Sleeping Room Designation (Type),Smoking Room,3,Ranking,2008-02-26,2009-06-01,"(41.6410409880005, -99.36572062299967)",20GRP,83,461,False,False,5,1,0.2,['South Dakota'],South Dakota,2195.0,0.175
2009,1,OR,Oregon,Legislation - Smokefree Indoor Air,Smokefree Indoor Air – Other Sites,Restriction Areas,Malls,Banned,4,Ranking,2007-06-26,2009-01-01,"(44.56744942400047, -120.15503132599969)",15GRP,96,555,False,True,4,3,0.75,"['Nevada', 'Idaho', 'Washington']",Nevada,1180.0,0.65625
2009,3,NE,Nebraska,Legislation - Smokefree Indoor Air,Smokefree Indoor Air – Other Sites,Restriction Areas,Hospitals,Banned,4,Ranking,2008-02-26,2009-06-01,"(41.6410409880005, -99.36572062299967)",15GRP,100,461,False,True,5,2,0.4,"['South Dakota', 'Colorado']",South Dakota,2195.0,0.35
2009,4,NE,Nebraska,Legislation - Smokefree Indoor Air,Commercial Day Care Centers,Restrictions,Type of Restriction in Commercial Day Care,Banned,4,Ranking,2008-02-26,2009-06-01,"(41.6410409880005, -99.36572062299967)",10GRP,50,461,False,False,5,3,0.6,"['South Dakota', 'Missouri', 'Colorado']",South Dakota,5369.0,0.5249999999999999
2009,2,NE,Nebraska,Legislation - Smokefree Indoor Air,Government Worksites,Restrictions,Type of Restriction in Government Worksite,Banned,4,Ranking,2008-02-26,2009-06-01,"(41.6410409880005, -99.36572062299967)",10GRP,1,461,False,False,5,2,0.4,"['South Dakota', 'Colorado']",South Dakota,5660.0,0.35
2009,3,VT,Vermont,Legislation - Smokefree Indoor Air,Bars,Restriction Areas,Type of Restriction in Bar Employee Area,Banned,4,Ranking,2009-05-09,2009-07-01,"(43.62538123900049, -72.51764079099962)",15GRP,236,53,False,True,3,2,0.6666666666666666,"['New York', 'Massachusetts']",New York,2236.0,0.5833333333333333
2009,2,NE,Nebraska,Legislation - Smokefree Indoor Air,Smokefree Indoor Air – Other Sites,Restriction Areas,Prisons,Banned,4,Ranking,2008-02-26,2009-06-01,"(41.6410409880005, -99.36572062299967)",15GRP,101,461,False,False,5,0,0.0,[],,,0.0
2009,2,NE,Nebraska,Legislation - Smokefree Indoor Air,Bars,Restriction Areas,Type of Restriction in Bar Patron Area,Banned,4,Ranking,2008-02-26,2009-06-01,"(41.6410409880005, -99.36572062299967)",15GRP,235,461,False,False,5,1,0.2,['Colorado'],Colorado,701.0,0.18691780821917808
2009,3,NE,Nebraska,Legislation - Smokefree Indoor Air,Restaurants,Restriction Areas,Type of Restriction in Restaurant Patron Area,Banned,4,Ranking,2008-02-26,2009-06-01,"(41.6410409880005, -99.36572062299967)",15GRP,233,461,False,True,5,2,0.4,"['South Dakota', 'Colorado']",South Dakota,2195.0,0.35
2009,4,NE,Nebraska,Legislation - Smokefree Indoor Air,Smokefree Indoor Air – Other Sites,Restriction Areas,Grocery Stores,Banned,4,Ranking,2008-02-26,2009-06-01,"(41.6410409880005, -99.36572062299967)",15GRP,97,461,False,True,5,2,0.4,"['South Dakota', 'Colorado']",South Dakota,2195.0,0.35
2009,4,VA,Virginia,Legislation - Smokefree Indoor Air,Commercial Day Care Centers,Restrictions,Type of Restriction in Commercial Day Care,Designated Areas,3,Ranking,2009-03-09,2009-12-01,"(37.54268067400045, -78.45789046299967)",10GRP,50,267,False,False,5,2,0.4,"['Tennessee', 'District of Columbia']",Tennessee,16677.0,0.35
2009,4,VA,Virginia,Legislation - Smokefree Indoor Air,Smokefree Indoor Air – Other Sites,Restriction Areas,Enclosed Arenas,Designated Areas,3,Ranking,2009-03-09,2009-12-01,"(37.54268067400045, -78.45789046299967)",15GRP,98,267,False,False,5,0,0.0,[],,,0.0
2009,4,VA,Virginia,Legislation - Smokefree Indoor Air,Smokefree Indoor Air – Other Sites,Restriction Areas,Hospitals,Designated Areas,3,Ranking,2009-03-09,2009-12-01,"(37.54268067400045, -78.45789046299967)",15GRP,100,267,False,False,5,2,0.4,"['Tennessee', 'District of Columbia']",Tennessee,10836.0,0.35
2009,4,VA,Virginia,Legislation - Smokefree Indoor Air,Smokefree Indoor Air – Other Sites,Restriction Areas,Malls,Designated Areas,3,Ranking,2009-03-09,2009-12-01,"(37.54268067400045, -78.45789046299967)",15GRP,96,267,False,False,5,0,0.0,[],,,0.0
2009,4,VA,Virginia,Legislation - Smokefree Indoor Air,Smokefree Indoor Air – Other Sites,Restriction Areas,Prisons,Designated Areas,3,Ranking,2009-03-09,2009-12-01,"(37.54268067400045, -78.45789046299967)",15GRP,101,267,False,False,5,0,0.0,[],,,0.0
2009,4,VA,Virginia,Legislation - Smokefree Indoor Air,Government Worksites,Restrictions,Type of Restriction in Government Worksite,Designated Areas,3,Ranking,2009-03-09,2009-12-01,"(37.54268067400045, -78.45789046299967)",10GRP,1,267,False,False,5,1,0.2,['District of Columbia'],District of Columbia,10836.0,0.175
2009,4,VA,Virginia,Legislation - Smokefree Indoor Air,Home-based Day Care Centers,Restrictions,Type of Restriction in Home-Based Day Care,Designated Areas,3,Ranking,2009-03-09,2009-12-01,"(37.54268067400045, -78.45789046299967)",10GRP,65,267,False,False,5,0,0.0,[],,,0.0
2010,4,NC,North Carolina,Legislation - Smokefree Indoor Air,Restaurants,Restriction Areas,Type of Restriction in Restaurant Patron Area,Banned,4,Ranking,2009-05-19,2010-01-02,"(35.466220975000454, -79.15925046299964)",15GRP,233,228,False,False,4,0,0.0,[],,,0.0
2010,3,WI,Wisconsin,Legislation - Smokefree Indoor Air,Private Worksites,Restrictions,Type of Restriction in Private Worksite,Banned,4,Ranking,2009-05-18,2010-07-05,"(44.39319117400049, -89.81637074199966)",10GRP,20,413,False,True,4,3,0.75,"['Minnesota', 'Iowa', 'Illinois']",Minnesota,733.0,0.65625
2010,3,MI,Michigan,Legislation - Smokefree Indoor Air,Bars,Restrictions,Type of Restriction in Bar (Summary),Banned,4,Ranking,2009-12-18,2010-05-01,"(44.6613195430005, -84.71439026999968)",10GRP,234,134,False,True,3,2,0.6666666666666666,"['Wisconsin', 'Ohio']",Wisconsin,1137.0,0.5833333333333333
2010,4,NC,North Carolina,Legislation - Smokefree Indoor Air,Hotels and Motels,Additional Requirements,Sleeping Room Designation (Type),Smoking Room,3,Ranking,2009-05-19,2010-01-02,"(35.466220975000454, -79.15925046299964)",20GRP,83,228,False,True,4,2,0.5,"['Tennessee', 'Georgia']",Tennessee,1471.0,0.4375
2010,3,KS,Kansas,Legislation - Smokefree Indoor Air,Smokefree Indoor Air – Other Sites,Restriction Areas,Grocery Stores,Banned,4,Ranking,2010-03-12,2010-07-01,"(38.34774030000045, -98.20078122699965)",15GRP,97,111,False,True,4,2,0.5,"['Nebraska', 'Colorado']",Nebraska,1446.0,0.4375
2010,2,VI,U.S. Virgin Islands,Legislation - Smokefree Indoor Air,Smokefree Indoor Air – Other Sites,Restriction Areas,Grocery Stores,Banned,4,Ranking,2010-05-10,2010-05-10,"(18.335765, -64.896335)",15GRP,97,0,False,False,0,0,,[],,,0.0
2010,3,VI,U.S. Virgin Islands,Legislation - Smokefree Indoor Air,Bars,Restriction Areas,Type of Restriction in Bar Patron Area,Banned,4,Ranking,2010-05-10,2010-05-10,"(18.335765, -64.896335)",15GRP,235,0,False,False,0,0,,[],,,0.0
2010,4,MI,Michigan,Legislation - Smokefree Indoor Air,Government Worksites,Restrictions,Type of Restriction in Government Worksite,Banned,4,Ranking,2009-12-18,2010-05-01,"(44.6613195430005, -84.71439026999968)",10GRP,1,134,False,False,3,2,0.6666666666666666,"['Wisconsin', 'Ohio']",Wisconsin,6188.0,0.5833333333333333
2010,2,VI,U.S. Virgin Islands,Legislation - Smokefree Indoor Air,Smokefree Indoor Air – Other Sites,Restriction Areas,Mental Health - Outpatient Facilities,Banned,4,Ranking,2010-05-10,2010-05-10,"(18.335765, -64.896335)",15GRP,340,0,False,False,0,0,,[],,,0.0
2010,3,VI,U.S. Virgin Islands,Legislation - Smokefree Indoor Air,Restaurants,Restriction Areas,Type of Restriction in Restaurant Bar Area,Banned,4,Ranking,2010-05-10,2010-05-10,"(18.335765, -64.896335)",15GRP,231,0,False,False,0,0,,[],,,0.0
2010,4,KS,Kansas,Legislation - Smokefree Indoor Air,Bars,Restriction Areas,Type of Restriction in Bar Employee Area,Banned,4,Ranking,2010-03-12,2010-07-01,"(38.34774030000045, -98.20078122699965)",15GRP,236,111,False,True,4,2,0.5,"['Nebraska', 'Colorado']",Nebraska,1446.0,0.4375
2010,3,VI,U.S. Virgin Islands,Legislation - Smokefree Indoor Air,Restaurants,Restriction Areas,Type of Restriction in Restaurant Employee Area,Banned,4,Ranking,2010-05-10,2010-05-10,"(18.335765, -64.896335)",15GRP,232,0,False,False,0,0,,[],,,0.0
2010,3,KS,Kansas,Legislation - Smokefree Indoor Air,Smokefree Indoor Air – Other Sites,Restriction Areas,Public Transportation,Banned,4,Ranking,2010-03-12,2010-07-01,"(38.34774030000045, -98.20078122699965)",15GRP,99,111,False,True,4,3,0.75,"['Nebraska', 'Oklahoma', 'Colorado']",Nebraska,2471.0,0.65625
2010,3,KS,Kansas,Legislation - Smokefree Indoor Air,Government Worksites,Restrictions,Type of Restriction in Government Worksite,Banned,4,Ranking,2010-03-12,2010-07-01,"(38.34774030000045, -98.20078122699965)",10GRP,1,111,False,False,4,2,0.5,"['Nebraska', 'Colorado']",Nebraska,4000.0,0.4375
2010,3,KS,Kansas,Legislation - Smokefree Indoor Air,Private Multi-Unit Housing,Restrictions,Type of Restriction in Lobby and Common Area of Private Multi-Unit Housing,Banned,4,Ranking,2010-03-12,2010-07-01,"(38.34774030000045, -98.20078122699965)",10GRP,125,111,False,False,4,1,0.25,['Colorado'],Colorado,1446.0,0.21875
2010,3,KS,Kansas,Legislation - Smokefree Indoor Air,Commercial Day Care Centers,Restrictions,Type of Restriction in Commercial Day Care,Banned,4,Ranking,2010-03-12,2010-07-01,"(38.34774030000045, -98.20078122699965)",10GRP,50,111,False,False,4,3,0.75,"['Nebraska', 'Missouri', 'Colorado']",Nebraska,6114.0,0.65625
2010,4,KS,Kansas,Legislation - Smokefree Indoor Air,Restaurants,Restrictions,Type of Restriction in Restaurant (Summary),Banned,4,Ranking,2010-03-12,2010-07-01,"(38.34774030000045, -98.20078122699965)",10GRP,37,111,False,True,4,2,0.5,"['Nebraska', 'Colorado']",Nebraska,1446.0,0.4375
2010,3,WI,Wisconsin,Legislation - Smokefree Indoor Air,Government Multi-Unit Housing,Restrictions,Type of Restriction in Lobby and Common Area of Government Multi-Unit Housing,Banned,4,Ranking,2009-05-18,2010-07-05,"(44.39319117400049, -89.81637074199966)",10GRP,115,413,False,True,4,2,0.5,"['Minnesota', 'Iowa']",Minnesota,733.0,0.4375
2010,3,MI,Michigan,Legislation - Smokefree Indoor Air,Restaurants,Restrictions,Type of Restriction in Restaurant (Summary),Banned,4,Ranking,2009-12-18,2010-05-01,"(44.6613195430005, -84.71439026999968)",10GRP,37,134,False,True,3,2,0.6666666666666666,"['Wisconsin', 'Ohio']",Wisconsin,1137.0,0.5833333333333333
2010,3,NC,North Carolina,Legislation - Smokefree Indoor Air,Bars,Restrictions,Type of Restriction in Bar (Summary),Banned,4,Ranking,2009-05-19,2010-01-02,"(35.466220975000454, -79.15925046299964)",10GRP,234,228,False,False,4,0,0.0,[],,,0.0
2010,3,WI,Wisconsin,Legislation - Smokefree Indoor Air,Private Multi-Unit Housing,Restrictions,Type of Restriction in Lobby and Common Area of Private Multi-Unit Housing,Banned,4,Ranking,2009-05-18,2010-07-05,"(44.39319117400049, -89.81637074199966)",10GRP,125,413,False,False,4,1,0.25,['Minnesota'],Minnesota,733.0,0.21875
2010,3,VI,U.S. Virgin Islands,Legislation - Smokefree Indoor Air,Restaurants,Restrictions,Type of Restriction in Restaurant (Summary),Banned,4,Ranking,2010-05-10,2010-05-10,"(18.335765, -64.896335)",10GRP,37,0,False,False,0,0,,[],,,0.0
2010,4,MI,Michigan,Legislation - Smokefree Indoor Air,Smokefree Indoor Air – Other Sites,Restriction Areas,Enclosed Arenas,Banned,4,Ranking,2009-12-18,2010-05-01,"(44.6613195430005, -84.71439026999968)",15GRP,98,134,False,True,3,2,0.6666666666666666,"['Wisconsin', 'Ohio']",Wisconsin,1137.0,0.5833333333333333
2010,3,MI,Michigan,Legislation - Smokefree Indoor Air,Restaurants,Restriction Areas,Type of Restriction in Restaurant Employee Area,Banned,4,Ranking,2009-12-18,2010-05-01,"(44.6613195430005, -84.71439026999968)",15GRP,232,134,False,True,3,2,0.6666666666666666,"['Wisconsin', 'Ohio']",Wisconsin,1137.0,0.5833333333333333
2010,3,VI,U.S. Virgin Islands,Legislation - Smokefree Indoor Air,Smokefree Indoor Air – Other Sites,Restriction Areas,Casinos,Banned,4,Ranking,2010-05-10,2010-05-10,"(18.335765, -64.896335)",15GRP,335,0,False,False,0,0,,[],,,0.0
2010,2,VI,U.S. Virgin Islands,Legislation - Smokefree Indoor Air,Home-based Day Care Centers,Vehicles,Type of Restriction in Home-Based Day Care Vehicle,Banned,4,Ranking,2010-05-10,2010-05-10,"(18.335765, -64.896335)",30GRP,77,0,False,False,0,0,,[],,,0.0
2010,2,VI,U.S. Virgin Islands,Legislation - Smokefree Indoor Air,Smokefree Indoor Air – Other Sites,Restriction Areas,Hospitals,Banned,4,Ranking,2010-05-10,2010-05-10,"(18.335765, -64.896335)",15GRP,100,0,False,False,0,0,,[],,,0.0
2010,3,NC,North Carolina,Legislation - Smokefree Indoor Air,Restaurants,Restriction Areas,Type of Restriction in Restaurant Employee Area,Banned,4,Ranking,2009-05-19,2010-01-02,"(35.466220975000454, -79.15925046299964)",15GRP,232,228,False,False,4,0,0.0,[],,,0.0
2010,3,KS,Kansas,Legislation - Smokefree Indoor Air,Restaurants,Restriction Areas,Type of Restriction in Restaurant Patron Area,Banned,4,Ranking,2010-03-12,2010-07-01,"(38.34774030000045, -98.20078122699965)",15GRP,233,111,False,True,4,2,0.5,"['Nebraska', 'Colorado']",Nebraska,1446.0,0.4375
2010,3,PA,Pennsylvania,Legislation - Smokefree Indoor Air,Smokefree Indoor Air – Other Sites,Restriction Areas,Casinos,Designated Areas,3,Ranking,2010-01-07,2010-01-07,"(40.79373015200048, -77.86070029399963)",15GRP,335,0,False,False,6,0,0.0,[],,,0.0
2010,3,DC,District of Columbia,Legislation - Smokefree Indoor Air,Hotels and Motels,Restrictions,Type of Restriction in Lobby and Common Area of Hotel and Motel,Banned,4,Ranking,2010-04-02,2010-05-27,"(38.89037138500049, -77.03196112699965)",10GRP,81,55,False,False,2,1,0.5,['Maryland'],Maryland,5454.0,0.4375
2010,3,KS,Kansas,Legislation - Smokefree Indoor Air,Smokefree Indoor Air – Other Sites,Restriction Areas,Enclosed Arenas,Banned,4,Ranking,2010-03-12,2010-07-01,"(38.34774030000045, -98.20078122699965)",15GRP,98,111,False,True,4,2,0.5,"['Nebraska', 'Colorado']",Nebraska,1446.0,0.4375
2010,3,MI,Michigan,Legislation - Smokefree Indoor Air,Smokefree Indoor Air – Other Sites,Restriction Areas,Hospitals,Banned,4,Ranking,2009-12-18,2010-05-01,"(44.6613195430005, -84.71439026999968)",15GRP,100,134,False,False,3,2,0.6666666666666666,"['Wisconsin', 'Ohio']",Wisconsin,9375.0,0.5833333333333333
2010,3,KS,Kansas,Legislation - Smokefree Indoor Air,Smokefree Indoor Air – Other Sites,Restriction Areas,Mental Health - Outpatient Facilities,Designated Areas,3,Ranking,2010-03-12,2010-07-01,"(38.34774030000045, -98.20078122699965)",15GRP,340,111,False,False,4,0,0.0,[],,,0.0
2010,3,VI,U.S. Virgin Islands,Legislation - Smokefree Indoor Air,Home-based Day Care Centers,Restrictions,Type of Restriction in Home-Based Day Care,Banned,4,Ranking,2010-05-10,2010-05-10,"(18.335765, -64.896335)",10GRP,65,0,False,False,0,0,,[],,,0.0
2010,3,WI,Wisconsin,Legislation - Smokefree Indoor Air,Bars,Restriction Areas,Type of Restriction in Bar Employee Area,Banned,4,Ranking,2009-05-18,2010-07-05,"(44.39319117400049, -89.81637074199966)",15GRP,236,413,False,True,4,3,0.75,"['Minnesota', 'Iowa', 'Illinois']",Minnesota,733.0,0.65625
2010,4,MI,Michigan,Legislation - Smokefree Indoor Air,Bars,Restriction Areas,Type of Restriction in Bar Patron Area,Banned,4,Ranking,2009-12-18,2010-05-01,"(44.6613195430005, -84.71439026999968)",15GRP,235,134,False,True,3,2,0.6666666666666666,"['Wisconsin', 'Ohio']",Wisconsin,1137.0,0.5833333333333333
2010,3,VI,U.S. Virgin Islands,Legislation - Smokefree Indoor Air,Government Worksites,Vehicles,Type of Restriction in Government Worksite Vehicle,Banned,4,Ranking,2010-05-10,2010-05-10,"(18.335765, -64.896335)",30GRP,17,0,False,False,0,0,,[],,,0.0
2010,3,VI,U.S. Virgin Islands,Legislation - Smokefree Indoor Air,Government Multi-Unit Housing,Restrictions,Type of Restriction in Lobby and Common Area of Government Multi-Unit Housing,Banned,4,Ranking,2010-05-10,2010-05-10,"(18.335765, -64.896335)",10GRP,115,0,False,False,0,0,,[],,,0.0
2010,3,MI,Michigan,Legislation - Smokefree Indoor Air,Private Worksites,Restrictions,Type of Restriction in Private Worksite,Banned,4,Ranking,2009-12-18,2010-05-01,"(44.6613195430005, -84.71439026999968)",10GRP,20,134,False,True,3,2,0.6666666666666666,"['Wisconsin', 'Ohio']",Wisconsin,1137.0,0.5833333333333333
2010,3,VI,U.S. Virgin Islands,Legislation - Smokefree Indoor Air,Smokefree Indoor Air – Other Sites,Restriction Areas,Malls,Banned,4,Ranking,2010-05-10,2010-05-10,"(18.335765, -64.896335)",15GRP,96,0,False,False,0,0,,[],,,0.0
2010,2,VI,U.S. Virgin Islands,Legislation - Smokefree Indoor Air,Commercial Day Care Centers,Restrictions,Type of Restriction in Commercial Day Care,Banned,4,Ranking,2010-05-10,2010-05-10,"(18.335765, -64.896335)",10GRP,50,0,False,False,0,0,,[],,,0.0
2010,4,MI,Michigan,Legislation - Smokefree Indoor Air,Smokefree Indoor Air – Other Sites,Restriction Areas,Casinos,Designated Areas,3,Ranking,2009-12-18,2010-05-01,"(44.6613195430005, -84.71439026999968)",15GRP,335,134,False,False,3,0,0.0,[],,,0.0
2010,3,KS,Kansas,Legislation - Smokefree Indoor Air,Private Worksites,Restrictions,Type of Restriction in Private Worksite,Banned,4,Ranking,2010-03-12,2010-07-01,"(38.34774030000045, -98.20078122699965)",10GRP,20,111,False,True,4,2,0.5,"['Nebraska', 'Colorado']",Nebraska,1446.0,0.4375
2010,3,WI,Wisconsin,Legislation - Smokefree Indoor Air,Bars,Restriction Areas,Type of Restriction in Bar Patron Area,Banned,4,Ranking,2009-05-18,2010-07-05,"(44.39319117400049, -89.81637074199966)",15GRP,235,413,False,True,4,3,0.75,"['Minnesota', 'Iowa', 'Illinois']",Minnesota,733.0,0.65625
2010,4,KS,Kansas,Legislation - Smokefree Indoor Air,Smokefree Indoor Air – Other Sites,Restriction Areas,Hospitals,Designated Areas,3,Ranking,2010-03-12,2010-07-01,"(38.34774030000045, -98.20078122699965)",15GRP,100,111,False,False,4,4,1.0,"['Nebraska', 'Missouri', 'Oklahoma', 'Colorado']",Nebraska,11942.0,0.7
2010,3,VI,U.S. Virgin Islands,Legislation - Smokefree Indoor Air,Private Worksites,Restrictions,Type of Restriction in Private Worksite,Banned,4,Ranking,2010-05-10,2010-05-10,"(18.335765, -64.896335)",10GRP,20,0,False,False,0,0,,[],,,0.0
2010,3,WI,Wisconsin,Legislation - Smokefree Indoor Air,Restaurants,Restriction Areas,Type of Restriction in Restaurant Bar Area,Banned,4,Ranking,2009-05-18,2010-07-05,"(44.39319117400049, -89.81637074199966)",15GRP,231,413,False,True,4,3,0.75,"['Minnesota', 'Iowa', 'Illinois']",Minnesota,733.0,0.65625
2010,3,KS,Kansas,Legislation - Smokefree Indoor Air,Bars,Restrictions,Type of Restriction in Bar (Summary),Banned,4,Ranking,2010-03-12,2010-07-01,"(38.34774030000045, -98.20078122699965)",10GRP,234,111,False,True,4,2,0.5,"['Nebraska', 'Colorado']",Nebraska,1446.0,0.4375
2010,3,MI,Michigan,Legislation - Smokefree Indoor Air,Smokefree Indoor Air – Other Sites,Restriction Areas,Public Transportation,Banned,4,Ranking,2009-12-18,2010-05-01,"(44.6613195430005, -84.71439026999968)",15GRP,99,134,False,True,3,2,0.6666666666666666,"['Wisconsin', 'Ohio']",Wisconsin,1137.0,0.5833333333333333
2010,2,VI,U.S. Virgin Islands,Legislation - Smokefree Indoor Air,Private Multi-Unit Housing,Restrictions,Type of Restriction in Lobby and Common Area of Private Multi-Unit Housing,Banned,4,Ranking,2010-05-10,2010-05-10,"(18.335765, -64.896335)",10GRP,125,0,False,False,0,0,,[],,,0.0
2010,3,NC,North Carolina,Legislation - Smokefree Indoor Air,Bars,Restriction Areas,Type of Restriction in Bar Patron Area,Banned,4,Ranking,2009-05-19,2010-01-02,"(35.466220975000454, -79.15925046299964)",15GRP,235,228,False,False,4,0,0.0,[],,,0.0
2010,3,VI,U.S. Virgin Islands,Legislation - Smokefree Indoor Air,Private Worksites,Vehicles,Type of Restriction in Private Worksite Vehicle,Banned,4,Ranking,2010-05-10,2010-05-10,"(18.335765, -64.896335)",30GRP,34,0,False,False,0,0,,[],,,0.0
2010,3,MI,Michigan,Legislation - Smokefree Indoor Air,Hotels and Motels,Restrictions,Type of Restriction in Lobby and Common Area of Hotel and Motel,Banned,4,Ranking,2009-12-18,2010-05-01,"(44.6613195430005, -84.71439026999968)",10GRP,81,134,False,True,3,2,0.6666666666666666,"['Wisconsin', 'Ohio']",Wisconsin,1137.0,0.5833333333333333
2010,2,VI,U.S. Virgin Islands,Legislation - Smokefree Indoor Air,Government Worksites,Restrictions,Type of Restriction in Government Worksite,Banned,4,Ranking,2010-05-10,2010-05-10,"(18.335765, -64.896335)",10GRP,1,0,False,False,0,0,,[],,,0.0
2010,2,VI,U.S. Virgin Islands,Legislation - Smokefree Indoor Air,Bars,Restrictions,Type of Restriction in Bar (Summary),Banned,4,Ranking,2010-05-10,2010-05-10,"(18.335765, -64.896335)",10GRP,234,0,False,False,0,0,,[],,,0.0
2010,2,VI,U.S. Virgin Islands,Legislation - Smokefree Indoor Air,Restaurants,Restriction Areas,Type of Restriction in Restaurant Patron Area,Banned,4,Ranking,2010-05-10,2010-05-10,"(18.335765, -64.896335)",15GRP,233,0,False,False,0,0,,[],,,0.0
2010,3,WI,Wisconsin,Legislation - Smokefree Indoor Air,Restaurants,Restrictions,Type of Restriction in Restaurant (Summary),Banned,4,Ranking,2009-05-18,2010-07-05,"(44.39319117400049, -89.81637074199966)",10GRP,37,413,False,True,4,3,0.75,"['Minnesota', 'Iowa', 'Illinois']",Minnesota,733.0,0.65625
2010,3,WI,Wisconsin,Legislation - Smokefree Indoor Air,Smokefree Indoor Air – Other Sites,Restriction Areas,Public Transportation,Banned,4,Ranking,2009-05-18,2010-07-05,"(44.39319117400049, -89.81637074199966)",15GRP,99,413,False,True,4,3,0.75,"['Minnesota', 'Iowa', 'Illinois']",Minnesota,733.0,0.65625
2010,3,KS,Kansas,Legislation - Smokefree Indoor Air,Smokefree Indoor Air – Other Sites,Restriction Areas,Mental Health - Residential Facilities,Designated Areas,3,Ranking,2010-03-12,2010-07-01,"(38.34774030000045, -98.20078122699965)",15GRP,341,111,False,False,4,0,0.0,[],,,0.0
2010,4,MI,Michigan,Legislation - Smokefree Indoor Air,Bars,Restriction Areas,Type of Restriction in Bar Employee Area,Banned,4,Ranking,2009-12-18,2010-05-01,"(44.6613195430005, -84.71439026999968)",15GRP,236,134,False,True,3,2,0.6666666666666666,"['Wisconsin', 'Ohio']",Wisconsin,1137.0,0.5833333333333333
2010,2,VI,U.S. Virgin Islands,Legislation - Smokefree Indoor Air,Commercial Day Care Centers,Vehicles,Type of Restriction in Commercial Day Care Vehicle,Banned,4,Ranking,2010-05-10,2010-05-10,"(18.335765, -64.896335)",30GRP,61,0,False,False,0,0,,[],,,0.0
2010,3,WI,Wisconsin,Legislation - Smokefree Indoor Air,Government Worksites,Restrictions,Type of Restriction in Government Worksite,Banned,4,Ranking,2009-05-18,2010-07-05,"(44.39319117400049, -89.81637074199966)",10GRP,1,413,False,False,4,4,1.0,"['Michigan', 'Minnesota', 'Iowa', 'Illinois']",Michigan,6270.0,0.7
2010,3,MI,Michigan,Legislation - Smokefree Indoor Air,Smokefree Indoor Air – Other Sites,Restriction Areas,Malls,Banned,4,Ranking,2009-12-18,2010-05-01,"(44.6613195430005, -84.71439026999968)",15GRP,96,134,False,True,3,2,0.6666666666666666,"['Wisconsin', 'Ohio']",Wisconsin,1137.0,0.5833333333333333
2010,3,WI,Wisconsin,Legislation - Smokefree Indoor Air,Restaurants,Restriction Areas,Type of Restriction in Restaurant Patron Area,Banned,4,Ranking,2009-05-18,2010-07-05,"(44.39319117400049, -89.81637074199966)",15GRP,233,413,False,True,4,3,0.75,"['Minnesota', 'Iowa', 'Illinois']",Minnesota,733.0,0.65625
2010,3,KS,Kansas,Legislation - Smokefree Indoor Air,Restaurants,Restriction Areas,Type of Restriction in Restaurant Bar Area,Banned,4,Ranking,2010-03-12,2010-07-01,"(38.34774030000045, -98.20078122699965)",15GRP,231,111,False,True,4,2,0.5,"['Nebraska', 'Colorado']",Nebraska,1446.0,0.4375
2010,4,KS,Kansas,Legislation - Smokefree Indoor Air,Hotels and Motels,Restrictions,Type of Restriction in Lobby and Common Area of Hotel and Motel,Banned,4,Ranking,2010-03-12,2010-07-01,"(38.34774030000045, -98.20078122699965)",10GRP,81,111,False,True,4,3,0.75,"['Nebraska', 'Oklahoma', 'Colorado']",Nebraska,2471.0,0.65625
2010,3,WI,Wisconsin,Legislation - Smokefree Indoor Air,Smokefree Indoor Air – Other Sites,Restriction Areas,Grocery Stores,Banned,4,Ranking,2009-05-18,2010-07-05,"(44.39319117400049, -89.81637074199966)",15GRP,97,413,False,True,4,3,0.75,"['Minnesota', 'Iowa', 'Illinois']",Minnesota,733.0,0.65625
2010,4,KS,Kansas,Legislation - Smokefree Indoor Air,Home-based Day Care Centers,Restrictions,Type of Restriction in Home-Based Day Care,Banned,4,Ranking,2010-03-12,2010-07-01,"(38.34774030000045, -98.20078122699965)",10GRP,65,111,False,False,4,4,1.0,"['Nebraska', 'Missouri', 'Oklahoma', 'Colorado']",Nebraska,6114.0,0.7
2010,4,SD,South Dakota,Legislation - Smokefree Indoor Air,Bars,Restrictions,Type of Restriction in Bar (Summary),Banned,4,Ranking,2010-11-02,2010-11-10,"(44.353130053000484, -100.3735306369997)",10GRP,234,8,False,True,5,4,0.8,"['Minnesota', 'Iowa', 'Nebraska', 'Montana']",Minnesota,2024.0,0.7
2010,4,SD,South Dakota,Legislation - Smokefree Indoor Air,Restaurants,Restrictions,Type of Restriction in Restaurant (Summary),Banned,4,Ranking,2010-11-02,2010-11-10,"(44.353130053000484, -100.3735306369997)",10GRP,37,8,False,True,5,4,0.8,"['Minnesota', 'Iowa', 'Nebraska', 'Montana']",Minnesota,2024.0,0.7
2010,4,WI,Wisconsin,Legislation - Smokefree Indoor Air,Smokefree Indoor Air – Other Sites,Restriction Areas,Prisons,Banned,4,Ranking,2009-05-18,2010-07-05,"(44.39319117400049, -89.81637074199966)",15GRP,101,413,False,False,4,2,0.5,"['Michigan', 'Minnesota']",Michigan,4794.0,0.4375
2010,4,SD,South Dakota,Legislation - Smokefree Indoor Air,Home-based Day Care Centers,Restrictions,Type of Restriction in Home-Based Day Care,Banned,4,Ranking,2010-11-02,2010-11-10,"(44.353130053000484, -100.3735306369997)",10GRP,65,8,False,False,5,5,1.0,"['North Dakota', 'Minnesota', 'Iowa', 'Nebraska', 'Montana']",North Dakota,8552.0,0.7
2010,4,SD,South Dakota,Legislation - Smokefree Indoor Air,Smokefree Indoor Air – Other Sites,Restriction Areas,Hospitals,Banned,4,Ranking,2010-11-02,2010-11-10,"(44.353130053000484, -100.3735306369997)",15GRP,100,8,False,False,5,5,1.0,"['North Dakota', 'Minnesota', 'Iowa', 'Nebraska', 'Montana']",North Dakota,12937.0,0.7
2010,4,VI,U.S. Virgin Islands,Legislation - Smokefree Indoor Air,Smokefree Indoor Air – Other Sites,Restriction Areas,Substance Use - Residential Facilities,Banned,4,Ranking,2010-05-10,2010-11-10,"(18.335765, -64.896335)",15GRP,339,184,False,False,0,0,,[],,,0.0
2010,4,VI,U.S. Virgin Islands,Legislation - Smokefree Indoor Air,Smokefree Indoor Air – Other Sites,Restriction Areas,Mental Health - Residential Facilities,Banned,4,Ranking,2010-05-10,2010-05-10,"(18.335765, -64.896335)",15GRP,341,0,False,False,0,0,,[],,,0.0
2010,4,WI,Wisconsin,Legislation - Smokefree Indoor Air,Restaurants,Restriction Areas,Type of Restriction in Restaurant Employee Area,Banned,4,Ranking,2009-05-18,2010-07-05,"(44.39319117400049, -89.81637074199966)",15GRP,232,413,False,True,4,3,0.75,"['Minnesota', 'Iowa', 'Illinois']",Minnesota,733.0,0.65625
2010,4,VI,U.S. Virgin Islands,Legislation - Smokefree Indoor Air,Smokefree Indoor Air – Other Sites,Restriction Areas,Substance Use - Outpatient Facilities,Banned,4,Ranking,2010-05-10,2010-11-10,"(18.335765, -64.896335)",15GRP,338,184,False,False,0,0,,[],,,0.0
2010,4,SD,South Dakota,Legislation - Smokefree Indoor Air,Hotels and Motels,Restrictions,Type of Restriction in Lobby and Common Area of Hotel and Motel,Banned,4,Ranking,2010-11-02,2010-11-10,"(44.353130053000484, -100.3735306369997)",10GRP,81,8,False,True,5,5,1.0,"['North Dakota', 'Minnesota', 'Iowa', 'Nebraska', 'Montana']",North Dakota,2024.0,0.7
2010,4,VI,U.S. Virgin Islands,Legislation - Smokefree Indoor Air,Smokefree Indoor Air – Other Sites,Restriction Areas,Public Transportation,Banned,4,Ranking,2010-05-10,2010-11-10,"(18.335765, -64.896335)",15GRP,99,184,False,False,0,0,,[],,,0.0
2010,4,WI,Wisconsin,Legislation - Smokefree Indoor Air,Smokefree Indoor Air – Other Sites,Restriction Areas,Mental Health - Residential Facilities,Banned,4,Ranking,2009-06-09,2010-07-05,"(44.39319117400049, -89.81637074199966)",15GRP,341,391,False,False,4,1,0.25,['Illinois'],Illinois,687.0,0.23642123287671235
2010,4,SD,South Dakota,Legislation - Smokefree Indoor Air,Restaurants,Restriction Areas,Type of Restriction in Restaurant Patron Area,Banned,4,Ranking,2010-11-02,2010-11-10,"(44.353130053000484, -100.3735306369997)",15GRP,233,8,False,True,5,5,1.0,"['North Dakota', 'Minnesota', 'Iowa', 'Nebraska', 'Montana']",North Dakota,2024.0,0.7
2010,4,SD,South Dakota,Legislation - Smokefree Indoor Air,Smokefree Indoor Air – Other Sites,Restriction Areas,Public Transportation,Banned,4,Ranking,2010-11-02,2010-11-10,"(44.353130053000484, -100.3735306369997)",15GRP,99,8,False,True,5,5,1.0,"['North Dakota', 'Minnesota', 'Iowa', 'Nebraska', 'Montana']",North Dakota,2025.0,0.7
2010,4,SD,South Dakota,Legislation - Smokefree Indoor Air,Private Worksites,Restrictions,Type of Restriction in Private Worksite,Banned,4,Ranking,2010-11-02,2010-11-10,"(44.353130053000484, -100.3735306369997)",10GRP,20,8,False,True,5,5,1.0,"['North Dakota', 'Minnesota', 'Iowa', 'Nebraska', 'Montana']",North Dakota,2027.0,0.7
2010,4,WI,Wisconsin,Legislation - Smokefree Indoor Air,Smokefree Indoor Air – Other Sites,Restriction Areas,Mental Health - Outpatient Facilities,Banned,4,Ranking,2009-06-09,2010-07-05,"(44.39319117400049, -89.81637074199966)",15GRP,340,391,False,True,4,2,0.5,"['Minnesota', 'Illinois']",Minnesota,2196.0,0.4375
2010,4,SD,South Dakota,Legislation - Smokefree Indoor Air,Restaurants,Restriction Areas,Type of Restriction in Restaurant Bar Area,Banned,4,Ranking,2010-11-02,2010-11-10,"(44.353130053000484, -100.3735306369997)",15GRP,231,8,False,True,5,4,0.8,"['Minnesota', 'Iowa', 'Nebraska', 'Montana']",Minnesota,2024.0,0.7
2010,4,WI,Wisconsin,Legislation - Smokefree Indoor Air,Smokefree Indoor Air – Other Sites,Restriction Areas,Malls,Banned,4,Ranking,2009-05-18,2010-07-05,"(44.39319117400049, -89.81637074199966)",15GRP,96,413,False,True,4,3,0.75,"['Minnesota', 'Iowa', 'Illinois']",Minnesota,733.0,0.65625
2010,4,SD,South Dakota,Legislation - Smokefree Indoor Air,Smokefree Indoor Air – Other Sites,Restriction Areas,Grocery Stores,Banned,4,Ranking,2010-11-02,2010-11-10,"(44.353130053000484, -100.3735306369997)",15GRP,97,8,False,True,5,5,1.0,"['North Dakota', 'Minnesota', 'Iowa', 'Nebraska', 'Montana']",North Dakota,2025.0,0.7
2010,4,VI,U.S. Virgin Islands,Legislation - Smokefree Indoor Air,Hotels and Motels,Restrictions,Type of Restriction in Lobby and Common Area of Hotel and Motel,Banned,4,Ranking,2010-05-10,2010-05-10,"(18.335765, -64.896335)",10GRP,81,0,False,False,0,0,,[],,,0.0
2010,4,SD,South Dakota,Legislation - Smokefree Indoor Air,Government Worksites,Restrictions,Type of Restriction in Government Worksite,Banned,4,Ranking,2010-11-02,2010-11-10,"(44.353130053000484, -100.3735306369997)",10GRP,1,8,False,False,5,5,1.0,"['North Dakota', 'Minnesota', 'Iowa', 'Nebraska', 'Montana']",North Dakota,4235.0,0.7
2010,4,VI,U.S. Virgin Islands,Legislation - Smokefree Indoor Air,Bars,Restriction Areas,Type of Restriction in Bar Employee Area,Banned,4,Ranking,2010-05-10,2010-05-10,"(18.335765, -64.896335)",15GRP,236,0,False,False,0,0,,[],,,0.0
2010,4,SD,South Dakota,Legislation - Smokefree Indoor Air,Smokefree Indoor Air – Other Sites,Restriction Areas,Malls,Banned,4,Ranking,2010-11-02,2010-11-10,"(44.353130053000484, -100.3735306369997)",15GRP,96,8,False,True,5,4,0.8,"['Minnesota', 'Iowa', 'Nebraska', 'Montana']",Minnesota,2025.0,0.7
2010,4,WI,Wisconsin,Legislation - Smokefree Indoor Air,Smokefree Indoor Air – Other Sites,Restriction Areas,Substance Use - Outpatient Facilities,Banned,4,Ranking,2009-06-09,2010-07-05,"(44.39319117400049, -89.81637074199966)",15GRP,338,391,False,True,4,2,0.5,"['Minnesota', 'Illinois']",Minnesota,2196.0,0.4375
2010,4,WI,Wisconsin,Legislation - Smokefree Indoor Air,Smokefree Indoor Air – Other Sites,Restriction Areas,Substance Use - Residential Facilities,Banned,4,Ranking,2009-06-09,2010-07-05,"(44.39319117400049, -89.81637074199966)",15GRP,339,391,False,False,4,1,0.25,['Illinois'],Illinois,687.0,0.23642123287671235
2010,4,SD,South Dakota,Legislation - Smokefree Indoor Air,Bars,Restriction Areas,Type of Restriction in Bar Patron Area,Banned,4,Ranking,2010-11-02,2010-11-10,"(44.353130053000484, -100.3735306369997)",15GRP,235,8,False,True,5,4,0.8,"['Minnesota', 'Iowa', 'Nebraska', 'Montana']",Minnesota,2024.0,0.7
2010,4,SD,South Dakota,Legislation - Smokefree Indoor Air,Restaurants,Restriction Areas,Type of Restriction in Restaurant Employee Area,Banned,4,Ranking,2010-11-02,2010-11-10,"(44.353130053000484, -100.3735306369997)",15GRP,232,8,False,True,5,5,1.0,"['North Dakota', 'Minnesota', 'Iowa', 'Nebraska', 'Montana']",North Dakota,2024.0,0.7
2010,4,SD,South Dakota,Legislation - Smokefree Indoor Air,Bars,Restriction Areas,Type of Restriction in Bar Employee Area,Banned,4,Ranking,2010-11-02,2010-11-10,"(44.353130053000484, -100.3735306369997)",15GRP,236,8,False,True,5,4,0.8,"['Minnesota', 'Iowa', 'Nebraska', 'Montana']",Minnesota,2024.0,0.7
2010,4,WI,Wisconsin,Legislation - Smokefree Indoor Air,Bars,Restrictions,Type of Restriction in Bar (Summary),Banned,4,Ranking,2009-05-18,2010-07-05,"(44.39319117400049, -89.81637074199966)",10GRP,234,413,False,True,4,3,0.75,"['Minnesota', 'Iowa', 'Illinois']",Minnesota,733.0,0.65625
2010,4,KS,Kansas,Legislation - Smokefree Indoor Air,Restaurants,Restriction Areas,Type of Restriction in Restaurant Employee Area,Banned,4,Ranking,2010-03-12,2010-07-01,"(38.34774030000045, -98.20078122699965)",15GRP,232,111,False,True,4,2,0.5,"['Nebraska', 'Colorado']",Nebraska,1446.0,0.4375
2010,3,NC,North Carolina,Legislation - Smokefree Indoor Air,Restaurants,Restrictions,Type of Restriction in Restaurant (Summary),Banned,4,Ranking,2009-05-19,2010-01-02,"(35.466220975000454, -79.15925046299964)",10GRP,37,228,False,False,4,0,0.0,[],,,0.0
2010,4,MI,Michigan,Legislation - Smokefree Indoor Air,Restaurants,Restriction Areas,Type of Restriction in Restaurant Patron Area,Banned,4,Ranking,2009-12-18,2010-05-01,"(44.6613195430005, -84.71439026999968)",15GRP,233,134,False,True,3,2,0.6666666666666666,"['Wisconsin', 'Ohio']",Wisconsin,1137.0,0.5833333333333333
2010,2,VI,U.S. Virgin Islands,Legislation - Smokefree Indoor Air,Smokefree Indoor Air – Other Sites,Restriction Areas,Enclosed Arenas,Banned,4,Ranking,2010-05-10,2010-05-10,"(18.335765, -64.896335)",15GRP,98,0,False,False,0,0,,[],,,0.0
2010,4,KS,Kansas,Legislation - Smokefree Indoor Air,Bars,Restriction Areas,Type of Restriction in Bar Patron Area,Banned,4,Ranking,2010-03-12,2010-07-01,"(38.34774030000045, -98.20078122699965)",15GRP,235,111,False,True,4,2,0.5,"['Nebraska', 'Colorado']",Nebraska,1446.0,0.4375
2010,3,WI,Wisconsin,Legislation - Smokefree Indoor Air,Hotels and Motels,Restrictions,Type of Restriction in Lobby and Common Area of Hotel and Motel,Banned,4,Ranking,2009-05-18,2010-07-05,"(44.39319117400049, -89.81637074199966)",10GRP,81,413,False,True,4,3,0.75,"['Minnesota', 'Iowa', 'Illinois']",Minnesota,735.0,0.65625
2010,3,KS,Kansas,Legislation - Smokefree Indoor Air,Smokefree Indoor Air – Other Sites,Restriction Areas,Malls,Banned,4,Ranking,2010-03-12,2010-07-01,"(38.34774030000045, -98.20078122699965)",15GRP,96,111,False,True,4,3,0.75,"['Nebraska', 'Oklahoma', 'Colorado']",Nebraska,2471.0,0.65625
2010,4,NC,North Carolina,Legislation - Smokefree Indoor Air,Restaurants,Restriction Areas,Type of Restriction in Restaurant Bar Area,Banned,4,Ranking,2009-05-19,2010-01-02,"(35.466220975000454, -79.15925046299964)",15GRP,231,228,False,False,4,0,0.0,[],,,0.0
2010,2,NC,North Carolina,Legislation - Smokefree Indoor Air,Bars,Restriction Areas,Type of Restriction in Bar Employee Area,Banned,4,Ranking,2009-05-19,2010-01-02,"(35.466220975000454, -79.15925046299964)",15GRP,236,228,False,False,4,0,0.0,[],,,0.0
2010,4,MI,Michigan,Legislation - Smokefree Indoor Air,Restaurants,Restriction Areas,Type of Restriction in Restaurant Bar Area,Banned,4,Ranking,2009-12-18,2010-05-01,"(44.6613195430005, -84.71439026999968)",15GRP,231,134,False,True,3,2,0.6666666666666666,"['Wisconsin', 'Ohio']",Wisconsin,1137.0,0.5833333333333333
2010,3,KS,Kansas,Legislation - Smokefree Indoor Air,Government Multi-Unit Housing,Restrictions,Type of Restriction in Lobby and Common Area of Government Multi-Unit Housing,Banned,4,Ranking,2010-03-12,2010-07-01,"(38.34774030000045, -98.20078122699965)",10GRP,115,111,False,False,4,1,0.25,['Colorado'],Colorado,1446.0,0.21875
2010,3,WI,Wisconsin,Legislation - Smokefree Indoor Air,Smokefree Indoor Air – Other Sites,Restriction Areas,Enclosed Arenas,Banned,4,Ranking,2009-05-18,2010-07-05,"(44.39319117400049, -89.81637074199966)",15GRP,98,413,False,True,4,3,0.75,"['Minnesota', 'Iowa', 'Illinois']",Minnesota,733.0,0.65625
2010,4,SD,South Dakota,Legislation - Smokefree Indoor Air,Smokefree Indoor Air – Other Sites,Restriction Areas,Enclosed Arenas,Banned,4,Ranking,2010-11-02,2010-11-10,"(44.353130053000484, -100.3735306369997)",15GRP,98,8,False,True,5,5,1.0,"['North Dakota', 'Minnesota', 'Iowa', 'Nebraska', 'Montana']",North Dakota,2025.0,0.7
2010,4,SD,South Dakota,Legislation - Smokefree Indoor Air,Commercial Day Care Centers,Restrictions,Type of Restriction in Commercial Day Care,Banned,4,Ranking,2010-11-02,2010-11-10,"(44.353130053000484, -100.3735306369997)",10GRP,50,8,False,False,5,5,1.0,"['North Dakota', 'Minnesota', 'Iowa', 'Nebraska', 'Montana']",North Dakota,8552.0,0.7
2010,4,SD,South Dakota,Legislation - Smokefree Indoor Air,Hotels and Motels,Additional Requirements,Sleeping Room Designation (Type),Smoking Room,3,Ranking,2010-11-02,2010-11-10,"(44.353130053000484, -100.3735306369997)",20GRP,83,8,False,True,5,5,1.0,"['North Dakota', 'Minnesota', 'Iowa', 'Nebraska', 'Montana']",North Dakota,2024.0,0.7
2010,4,SD,South Dakota,Legislation - Smokefree Indoor Air,Smokefree Indoor Air – Other Sites,Restriction Areas,Casinos,Banned,4,Ranking,2010-11-02,2010-11-02,"(44.353130053000484, -100.3735306369997)",15GRP,335,0,False,False,5,0,0.0,[],,,0.0
2011,4,OH,Ohio,Legislation - Smokefree Indoor Air,Smokefree Indoor Air – Other Sites,Restriction Areas,Casinos,Banned,4,Ranking,2010-09-10,2011-07-01,"(40.06021014100048, -82.40426005599966)",15GRP,335,294,False,False,4,0,0.0,[],,,0.0
2011,2,AS,American Samoa,Legislation - Smokefree Indoor Air,Smokefree Indoor Air – Other Sites,Restriction Areas,Mental Health - Residential Facilities,Banned,4,Ranking,2010-10-21,2011-01-19,"(-14.3016396, -170.69618149999997)",15GRP,341,90,False,False,0,0,,[],,,0.0
2011,1,AS,American Samoa,Legislation - Smokefree Indoor Air,Smokefree Indoor Air – Other Sites,Restriction Areas,Public Transportation,Banned,4,Ranking,2010-10-21,2011-01-19,"(-14.3016396, -170.69618149999997)",15GRP,99,90,False,False,0,0,,[],,,0.0
2011,2,AS,American Samoa,Legislation - Smokefree Indoor Air,Government Worksites,Restrictions,Type of Restriction in Government Worksite,Banned,4,Ranking,2010-10-21,2011-01-19,"(-14.3016396, -170.69618149999997)",10GRP,1,90,False,False,0,0,,[],,,0.0
2011,1,AS,American Samoa,Legislation - Smokefree Indoor Air,Commercial Day Care Centers,Vehicles,Type of Restriction in Commercial Day Care Vehicle,Banned,4,Ranking,2010-10-21,2011-01-19,"(-14.3016396, -170.69618149999997)",30GRP,61,90,False,False,0,0,,[],,,0.0
2011,2,AS,American Samoa,Legislation - Smokefree Indoor Air,Government Worksites,Vehicles,Type of Restriction in Government Worksite Vehicle,Banned,4,Ranking,2010-10-21,2011-01-19,"(-14.3016396, -170.69618149999997)",30GRP,17,90,False,False,0,0,,[],,,0.0
2011,3,AS,American Samoa,Legislation - Smokefree Indoor Air,Private Worksites,Restrictions,Type of Restriction in Private Worksite,Banned,4,Ranking,2010-10-21,2011-01-19,"(-14.3016396, -170.69618149999997)",10GRP,20,90,False,False,0,0,,[],,,0.0
2011,3,AS,American Samoa,Legislation - Smokefree Indoor Air,Smokefree Indoor Air – Other Sites,Restriction Areas,Hospital Campuses,Banned,4,Ranking,2010-10-21,2011-01-19,"(-14.3016396, -170.69618149999997)",15GRP,342,90,False,False,0,0,,[],,,0.0
2011,3,AS,American Samoa,Legislation - Smokefree Indoor Air,Bars,Restrictions,Type of Restriction in Bar (Summary),Banned,4,Ranking,2010-10-21,2011-01-19,"(-14.3016396, -170.69618149999997)",10GRP,234,90,False,False,0,0,,[],,,0.0
2011,4,AS,American Samoa,Legislation - Smokefree Indoor Air,Restaurants,Restriction Areas,Type of Restriction in Restaurant Patron Area,Banned,4,Ranking,2010-10-21,2011-01-19,"(-14.3016396, -170.69618149999997)",15GRP,233,90,False,False,0,0,,[],,,0.0
2011,3,GU,Guam,Legislation - Smokefree Indoor Air,Home-based Day Care Centers,Vehicles,Type of Restriction in Home-Based Day Care Vehicle,Banned,4,Ranking,2011-09-30,2011-09-30,"(13.444304, 144.793731)",30GRP,77,0,False,False,0,0,,[],,,0.0
2011,3,AS,American Samoa,Legislation - Smokefree Indoor Air,Bars,Restriction Areas,Type of Restriction in Bar Patron Area,Banned,4,Ranking,2010-10-21,2011-01-19,"(-14.3016396, -170.69618149999997)",15GRP,235,90,False,False,0,0,,[],,,0.0
2011,4,AS,American Samoa,Legislation - Smokefree Indoor Air,Private Multi-Unit Housing,Restrictions,Type of Restriction in Lobby and Common Area of Private Multi-Unit Housing,Banned,4,Ranking,2010-10-21,2011-01-19,"(-14.3016396, -170.69618149999997)",10GRP,125,90,False,False,0,0,,[],,,0.0
2011,3,AS,American Samoa,Legislation - Smokefree Indoor Air,Home-based Day Care Centers,Restrictions,Type of Restriction in Home-Based Day Care,Banned,4,Ranking,2010-10-21,2011-01-19,"(-14.3016396, -170.69618149999997)",10GRP,65,90,False,False,0,0,,[],,,0.0
2011,4,AS,American Samoa,Legislation - Smokefree Indoor Air,Hotels and Motels,Restrictions,Type of Restriction in Lobby and Common Area of Hotel and Motel,Banned,4,Ranking,2010-10-21,2011-01-19,"(-14.3016396, -170.69618149999997)",10GRP,81,90,False,False,0,0,,[],,,0.0
2011,4,NV,Nevada,Legislation - Smokefree Indoor Air,Restaurants,Restriction Areas,Type of Restriction in Restaurant Bar Area,Banned,4,Ranking,2011-06-17,2011-06-17,"(39.493240390000494, -117.07184056399967)",15GRP,231,0,False,False,5,5,1.0,"['Idaho', 'Utah', 'Arizona', 'California', 'Oregon']",Idaho,6296.0,0.7
2011,4,GU,Guam,Legislation - Smokefree Indoor Air,Commercial Day Care Centers,Vehicles,Type of Restriction in Commercial Day Care Vehicle,Banned,4,Ranking,2011-09-30,2011-09-30,"(13.444304, 144.793731)",30GRP,61,0,False,False,0,0,,[],,,0.0
2011,2,AS,American Samoa,Legislation - Smokefree Indoor Air,Restaurants,Restriction Areas,Type of Restriction in Restaurant Employee Area,Banned,4,Ranking,2010-10-21,2011-01-19,"(-14.3016396, -170.69618149999997)",15GRP,232,90,False,False,0,0,,[],,,0.0
2011,2,AS,American Samoa,Legislation - Smokefree Indoor Air,Bars,Restriction Areas,Type of Restriction in Bar Employee Area,Banned,4,Ranking,2010-10-21,2011-01-19,"(-14.3016396, -170.69618149999997)",15GRP,236,90,False,False,0,0,,[],,,0.0
2011,2,AS,American Samoa,Legislation - Smokefree Indoor Air,Commercial Day Care Centers,Restrictions,Type of Restriction in Commercial Day Care,Banned,4,Ranking,2010-10-21,2011-01-19,"(-14.3016396, -170.69618149999997)",10GRP,50,90,False,False,0,0,,[],,,0.0
2011,2,AS,American Samoa,Legislation - Smokefree Indoor Air,Smokefree Indoor Air – Other Sites,Restriction Areas,Malls,Banned,4,Ranking,2010-10-21,2011-01-19,"(-14.3016396, -170.69618149999997)",15GRP,96,90,False,False,0,0,,[],,,0.0
2011,1,AS,American Samoa,Legislation - Smokefree Indoor Air,Private Worksites,Vehicles,Type of Restriction in Private Worksite Vehicle,Banned,4,Ranking,2010-10-21,2011-01-19,"(-14.3016396, -170.69618149999997)",30GRP,34,90,False,False,0,0,,[],,,0.0
2011,1,AS,American Samoa,Legislation - Smokefree Indoor Air,Smokefree Indoor Air – Other Sites,Restriction Areas,Grocery Stores,Banned,4,Ranking,2010-10-21,2011-01-19,"(-14.3016396, -170.69618149999997)",15GRP,97,90,False,False,0,0,,[],,,0.0
2011,1,AS,American Samoa,Legislation - Smokefree Indoor Air,Home-based Day Care Centers,Vehicles,Type of Restriction in Home-Based Day Care Vehicle,Banned,4,Ranking,2010-10-21,2011-01-19,"(-14.3016396, -170.69618149999997)",30GRP,77,90,False,False,0,0,,[],,,0.0
2011,2,AS,American Samoa,Legislation - Smokefree Indoor Air,Restaurants,Restrictions,Type of Restriction in Restaurant (Summary),Banned,4,Ranking,2010-10-21,2011-01-19,"(-14.3016396, -170.69618149999997)",10GRP,37,90,False,False,0,0,,[],,,0.0
2011,2,AS,American Samoa,Legislation - Smokefree Indoor Air,Smokefree Indoor Air – Other Sites,Restriction Areas,Hospitals,Banned,4,Ranking,2010-10-21,2011-01-19,"(-14.3016396, -170.69618149999997)",15GRP,100,90,False,False,0,0,,[],,,0.0
2011,2,AS,American Samoa,Legislation - Smokefree Indoor Air,Government Multi-Unit Housing,Restrictions,Type of Restriction in Lobby and Common Area of Government Multi-Unit Housing,Banned,4,Ranking,2010-10-21,2011-01-19,"(-14.3016396, -170.69618149999997)",10GRP,115,90,False,False,0,0,,[],,,0.0
2011,2,AS,American Samoa,Legislation - Smokefree Indoor Air,Smokefree Indoor Air – Other Sites,Restriction Areas,Mental Health - Outpatient Facilities,Banned,4,Ranking,2010-10-21,2011-01-19,"(-14.3016396, -170.69618149999997)",15GRP,340,90,False,False,0,0,,[],,,0.0
2011,3,ME,Maine,Legislation - Smokefree Indoor Air,Smokefree Indoor Air – Other Sites,Restriction Areas,Casinos,Banned,4,Ranking,2011-07-01,2011-07-01,"(45.254228894000505, -68.98503133599962)",15GRP,335,0,False,False,1,0,0.0,[],,,0.0
2011,4,GU,Guam,Legislation - Smokefree Indoor Air,Personal Vehicles,Restrictions,Type of Restriction in Personal Vehicle,Banned,4,Ranking,2011-09-30,2011-09-30,"(13.444304, 144.793731)",10GRP,102,0,False,False,0,0,,[],,,0.0
2011,3,AR,Arkansas,Legislation - Smokefree Indoor Air,Commercial Day Care Centers,Vehicles,Type of Restriction in Commercial Day Care Vehicle,Banned,4,Ranking,2011-03-30,2011-07-27,"(34.74865012400045, -92.27449074299966)",30GRP,61,119,False,False,6,1,0.16666666666666666,['Louisiana'],Louisiana,1734.0,0.14583333333333331
2011,1,AS,American Samoa,Legislation - Smokefree Indoor Air,Restaurants,Restriction Areas,Type of Restriction in Restaurant Bar Area,Banned,4,Ranking,2010-10-21,2011-01-19,"(-14.3016396, -170.69618149999997)",15GRP,231,90,False,False,0,0,,[],,,0.0
2012,4,IN,Indiana,Legislation - Smokefree Indoor Air,Smokefree Indoor Air – Other Sites,Restriction Areas,Grocery Stores,Banned,4,Ranking,2012-03-19,2012-07-01,"(39.766910452000445, -86.14996019399968)",15GRP,97,104,False,True,3,2,0.6666666666666666,"['Ohio', 'Illinois']",Ohio,1959.0,0.5833333333333333
2012,1,PW,Palau,Legislation - Smokefree Indoor Air,Smokefree Indoor Air – Other Sites,Restriction Areas,Hospitals,Banned,4,Ranking,2011-08-19,2012-02-15,"(7.514979999999999, 134.58251999999993)",15GRP,100,180,False,False,0,0,,[],,,0.0
2012,3,PW,Palau,Legislation - Smokefree Indoor Air,Smokefree Indoor Air – Other Sites,Restriction Areas,Public Transportation,Banned,4,Ranking,2011-08-19,2012-02-15,"(7.514979999999999, 134.58251999999993)",15GRP,99,180,False,False,0,0,,[],,,0.0
2012,1,MA,Massachusetts,Legislation - Smokefree Indoor Air,Smokefree Indoor Air – Other Sites,Restriction Areas,Casinos,Banned,4,Ranking,2011-11-22,2012-02-20,"(42.27687047000046, -72.08269067499964)",15GRP,335,90,False,False,5,1,0.2,['New York'],New York,3163.0,0.175
2012,1,PW,Palau,Legislation - Smokefree Indoor Air,Hotels and Motels,Restrictions,Type of Restriction in Lobby and Common Area of Hotel and Motel,Banned,4,Ranking,2011-08-19,2012-02-15,"(7.514979999999999, 134.58251999999993)",10GRP,81,180,False,False,0,0,,[],,,0.0
2012,2,PW,Palau,Legislation - Smokefree Indoor Air,Smokefree Indoor Air – Other Sites,Restriction Areas,Enclosed Arenas,Banned,4,Ranking,2011-08-19,2012-02-15,"(7.514979999999999, 134.58251999999993)",15GRP,98,180,False,False,0,0,,[],,,0.0
2012,4,IN,Indiana,Legislation - Smokefree Indoor Air,Commercial Day Care Centers,Restrictions,Type of Restriction in Commercial Day Care,Banned,4,Ranking,2012-03-19,2012-07-01,"(39.766910452000445, -86.14996019399968)",10GRP,50,104,False,False,3,3,1.0,"['Michigan', 'Ohio', 'Illinois']",Michigan,6817.0,0.7
2012,1,PW,Palau,Legislation - Smokefree Indoor Air,Bars,Restrictions,Type of Restriction in Bar (Summary),Designated Smoking Area,0,Ranking,2011-08-19,2012-02-15,"(7.514979999999999, 134.58251999999993)",10GRP,234,180,False,False,0,0,,[],,,0.0
2012,4,IN,Indiana,Legislation - Smokefree Indoor Air,Smokefree Indoor Air – Other Sites,Restriction Areas,Malls,Banned,4,Ranking,2012-03-19,2012-07-01,"(39.766910452000445, -86.14996019399968)",15GRP,96,104,False,True,3,3,1.0,"['Michigan', 'Ohio', 'Illinois']",Michigan,1959.0,0.7
2012,4,ND,North Dakota,Legislation - Smokefree Indoor Air,Government Worksites,Vehicles,Type of Restriction in Government Worksite Vehicle,Banned,4,Ranking,2012-11-05,2012-12-05,"(47.47531977900047, -100.11842104899966)",30GRP,17,30,False,False,3,1,0.3333333333333333,['Minnesota'],Minnesota,9286.0,0.29166666666666663
2012,4,ND,North Dakota,Legislation - Smokefree Indoor Air,Smokefree Indoor Air – Other Sites,Restriction Areas,Substance Use - Residential Facilities,Banned,4,Ranking,2012-11-05,2012-12-05,"(47.47531977900047, -100.11842104899966)",15GRP,339,30,False,True,3,1,0.3333333333333333,['Montana'],Montana,2761.0,0.29166666666666663
2012,3,PW,Palau,Legislation - Smokefree Indoor Air,Home-based Day Care Centers,Restrictions,Type of Restriction in Home-Based Day Care,Banned,4,Ranking,2011-08-19,2012-02-15,"(7.514979999999999, 134.58251999999993)",10GRP,65,180,False,False,0,0,,[],,,0.0
2012,2,PW,Palau,Legislation - Smokefree Indoor Air,Private Worksites,Restrictions,Type of Restriction in Private Worksite,Banned,4,Ranking,2011-08-19,2012-02-15,"(7.514979999999999, 134.58251999999993)",10GRP,20,180,False,False,0,0,,[],,,0.0
2012,1,PW,Palau,Legislation - Smokefree Indoor Air,Government Worksites,Vehicles,Type of Restriction in Government Worksite Vehicle,Banned,4,Ranking,2011-08-19,2012-02-15,"(7.514979999999999, 134.58251999999993)",30GRP,17,180,False,False,0,0,,[],,,0.0
2012,1,PW,Palau,Legislation - Smokefree Indoor Air,Restaurants,Restriction Areas,Type of Restriction in Restaurant Employee Area,Banned,4,Ranking,2011-08-19,2012-02-15,"(7.514979999999999, 134.58251999999993)",15GRP,232,180,False,False,0,0,,[],,,0.0
2012,2,PW,Palau,Legislation - Smokefree Indoor Air,Commercial Day Care Centers,Restrictions,Type of Restriction in Commercial Day Care,Banned,4,Ranking,2011-08-19,2012-02-15,"(7.514979999999999, 134.58251999999993)",10GRP,50,180,False,False,0,0,,[],,,0.0
2012,1,PW,Palau,Legislation - Smokefree Indoor Air,Smokefree Indoor Air – Other Sites,Restriction Areas,Malls,Banned,4,Ranking,2011-08-19,2012-02-15,"(7.514979999999999, 134.58251999999993)",15GRP,96,180,False,False,0,0,,[],,,0.0
2012,1,PW,Palau,Legislation - Smokefree Indoor Air,Private Worksites,Vehicles,Type of Restriction in Private Worksite Vehicle,Banned,4,Ranking,2011-08-19,2012-02-15,"(7.514979999999999, 134.58251999999993)",30GRP,34,180,False,False,0,0,,[],,,0.0
2012,1,PW,Palau,Legislation - Smokefree Indoor Air,Home-based Day Care Centers,Restrictions,Restrictions in Effect Only When Child on Premises,Banned,4,Yes/No,2011-08-19,2012-02-15,"(7.514979999999999, 134.58251999999993)",10GRP,67,180,False,False,0,0,,[],,,0.0
2012,1,PW,Palau,Legislation - Smokefree Indoor Air,Smokefree Indoor Air – Other Sites,Restriction Areas,Mental Health - Outpatient Facilities,Banned,4,Ranking,2011-08-19,2012-02-15,"(7.514979999999999, 134.58251999999993)",15GRP,340,180,False,False,0,0,,[],,,0.0
2012,1,PW,Palau,Legislation - Smokefree Indoor Air,Bars,Restriction Areas,Type of Restriction in Bar Employee Area,Banned,4,Ranking,2011-08-19,2012-02-15,"(7.514979999999999, 134.58251999999993)",15GRP,236,180,False,False,0,0,,[],,,0.0
2012,1,PW,Palau,Legislation - Smokefree Indoor Air,Smokefree Indoor Air – Other Sites,Restriction Areas,Grocery Stores,Banned,4,Ranking,2011-08-19,2012-02-15,"(7.514979999999999, 134.58251999999993)",15GRP,97,180,False,False,0,0,,[],,,0.0
2012,1,PW,Palau,Legislation - Smokefree Indoor Air,Smokefree Indoor Air – Other Sites,Restriction Areas,Mental Health - Residential Facilities,Banned,4,Ranking,2011-08-19,2012-02-15,"(7.514979999999999, 134.58251999999993)",15GRP,341,180,False,False,0,0,,[],,,0.0
2012,1,PW,Palau,Legislation - Smokefree Indoor Air,Restaurants,Restrictions,Type of Restriction in Restaurant (Summary),Designated Smoking Area,0,Ranking,2011-08-19,2012-02-15,"(7.514979999999999, 134.58251999999993)",10GRP,37,180,False,False,0,0,,[],,,0.0
2012,1,PW,Palau,Legislation - Smokefree Indoor Air,Commercial Day Care Centers,Vehicles,Type of Restriction in Commercial Day Care Vehicle,Banned,4,Ranking,2011-08-19,2012-02-15,"(7.514979999999999, 134.58251999999993)",30GRP,61,180,False,False,0,0,,[],,,0.0
2012,3,IN,Indiana,Legislation - Smokefree Indoor Air,Government Worksites,Vehicles,Type of Restriction in Government Worksite Vehicle,Banned,4,Ranking,2012-03-19,2012-07-01,"(39.766910452000445, -86.14996019399968)",30GRP,17,104,False,True,3,2,0.6666666666666666,"['Ohio', 'Illinois']",Ohio,1959.0,0.5833333333333333
2012,4,ND,North Dakota,Legislation - Smokefree Indoor Air,Smokefree Indoor Air – Other Sites,Restriction Areas,Substance Use - Outpatient Facilities,Banned,4,Ranking,2012-11-05,2012-12-05,"(47.47531977900047, -100.11842104899966)",15GRP,338,30,False,True,3,2,0.6666666666666666,"['Minnesota', 'Montana']",Minnesota,3441.0,0.5833333333333333
2012,4,ND,North Dakota,Legislation - Smokefree Indoor Air,Smokefree Indoor Air – Other Sites,Restriction Areas,Prisons,Banned,4,Ranking,2012-11-05,2012-12-05,"(47.47531977900047, -100.11842104899966)",15GRP,101,30,False,False,3,1,0.3333333333333333,['Minnesota'],Minnesota,6061.0,0.29166666666666663
2012,3,IN,Indiana,Legislation - Smokefree Indoor Air,Restaurants,Restriction Areas,Type of Restriction in Restaurant Employee Area,Banned,4,Ranking,2012-03-19,2012-07-01,"(39.766910452000445, -86.14996019399968)",15GRP,232,104,False,True,3,3,1.0,"['Michigan', 'Ohio', 'Illinois']",Michigan,1959.0,0.7
2012,4,ND,North Dakota,Legislation - Smokefree Indoor Air,Bars,Restrictions,Type of Restriction in Bar (Summary),Banned,4,Ranking,2012-11-05,2012-12-05,"(47.47531977900047, -100.11842104899966)",10GRP,234,30,False,True,3,3,1.0,"['Minnesota', 'South Dakota', 'Montana']",Minnesota,2758.0,0.7
2012,3,OK,Oklahoma,Legislation - Smokefree Indoor Air,Government Worksites,Vehicles,Type of Restriction in Government Worksite Vehicle,Banned,4,Ranking,2012-02-06,2012-08-06,"(35.47203135600046, -97.52107021399968)",30GRP,17,182,False,False,6,1,0.16666666666666666,['Arkansas'],Arkansas,2131.0,0.14583333333333331
2012,4,MD,Maryland,Legislation - Smokefree Indoor Air,Smokefree Indoor Air – Other Sites,Restriction Areas,Casinos,Banned,4,Ranking,2012-11-05,2012-12-05,"(39.29058096400047, -76.60926011099963)",15GRP,335,30,False,False,5,0,0.0,[],,,0.0
2012,3,OK,Oklahoma,Legislation - Smokefree Indoor Air,Government Worksites,Restrictions,Type of Restriction in Government Worksite,Banned,4,Ranking,2012-02-06,2012-08-06,"(35.47203135600046, -97.52107021399968)",10GRP,1,182,False,True,6,4,0.6666666666666666,"['Kansas', 'Arkansas', 'New Mexico', 'Colorado']",Kansas,2142.0,0.5833333333333333
2012,3,IN,Indiana,Legislation - Smokefree Indoor Air,Private Worksites,Restrictions,Type of Restriction in Private Worksite,Banned,4,Ranking,2012-03-19,2012-07-01,"(39.766910452000445, -86.14996019399968)",10GRP,20,104,False,True,3,3,1.0,"['Michigan', 'Ohio', 'Illinois']",Michigan,1959.0,0.7
2012,3,IN,Indiana,Legislation - Smokefree Indoor Air,Restaurants,Restriction Areas,Type of Restriction in Restaurant Patron Area,Banned,4,Ranking,2012-03-19,2012-07-01,"(39.766910452000445, -86.14996019399968)",15GRP,233,104,False,True,3,3,1.0,"['Michigan', 'Ohio', 'Illinois']",Michigan,1959.0,0.7
2012,4,IN,Indiana,Legislation - Smokefree Indoor Air,Smokefree Indoor Air – Other Sites,Restriction Areas,Enclosed Arenas,Banned,4,Ranking,2012-03-19,2012-07-01,"(39.766910452000445, -86.14996019399968)",15GRP,98,104,False,True,3,3,1.0,"['Michigan', 'Ohio', 'Illinois']",Michigan,1959.0,0.7
2012,4,ND,North Dakota,Legislation - Smokefree Indoor Air,Bars,Restriction Areas,Type of Restriction in Bar Employee Area,Banned,4,Ranking,2012-11-05,2012-12-05,"(47.47531977900047, -100.11842104899966)",15GRP,236,30,False,True,3,3,1.0,"['Minnesota', 'South Dakota', 'Montana']",Minnesota,2758.0,0.7
2012,4,IN,Indiana,Legislation - Smokefree Indoor Air,Restaurants,Restriction Areas,Type of Restriction in Restaurant Bar Area,Banned,4,Ranking,2012-03-19,2012-07-01,"(39.766910452000445, -86.14996019399968)",15GRP,231,104,False,True,3,3,1.0,"['Michigan', 'Ohio', 'Illinois']",Michigan,1959.0,0.7
2012,3,IN,Indiana,Legislation - Smokefree Indoor Air,Smokefree Indoor Air – Other Sites,Restriction Areas,Hospitals,Banned,4,Ranking,2012-03-19,2012-07-01,"(39.766910452000445, -86.14996019399968)",15GRP,100,104,False,True,3,3,1.0,"['Michigan', 'Ohio', 'Illinois']",Michigan,1959.0,0.7
2012,4,IN,Indiana,Legislation - Smokefree Indoor Air,Hotels and Motels,Restrictions,Type of Restriction in Lobby and Common Area of Hotel and Motel,Banned,4,Ranking,2012-03-13,2012-07-01,"(39.766910452000445, -86.14996019399968)",10GRP,81,110,False,True,3,3,1.0,"['Michigan', 'Ohio', 'Illinois']",Michigan,1953.0,0.7
2012,4,ND,North Dakota,Legislation - Smokefree Indoor Air,Restaurants,Restrictions,Type of Restriction in Restaurant (Summary),Banned,4,Ranking,2012-11-05,2012-12-05,"(47.47531977900047, -100.11842104899966)",10GRP,37,30,False,True,3,3,1.0,"['Minnesota', 'South Dakota', 'Montana']",Minnesota,2758.0,0.7
2012,3,OK,Oklahoma,Legislation - Smokefree Indoor Air,Government Multi-Unit Housing,Restrictions,Type of Restriction in Living Area of Government Multi-Unit Housing,Banned,4,Ranking,2012-02-06,2012-08-06,"(35.47203135600046, -97.52107021399968)",10GRP,116,182,False,False,6,0,0.0,[],,,0.0
2012,1,MA,Massachusetts,Legislation - Smokefree Indoor Air,Smokefree Indoor Air – Other Sites,Restriction Areas,Casinos (Racetrack),Banned,4,Ranking,2011-11-22,2012-02-20,"(42.27687047000046, -72.08269067499964)",15GRP,336,90,False,False,5,0,0.0,[],,,0.0
2012,4,MD,Maryland,Legislation - Smokefree Indoor Air,Smokefree Indoor Air – Other Sites,Restriction Areas,Casinos (Racetrack),Banned,4,Ranking,2012-11-05,2012-12-05,"(39.29058096400047, -76.60926011099963)",15GRP,336,30,False,False,5,1,0.2,['Delaware'],Delaware,3811.0,0.175
2012,4,OK,Oklahoma,Legislation - Smokefree Indoor Air,Government Multi-Unit Housing,Restrictions,Type of Restriction in Lobby and Common Area of Government Multi-Unit Housing,Banned,4,Ranking,2012-02-06,2012-08-06,"(35.47203135600046, -97.52107021399968)",10GRP,115,182,False,True,6,2,0.3333333333333333,"['Kansas', 'Colorado']",Kansas,2142.0,0.29166666666666663
2012,3,IN,Indiana,Legislation - Smokefree Indoor Air,Restaurants,Restrictions,Type of Restriction in Restaurant (Summary),Banned,4,Ranking,2012-03-19,2012-07-01,"(39.766910452000445, -86.14996019399968)",10GRP,37,104,False,True,3,3,1.0,"['Michigan', 'Ohio', 'Illinois']",Michigan,1959.0,0.7
2012,4,ND,North Dakota,Legislation - Smokefree Indoor Air,Bars,Restriction Areas,Type of Restriction in Bar Patron Area,Banned,4,Ranking,2012-11-05,2012-12-05,"(47.47531977900047, -100.11842104899966)",15GRP,235,30,False,True,3,3,1.0,"['Minnesota', 'South Dakota', 'Montana']",Minnesota,2758.0,0.7
2012,4,ND,North Dakota,Legislation - Smokefree Indoor Air,Smokefree Indoor Air – Other Sites,Restriction Areas,Malls,Banned,4,Ranking,2012-11-05,2012-12-05,"(47.47531977900047, -100.11842104899966)",15GRP,96,30,False,False,3,3,1.0,"['Minnesota', 'South Dakota', 'Montana']",Minnesota,3909.0,0.7
2012,4,ND,North Dakota,Legislation - Smokefree Indoor Air,Smokefree Indoor Air – Other Sites,Restriction Areas,Mental Health - Outpatient Facilities,Banned,4,Ranking,2012-11-05,2012-12-05,"(47.47531977900047, -100.11842104899966)",15GRP,340,30,False,True,3,2,0.6666666666666666,"['Minnesota', 'Montana']",Minnesota,3441.0,0.5833333333333333
2012,4,IN,Indiana,Legislation - Smokefree Indoor Air,Smokefree Indoor Air – Other Sites,Restriction Areas,Public Transportation,Banned,4,Ranking,2012-03-19,2012-07-01,"(39.766910452000445, -86.14996019399968)",15GRP,99,104,False,True,3,3,1.0,"['Michigan', 'Ohio', 'Illinois']",Michigan,1959.0,0.7
2012,4,ND,North Dakota,Legislation - Smokefree Indoor Air,Restaurants,Restriction Areas,Type of Restriction in Restaurant Bar Area,Banned,4,Ranking,2012-11-05,2012-12-05,"(47.47531977900047, -100.11842104899966)",15GRP,231,30,False,True,3,3,1.0,"['Minnesota', 'South Dakota', 'Montana']",Minnesota,2758.0,0.7
2012,4,ND,North Dakota,Legislation - Smokefree Indoor Air,Smokefree Indoor Air – Other Sites,Restriction Areas,Mental Health - Residential Facilities,Banned,4,Ranking,2012-11-05,2012-12-05,"(47.47531977900047, -100.11842104899966)",15GRP,341,30,False,True,3,1,0.3333333333333333,['Montana'],Montana,2761.0,0.29166666666666663
2013,3,AR,Arkansas,Legislation - Smokefree Indoor Air,Smokefree Indoor Air – Other Sites,Restriction Areas,Substance Use - Outpatient Facilities,Banned,4,Ranking,2013-04-08,2013-07-07,"(34.74865012400045, -92.27449074299966)",15GRP,338,90,False,False,6,1,0.16666666666666666,['Tennessee'],Tennessee,2128.0,0.14583333333333331
2013,4,AR,Arkansas,Legislation - Smokefree Indoor Air,Smokefree Indoor Air – Other Sites,Restriction Areas,Mental Health - Residential Facilities,Banned,4,Ranking,2013-04-08,2013-07-07,"(34.74865012400045, -92.27449074299966)",15GRP,341,90,False,False,6,1,0.16666666666666666,['Tennessee'],Tennessee,2128.0,0.14583333333333331
2013,2,UT,Utah,Legislation - Smokefree Indoor Air,Personal Vehicles,Restrictions,Type of Restriction in Personal Vehicle,Banned,4,Ranking,2013-03-28,2013-06-02,"(39.360700171000474, -111.58713063499971)",10GRP,102,66,False,False,5,0,0.0,[],,,0.0
2013,3,UT,Utah,Legislation - Smokefree Indoor Air,Home-based Day Care Centers,Vehicles,Type of Restriction in Home-Based Day Care Vehicle,Banned,4,Ranking,2013-06-02,2013-06-02,"(39.360700171000474, -111.58713063499971)",30GRP,77,0,False,False,5,0,0.0,[],,,0.0
2013,3,AR,Arkansas,Legislation - Smokefree Indoor Air,Smokefree Indoor Air – Other Sites,Restriction Areas,Substance Use - Residential Facilities,Banned,4,Ranking,2013-04-08,2013-07-07,"(34.74865012400045, -92.27449074299966)",15GRP,339,90,False,False,6,1,0.16666666666666666,['Tennessee'],Tennessee,2128.0,0.14583333333333331
2013,3,AR,Arkansas,Legislation - Smokefree Indoor Air,Smokefree Indoor Air – Other Sites,Restriction Areas,Mental Health - Outpatient Facilities,Banned,4,Ranking,2013-04-08,2013-07-07,"(34.74865012400045, -92.27449074299966)",15GRP,340,90,False,False,6,1,0.16666666666666666,['Tennessee'],Tennessee,2128.0,0.14583333333333331
2013,3,UT,Utah,Legislation - Smokefree Indoor Air,Commercial Day Care Centers,Vehicles,Type of Restriction in Commercial Day Care Vehicle,Banned,4,Ranking,2013-06-02,2013-06-02,"(39.360700171000474, -111.58713063499971)",30GRP,61,0,False,False,5,0,0.0,[],,,0.0
2013,4,OK,Oklahoma,Legislation - Smokefree Indoor Air,Government Worksites,Restrictions,Type of Restriction in Government Worksite,Banned,4,Ranking,2013-04-29,2013-11-01,"(35.47203135600046, -97.52107021399968)",10GRP,1,186,False,True,6,4,0.6666666666666666,"['Kansas', 'Arkansas', 'New Mexico', 'Colorado']",Kansas,2590.0,0.5833333333333333
2013,4,OK,Oklahoma,Legislation - Smokefree Indoor Air,Government Multi-Unit Housing,Restrictions,Type of Restriction in Lobby and Common Area of Government Multi-Unit Housing,Banned,4,Ranking,2013-04-29,2013-11-01,"(35.47203135600046, -97.52107021399968)",10GRP,115,186,False,True,6,2,0.3333333333333333,"['Kansas', 'Colorado']",Kansas,2590.0,0.29166666666666663
2013,4,NY,New York,Legislation - Smokefree Indoor Air,Smokefree Indoor Air – Other Sites,Restriction Areas,Hospital Campuses,Banned,4,Ranking,2013-07-31,2013-10-29,"(42.82700103200045, -75.54397042699964)",15GRP,342,90,False,False,5,0,0.0,[],,,0.0
2013,4,OK,Oklahoma,Legislation - Smokefree Indoor Air,Government Multi-Unit Housing,Restrictions,Type of Restriction in Living Area of Government Multi-Unit Housing,Banned,4,Ranking,2013-04-29,2013-11-01,"(35.47203135600046, -97.52107021399968)",10GRP,116,186,False,False,6,0,0.0,[],,,0.0
2013,4,OK,Oklahoma,Legislation - Smokefree Indoor Air,Government Worksites,Vehicles,Type of Restriction in Government Worksite Vehicle,Banned,4,Ranking,2013-04-29,2013-11-01,"(35.47203135600046, -97.52107021399968)",30GRP,17,186,False,False,6,1,0.16666666666666666,['Arkansas'],Arkansas,2579.0,0.14583333333333331
2014,3,OR,Oregon,Legislation - Smokefree Indoor Air,Personal Vehicles,Restrictions,Type of Restriction in Personal Vehicle,Banned,4,Ranking,2013-06-11,2014-01-01,"(44.56744942400047, -120.15503132599969)",10GRP,102,204,False,False,4,1,0.25,['California'],California,2016.0,0.21875
2014,3,VT,Vermont,Legislation - Smokefree Indoor Air,Home-based Day Care Centers,Restrictions,Type of Restriction in Home-Based Day Care,Banned,4,Ranking,2014-05-22,2014-07-01,"(43.62538123900049, -72.51764079099962)",10GRP,65,40,False,False,3,2,0.6666666666666666,"['New York', 'Massachusetts']",New York,4075.0,0.5833333333333333
2014,2,OR,Oregon,Legislation - Smokefree Indoor Air,Home-based Day Care Centers,Vehicles,Type of Restriction in Home-Based Day Care Vehicle,Banned,4,Ranking,2013-06-11,2014-01-01,"(44.56744942400047, -120.15503132599969)",30GRP,77,204,False,False,4,0,0.0,[],,,0.0
2014,3,VT,Vermont,Legislation - Smokefree Indoor Air,Personal Vehicles,Restrictions,Type of Restriction in Personal Vehicle,Banned,4,Ranking,2014-05-22,2014-07-01,"(43.62538123900049, -72.51764079099962)",10GRP,102,40,False,False,3,0,0.0,[],,,0.0
2014,3,VT,Vermont,Legislation - Smokefree Indoor Air,Commercial Day Care Centers,Vehicles,Type of Restriction in Commercial Day Care Vehicle,Banned,4,Ranking,2014-05-22,2014-07-01,"(43.62538123900049, -72.51764079099962)",30GRP,61,40,False,False,3,0,0.0,[],,,0.0
2014,4,HI,Hawaii,Legislation - Smokefree Indoor Air,Government Multi-Unit Housing,Restrictions,Type of Restriction in Lobby and Common Area of Government Multi-Unit Housing,Banned,4,Ranking,2014-06-16,2014-06-16,"(21.304850435000446, -157.85774940299973)",10GRP,115,0,False,False,0,0,,[],,,0.0
2014,4,OR,Oregon,Legislation - Smokefree Indoor Air,Commercial Day Care Centers,Vehicles,Type of Restriction in Commercial Day Care Vehicle,Banned,4,Ranking,2013-06-11,2014-01-01,"(44.56744942400047, -120.15503132599969)",30GRP,61,204,False,False,4,1,0.25,['California'],California,2016.0,0.21875
2014,4,OR,Oregon,Legislation - Smokefree Indoor Air,Smokefree Indoor Air – Other Sites,Restriction Areas,Prisons,Banned,4,Ranking,2012-08-02,2014-12-31,"(44.56744942400047, -120.15503132599969)",15GRP,101,881,False,False,4,1,0.25,['California'],California,2866.0,0.21875
2014,4,VT,Vermont,Legislation - Smokefree Indoor Air,Commercial Day Care Centers,Restrictions,Type of Restriction in Commercial Day Care,Banned,4,Ranking,2014-05-22,2014-07-01,"(43.62538123900049, -72.51764079099962)",10GRP,50,40,False,False,3,3,1.0,"['New York', 'New Hampshire', 'Massachusetts']",New York,8791.0,0.7
2014,4,VT,Vermont,Legislation - Smokefree Indoor Air,Home-based Day Care Centers,Vehicles,Type of Restriction in Home-Based Day Care Vehicle,Banned,4,Ranking,2014-05-22,2014-07-01,"(43.62538123900049, -72.51764079099962)",30GRP,77,40,False,False,3,0,0.0,[],,,0.0
2014,4,HI,Hawaii,Legislation - Smokefree Indoor Air,Government Multi-Unit Housing,Restrictions,Type of Restriction in Living Area of Government Multi-Unit Housing,Banned,4,Ranking,2014-06-16,2014-06-16,"(21.304850435000446, -157.85774940299973)",10GRP,116,0,False,False,0,0,,[],,,0.0
2016,2,CA,California,Legislation - Smokefree Indoor Air,Bars,Restrictions,Type of Restriction in Bar (Summary),Banned,4,Ranking,2016-05-04,2016-06-09,"(37.63864012300047, -120.99999953799971)",10GRP,234,36,False,True,3,2,0.6666666666666666,"['Oregon', 'Arizona']",Oregon,3458.0,0.5833333333333333
2016,4,CA,California,Legislation - Smokefree Indoor Air,Restaurants,Restriction Areas,Type of Restriction in Restaurant Employee Area,Banned,4,Ranking,2016-05-04,2016-06-09,"(37.63864012300047, -120.99999953799971)",15GRP,232,36,False,True,3,3,1.0,"['Oregon', 'Nevada', 'Arizona']",Oregon,3466.0,0.7
2016,4,CA,California,Legislation - Smokefree Indoor Air,Private Worksites,Restrictions,Type of Restriction in Private Worksite,Banned,4,Ranking,2016-05-04,2016-06-09,"(37.63864012300047, -120.99999953799971)",10GRP,20,36,False,True,3,3,1.0,"['Oregon', 'Nevada', 'Arizona']",Oregon,3466.0,0.7
2016,3,CA,California,Legislation - Smokefree Indoor Air,Smokefree Indoor Air – Other Sites,Restriction Areas,Enclosed Arenas,Banned,4,Ranking,2016-05-04,2016-06-09,"(37.63864012300047, -120.99999953799971)",15GRP,98,36,False,True,3,3,1.0,"['Oregon', 'Nevada', 'Arizona']",Oregon,3466.0,0.7
2016,4,CA,California,Legislation - Smokefree Indoor Air,Bars,Restriction Areas,Type of Restriction in Bar Employee Area,Banned,4,Ranking,2016-05-04,2016-06-09,"(37.63864012300047, -120.99999953799971)",15GRP,236,36,False,True,3,2,0.6666666666666666,"['Oregon', 'Arizona']",Oregon,3458.0,0.5833333333333333
2016,4,CA,California,Legislation - Smokefree Indoor Air,Hotels and Motels,Restrictions,Type of Restriction in Lobby and Common Area of Hotel and Motel,Banned,4,Ranking,2016-05-04,2016-06-09,"(37.63864012300047, -120.99999953799971)",10GRP,81,36,False,False,3,3,1.0,"['Oregon', 'Nevada', 'Arizona']",Oregon,5374.0,0.7
2016,3,CA,California,Legislation - Smokefree Indoor Air,Restaurants,Restrictions,Type of Restriction in Restaurant (Summary),Banned,4,Ranking,2016-05-04,2016-06-09,"(37.63864012300047, -120.99999953799971)",10GRP,37,36,False,True,3,3,1.0,"['Oregon', 'Nevada', 'Arizona']",Oregon,3466.0,0.7
2016,3,CA,California,Legislation - Smokefree Indoor Air,Government Worksites,Restrictions,Type of Restriction in Government Worksite,Banned,4,Ranking,2016-05-04,2016-06-09,"(37.63864012300047, -120.99999953799971)",10GRP,1,36,False,True,3,3,1.0,"['Oregon', 'Nevada', 'Arizona']",Oregon,3466.0,0.7
2016,3,CA,California,Legislation - Smokefree Indoor Air,Smokefree Indoor Air – Other Sites,Restriction Areas,Grocery Stores,Banned,4,Ranking,2016-05-04,2016-06-09,"(37.63864012300047, -120.99999953799971)",15GRP,97,36,False,True,3,3,1.0,"['Oregon', 'Nevada', 'Arizona']",Oregon,3466.0,0.7
2016,4,VA,Virginia,Legislation - Smokefree Indoor Air,Personal Vehicles,Restrictions,Type of Restriction in Personal Vehicle,Banned,4,Ranking,2016-03-25,2016-07-01,"(37.54268067400045, -78.45789046299967)",10GRP,102,98,False,False,5,0,0.0,[],,,0.0
2016,4,VA,Virginia,Legislation - Smokefree Indoor Air,Commercial Day Care Centers,Vehicles,Type of Restriction in Commercial Day Care Vehicle,Banned,4,Ranking,2016-03-25,2016-07-01,"(37.54268067400045, -78.45789046299967)",30GRP,61,98,False,False,5,2,0.4,"['Maryland', 'District of Columbia']",Maryland,3706.0,0.35
2016,4,CA,California,Legislation - Smokefree Indoor Air,Smokefree Indoor Air – Other Sites,Restriction Areas,Malls,Banned,4,Ranking,2016-05-04,2016-06-09,"(37.63864012300047, -120.99999953799971)",15GRP,96,36,False,True,3,3,1.0,"['Oregon', 'Nevada', 'Arizona']",Oregon,3466.0,0.7
2017,1,GU,Guam,Legislation - Smokefree Indoor Air,Personal Vehicles,Restrictions,Type of Restriction in Personal Vehicle,Banned,4,Ranking,2016-02-04,2017-01-01,"(13.444304, 144.793731)",10GRP,102,332,False,False,0,0,,[],,,0.0
2017,1,NY,New York,Legislation - Smokefree Indoor Air,Smokefree Indoor Air – Other Sites,Restriction Areas,Casinos,Banned,4,Ranking,2003-03-26,2017-02-01,"(42.82700103200045, -75.54397042699964)",15GRP,335,5061,False,False,5,0,0.0,[],,,0.0
2017,2,GU,Guam,Legislation - Smokefree Indoor Air,Bars,Restrictions,Type of Restriction in Bar (Summary),Banned,4,Ranking,2016-02-04,2017-01-01,"(13.444304, 144.793731)",10GRP,234,332,False,False,0,0,,[],,,0.0
2017,1,MP,Northern Mariana Islands,Legislation - Smokefree Indoor Air,Home-based Day Care Centers,Restrictions,Type of Restriction in Home-Based Day Care,Banned,4,Ranking,2016-12-28,2017-01-20,"(15.0979, 145.6739)",10GRP,65,23,False,False,0,0,,[],,,0.0
2017,4,GU,Guam,Legislation - Smokefree Indoor Air,Bars,Restriction Areas,Type of Restriction in Bar Patron Area,Banned,4,Ranking,2016-02-04,2017-01-01,"(13.444304, 144.793731)",15GRP,235,332,False,False,0,0,,[],,,0.0
2017,3,CA,California,Legislation - Smokefree Indoor Air,Home-based Day Care Centers,Vehicles,Type of Restriction in Home-Based Day Care Vehicle,Banned,4,Ranking,2016-05-04,2017-01-01,"(37.63864012300047, -120.99999953799971)",30GRP,77,242,False,True,3,1,0.3333333333333333,['Oregon'],Oregon,1058.0,0.29166666666666663
2017,3,MP,Northern Mariana Islands,Legislation - Smokefree Indoor Air,Hotels and Motels,Additional Requirements,Sleeping Room Designation (Type),Smoking Room,3,Ranking,2016-12-28,2017-01-20,"(15.0979, 145.6739)",20GRP,83,23,False,False,0,0,,[],,,0.0
2017,3,CA,California,Legislation - Smokefree Indoor Air,Smokefree Indoor Air – Other Sites,Restriction Areas,Hospitals,Designated Areas,3,Ranking,2016-05-04,2017-01-01,"(37.63864012300047, -120.99999953799971)",15GRP,100,242,False,False,3,2,0.6666666666666666,"['Oregon', 'Nevada']",Oregon,14975.0,0.5833333333333333
2017,3,GU,Guam,Legislation - Smokefree Indoor Air,Bars,Restriction Areas,Type of Restriction in Bar Employee Area,Banned,4,Ranking,2016-02-04,2017-01-01,"(13.444304, 144.793731)",15GRP,236,332,False,False,0,0,,[],,,0.0
2017,1,CA,California,Legislation - Smokefree Indoor Air,Smokefree Indoor Air – Other Sites,Restriction Areas,Public Transportation,Banned,4,Ranking,2016-05-04,2017-01-01,"(37.63864012300047, -120.99999953799971)",15GRP,99,242,False,True,3,3,1.0,"['Oregon', 'Nevada', 'Arizona']",Oregon,3466.0,0.7
2017,1,MP,Northern Mariana Islands,Legislation - Smokefree Indoor Air,Personal Vehicles,Restrictions,Type of Restriction in Personal Vehicle,Banned,4,Ranking,2016-12-28,2017-01-20,"(15.0979, 145.6739)",10GRP,102,23,False,False,0,0,,[],,,0.0
2018,4,AK,Alaska,Legislation - Smokefree Indoor Air,Restaurants,Restriction Areas,Type of Restriction in Restaurant Patron Area,Designated Areas,3,Ranking,2018-07-17,2018-10-01,"(64.84507995700051, -147.72205903599973)",15GRP,233,76,False,False,0,0,,[],,,0.0
2018,4,AK,Alaska,Legislation - Smokefree Indoor Air,Smokefree Indoor Air – Other Sites,Restriction Areas,Mental Health - Residential Facilities,Designated Areas,3,Ranking,2018-07-17,2018-10-01,"(64.84507995700051, -147.72205903599973)",15GRP,341,76,False,False,0,0,,[],,,0.0
2018,4,AK,Alaska,Legislation - Smokefree Indoor Air,Restaurants,Restrictions,Type of Restriction in Restaurant (Summary),Designated Areas,3,Ranking,2018-07-17,2018-10-01,"(64.84507995700051, -147.72205903599973)",10GRP,37,76,False,False,0,0,,[],,,0.0
2018,4,AK,Alaska,Legislation - Smokefree Indoor Air,Smokefree Indoor Air – Other Sites,Restriction Areas,Grocery Stores,Designated Areas,3,Ranking,2018-07-17,2018-10-01,"(64.84507995700051, -147.72205903599973)",15GRP,97,76,False,False,0,0,,[],,,0.0
2018,4,AK,Alaska,Legislation - Smokefree Indoor Air,Commercial Day Care Centers,Restrictions,Type of Restriction in Commercial Day Care,Banned,4,Ranking,2018-07-17,2018-10-01,"(64.84507995700051, -147.72205903599973)",10GRP,50,76,False,False,0,0,,[],,,0.0
2018,4,AK,Alaska,Legislation - Smokefree Indoor Air,Smokefree Indoor Air – Other Sites,Restriction Areas,Public Transportation,Designated Areas,3,Ranking,2018-07-17,2018-10-01,"(64.84507995700051, -147.72205903599973)",15GRP,99,76,False,False,0,0,,[],,,0.0
2018,4,AK,Alaska,Legislation - Smokefree Indoor Air,Smokefree Indoor Air – Other Sites,Restriction Areas,Mental Health - Outpatient Facilities,Designated Areas,3,Ranking,2018-07-17,2018-10-01,"(64.84507995700051, -147.72205903599973)",15GRP,340,76,False,False,0,0,,[],,,0.0
2018,4,AK,Alaska,Legislation - Smokefree Indoor Air,Home-based Day Care Centers,Restrictions,Type of Restriction in Home-Based Day Care,Designated Areas,3,Ranking,2018-07-17,2018-10-01,"(64.84507995700051, -147.72205903599973)",10GRP,65,76,False,False,0,0,,[],,,0.0
2018,4,AK,Alaska,Legislation - Smokefree Indoor Air,Restaurants,Restriction Areas,Type of Restriction in Restaurant Employee Area,Designated Areas,3,Ranking,2018-07-17,2018-10-01,"(64.84507995700051, -147.72205903599973)",15GRP,232,76,False,False,0,0,,[],,,0.0
2018,4,AK,Alaska,Legislation - Smokefree Indoor Air,Government Worksites,Restrictions,Type of Restriction in Government Worksite,Designated Areas,3,Ranking,2018-07-17,2018-10-01,"(64.84507995700051, -147.72205903599973)",10GRP,1,76,False,False,0,0,,[],,,0.0
2018,4,AK,Alaska,Legislation - Smokefree Indoor Air,Smokefree Indoor Air – Other Sites,Restriction Areas,Hospitals,Banned,4,Ranking,2018-07-17,2018-10-01,"(64.84507995700051, -147.72205903599973)",15GRP,100,76,False,False,0,0,,[],,,0.0
2019,4,TN,Tennessee,Legislation - Smokefree Indoor Air,Smokefree Indoor Air – Other Sites,Restriction Areas,Substance Use - Outpatient Facilities,Designated Areas,3,Ranking,2019-04-17,2019-04-17,"(35.68094058000048, -85.77449091399967)",15GRP,338,0,False,False,7,1,0.14285714285714285,['Georgia'],Georgia,5091.0,0.12499999999999997
2019,4,TN,Tennessee,Legislation - Smokefree Indoor Air,Home-based Day Care Centers,Restrictions,Type of Restriction in Home-Based Day Care,Designated Areas,3,Ranking,2019-04-17,2019-04-17,"(35.68094058000048, -85.77449091399967)",10GRP,65,0,False,False,7,2,0.2857142857142857,"['Virginia', 'Alabama']",Virginia,5781.0,0.24999999999999994
2019,4,TN,Tennessee,Legislation - Smokefree Indoor Air,Smokefree Indoor Air – Other Sites,Restriction Areas,Mental Health - Residential Facilities,Designated Areas,3,Ranking,2019-04-17,2019-04-17,"(35.68094058000048, -85.77449091399967)",15GRP,341,0,False,False,7,1,0.14285714285714285,['Georgia'],Georgia,5091.0,0.12499999999999997
2019,3,DC,District of Columbia,Legislation - Smokefree Indoor Air,Private Multi-Unit Housing,Restrictions,Type of Restriction in Lobby and Common Area of Private Multi-Unit Housing,Designated Areas,3,Ranking,2019-01-18,2019-03-22,"(38.89037138500049, -77.03196112699965)",10GRP,125,63,False,False,2,0,0.0,[],,,0.0
2019,4,CT,Connecticut,Legislation - Smokefree Indoor Air,Commercial Day Care Centers,Restrictions,Type of Restriction in Commercial Day Care,Banned,4,Ranking,2019-06-18,2019-10-01,"(41.56266102000046, -72.64984095199964)",10GRP,50,105,False,False,3,3,1.0,"['New York', 'Massachusetts', 'Rhode Island']",New York,9093.0,0.7
2019,4,DC,District of Columbia,Legislation - Smokefree Indoor Air,Government Multi-Unit Housing,Restrictions,Type of Restriction in Lobby and Common Area of Government Multi-Unit Housing,Designated Areas,3,Ranking,2019-01-18,2019-03-22,"(38.89037138500049, -77.03196112699965)",10GRP,115,63,False,False,2,0,0.0,[],,,0.0
2019,4,TN,Tennessee,Legislation - Smokefree Indoor Air,Smokefree Indoor Air – Other Sites,Restriction Areas,Substance Use - Residential Facilities,Designated Areas,3,Ranking,2019-04-17,2019-04-17,"(35.68094058000048, -85.77449091399967)",15GRP,339,0,False,False,7,1,0.14285714285714285,['Georgia'],Georgia,5091.0,0.12499999999999997
2019,4,TN,Tennessee,Legislation - Smokefree Indoor Air,Smokefree Indoor Air – Other Sites,Restriction Areas,Mental Health - Outpatient Facilities,Designated Areas,3,Ranking,2019-04-17,2019-04-17,"(35.68094058000048, -85.77449091399967)",15GRP,340,0,False,False,7,1,0.14285714285714285,['Georgia'],Georgia,5091.0,0.12499999999999997
2019,4,CT,Connecticut,Legislation - Smokefree Indoor Air,Home-based Day Care Centers,Restrictions,Type of Restriction in Home-Based Day Care,Banned,4,Ranking,2019-06-18,2019-10-01,"(41.56266102000046, -72.64984095199964)",10GRP,65,105,False,False,3,3,1.0,"['New York', 'Massachusetts', 'Rhode Island']",New York,6914.0,0.7
2020,4,VA,Virginia,Legislation - Smokefree Indoor Air,Commercial Day Care Centers,Vehicles,Type of Restriction in Commercial Day Care Vehicle,Banned,4,Ranking,2020-04-09,2020-07-01,"(37.54268067400045, -78.45789046299967)",30GRP,61,83,False,False,5,2,0.4,"['Maryland', 'District of Columbia']",Maryland,5182.0,0.35
2020,2,IL,Illinois,Legislation - Smokefree Indoor Air,Personal Vehicles,Restrictions,Type of Restriction in Personal Vehicle,Banned,4,Ranking,2019-08-23,2020-06-01,"(40.48501028300046, -88.99771017799969)",10GRP,102,283,False,False,4,0,0.0,[],,,0.0
2021,4,CT,Connecticut,Legislation - Smokefree Indoor Air,Smokefree Indoor Air – Other Sites,Restriction Areas,Mental Health - Outpatient Facilities,Banned,4,Ranking,2021-06-22,2021-10-01,"(41.56266102000046, -72.64984095199964)",15GRP,340,101,False,False,3,2,0.6666666666666666,"['New York', 'Massachusetts']",New York,6663.0,0.5833333333333333
2021,4,CT,Connecticut,Legislation - Smokefree Indoor Air,Smokefree Indoor Air – Other Sites,Restriction Areas,Substance Use - Residential Facilities,Banned,4,Ranking,2021-06-22,2021-10-01,"(41.56266102000046, -72.64984095199964)",15GRP,339,101,False,False,3,1,0.3333333333333333,['Massachusetts'],Massachusetts,6213.0,0.29166666666666663
2021,4,CT,Connecticut,Legislation - Smokefree Indoor Air,Government Worksites,Restrictions,Type of Restriction in Government Worksite,Banned,4,Ranking,2021-06-22,2021-10-01,"(41.56266102000046, -72.64984095199964)",10GRP,1,101,False,False,3,3,1.0,"['New York', 'Massachusetts', 'Rhode Island']",New York,8699.0,0.7
2021,4,CT,Connecticut,Legislation - Smokefree Indoor Air,Bars,Restrictions,Type of Restriction in Bar (Summary),Banned,4,Ranking,2021-06-22,2021-10-01,"(41.56266102000046, -72.64984095199964)",10GRP,234,101,False,False,3,3,1.0,"['New York', 'Massachusetts', 'Rhode Island']",New York,6663.0,0.7
2021,4,CT,Connecticut,Legislation - Smokefree Indoor Air,Smokefree Indoor Air – Other Sites,Restriction Areas,Prisons,Banned,4,Ranking,2021-06-22,2021-10-01,"(41.56266102000046, -72.64984095199964)",15GRP,101,101,False,False,3,0,0.0,[],,,0.0
2021,4,CT,Connecticut,Legislation - Smokefree Indoor Air,Private Worksites,Restrictions,Type of Restriction in Private Worksite,Banned,4,Ranking,2021-06-22,2021-10-01,"(41.56266102000046, -72.64984095199964)",10GRP,20,101,False,False,3,3,1.0,"['New York', 'Massachusetts', 'Rhode Island']",New York,6663.0,0.7
2021,4,CT,Connecticut,Legislation - Smokefree Indoor Air,Bars,Restriction Areas,Type of Restriction in Bar Employee Area,Banned,4,Ranking,2021-06-22,2021-10-01,"(41.56266102000046, -72.64984095199964)",15GRP,236,101,False,False,3,3,1.0,"['New York', 'Massachusetts', 'Rhode Island']",New York,6663.0,0.7
2021,4,CT,Connecticut,Legislation - Smokefree Indoor Air,Smokefree Indoor Air – Other Sites,Restriction Areas,Mental Health - Residential Facilities,Banned,4,Ranking,2021-06-22,2021-10-01,"(41.56266102000046, -72.64984095199964)",15GRP,341,101,False,False,3,1,0.3333333333333333,['Massachusetts'],Massachusetts,6213.0,0.29166666666666663
2021,4,CT,Connecticut,Legislation - Smokefree Indoor Air,Restaurants,Restrictions,Type of Restriction in Restaurant (Summary),Banned,4,Ranking,2021-06-22,2021-10-01,"(41.56266102000046, -72.64984095199964)",10GRP,37,101,False,False,3,3,1.0,"['New York', 'Massachusetts', 'Rhode Island']",New York,6663.0,0.7
2021,4,CT,Connecticut,Legislation - Smokefree Indoor Air,Restaurants,Restriction Areas,Type of Restriction in Restaurant Employee Area,Banned,4,Ranking,2021-06-22,2021-10-01,"(41.56266102000046, -72.64984095199964)",15GRP,232,101,False,False,3,3,1.0,"['New York', 'Massachusetts', 'Rhode Island']",New York,6663.0,0.7
2021,4,CT,Connecticut,Legislation - Smokefree Indoor Air,Smokefree Indoor Air – Other Sites,Restriction Areas,Substance Use - Outpatient Facilities,Banned,4,Ranking,2021-06-22,2021-10-01,"(41.56266102000046, -72.64984095199964)",15GRP,338,101,False,False,3,2,0.6666666666666666,"['New York', 'Massachusetts']",New York,6663.0,0.5833333333333333
2021,4,CT,Connecticut,Legislation - Smokefree Indoor Air,Smokefree Indoor Air – Other Sites,Restriction Areas,Hospital Campuses,Designated Areas,3,Ranking,2021-06-22,2021-10-01,"(41.56266102000046, -72.64984095199964)",15GRP,342,101,False,False,3,0,0.0,[],,,0.0
2021,4,CT,Connecticut,Legislation - Smokefree Indoor Air,Smokefree Indoor Air – Other Sites,Restriction Areas,Malls,Banned,4,Ranking,2021-06-22,2021-10-01,"(41.56266102000046, -72.64984095199964)",15GRP,96,101,False,False,3,1,0.3333333333333333,['New York'],New York,6663.0,0.29166666666666663
2023,4,DE,Delaware,Legislation - Smokefree Indoor Air,Personal Vehicles,Restrictions,Type of Restriction in Personal Vehicle,Banned,4,Ranking,2023-09-20,2023-09-20,"(39.008830667000495, -75.57774116799965)",10GRP,102,0,False,False,3,0,0.0,[],,,0.0
2023,4,AL,Alabama,Legislation - Smokefree Indoor Air,Personal Vehicles,Restrictions,Type of Restriction in Personal Vehicle,Banned,4,Ranking,2023-05-02,2023-08-01,"(32.84057112200048, -86.63186076199969)",10GRP,102,91,False,False,4,0,0.0,[],,,0.0
2024,3,WV,West Virginia,Legislation - Smokefree Indoor Air,Personal Vehicles,Restrictions,Type of Restriction in Personal Vehicle,Banned,4,Ranking,2024-03-22,2024-06-05,"(38.66551020200046, -80.71264013499967)",10GRP,102,75,False,False,4,1,0.25,['Virginia'],Virginia,2919.0,0.21875
