Year,Quarter,LocationAbbr,LocationDesc,TopicDesc,MeasureDesc,ProvisionGroupDesc,ProvisionDesc,ProvisionValue,ProvisionAltValue,DataType,Enacted_Date,Effective_Date,GeoLocation,ProvisionGroupID,ProvisionID,Time_Lag,Negative_Lag,Copied_From_Neighbor,Total_Neighbors,No_Neighbors_Already_Implemented,Neighbor_Adoption_Rate,Neighbors_Already_Implemented,Neighbor_Who_Implemented_First,Adoption_Lag,Copy_Confidence_Score,Region,First_Known_Date,Years_Since_First_Adoption,Time_To_Implementation,Policy_Type,Is_Restaurant_Policy,Is_Worksite_Policy,Is_Ban_Policy,Region_Northeast,Region_South,Region_West,MeasureDesc_Commercial Day Care Centers,MeasureDesc_Government Multi-Unit Housing,MeasureDesc_Government Worksites,MeasureDesc_Home-based Day Care Centers,MeasureDesc_Hotels and Motels,MeasureDesc_Personal Vehicles,MeasureDesc_Private Multi-Unit Housing,MeasureDesc_Private Worksites,MeasureDesc_Restaurants,MeasureDesc_Smokefree Indoor Air – Other Sites
1995,4,UT,Utah,Legislation - Smokefree Indoor Air,Home-based Day Care Centers,Restrictions,Type of Restriction in Home-Based Day Care,Banned,4,Ranking,1994-03-22,1995-01-01,"(39.360700171000474, -111.58713063499971)",10GRP,65,285,False,False,5,0,0.0,[],,,0.0,West,1987-06-04,6.798083504449007,285,Home-based Day Care Centers - Type of Restriction in Home-Based Day Care,0,0,1,0.0,0.0,1.0,0.0,0.0,0.0,1.0,0.0,0.0,0.0,0.0,0.0,0.0
1995,4,KS,Kansas,Legislation - Smokefree Indoor Air,Smokefree Indoor Air – Other Sites,Restriction Areas,Enclosed Arenas,Designated Areas,3,Ranking,1987-04-14,1987-07-01,"(38.34774030000045, -98.20078122699965)",15GRP,98,78,False,True,4,2,0.5,"['Nebraska', 'Colorado']",Nebraska,3574.0,0.4375,Midwest,1975-06-02,11.865845311430528,78,Smokefree Indoor Air – Other Sites - Enclosed Arenas,0,0,0,0.0,0.0,0.0,0.0,0.0,0.0,0.0,0.0,0.0,0.0,0.0,0.0,1.0
1995,4,OR,Oregon,Legislation - Smokefree Indoor Air,Restaurants,Restrictions,Type of Restriction in Restaurant (Summary),Designated Areas,3,Ranking,1981-01-01,1981-12-31,"(44.56744942400047, -120.15503132599969)",10GRP,37,364,False,False,4,0,0.0,[],,,0.0,West,1975-01-01,6.0013689253935665,364,Restaurants - Type of Restriction in Restaurant (Summary),1,0,0,0.0,0.0,1.0,0.0,0.0,0.0,0.0,0.0,0.0,0.0,0.0,1.0,0.0
1995,4,MI,Michigan,Legislation - Smokefree Indoor Air,Smokefree Indoor Air – Other Sites,Restriction Areas,Public Transportation,Designated Areas,3,Ranking,1986-07-15,1986-07-15,"(44.6613195430005, -84.71439026999968)",15GRP,99,0,False,False,3,2,0.6666666666666666,"['Wisconsin', 'Ohio']",Wisconsin,3698.0,0.5833333333333333,Midwest,1973-05-04,13.196440793976729,0,Smokefree Indoor Air – Other Sites - Public Transportation,0,0,0,0.0,0.0,0.0,0.0,0.0,0.0,0.0,0.0,0.0,0.0,0.0,0.0,1.0
1995,4,MO,Missouri,Legislation - Smokefree Indoor Air,Restaurants,Restriction Areas,Type of Restriction in Restaurant Patron Area,Designated Areas,3,Ranking,1992-06-11,1992-12-31,"(38.635790776000476, -92.56630005299968)",15GRP,233,203,False,False,7,4,0.5714285714285714,"['Iowa', 'Illinois', 'Kansas', 'Nebraska']",Iowa,4910.0,0.4999999999999999,Midwest,1975-01-01,17.44284736481862,203,Restaurants - Type of Restriction in Restaurant Patron Area,1,0,0,0.0,0.0,0.0,0.0,0.0,0.0,0.0,0.0,0.0,0.0,0.0,1.0,0.0
1995,4,MO,Missouri,Legislation - Smokefree Indoor Air,Restaurants,Restriction Areas,Type of Restriction in Restaurant Bar Area,Designated Areas,3,Ranking,1992-06-11,1992-12-31,"(38.635790776000476, -92.56630005299968)",15GRP,231,203,False,False,7,4,0.5714285714285714,"['Iowa', 'Illinois', 'Kansas', 'Nebraska']",Iowa,4910.0,0.4999999999999999,Midwest,1975-01-01,17.44284736481862,203,Restaurants - Type of Restriction in Restaurant Bar Area,1,0,0,0.0,0.0,0.0,0.0,0.0,0.0,0.0,0.0,0.0,0.0,0.0,1.0,0.0
1995,4,ME,Maine,Legislation - Smokefree Indoor Air,Hotels and Motels,Restrictions,Type of Restriction in Lobby and Common Area of Hotel and Motel,Designated Areas,3,Ranking,1993-06-15,1994-01-01,"(45.254228894000505, -68.98503133599962)",10GRP,81,200,False,True,1,1,1.0,['New Hampshire'],New Hampshire,1145.0,0.7,Northeast,1990-01-09,3.430527036276523,200,Hotels and Motels - Type of Restriction in Lobby and Common Area of Hotel and Motel,0,0,0,1.0,0.0,0.0,0.0,0.0,0.0,0.0,1.0,0.0,0.0,0.0,0.0,0.0
1995,4,NY,New York,Legislation - Smokefree Indoor Air,Commercial Day Care Centers,Restrictions,Type of Restriction in Commercial Day Care,Banned,4,Ranking,1994-07-26,1994-08-25,"(42.82700103200045, -75.54397042699964)",10GRP,50,30,False,False,5,0,0.0,[],,,0.0,Northeast,1963-07-12,31.039014373716633,30,Commercial Day Care Centers - Type of Restriction in Commercial Day Care,0,0,1,1.0,0.0,0.0,1.0,0.0,0.0,0.0,0.0,0.0,0.0,0.0,0.0,0.0
1995,4,KS,Kansas,Legislation - Smokefree Indoor Air,Restaurants,Restriction Areas,Type of Restriction in Restaurant Employee Area,Designated Areas,3,Ranking,1987-07-01,1987-12-31,"(38.34774030000045, -98.20078122699965)",15GRP,232,183,False,False,4,1,0.25,['Nebraska'],Nebraska,3103.0,0.21875,Midwest,1975-01-01,12.49555099247091,183,Restaurants - Type of Restriction in Restaurant Employee Area,1,0,0,0.0,0.0,0.0,0.0,0.0,0.0,0.0,0.0,0.0,0.0,0.0,1.0,0.0
1995,4,RI,Rhode Island,Legislation - Smokefree Indoor Air,Restaurants,Restriction Areas,Type of Restriction in Restaurant Employee Area,Designated Areas,3,Ranking,1977-01-01,1977-12-31,"(41.70828019300046, -71.52247031399963)",15GRP,232,364,False,False,2,0,0.0,[],,,0.0,Northeast,1975-01-01,2.001368925393566,364,Restaurants - Type of Restriction in Restaurant Employee Area,1,0,0,1.0,0.0,0.0,0.0,0.0,0.0,0.0,0.0,0.0,0.0,0.0,1.0,0.0
1995,4,UT,Utah,Legislation - Smokefree Indoor Air,Commercial Day Care Centers,Restrictions,Type of Restriction in Commercial Day Care,Banned,4,Ranking,1994-03-22,1995-01-01,"(39.360700171000474, -111.58713063499971)",10GRP,50,285,False,False,5,0,0.0,[],,,0.0,West,1963-07-12,30.694045174537987,285,Commercial Day Care Centers - Type of Restriction in Commercial Day Care,0,0,1,0.0,0.0,1.0,1.0,0.0,0.0,0.0,0.0,0.0,0.0,0.0,0.0,0.0
1995,4,ME,Maine,Legislation - Smokefree Indoor Air,Smokefree Indoor Air – Other Sites,Restriction Areas,Malls,Designated Areas,3,Ranking,1993-06-15,1994-01-01,"(45.254228894000505, -68.98503133599962)",15GRP,96,200,False,True,1,1,1.0,['New Hampshire'],New Hampshire,1145.0,0.7,Northeast,1985-05-10,8.098562628336756,200,Smokefree Indoor Air – Other Sites - Malls,0,0,0,1.0,0.0,0.0,0.0,0.0,0.0,0.0,0.0,0.0,0.0,0.0,0.0,1.0
1995,4,UT,Utah,Legislation - Smokefree Indoor Air,Government Worksites,Restrictions,Type of Restriction in Government Worksite,Banned,4,Ranking,1994-03-22,1995-01-01,"(39.360700171000474, -111.58713063499971)",10GRP,1,285,False,False,5,1,0.2,['Idaho'],Idaho,805.0,0.175,West,1975-06-02,18.803559206023273,285,Government Worksites - Type of Restriction in Government Worksite,0,1,1,0.0,0.0,1.0,0.0,0.0,1.0,0.0,0.0,0.0,0.0,0.0,0.0,0.0
1995,4,UT,Utah,Legislation - Smokefree Indoor Air,Restaurants,Restriction Areas,Type of Restriction in Restaurant Bar Area,Banned,4,Ranking,1994-03-22,1995-01-01,"(39.360700171000474, -111.58713063499971)",15GRP,231,285,False,False,5,0,0.0,[],,,0.0,West,1975-01-01,19.21971252566735,285,Restaurants - Type of Restriction in Restaurant Bar Area,1,0,1,0.0,0.0,1.0,0.0,0.0,0.0,0.0,0.0,0.0,0.0,0.0,1.0,0.0
1995,4,RI,Rhode Island,Legislation - Smokefree Indoor Air,Restaurants,Restrictions,Type of Restriction in Restaurant (Summary),Designated Areas,3,Ranking,1977-01-01,1977-12-31,"(41.70828019300046, -71.52247031399963)",10GRP,37,364,False,False,2,0,0.0,[],,,0.0,Northeast,1975-01-01,2.001368925393566,364,Restaurants - Type of Restriction in Restaurant (Summary),1,0,0,1.0,0.0,0.0,0.0,0.0,0.0,0.0,0.0,0.0,0.0,0.0,1.0,0.0
1995,4,WA,Washington,Legislation - Smokefree Indoor Air,Smokefree Indoor Air – Other Sites,Restriction Areas,Hospitals,Designated Areas,3,Ranking,1985-05-10,1995-07-28,"(47.52227862900048, -120.47001078999972)",15GRP,100,3731,False,True,2,2,1.0,"['Idaho', 'Oregon']",Idaho,2899.0,0.7,West,1975-05-05,10.015058179329227,3731,Smokefree Indoor Air – Other Sites - Hospitals,0,0,0,0.0,0.0,1.0,0.0,0.0,0.0,0.0,0.0,0.0,0.0,0.0,0.0,1.0
1995,4,NE,Nebraska,Legislation - Smokefree Indoor Air,Smokefree Indoor Air – Other Sites,Restriction Areas,Public Transportation,Designated Areas,3,Ranking,1979-05-21,1980-01-01,"(41.6410409880005, -99.36572062299967)",15GRP,99,225,False,True,5,2,0.4,"['South Dakota', 'Colorado']",South Dakota,1914.0,0.35,Midwest,1973-05-04,6.04517453798768,225,Smokefree Indoor Air – Other Sites - Public Transportation,0,0,0,0.0,0.0,0.0,0.0,0.0,0.0,0.0,0.0,0.0,0.0,0.0,0.0,1.0
1995,4,MD,Maryland,Legislation - Smokefree Indoor Air,Hotels and Motels,Additional Requirements,Sleeping Room Designation (Type),Smoking Room,3,Ranking,1995-04-27,1995-04-27,"(39.29058096400047, -76.60926011099963)",20GRP,83,0,False,False,5,0,0.0,[],,,0.0,South,1990-01-01,5.316906228610541,0,Hotels and Motels - Sleeping Room Designation (Type),0,0,0,0.0,1.0,0.0,0.0,0.0,0.0,0.0,1.0,0.0,0.0,0.0,0.0,0.0
1995,4,GA,Georgia,Legislation - Smokefree Indoor Air,Home-based Day Care Centers,Restrictions,Type of Restriction in Home-Based Day Care,Banned,4,Ranking,1994-04-01,1994-07-01,"(32.83968109300048, -83.62758034599966)",10GRP,65,91,False,False,5,1,0.2,['South Carolina'],South Carolina,31.0,0.4622602739726027,South,1987-06-04,6.825462012320329,91,Home-based Day Care Centers - Type of Restriction in Home-Based Day Care,0,0,1,0.0,1.0,0.0,0.0,0.0,0.0,1.0,0.0,0.0,0.0,0.0,0.0,0.0
1995,4,SD,South Dakota,Legislation - Smokefree Indoor Air,Commercial Day Care Centers,Restrictions,Type of Restriction in Commercial Day Care,Designated Areas,3,Ranking,1994-03-11,1994-07-01,"(44.353130053000484, -100.3735306369997)",10GRP,50,112,False,False,5,0,0.0,[],,,0.0,Midwest,1963-07-12,30.663928815879533,112,Commercial Day Care Centers - Type of Restriction in Commercial Day Care,0,0,0,0.0,0.0,0.0,1.0,0.0,0.0,0.0,0.0,0.0,0.0,0.0,0.0,0.0
1995,4,IL,Illinois,Legislation - Smokefree Indoor Air,Restaurants,Restriction Areas,Type of Restriction in Restaurant Bar Area,Designated Areas,3,Ranking,1990-01-01,1990-07-01,"(40.48501028300046, -88.99771017799969)",15GRP,231,181,False,False,4,1,0.25,['Wisconsin'],Wisconsin,2557.0,0.21875,Midwest,1975-01-01,15.000684462696784,181,Restaurants - Type of Restriction in Restaurant Bar Area,1,0,0,0.0,0.0,0.0,0.0,0.0,0.0,0.0,0.0,0.0,0.0,0.0,1.0,0.0
1995,4,IL,Illinois,Legislation - Smokefree Indoor Air,Hotels and Motels,Additional Requirements,Sleeping Room Designation (Type),Smoking Room,3,Ranking,1990-01-01,1990-07-01,"(40.48501028300046, -88.99771017799969)",20GRP,83,181,False,False,4,0,0.0,[],,,0.0,Midwest,1990-01-01,0.0,181,Hotels and Motels - Sleeping Room Designation (Type),0,0,0,0.0,0.0,0.0,0.0,0.0,0.0,0.0,1.0,0.0,0.0,0.0,0.0,0.0
1995,4,MI,Michigan,Legislation - Smokefree Indoor Air,Smokefree Indoor Air – Other Sites,Restriction Areas,Prisons,Designated Areas,3,Ranking,1992-03-18,1992-06-15,"(44.6613195430005, -84.71439026999968)",15GRP,101,89,False,False,3,0,0.0,[],,,0.0,Midwest,1990-04-27,1.891854893908282,89,Smokefree Indoor Air – Other Sites - Prisons,0,0,0,0.0,0.0,0.0,0.0,0.0,0.0,0.0,0.0,0.0,0.0,0.0,0.0,1.0
1995,4,OK,Oklahoma,Legislation - Smokefree Indoor Air,Smokefree Indoor Air – Other Sites,Restriction Areas,Enclosed Arenas,Designated Areas,3,Ranking,1987-06-24,1987-11-01,"(35.47203135600046, -97.52107021399968)",15GRP,98,130,False,True,6,2,0.3333333333333333,"['Kansas', 'Colorado']",Kansas,3645.0,0.2916666666666666,South,1975-06-02,12.060232717316905,130,Smokefree Indoor Air – Other Sites - Enclosed Arenas,0,0,0,0.0,1.0,0.0,0.0,0.0,0.0,0.0,0.0,0.0,0.0,0.0,0.0,1.0
1995,4,CO,Colorado,Legislation - Smokefree Indoor Air,Smokefree Indoor Air – Other Sites,Restriction Areas,Public Transportation,Designated Areas,3,Ranking,1977-07-01,1977-07-01,"(38.843840757000464, -106.13361092099967)",15GRP,99,0,False,False,6,1,0.1666666666666666,['Arizona'],Arizona,1519.0,0.1458333333333333,West,1973-05-04,4.158795345653662,0,Smokefree Indoor Air – Other Sites - Public Transportation,0,0,0,0.0,0.0,1.0,0.0,0.0,0.0,0.0,0.0,0.0,0.0,0.0,0.0,1.0
1995,4,ND,North Dakota,Legislation - Smokefree Indoor Air,Home-based Day Care Centers,Restrictions,Type of Restriction in Home-Based Day Care,Banned,4,Ranking,1993-04-01,1993-08-01,"(47.47531977900047, -100.11842104899966)",10GRP,65,122,False,True,3,1,0.3333333333333333,['Minnesota'],Minnesota,2128.0,0.2916666666666666,Midwest,1987-06-04,5.8261464750171115,122,Home-based Day Care Centers - Type of Restriction in Home-Based Day Care,0,0,1,0.0,0.0,0.0,0.0,0.0,0.0,1.0,0.0,0.0,0.0,0.0,0.0,0.0
1995,4,FL,Florida,Legislation - Smokefree Indoor Air,Restaurants,Restriction Areas,Type of Restriction in Restaurant Bar Area,Designated Areas,3,Ranking,1985-01-01,1985-01-01,"(28.932040377000476, -81.92896053899966)",15GRP,231,0,False,False,2,0,0.0,[],,,0.0,South,1975-01-01,10.001368925393566,0,Restaurants - Type of Restriction in Restaurant Bar Area,1,0,0,0.0,1.0,0.0,0.0,0.0,0.0,0.0,0.0,0.0,0.0,0.0,1.0,0.0
1995,4,NH,New Hampshire,Legislation - Smokefree Indoor Air,Hotels and Motels,Restrictions,Type of Restriction in Lobby and Common Area of Hotel and Motel,Designated Areas,3,Ranking,1990-04-27,1991-01-01,"(43.65595011300047, -71.50036091999965)",10GRP,81,249,False,False,3,0,0.0,[],,,0.0,Northeast,1990-01-09,0.29568788501026694,249,Hotels and Motels - Type of Restriction in Lobby and Common Area of Hotel and Motel,0,0,0,1.0,0.0,0.0,0.0,0.0,0.0,0.0,1.0,0.0,0.0,0.0,0.0,0.0
1995,4,SD,South Dakota,Legislation - Smokefree Indoor Air,Home-based Day Care Centers,Restrictions,Type of Restriction in Home-Based Day Care,Designated Areas,3,Ranking,1994-03-11,1994-07-01,"(44.353130053000484, -100.3735306369997)",10GRP,65,112,False,False,5,0,0.0,[],,,0.0,Midwest,1987-06-04,6.767967145790554,112,Home-based Day Care Centers - Type of Restriction in Home-Based Day Care,0,0,0,0.0,0.0,0.0,0.0,0.0,0.0,1.0,0.0,0.0,0.0,0.0,0.0,0.0
1995,4,MN,Minnesota,Legislation - Smokefree Indoor Air,Private Worksites,Restrictions,Type of Restriction in Private Worksite,Designated Areas,3,Ranking,1975-06-02,1975-06-02,"(46.35564873600049, -94.79420050299967)",10GRP,20,0,False,False,4,0,0.0,[],,,0.0,Midwest,1975-06-02,0.0,0,Private Worksites - Type of Restriction in Private Worksite,0,1,0,0.0,0.0,0.0,0.0,0.0,0.0,0.0,0.0,0.0,0.0,1.0,0.0,0.0
1995,4,PA,Pennsylvania,Legislation - Smokefree Indoor Air,Smokefree Indoor Air – Other Sites,Restriction Areas,Public Transportation,Designated Areas,3,Ranking,1992-07-09,1992-07-09,"(40.79373015200048, -77.86070029399963)",15GRP,99,0,False,False,6,1,0.1666666666666666,['Ohio'],Ohio,5884.0,0.1458333333333333,Northeast,1973-05-04,19.1813826146475,0,Smokefree Indoor Air – Other Sites - Public Transportation,0,0,0,1.0,0.0,0.0,0.0,0.0,0.0,0.0,0.0,0.0,0.0,0.0,0.0,1.0
1995,4,MD,Maryland,Legislation - Smokefree Indoor Air,Restaurants,Restrictions,Type of Restriction in Restaurant (Summary),Designated Areas,3,Ranking,1995-04-27,1995-04-27,"(39.29058096400047, -76.60926011099963)",10GRP,37,0,False,True,5,4,0.8,"['Virginia', 'Pennsylvania', 'District of Columbia', 'Delaware']",Virginia,2318.0,0.7,South,1975-01-01,20.317590691307323,0,Restaurants - Type of Restriction in Restaurant (Summary),1,0,0,0.0,1.0,0.0,0.0,0.0,0.0,0.0,0.0,0.0,0.0,0.0,1.0,0.0
1995,4,MT,Montana,Legislation - Smokefree Indoor Air,Smokefree Indoor Air – Other Sites,Restriction Areas,Grocery Stores,Designated Areas,3,Ranking,1979-03-29,1979-07-01,"(47.06652897200047, -109.42442064499971)",15GRP,97,94,False,False,3,0,0.0,[],,,0.0,West,1975-06-02,3.8220396988364134,94,Smokefree Indoor Air – Other Sites - Grocery Stores,0,0,0,0.0,0.0,1.0,0.0,0.0,0.0,0.0,0.0,0.0,0.0,0.0,0.0,1.0
1995,4,NY,New York,Legislation - Smokefree Indoor Air,Government Worksites,Restrictions,Type of Restriction in Government Worksite,Designated Areas,3,Ranking,1989-07-05,1990-01-01,"(42.82700103200045, -75.54397042699964)",10GRP,1,180,False,True,5,3,0.6,"['New Jersey', 'Pennsylvania', 'Massachusetts']",New Jersey,1295.0,0.5249999999999999,Northeast,1975-06-02,14.091718001368925,180,Government Worksites - Type of Restriction in Government Worksite,0,1,0,1.0,0.0,0.0,0.0,0.0,1.0,0.0,0.0,0.0,0.0,0.0,0.0,0.0
1995,4,LA,Louisiana,Legislation - Smokefree Indoor Air,Smokefree Indoor Air – Other Sites,Restriction Areas,Public Transportation,Banned,4,Ranking,1992-07-14,1992-08-15,"(31.31266064400046, -92.44568007099969)",15GRP,99,32,False,False,3,0,0.0,[],,,0.0,South,1973-05-04,19.195071868583163,32,Smokefree Indoor Air – Other Sites - Public Transportation,0,0,1,0.0,1.0,0.0,0.0,0.0,0.0,0.0,0.0,0.0,0.0,0.0,0.0,1.0
1995,4,MI,Michigan,Legislation - Smokefree Indoor Air,Home-based Day Care Centers,Restrictions,Type of Restriction in Home-Based Day Care,Banned,4,Ranking,1993-10-29,1994-04-01,"(44.6613195430005, -84.71439026999968)",10GRP,65,154,False,False,3,0,0.0,[],,,0.0,Midwest,1987-06-04,6.403832991101985,154,Home-based Day Care Centers - Type of Restriction in Home-Based Day Care,0,0,1,0.0,0.0,0.0,0.0,0.0,0.0,1.0,0.0,0.0,0.0,0.0,0.0,0.0
1995,4,ID,Idaho,Legislation - Smokefree Indoor Air,Restaurants,Restrictions,Type of Restriction in Restaurant (Summary),Designated Areas,3,Ranking,1985-01-01,1985-01-01,"(43.682630005000476, -114.3637300419997)",10GRP,37,0,False,True,5,2,0.4,"['Montana', 'Oregon']",Montana,2105.0,0.35,West,1975-01-01,10.001368925393566,0,Restaurants - Type of Restriction in Restaurant (Summary),1,0,0,0.0,0.0,1.0,0.0,0.0,0.0,0.0,0.0,0.0,0.0,0.0,1.0,0.0
1995,4,MO,Missouri,Legislation - Smokefree Indoor Air,Bars,Restriction Areas,Type of Restriction in Bar Employee Area,Designated Areas,3,Ranking,1992-06-11,1992-12-31,"(38.635790776000476, -92.56630005299968)",15GRP,236,203,False,False,7,1,0.1428571428571428,['Nebraska'],Nebraska,4910.0,0.1249999999999999,Midwest,1979-01-01,13.442847364818617,203,Bars - Type of Restriction in Bar Employee Area,0,0,0,0.0,0.0,0.0,0.0,0.0,0.0,0.0,0.0,0.0,0.0,0.0,0.0,0.0
1995,4,LA,Louisiana,Legislation - Smokefree Indoor Air,Commercial Day Care Centers,Restrictions,Type of Restriction in Commercial Day Care,Banned,4,Ranking,1993-06-10,1993-08-15,"(31.31266064400046, -92.44568007099969)",10GRP,50,66,False,True,3,1,0.3333333333333333,['Arkansas'],Arkansas,2989.0,0.2916666666666666,South,1963-07-12,29.913757700205338,66,Commercial Day Care Centers - Type of Restriction in Commercial Day Care,0,0,1,0.0,1.0,0.0,1.0,0.0,0.0,0.0,0.0,0.0,0.0,0.0,0.0,0.0
1995,4,ND,North Dakota,Legislation - Smokefree Indoor Air,Commercial Day Care Centers,Restrictions,Type of Restriction in Commercial Day Care,Banned,4,Ranking,1993-04-01,1993-08-01,"(47.47531977900047, -100.11842104899966)",10GRP,50,122,False,True,3,1,0.3333333333333333,['Minnesota'],Minnesota,2128.0,0.2916666666666666,Midwest,1963-07-12,29.72210814510609,122,Commercial Day Care Centers - Type of Restriction in Commercial Day Care,0,0,1,0.0,0.0,0.0,1.0,0.0,0.0,0.0,0.0,0.0,0.0,0.0,0.0,0.0
1995,4,ME,Maine,Legislation - Smokefree Indoor Air,Smokefree Indoor Air – Other Sites,Restriction Areas,Hospitals,Designated Areas,3,Ranking,1989-10-16,1989-10-16,"(45.254228894000505, -68.98503133599962)",15GRP,100,0,False,False,1,0,0.0,[],,,0.0,Northeast,1975-05-05,14.45037645448323,0,Smokefree Indoor Air – Other Sites - Hospitals,0,0,0,1.0,0.0,0.0,0.0,0.0,0.0,0.0,0.0,0.0,0.0,0.0,0.0,1.0
1995,4,MI,Michigan,Legislation - Smokefree Indoor Air,Commercial Day Care Centers,Restrictions,Type of Restriction in Commercial Day Care,Banned,4,Ranking,1993-10-22,1993-10-22,"(44.6613195430005, -84.71439026999968)",10GRP,50,0,False,False,3,0,0.0,[],,,0.0,Midwest,1963-07-12,30.28062970568104,0,Commercial Day Care Centers - Type of Restriction in Commercial Day Care,0,0,1,0.0,0.0,0.0,1.0,0.0,0.0,0.0,0.0,0.0,0.0,0.0,0.0,0.0
1995,4,NE,Nebraska,Legislation - Smokefree Indoor Air,Private Worksites,Restrictions,Type of Restriction in Private Worksite,Designated Areas,3,Ranking,1979-05-21,1980-01-01,"(41.6410409880005, -99.36572062299967)",10GRP,20,225,False,False,5,0,0.0,[],,,0.0,Midwest,1975-06-02,3.9671457905544147,225,Private Worksites - Type of Restriction in Private Worksite,0,1,0,0.0,0.0,0.0,0.0,0.0,0.0,0.0,0.0,0.0,0.0,1.0,0.0,0.0
1995,4,MT,Montana,Legislation - Smokefree Indoor Air,Private Worksites,Restrictions,Type of Restriction in Private Worksite,Designated Areas,3,Ranking,1979-03-29,1979-07-01,"(47.06652897200047, -109.42442064499971)",10GRP,20,94,False,False,3,0,0.0,[],,,0.0,West,1975-06-02,3.8220396988364134,94,Private Worksites - Type of Restriction in Private Worksite,0,1,0,0.0,0.0,1.0,0.0,0.0,0.0,0.0,0.0,0.0,0.0,1.0,0.0,0.0
1995,4,CA,California,Legislation - Smokefree Indoor Air,Home-based Day Care Centers,Restrictions,Type of Restriction in Home-Based Day Care,Banned,4,Ranking,1994-07-21,1995-01-01,"(37.63864012300047, -120.99999953799971)",10GRP,65,164,False,False,3,0,0.0,[],,,0.0,West,1987-06-04,7.129363449691992,164,Home-based Day Care Centers - Type of Restriction in Home-Based Day Care,0,0,1,0.0,0.0,1.0,0.0,0.0,0.0,1.0,0.0,0.0,0.0,0.0,0.0,0.0
1995,4,PA,Pennsylvania,Legislation - Smokefree Indoor Air,Restaurants,Restriction Areas,Type of Restriction in Restaurant Patron Area,Designated Areas,3,Ranking,1988-12-21,1988-12-31,"(40.79373015200048, -77.86070029399963)",15GRP,233,10,False,False,6,0,0.0,[],,,0.0,Northeast,1975-01-01,13.971252566735114,10,Restaurants - Type of Restriction in Restaurant Patron Area,1,0,0,1.0,0.0,0.0,0.0,0.0,0.0,0.0,0.0,0.0,0.0,0.0,1.0,0.0
1995,4,NH,New Hampshire,Legislation - Smokefree Indoor Air,Government Worksites,Restrictions,Type of Restriction in Government Worksite,Designated Areas,3,Ranking,1990-04-27,1991-01-01,"(43.65595011300047, -71.50036091999965)",10GRP,1,249,False,True,3,1,0.3333333333333333,['Massachusetts'],Massachusetts,834.0,0.2916666666666666,Northeast,1975-06-02,14.902121834360027,249,Government Worksites - Type of Restriction in Government Worksite,0,1,0,1.0,0.0,0.0,0.0,0.0,1.0,0.0,0.0,0.0,0.0,0.0,0.0,0.0
1995,4,ND,North Dakota,Legislation - Smokefree Indoor Air,Smokefree Indoor Air – Other Sites,Restriction Areas,Public Transportation,Designated Areas,3,Ranking,1987-04-04,1987-07-01,"(47.47531977900047, -100.11842104899966)",15GRP,99,88,False,False,3,2,0.6666666666666666,"['South Dakota', 'Montana']",South Dakota,4789.0,0.5833333333333333,Midwest,1973-05-04,13.91649555099247,88,Smokefree Indoor Air – Other Sites - Public Transportation,0,0,0,0.0,0.0,0.0,0.0,0.0,0.0,0.0,0.0,0.0,0.0,0.0,0.0,1.0
1995,4,MN,Minnesota,Legislation - Smokefree Indoor Air,Government Worksites,Vehicles,Type of Restriction in Government Worksite Vehicle,Banned,4,Ranking,1987-06-04,1990-01-01,"(46.35564873600049, -94.79420050299967)",30GRP,17,942,False,False,4,0,0.0,[],,,0.0,Midwest,1979-01-01,8.421629021218344,942,Government Worksites - Type of Restriction in Government Worksite Vehicle,0,1,1,0.0,0.0,0.0,0.0,0.0,1.0,0.0,0.0,0.0,0.0,0.0,0.0,0.0
1995,4,MI,Michigan,Legislation - Smokefree Indoor Air,Restaurants,Restrictions,Type of Restriction in Restaurant (Summary),Designated Areas,3,Ranking,1993-10-15,1994-04-01,"(44.6613195430005, -84.71439026999968)",10GRP,37,168,False,False,3,1,0.3333333333333333,['Wisconsin'],Wisconsin,3940.0,0.2916666666666666,Midwest,1975-01-01,18.78713210130048,168,Restaurants - Type of Restriction in Restaurant (Summary),1,0,0,0.0,0.0,0.0,0.0,0.0,0.0,0.0,0.0,0.0,0.0,0.0,1.0,0.0
1995,4,IL,Illinois,Legislation - Smokefree Indoor Air,Private Worksites,Restrictions,Type of Restriction in Private Worksite,Designated Areas,3,Ranking,1990-01-01,1990-07-01,"(40.48501028300046, -88.99771017799969)",10GRP,20,181,False,True,4,2,0.5,"['Iowa', 'Wisconsin']",Iowa,2084.0,0.4375,Midwest,1975-06-02,14.584531143052704,181,Private Worksites - Type of Restriction in Private Worksite,0,1,0,0.0,0.0,0.0,0.0,0.0,0.0,0.0,0.0,0.0,0.0,1.0,0.0,0.0
1995,4,IA,Iowa,Legislation - Smokefree Indoor Air,Restaurants,Restriction Areas,Type of Restriction in Restaurant Employee Area,Designated Areas,3,Ranking,1990-04-24,1990-04-24,"(42.46940091300047, -93.81649055599968)",15GRP,232,0,False,False,6,4,0.6666666666666666,"['Minnesota', 'Wisconsin', 'Illinois', 'Nebraska']",Minnesota,5592.0,0.5833333333333333,Midwest,1975-01-01,15.31006160164271,0,Restaurants - Type of Restriction in Restaurant Employee Area,1,0,0,0.0,0.0,0.0,0.0,0.0,0.0,0.0,0.0,0.0,0.0,0.0,1.0,0.0
1995,4,VT,Vermont,Legislation - Smokefree Indoor Air,Restaurants,Restriction Areas,Type of Restriction in Restaurant Employee Area,Designated Areas,3,Ranking,1993-05-28,1993-07-01,"(43.62538123900049, -72.51764079099962)",15GRP,232,34,False,True,3,2,0.6666666666666666,"['New Hampshire', 'Massachusetts']",New Hampshire,1127.0,0.5833333333333333,Northeast,1975-01-01,18.403832991101986,34,Restaurants - Type of Restriction in Restaurant Employee Area,1,0,0,1.0,0.0,0.0,0.0,0.0,0.0,0.0,0.0,0.0,0.0,0.0,1.0,0.0
1995,4,WA,Washington,Legislation - Smokefree Indoor Air,Smokefree Indoor Air – Other Sites,Restriction Areas,Enclosed Arenas,Designated Areas,3,Ranking,1985-05-10,1985-07-28,"(47.52227862900048, -120.47001078999972)",15GRP,98,79,False,True,2,2,1.0,"['Idaho', 'Oregon']",Idaho,1389.0,0.7,West,1975-06-02,9.938398357289527,79,Smokefree Indoor Air – Other Sites - Enclosed Arenas,0,0,0,0.0,0.0,1.0,0.0,0.0,0.0,0.0,0.0,0.0,0.0,0.0,0.0,1.0
1995,4,MO,Missouri,Legislation - Smokefree Indoor Air,Home-based Day Care Centers,Restrictions,Type of Restriction in Home-Based Day Care,Banned,4,Ranking,1993-06-15,1993-09-13,"(38.635790776000476, -92.56630005299968)",10GRP,65,90,False,False,7,0,0.0,[],,,0.0,Midwest,1987-06-04,6.031485284052019,90,Home-based Day Care Centers - Type of Restriction in Home-Based Day Care,0,0,1,0.0,0.0,0.0,0.0,0.0,0.0,1.0,0.0,0.0,0.0,0.0,0.0,0.0
1995,4,PA,Pennsylvania,Legislation - Smokefree Indoor Air,Restaurants,Restriction Areas,Type of Restriction in Restaurant Bar Area,Designated Areas,3,Ranking,1988-12-21,1988-12-31,"(40.79373015200048, -77.86070029399963)",15GRP,231,10,False,False,6,0,0.0,[],,,0.0,Northeast,1975-01-01,13.971252566735114,10,Restaurants - Type of Restriction in Restaurant Bar Area,1,0,0,1.0,0.0,0.0,0.0,0.0,0.0,0.0,0.0,0.0,0.0,0.0,1.0,0.0
1995,4,VT,Vermont,Legislation - Smokefree Indoor Air,Hotels and Motels,Restrictions,Type of Restriction in Lobby and Common Area of Hotel and Motel,Banned,4,Ranking,1993-06-03,1995-01-01,"(43.62538123900049, -72.51764079099962)",10GRP,81,577,False,False,3,0,0.0,[],,,0.0,Northeast,1990-01-09,3.3976728268309375,577,Hotels and Motels - Type of Restriction in Lobby and Common Area of Hotel and Motel,0,0,1,1.0,0.0,0.0,0.0,0.0,0.0,0.0,1.0,0.0,0.0,0.0,0.0,0.0
1995,4,MN,Minnesota,Legislation - Smokefree Indoor Air,Restaurants,Restriction Areas,Type of Restriction in Restaurant Employee Area,Designated Areas,3,Ranking,1975-01-01,1975-01-01,"(46.35564873600049, -94.79420050299967)",15GRP,232,0,False,False,4,0,0.0,[],,,0.0,Midwest,1975-01-01,0.0,0,Restaurants - Type of Restriction in Restaurant Employee Area,1,0,0,0.0,0.0,0.0,0.0,0.0,0.0,0.0,0.0,0.0,0.0,0.0,1.0,0.0
1995,4,VA,Virginia,Legislation - Smokefree Indoor Air,Smokefree Indoor Air – Other Sites,Restriction Areas,Grocery Stores,Designated Areas,3,Ranking,1990-04-18,1991-07-01,"(37.54268067400045, -78.45789046299967)",15GRP,97,439,False,False,5,1,0.2,['District of Columbia'],District of Columbia,3936.0,0.175,South,1975-06-02,14.877481177275838,439,Smokefree Indoor Air – Other Sites - Grocery Stores,0,0,0,0.0,1.0,0.0,0.0,0.0,0.0,0.0,0.0,0.0,0.0,0.0,0.0,1.0
1995,4,NE,Nebraska,Legislation - Smokefree Indoor Air,Smokefree Indoor Air – Other Sites,Restriction Areas,Hospitals,Designated Areas,3,Ranking,1979-05-21,1980-01-01,"(41.6410409880005, -99.36572062299967)",15GRP,100,225,False,False,5,1,0.2,['Colorado'],Colorado,689.0,0.1918493150684931,Midwest,1975-05-05,4.043805612594114,225,Smokefree Indoor Air – Other Sites - Hospitals,0,0,0,0.0,0.0,0.0,0.0,0.0,0.0,0.0,0.0,0.0,0.0,0.0,0.0,1.0
1995,4,DC,District of Columbia,Legislation - Smokefree Indoor Air,Restaurants,Restriction Areas,Type of Restriction in Restaurant Employee Area,Designated Areas,3,Ranking,1990-12-14,1991-02-14,"(38.89037138500049, -77.03196112699965)",15GRP,232,62,False,True,2,1,0.5,['Virginia'],Virginia,240.0,0.6388698630136986,South,1975-01-01,15.950718685831623,62,Restaurants - Type of Restriction in Restaurant Employee Area,1,0,0,0.0,1.0,0.0,0.0,0.0,0.0,0.0,0.0,0.0,0.0,0.0,1.0,0.0
1995,4,MN,Minnesota,Legislation - Smokefree Indoor Air,Home-based Day Care Centers,Restrictions,Type of Restriction in Home-Based Day Care,Banned,4,Ranking,1987-06-04,1990-01-01,"(46.35564873600049, -94.79420050299967)",10GRP,65,942,False,False,4,0,0.0,[],,,0.0,Midwest,1987-06-04,0.0,942,Home-based Day Care Centers - Type of Restriction in Home-Based Day Care,0,0,1,0.0,0.0,0.0,0.0,0.0,0.0,1.0,0.0,0.0,0.0,0.0,0.0,0.0
1995,4,GA,Georgia,Legislation - Smokefree Indoor Air,Commercial Day Care Centers,Restrictions,Type of Restriction in Commercial Day Care,Banned,4,Ranking,1994-04-01,1994-07-01,"(32.83968109300048, -83.62758034599966)",10GRP,50,91,False,True,5,2,0.4,"['Florida', 'South Carolina']",Florida,721.0,0.3536986301369862,South,1963-07-12,30.72142368240931,91,Commercial Day Care Centers - Type of Restriction in Commercial Day Care,0,0,1,0.0,1.0,0.0,1.0,0.0,0.0,0.0,0.0,0.0,0.0,0.0,0.0,0.0
1995,4,IL,Illinois,Legislation - Smokefree Indoor Air,Commercial Day Care Centers,Restrictions,Type of Restriction in Commercial Day Care,Banned,4,Ranking,1993-07-20,1994-01-01,"(40.48501028300046, -88.99771017799969)",10GRP,50,165,False,False,4,1,0.25,['Missouri'],Missouri,35.0,0.5043664383561643,Midwest,1963-07-12,30.023271731690624,165,Commercial Day Care Centers - Type of Restriction in Commercial Day Care,0,0,1,0.0,0.0,0.0,1.0,0.0,0.0,0.0,0.0,0.0,0.0,0.0,0.0,0.0
1995,4,ID,Idaho,Legislation - Smokefree Indoor Air,Smokefree Indoor Air – Other Sites,Restriction Areas,Grocery Stores,Designated Areas,3,Ranking,1985-03-11,1986-01-01,"(43.682630005000476, -114.3637300419997)",15GRP,97,296,False,True,5,2,0.4,"['Montana', 'Oregon']",Montana,2174.0,0.35,West,1975-06-02,9.774127310061601,296,Smokefree Indoor Air – Other Sites - Grocery Stores,0,0,0,0.0,0.0,1.0,0.0,0.0,0.0,0.0,0.0,0.0,0.0,0.0,0.0,1.0
1995,4,UT,Utah,Legislation - Smokefree Indoor Air,Restaurants,Restriction Areas,Type of Restriction in Restaurant Patron Area,Banned,4,Ranking,1994-03-22,1995-01-01,"(39.360700171000474, -111.58713063499971)",15GRP,233,285,False,False,5,0,0.0,[],,,0.0,West,1975-01-01,19.21971252566735,285,Restaurants - Type of Restriction in Restaurant Patron Area,1,0,1,0.0,0.0,1.0,0.0,0.0,0.0,0.0,0.0,0.0,0.0,0.0,1.0,0.0
1995,4,IA,Iowa,Legislation - Smokefree Indoor Air,Smokefree Indoor Air – Other Sites,Restriction Areas,Enclosed Arenas,Designated Areas,3,Ranking,1987-06-08,1987-07-01,"(42.46940091300047, -93.81649055599968)",15GRP,98,23,False,False,6,2,0.3333333333333333,"['Minnesota', 'Nebraska']",Minnesota,4389.0,0.2916666666666666,Midwest,1975-06-02,12.016427104722792,23,Smokefree Indoor Air – Other Sites - Enclosed Arenas,0,0,0,0.0,0.0,0.0,0.0,0.0,0.0,0.0,0.0,0.0,0.0,0.0,0.0,1.0
1995,4,SD,South Dakota,Legislation - Smokefree Indoor Air,Smokefree Indoor Air – Other Sites,Restriction Areas,Public Transportation,Designated Areas,3,Ranking,1974-02-22,1974-05-23,"(44.353130053000484, -100.3735306369997)",15GRP,99,90,False,False,5,0,0.0,[],,,0.0,Midwest,1973-05-04,0.8049281314168378,90,Smokefree Indoor Air – Other Sites - Public Transportation,0,0,0,0.0,0.0,0.0,0.0,0.0,0.0,0.0,0.0,0.0,0.0,0.0,0.0,1.0
1995,4,PA,Pennsylvania,Legislation - Smokefree Indoor Air,Private Worksites,Restrictions,Type of Restriction in Private Worksite,Designated Areas,3,Ranking,1988-12-21,1989-02-19,"(40.79373015200048, -77.86070029399963)",10GRP,20,60,False,False,6,1,0.1666666666666666,['New Jersey'],New Jersey,1288.0,0.1458333333333333,Northeast,1975-06-02,13.555099247091034,60,Private Worksites - Type of Restriction in Private Worksite,0,1,0,1.0,0.0,0.0,0.0,0.0,0.0,0.0,0.0,0.0,0.0,1.0,0.0,0.0
1995,4,NH,New Hampshire,Legislation - Smokefree Indoor Air,Restaurants,Restrictions,Type of Restriction in Restaurant (Summary),Designated Areas,3,Ranking,1990-04-27,1991-01-01,"(43.65595011300047, -71.50036091999965)",10GRP,37,249,False,False,3,0,0.0,[],,,0.0,Northeast,1975-01-01,15.318275154004107,249,Restaurants - Type of Restriction in Restaurant (Summary),1,0,0,1.0,0.0,0.0,0.0,0.0,0.0,0.0,0.0,0.0,0.0,0.0,1.0,0.0
1995,4,DC,District of Columbia,Legislation - Smokefree Indoor Air,Government Worksites,Vehicles,Type of Restriction in Government Worksite Vehicle,Banned,4,Ranking,1979-01-01,1979-01-01,"(38.89037138500049, -77.03196112699965)",30GRP,17,0,False,False,2,0,0.0,[],,,0.0,South,1979-01-01,0.0,0,Government Worksites - Type of Restriction in Government Worksite Vehicle,0,1,1,0.0,1.0,0.0,0.0,0.0,1.0,0.0,0.0,0.0,0.0,0.0,0.0,0.0
1995,4,UT,Utah,Legislation - Smokefree Indoor Air,Hotels and Motels,Restrictions,Type of Restriction in Lobby and Common Area of Hotel and Motel,Banned,4,Ranking,1994-03-22,1995-01-01,"(39.360700171000474, -111.58713063499971)",10GRP,81,285,False,False,5,0,0.0,[],,,0.0,West,1990-01-09,4.1971252566735116,285,Hotels and Motels - Type of Restriction in Lobby and Common Area of Hotel and Motel,0,0,1,0.0,0.0,1.0,0.0,0.0,0.0,0.0,1.0,0.0,0.0,0.0,0.0,0.0
1995,4,IL,Illinois,Legislation - Smokefree Indoor Air,Home-based Day Care Centers,Restrictions,Type of Restriction in Home-Based Day Care,Banned,4,Ranking,1993-07-20,1994-01-01,"(40.48501028300046, -88.99771017799969)",10GRP,65,165,False,False,4,1,0.25,['Missouri'],Missouri,35.0,0.5043664383561643,Midwest,1987-06-04,6.1273100616016425,165,Home-based Day Care Centers - Type of Restriction in Home-Based Day Care,0,0,1,0.0,0.0,0.0,0.0,0.0,0.0,1.0,0.0,0.0,0.0,0.0,0.0,0.0
1995,4,OR,Oregon,Legislation - Smokefree Indoor Air,Restaurants,Restriction Areas,Type of Restriction in Restaurant Bar Area,Designated Areas,3,Ranking,1981-01-01,1981-12-31,"(44.56744942400047, -120.15503132599969)",15GRP,231,364,False,False,4,0,0.0,[],,,0.0,West,1975-01-01,6.0013689253935665,364,Restaurants - Type of Restriction in Restaurant Bar Area,1,0,0,0.0,0.0,1.0,0.0,0.0,0.0,0.0,0.0,0.0,0.0,0.0,1.0,0.0
1995,4,NV,Nevada,Legislation - Smokefree Indoor Air,Commercial Day Care Centers,Restrictions,Type of Restriction in Commercial Day Care,Designated Areas,3,Ranking,1989-06-21,1989-06-21,"(39.493240390000494, -117.07184056399967)",10GRP,50,0,False,False,5,0,0.0,[],,,0.0,West,1963-07-12,25.94387405886379,0,Commercial Day Care Centers - Type of Restriction in Commercial Day Care,0,0,0,0.0,0.0,1.0,1.0,0.0,0.0,0.0,0.0,0.0,0.0,0.0,0.0,0.0
1995,4,OH,Ohio,Legislation - Smokefree Indoor Air,Government Worksites,Restrictions,Type of Restriction in Government Worksite,Banned,4,Ranking,1993-01-08,1993-01-08,"(40.06021014100048, -82.40426005599966)",10GRP,1,0,False,False,4,1,0.25,['Michigan'],Michigan,296.0,0.3971061643835616,Midwest,1975-06-02,17.60438056125941,0,Government Worksites - Type of Restriction in Government Worksite,0,1,1,0.0,0.0,0.0,0.0,0.0,1.0,0.0,0.0,0.0,0.0,0.0,0.0,0.0
1995,4,IA,Iowa,Legislation - Smokefree Indoor Air,Smokefree Indoor Air – Other Sites,Restriction Areas,Hospitals,Designated Areas,3,Ranking,1987-06-08,1987-07-01,"(42.46940091300047, -93.81649055599968)",15GRP,100,23,False,True,6,2,0.3333333333333333,"['Nebraska', 'South Dakota']",Nebraska,2940.0,0.2916666666666666,Midwest,1975-05-05,12.093086926762492,23,Smokefree Indoor Air – Other Sites - Hospitals,0,0,0,0.0,0.0,0.0,0.0,0.0,0.0,0.0,0.0,0.0,0.0,0.0,0.0,1.0
1995,4,VA,Virginia,Legislation - Smokefree Indoor Air,Restaurants,Restrictions,Type of Restriction in Restaurant (Summary),Designated Areas,3,Ranking,1990-04-18,1990-12-31,"(37.54268067400045, -78.45789046299967)",10GRP,37,257,False,False,5,0,0.0,[],,,0.0,South,1975-01-01,15.293634496919918,257,Restaurants - Type of Restriction in Restaurant (Summary),1,0,0,0.0,1.0,0.0,0.0,0.0,0.0,0.0,0.0,0.0,0.0,0.0,1.0,0.0
1995,4,NE,Nebraska,Legislation - Smokefree Indoor Air,Smokefree Indoor Air – Other Sites,Restriction Areas,Grocery Stores,Designated Areas,3,Ranking,1979-05-21,1980-01-01,"(41.6410409880005, -99.36572062299967)",15GRP,97,225,False,False,5,0,0.0,[],,,0.0,Midwest,1975-06-02,3.9671457905544147,225,Smokefree Indoor Air – Other Sites - Grocery Stores,0,0,0,0.0,0.0,0.0,0.0,0.0,0.0,0.0,0.0,0.0,0.0,0.0,0.0,1.0
1995,4,DC,District of Columbia,Legislation - Smokefree Indoor Air,Restaurants,Restrictions,Type of Restriction in Restaurant (Summary),Designated Areas,3,Ranking,1990-12-14,1991-02-14,"(38.89037138500049, -77.03196112699965)",10GRP,37,62,False,True,2,1,0.5,['Virginia'],Virginia,240.0,0.6388698630136986,South,1975-01-01,15.950718685831623,62,Restaurants - Type of Restriction in Restaurant (Summary),1,0,0,0.0,1.0,0.0,0.0,0.0,0.0,0.0,0.0,0.0,0.0,0.0,1.0,0.0
1995,4,NV,Nevada,Legislation - Smokefree Indoor Air,Smokefree Indoor Air – Other Sites,Restriction Areas,Public Transportation,Designated Areas,3,Ranking,1975-05-05,1975-05-05,"(39.493240390000494, -117.07184056399967)",15GRP,99,0,False,False,5,1,0.2,['Arizona'],Arizona,731.0,0.175,West,1973-05-04,2.001368925393566,0,Smokefree Indoor Air – Other Sites - Public Transportation,0,0,0,0.0,0.0,1.0,0.0,0.0,0.0,0.0,0.0,0.0,0.0,0.0,0.0,1.0
1995,4,NY,New York,Legislation - Smokefree Indoor Air,Restaurants,Restrictions,Type of Restriction in Restaurant (Summary),Designated Areas,3,Ranking,1989-07-05,1990-01-01,"(42.82700103200045, -75.54397042699964)",10GRP,37,180,False,False,5,2,0.4,"['Pennsylvania', 'Connecticut']",Pennsylvania,3838.0,0.35,Northeast,1975-01-01,14.507871321013004,180,Restaurants - Type of Restriction in Restaurant (Summary),1,0,0,1.0,0.0,0.0,0.0,0.0,0.0,0.0,0.0,0.0,0.0,0.0,1.0,0.0
1995,4,MN,Minnesota,Legislation - Smokefree Indoor Air,Smokefree Indoor Air – Other Sites,Restriction Areas,Grocery Stores,Designated Areas,3,Ranking,1975-06-02,1975-06-02,"(46.35564873600049, -94.79420050299967)",15GRP,97,0,False,False,4,0,0.0,[],,,0.0,Midwest,1975-06-02,0.0,0,Smokefree Indoor Air – Other Sites - Grocery Stores,0,0,0,0.0,0.0,0.0,0.0,0.0,0.0,0.0,0.0,0.0,0.0,0.0,0.0,1.0
1995,4,NH,New Hampshire,Legislation - Smokefree Indoor Air,Smokefree Indoor Air – Other Sites,Restriction Areas,Hospitals,Banned,4,Ranking,1990-04-27,1991-01-01,"(43.65595011300047, -71.50036091999965)",15GRP,100,249,False,False,3,0,0.0,[],,,0.0,Northeast,1975-05-05,14.978781656399725,249,Smokefree Indoor Air – Other Sites - Hospitals,0,0,1,1.0,0.0,0.0,0.0,0.0,0.0,0.0,0.0,0.0,0.0,0.0,0.0,1.0
1995,4,MA,Massachusetts,Legislation - Smokefree Indoor Air,Smokefree Indoor Air – Other Sites,Restriction Areas,Hospitals,Designated Areas,3,Ranking,1988-01-14,1988-04-13,"(42.27687047000046, -72.08269067499964)",15GRP,100,90,False,False,5,1,0.2,['Rhode Island'],Rhode Island,3894.0,0.175,Northeast,1975-05-05,12.695414099931554,90,Smokefree Indoor Air – Other Sites - Hospitals,0,0,0,1.0,0.0,0.0,0.0,0.0,0.0,0.0,0.0,0.0,0.0,0.0,0.0,1.0
1995,4,ND,North Dakota,Legislation - Smokefree Indoor Air,Restaurants,Restrictions,Type of Restriction in Restaurant (Summary),Designated Areas,3,Ranking,1993-01-01,1993-12-31,"(47.47531977900047, -100.11842104899966)",10GRP,37,364,False,False,3,2,0.6666666666666666,"['Minnesota', 'Montana']",Minnesota,6575.0,0.5833333333333333,Midwest,1975-01-01,18.001368925393567,364,Restaurants - Type of Restriction in Restaurant (Summary),1,0,0,0.0,0.0,0.0,0.0,0.0,0.0,0.0,0.0,0.0,0.0,0.0,1.0,0.0
1995,4,UT,Utah,Legislation - Smokefree Indoor Air,Restaurants,Restrictions,Type of Restriction in Restaurant (Summary),Banned,4,Ranking,1994-03-22,1995-01-01,"(39.360700171000474, -111.58713063499971)",10GRP,37,285,False,False,5,0,0.0,[],,,0.0,West,1975-01-01,19.21971252566735,285,Restaurants - Type of Restriction in Restaurant (Summary),1,0,1,0.0,0.0,1.0,0.0,0.0,0.0,0.0,0.0,0.0,0.0,0.0,1.0,0.0
1995,4,CA,California,Legislation - Smokefree Indoor Air,Hotels and Motels,Restrictions,Type of Restriction in Lobby and Common Area of Hotel and Motel,Designated Areas,3,Ranking,1994-07-21,1995-01-01,"(37.63864012300047, -120.99999953799971)",10GRP,81,164,False,False,3,0,0.0,[],,,0.0,West,1990-01-09,4.528405201916495,164,Hotels and Motels - Type of Restriction in Lobby and Common Area of Hotel and Motel,0,0,0,0.0,0.0,1.0,0.0,0.0,0.0,0.0,1.0,0.0,0.0,0.0,0.0,0.0
1995,4,RI,Rhode Island,Legislation - Smokefree Indoor Air,Government Worksites,Restrictions,Type of Restriction in Government Worksite,Designated Areas,3,Ranking,1986-06-27,1986-06-27,"(41.70828019300046, -71.52247031399963)",10GRP,1,0,False,False,2,0,0.0,[],,,0.0,Northeast,1975-06-02,11.069130732375086,0,Government Worksites - Type of Restriction in Government Worksite,0,1,0,1.0,0.0,0.0,0.0,0.0,1.0,0.0,0.0,0.0,0.0,0.0,0.0,0.0
1995,4,SC,South Carolina,Legislation - Smokefree Indoor Air,Smokefree Indoor Air – Other Sites,Restriction Areas,Hospitals,Designated Areas,3,Ranking,1990-05-30,1990-08-01,"(33.998821303000454, -81.04537120699968)",15GRP,100,63,False,False,2,0,0.0,[],,,0.0,South,1975-05-05,15.069130732375086,63,Smokefree Indoor Air – Other Sites - Hospitals,0,0,0,0.0,1.0,0.0,0.0,0.0,0.0,0.0,0.0,0.0,0.0,0.0,0.0,1.0
1995,4,DC,District of Columbia,Legislation - Smokefree Indoor Air,Government Worksites,Restrictions,Type of Restriction in Government Worksite,Designated Areas,3,Ranking,1979-07-09,1979-09-28,"(38.89037138500049, -77.03196112699965)",10GRP,1,81,False,False,2,0,0.0,[],,,0.0,South,1975-06-02,4.101300479123887,81,Government Worksites - Type of Restriction in Government Worksite,0,1,0,0.0,1.0,0.0,0.0,0.0,1.0,0.0,0.0,0.0,0.0,0.0,0.0,0.0
1995,4,CO,Colorado,Legislation - Smokefree Indoor Air,Home-based Day Care Centers,Restrictions,Type of Restriction in Home-Based Day Care,Banned,4,Ranking,1994-04-19,1994-04-19,"(38.843840757000464, -106.13361092099967)",10GRP,65,0,False,False,6,1,0.1666666666666666,['Utah'],Utah,28.0,0.4343264840182648,West,1987-06-04,6.874743326488707,0,Home-based Day Care Centers - Type of Restriction in Home-Based Day Care,0,0,1,0.0,0.0,1.0,0.0,0.0,0.0,1.0,0.0,0.0,0.0,0.0,0.0,0.0
1995,4,MO,Missouri,Legislation - Smokefree Indoor Air,Smokefree Indoor Air – Other Sites,Restriction Areas,Public Transportation,Designated Areas,3,Ranking,1992-06-11,1992-08-13,"(38.635790776000476, -92.56630005299968)",15GRP,99,63,False,False,7,3,0.4285714285714285,"['Iowa', 'Illinois', 'Nebraska']",Iowa,4770.0,0.3749999999999999,Midwest,1973-05-04,19.104722792607802,63,Smokefree Indoor Air – Other Sites - Public Transportation,0,0,0,0.0,0.0,0.0,0.0,0.0,0.0,0.0,0.0,0.0,0.0,0.0,0.0,1.0
1995,4,UT,Utah,Legislation - Smokefree Indoor Air,Smokefree Indoor Air – Other Sites,Restriction Areas,Enclosed Arenas,Banned,4,Ranking,1994-03-22,1995-01-01,"(39.360700171000474, -111.58713063499971)",15GRP,98,285,False,False,5,0,0.0,[],,,0.0,West,1975-06-02,18.803559206023273,285,Smokefree Indoor Air – Other Sites - Enclosed Arenas,0,0,1,0.0,0.0,1.0,0.0,0.0,0.0,0.0,0.0,0.0,0.0,0.0,0.0,1.0
1995,4,NY,New York,Legislation - Smokefree Indoor Air,Smokefree Indoor Air – Other Sites,Restriction Areas,Grocery Stores,Designated Areas,3,Ranking,1989-07-05,1990-01-01,"(42.82700103200045, -75.54397042699964)",15GRP,97,180,False,False,5,0,0.0,[],,,0.0,Northeast,1975-06-02,14.091718001368925,180,Smokefree Indoor Air – Other Sites - Grocery Stores,0,0,0,1.0,0.0,0.0,0.0,0.0,0.0,0.0,0.0,0.0,0.0,0.0,0.0,1.0
1995,4,NY,New York,Legislation - Smokefree Indoor Air,Smokefree Indoor Air – Other Sites,Restriction Areas,Public Transportation,Banned,4,Ranking,1989-07-05,1990-01-01,"(42.82700103200045, -75.54397042699964)",15GRP,99,180,False,True,5,2,0.4,"['New Jersey', 'Massachusetts']",New Jersey,1484.0,0.35,Northeast,1973-05-04,16.16974674880219,180,Smokefree Indoor Air – Other Sites - Public Transportation,0,0,1,1.0,0.0,0.0,0.0,0.0,0.0,0.0,0.0,0.0,0.0,0.0,0.0,1.0
1995,4,UT,Utah,Legislation - Smokefree Indoor Air,Smokefree Indoor Air – Other Sites,Restriction Areas,Hospitals,Designated Areas,3,Ranking,1994-03-22,1995-01-01,"(39.360700171000474, -111.58713063499971)",15GRP,100,285,False,False,5,3,0.6,"['Idaho', 'Colorado', 'Nevada']",Idaho,6896.0,0.5249999999999999,West,1975-05-05,18.88021902806297,285,Smokefree Indoor Air – Other Sites - Hospitals,0,0,0,0.0,0.0,1.0,0.0,0.0,0.0,0.0,0.0,0.0,0.0,0.0,0.0,1.0
1995,4,OR,Oregon,Legislation - Smokefree Indoor Air,Smokefree Indoor Air – Other Sites,Restriction Areas,Enclosed Arenas,Designated Areas,3,Ranking,1981-07-21,1983-07-01,"(44.56744942400047, -120.15503132599969)",15GRP,98,710,False,False,4,0,0.0,[],,,0.0,West,1975-06-02,6.135523613963039,710,Smokefree Indoor Air – Other Sites - Enclosed Arenas,0,0,0,0.0,0.0,1.0,0.0,0.0,0.0,0.0,0.0,0.0,0.0,0.0,0.0,1.0
1995,4,CO,Colorado,Legislation - Smokefree Indoor Air,Commercial Day Care Centers,Restrictions,Type of Restriction in Commercial Day Care,Banned,4,Ranking,1994-04-19,1994-04-19,"(38.843840757000464, -106.13361092099967)",10GRP,50,0,False,False,6,1,0.1666666666666666,['Utah'],Utah,28.0,0.4343264840182648,West,1963-07-12,30.770704996577688,0,Commercial Day Care Centers - Type of Restriction in Commercial Day Care,0,0,1,0.0,0.0,1.0,1.0,0.0,0.0,0.0,0.0,0.0,0.0,0.0,0.0,0.0
1995,4,NE,Nebraska,Legislation - Smokefree Indoor Air,Government Worksites,Restrictions,Type of Restriction in Government Worksite,Designated Areas,3,Ranking,1979-05-21,1980-01-01,"(41.6410409880005, -99.36572062299967)",10GRP,1,225,False,False,5,0,0.0,[],,,0.0,Midwest,1975-06-02,3.9671457905544147,225,Government Worksites - Type of Restriction in Government Worksite,0,1,0,0.0,0.0,0.0,0.0,0.0,1.0,0.0,0.0,0.0,0.0,0.0,0.0,0.0
1995,4,IL,Illinois,Legislation - Smokefree Indoor Air,Restaurants,Restriction Areas,Type of Restriction in Restaurant Patron Area,Designated Areas,3,Ranking,1990-01-01,1990-07-01,"(40.48501028300046, -88.99771017799969)",15GRP,233,181,False,False,4,1,0.25,['Wisconsin'],Wisconsin,2557.0,0.21875,Midwest,1975-01-01,15.000684462696784,181,Restaurants - Type of Restriction in Restaurant Patron Area,1,0,0,0.0,0.0,0.0,0.0,0.0,0.0,0.0,0.0,0.0,0.0,0.0,1.0,0.0
1995,4,ID,Idaho,Legislation - Smokefree Indoor Air,Government Worksites,Restrictions,Type of Restriction in Government Worksite,Banned,4,Ranking,1992-01-07,1992-01-07,"(43.682630005000476, -114.3637300419997)",10GRP,1,0,False,False,5,1,0.2,['Washington'],Washington,1226.0,0.175,West,1975-06-02,16.59958932238193,0,Government Worksites - Type of Restriction in Government Worksite,0,1,1,0.0,0.0,1.0,0.0,0.0,1.0,0.0,0.0,0.0,0.0,0.0,0.0,0.0
1995,4,MO,Missouri,Legislation - Smokefree Indoor Air,Government Worksites,Restrictions,Type of Restriction in Government Worksite,Designated Areas,3,Ranking,1992-06-11,1992-08-28,"(38.635790776000476, -92.56630005299968)",10GRP,1,78,False,False,7,5,0.7142857142857143,"['Iowa', 'Illinois', 'Oklahoma', 'Kansas', 'Nebraska']",Iowa,4770.0,0.6249999999999999,Midwest,1975-06-02,17.026694045174537,78,Government Worksites - Type of Restriction in Government Worksite,0,1,0,0.0,0.0,0.0,0.0,0.0,1.0,0.0,0.0,0.0,0.0,0.0,0.0,0.0
1995,4,CT,Connecticut,Legislation - Smokefree Indoor Air,Restaurants,Restriction Areas,Type of Restriction in Restaurant Patron Area,Designated Areas,3,Ranking,1979-01-01,1979-12-31,"(41.56266102000046, -72.64984095199964)",15GRP,233,364,False,True,3,1,0.3333333333333333,['Rhode Island'],Rhode Island,730.0,0.2916666666666666,Northeast,1975-01-01,4.0,364,Restaurants - Type of Restriction in Restaurant Patron Area,1,0,0,1.0,0.0,0.0,0.0,0.0,0.0,0.0,0.0,0.0,0.0,0.0,1.0,0.0
1995,4,MA,Massachusetts,Legislation - Smokefree Indoor Air,Smokefree Indoor Air – Other Sites,Restriction Areas,Grocery Stores,Banned,4,Ranking,1988-01-14,1988-04-13,"(42.27687047000046, -72.08269067499964)",15GRP,97,90,False,False,5,0,0.0,[],,,0.0,Northeast,1975-06-02,12.618754277891854,90,Smokefree Indoor Air – Other Sites - Grocery Stores,0,0,1,1.0,0.0,0.0,0.0,0.0,0.0,0.0,0.0,0.0,0.0,0.0,0.0,1.0
1995,4,MI,Michigan,Legislation - Smokefree Indoor Air,Restaurants,Restriction Areas,Type of Restriction in Restaurant Patron Area,Designated Areas,3,Ranking,1993-10-15,1994-04-01,"(44.6613195430005, -84.71439026999968)",15GRP,233,168,False,False,3,1,0.3333333333333333,['Wisconsin'],Wisconsin,3940.0,0.2916666666666666,Midwest,1975-01-01,18.78713210130048,168,Restaurants - Type of Restriction in Restaurant Patron Area,1,0,0,0.0,0.0,0.0,0.0,0.0,0.0,0.0,0.0,0.0,0.0,0.0,1.0,0.0
1995,4,KS,Kansas,Legislation - Smokefree Indoor Air,Restaurants,Restriction Areas,Type of Restriction in Restaurant Bar Area,Designated Areas,3,Ranking,1987-07-01,1987-12-31,"(38.34774030000045, -98.20078122699965)",15GRP,231,183,False,False,4,1,0.25,['Nebraska'],Nebraska,3103.0,0.21875,Midwest,1975-01-01,12.49555099247091,183,Restaurants - Type of Restriction in Restaurant Bar Area,1,0,0,0.0,0.0,0.0,0.0,0.0,0.0,0.0,0.0,0.0,0.0,0.0,1.0,0.0
1995,4,MN,Minnesota,Legislation - Smokefree Indoor Air,Private Worksites,Vehicles,Type of Restriction in Private Worksite Vehicle,Banned,4,Ranking,1987-06-04,1990-01-01,"(46.35564873600049, -94.79420050299967)",30GRP,34,942,False,False,4,0,0.0,[],,,0.0,Midwest,1987-06-04,0.0,942,Private Worksites - Type of Restriction in Private Worksite Vehicle,0,1,1,0.0,0.0,0.0,0.0,0.0,0.0,0.0,0.0,0.0,0.0,1.0,0.0,0.0
1995,4,NV,Nevada,Legislation - Smokefree Indoor Air,Smokefree Indoor Air – Other Sites,Restriction Areas,Grocery Stores,Designated Areas,3,Ranking,1987-05-21,1987-05-21,"(39.493240390000494, -117.07184056399967)",15GRP,97,0,False,True,5,2,0.4,"['Idaho', 'Oregon']",Idaho,2130.0,0.35,West,1975-06-02,11.967145790554415,0,Smokefree Indoor Air – Other Sites - Grocery Stores,0,0,0,0.0,0.0,1.0,0.0,0.0,0.0,0.0,0.0,0.0,0.0,0.0,0.0,1.0
1995,4,NV,Nevada,Legislation - Smokefree Indoor Air,Restaurants,Restrictions,Type of Restriction in Restaurant (Summary),Designated Areas,3,Ranking,1991-06-06,1991-10-01,"(39.493240390000494, -117.07184056399967)",10GRP,37,117,False,False,5,2,0.4,"['Idaho', 'Oregon']",Idaho,3808.0,0.35,West,1975-01-01,16.427104722792606,117,Restaurants - Type of Restriction in Restaurant (Summary),1,0,0,0.0,0.0,1.0,0.0,0.0,0.0,0.0,0.0,0.0,0.0,0.0,1.0,0.0
1995,4,DE,Delaware,Legislation - Smokefree Indoor Air,Private Worksites,Restrictions,Type of Restriction in Private Worksite,Designated Areas,3,Ranking,1994-06-28,1994-06-28,"(39.008830667000495, -75.57774116799965)",10GRP,20,0,False,True,3,2,0.6666666666666666,"['Pennsylvania', 'New Jersey']",Pennsylvania,3303.0,0.5833333333333333,South,1975-06-02,19.071868583162217,0,Private Worksites - Type of Restriction in Private Worksite,0,1,0,0.0,1.0,0.0,0.0,0.0,0.0,0.0,0.0,0.0,0.0,1.0,0.0,0.0
1995,4,NV,Nevada,Legislation - Smokefree Indoor Air,Restaurants,Restriction Areas,Type of Restriction in Restaurant Bar Area,Designated Areas,3,Ranking,1991-06-06,1991-10-01,"(39.493240390000494, -117.07184056399967)",15GRP,231,117,False,False,5,1,0.2,['Oregon'],Oregon,3808.0,0.175,West,1975-01-01,16.427104722792606,117,Restaurants - Type of Restriction in Restaurant Bar Area,1,0,0,0.0,0.0,1.0,0.0,0.0,0.0,0.0,0.0,0.0,0.0,0.0,1.0,0.0
1995,4,WI,Wisconsin,Legislation - Smokefree Indoor Air,Smokefree Indoor Air – Other Sites,Restriction Areas,Hospitals,Banned,4,Ranking,1984-04-18,1984-04-26,"(44.39319117400049, -89.81637074199966)",15GRP,100,8,False,False,4,1,0.25,['Minnesota'],Minnesota,3243.0,0.21875,Midwest,1975-05-05,8.955509924709103,8,Smokefree Indoor Air – Other Sites - Hospitals,0,0,1,0.0,0.0,0.0,0.0,0.0,0.0,0.0,0.0,0.0,0.0,0.0,0.0,1.0
1995,4,OR,Oregon,Legislation - Smokefree Indoor Air,Restaurants,Restriction Areas,Type of Restriction in Restaurant Employee Area,Designated Areas,3,Ranking,1981-01-01,1981-12-31,"(44.56744942400047, -120.15503132599969)",15GRP,232,364,False,False,4,0,0.0,[],,,0.0,West,1975-01-01,6.0013689253935665,364,Restaurants - Type of Restriction in Restaurant Employee Area,1,0,0,0.0,0.0,1.0,0.0,0.0,0.0,0.0,0.0,0.0,0.0,0.0,1.0,0.0
1995,4,MN,Minnesota,Legislation - Smokefree Indoor Air,Smokefree Indoor Air – Other Sites,Restriction Areas,Enclosed Arenas,Designated Areas,3,Ranking,1975-06-02,1975-06-02,"(46.35564873600049, -94.79420050299967)",15GRP,98,0,False,False,4,0,0.0,[],,,0.0,Midwest,1975-06-02,0.0,0,Smokefree Indoor Air – Other Sites - Enclosed Arenas,0,0,0,0.0,0.0,0.0,0.0,0.0,0.0,0.0,0.0,0.0,0.0,0.0,0.0,1.0
1995,4,DE,Delaware,Legislation - Smokefree Indoor Air,Restaurants,Restrictions,Type of Restriction in Restaurant (Summary),Designated Areas,3,Ranking,1994-06-28,1994-06-28,"(39.008830667000495, -75.57774116799965)",10GRP,37,0,False,True,3,1,0.3333333333333333,['Pennsylvania'],Pennsylvania,2015.0,0.2916666666666666,South,1975-01-01,19.488021902806295,0,Restaurants - Type of Restriction in Restaurant (Summary),1,0,0,0.0,1.0,0.0,0.0,0.0,0.0,0.0,0.0,0.0,0.0,0.0,1.0,0.0
1995,4,NY,New York,Legislation - Smokefree Indoor Air,Smokefree Indoor Air – Other Sites,Restriction Areas,Hospitals,Designated Areas,3,Ranking,1989-07-05,1990-01-01,"(42.82700103200045, -75.54397042699964)",15GRP,100,180,False,False,5,3,0.6,"['New Jersey', 'Pennsylvania', 'Massachusetts']",New Jersey,4234.0,0.5249999999999999,Northeast,1975-05-05,14.168377823408624,180,Smokefree Indoor Air – Other Sites - Hospitals,0,0,0,1.0,0.0,0.0,0.0,0.0,0.0,0.0,0.0,0.0,0.0,0.0,0.0,1.0
1995,4,MO,Missouri,Legislation - Smokefree Indoor Air,Commercial Day Care Centers,Restrictions,Type of Restriction in Commercial Day Care,Banned,4,Ranking,1993-06-15,1993-09-13,"(38.635790776000476, -92.56630005299968)",10GRP,50,90,False,False,7,1,0.1428571428571428,['Arkansas'],Arkansas,2994.0,0.1249999999999999,Midwest,1963-07-12,29.927446954141,90,Commercial Day Care Centers - Type of Restriction in Commercial Day Care,0,0,1,0.0,0.0,0.0,1.0,0.0,0.0,0.0,0.0,0.0,0.0,0.0,0.0,0.0
1995,4,UT,Utah,Legislation - Smokefree Indoor Air,Hotels and Motels,Additional Requirements,Sleeping Room Designation (Type),Smoking Room,3,Ranking,1994-03-22,1995-01-01,"(39.360700171000474, -111.58713063499971)",20GRP,83,285,False,False,5,0,0.0,[],,,0.0,West,1990-01-01,4.219028062970568,285,Hotels and Motels - Sleeping Room Designation (Type),0,0,0,0.0,0.0,1.0,0.0,0.0,0.0,0.0,1.0,0.0,0.0,0.0,0.0,0.0
1995,4,DE,Delaware,Legislation - Smokefree Indoor Air,Smokefree Indoor Air – Other Sites,Restriction Areas,Public Transportation,Banned,4,Ranking,1994-06-28,1994-06-28,"(39.008830667000495, -75.57774116799965)",15GRP,99,0,False,True,3,1,0.3333333333333333,['New Jersey'],New Jersey,3303.0,0.2916666666666666,South,1973-05-04,21.149897330595483,0,Smokefree Indoor Air – Other Sites - Public Transportation,0,0,1,0.0,1.0,0.0,0.0,0.0,0.0,0.0,0.0,0.0,0.0,0.0,0.0,1.0
1995,4,RI,Rhode Island,Legislation - Smokefree Indoor Air,Smokefree Indoor Air – Other Sites,Restriction Areas,Hospitals,Designated Areas,3,Ranking,1977-05-17,1977-07-16,"(41.70828019300046, -71.52247031399963)",15GRP,100,60,False,False,2,0,0.0,[],,,0.0,Northeast,1975-05-05,2.0342231348391513,60,Smokefree Indoor Air – Other Sites - Hospitals,0,0,0,1.0,0.0,0.0,0.0,0.0,0.0,0.0,0.0,0.0,0.0,0.0,0.0,1.0
1995,4,KS,Kansas,Legislation - Smokefree Indoor Air,Home-based Day Care Centers,Restrictions,Type of Restriction in Home-Based Day Care,Banned,4,Ranking,1994-04-25,1994-07-01,"(38.34774030000045, -98.20078122699965)",10GRP,65,67,False,True,4,2,0.5,"['Missouri', 'Colorado']",Missouri,314.0,0.608458904109589,Midwest,1987-06-04,6.891170431211499,67,Home-based Day Care Centers - Type of Restriction in Home-Based Day Care,0,0,1,0.0,0.0,0.0,0.0,0.0,0.0,1.0,0.0,0.0,0.0,0.0,0.0,0.0
1995,4,LA,Louisiana,Legislation - Smokefree Indoor Air,Private Worksites,Restrictions,Type of Restriction in Private Worksite,Designated Areas,3,Ranking,1992-07-14,1992-08-15,"(31.31266064400046, -92.44568007099969)",10GRP,20,32,False,False,3,0,0.0,[],,,0.0,South,1975-06-02,17.117043121149898,32,Private Worksites - Type of Restriction in Private Worksite,0,1,0,0.0,1.0,0.0,0.0,0.0,0.0,0.0,0.0,0.0,0.0,1.0,0.0,0.0
1995,4,VA,Virginia,Legislation - Smokefree Indoor Air,Restaurants,Restriction Areas,Type of Restriction in Restaurant Patron Area,Designated Areas,3,Ranking,1990-04-18,1990-12-31,"(37.54268067400045, -78.45789046299967)",15GRP,233,257,False,False,5,0,0.0,[],,,0.0,South,1975-01-01,15.293634496919918,257,Restaurants - Type of Restriction in Restaurant Patron Area,1,0,0,0.0,1.0,0.0,0.0,0.0,0.0,0.0,0.0,0.0,0.0,0.0,1.0,0.0
1995,4,SC,South Carolina,Legislation - Smokefree Indoor Air,Home-based Day Care Centers,Restrictions,Type of Restriction in Home-Based Day Care,Banned,4,Ranking,1994-03-01,1994-03-01,"(33.998821303000454, -81.04537120699968)",10GRP,65,0,False,False,2,0,0.0,[],,,0.0,South,1987-06-04,6.740588637919234,0,Home-based Day Care Centers - Type of Restriction in Home-Based Day Care,0,0,1,0.0,1.0,0.0,0.0,0.0,0.0,1.0,0.0,0.0,0.0,0.0,0.0,0.0
1995,4,NH,New Hampshire,Legislation - Smokefree Indoor Air,Smokefree Indoor Air – Other Sites,Restriction Areas,Public Transportation,Banned,4,Ranking,1990-04-27,1991-01-01,"(43.65595011300047, -71.50036091999965)",15GRP,99,249,False,True,3,1,0.3333333333333333,['Massachusetts'],Massachusetts,834.0,0.2916666666666666,Northeast,1973-05-04,16.980150581793293,249,Smokefree Indoor Air – Other Sites - Public Transportation,0,0,1,1.0,0.0,0.0,0.0,0.0,0.0,0.0,0.0,0.0,0.0,0.0,0.0,1.0
1995,4,DC,District of Columbia,Legislation - Smokefree Indoor Air,Restaurants,Restriction Areas,Type of Restriction in Restaurant Patron Area,Designated Areas,3,Ranking,1990-12-14,1991-02-14,"(38.89037138500049, -77.03196112699965)",15GRP,233,62,False,True,2,1,0.5,['Virginia'],Virginia,240.0,0.6388698630136986,South,1975-01-01,15.950718685831623,62,Restaurants - Type of Restriction in Restaurant Patron Area,1,0,0,0.0,1.0,0.0,0.0,0.0,0.0,0.0,0.0,0.0,0.0,0.0,1.0,0.0
1995,4,TN,Tennessee,Legislation - Smokefree Indoor Air,Smokefree Indoor Air – Other Sites,Restriction Areas,Hospitals,Designated Areas,3,Ranking,1995-06-12,1995-07-01,"(35.68094058000048, -85.77449091399967)",15GRP,100,19,False,False,7,3,0.4285714285714285,"['Virginia', 'Arkansas', 'Missouri']",Virginia,6654.0,0.3749999999999999,South,1975-05-05,20.10403832991102,19,Smokefree Indoor Air – Other Sites - Hospitals,0,0,0,0.0,1.0,0.0,0.0,0.0,0.0,0.0,0.0,0.0,0.0,0.0,0.0,1.0
1995,4,TX,Texas,Legislation - Smokefree Indoor Air,Smokefree Indoor Air – Other Sites,Restriction Areas,Hospitals,Designated Areas,3,Ranking,1975-05-23,1975-09-01,"(31.827240407000488, -99.42677020599967)",15GRP,100,101,False,False,4,0,0.0,[],,,0.0,South,1975-05-05,0.049281314168377825,101,Smokefree Indoor Air – Other Sites - Hospitals,0,0,0,0.0,1.0,0.0,0.0,0.0,0.0,0.0,0.0,0.0,0.0,0.0,0.0,1.0
1995,4,VT,Vermont,Legislation - Smokefree Indoor Air,Restaurants,Restrictions,Type of Restriction in Restaurant (Summary),Designated Areas,3,Ranking,1993-05-28,1993-07-01,"(43.62538123900049, -72.51764079099962)",10GRP,37,34,False,True,3,3,1.0,"['New York', 'New Hampshire', 'Massachusetts']",New York,1423.0,0.7,Northeast,1975-01-01,18.403832991101986,34,Restaurants - Type of Restriction in Restaurant (Summary),1,0,0,1.0,0.0,0.0,0.0,0.0,0.0,0.0,0.0,0.0,0.0,0.0,1.0,0.0
1995,4,AZ,Arizona,Legislation - Smokefree Indoor Air,Smokefree Indoor Air – Other Sites,Restriction Areas,Public Transportation,Designated Areas,3,Ranking,1973-05-04,1973-08-08,"(34.865970280000454, -111.76381127699972)",15GRP,99,96,False,False,5,0,0.0,[],,,0.0,West,1973-05-04,0.0,96,Smokefree Indoor Air – Other Sites - Public Transportation,0,0,0,0.0,0.0,1.0,0.0,0.0,0.0,0.0,0.0,0.0,0.0,0.0,0.0,1.0
1995,4,NE,Nebraska,Legislation - Smokefree Indoor Air,Restaurants,Restrictions,Type of Restriction in Restaurant (Summary),Designated Areas,3,Ranking,1979-01-01,1979-12-31,"(41.6410409880005, -99.36572062299967)",10GRP,37,364,False,False,5,0,0.0,[],,,0.0,Midwest,1975-01-01,4.0,364,Restaurants - Type of Restriction in Restaurant (Summary),1,0,0,0.0,0.0,0.0,0.0,0.0,0.0,0.0,0.0,0.0,0.0,0.0,1.0,0.0
1995,4,MD,Maryland,Legislation - Smokefree Indoor Air,Restaurants,Restriction Areas,Type of Restriction in Restaurant Patron Area,Designated Areas,3,Ranking,1995-04-27,1995-04-27,"(39.29058096400047, -76.60926011099963)",15GRP,233,0,False,True,5,4,0.8,"['Virginia', 'Pennsylvania', 'District of Columbia', 'Delaware']",Virginia,2318.0,0.7,South,1975-01-01,20.317590691307323,0,Restaurants - Type of Restriction in Restaurant Patron Area,1,0,0,0.0,1.0,0.0,0.0,0.0,0.0,0.0,0.0,0.0,0.0,0.0,1.0,0.0
1995,4,NE,Nebraska,Legislation - Smokefree Indoor Air,Smokefree Indoor Air – Other Sites,Restriction Areas,Enclosed Arenas,Designated Areas,3,Ranking,1979-05-21,1980-01-01,"(41.6410409880005, -99.36572062299967)",15GRP,98,225,False,False,5,1,0.2,['Colorado'],Colorado,689.0,0.1918493150684931,Midwest,1975-06-02,3.9671457905544147,225,Smokefree Indoor Air – Other Sites - Enclosed Arenas,0,0,0,0.0,0.0,0.0,0.0,0.0,0.0,0.0,0.0,0.0,0.0,0.0,0.0,1.0
1995,4,VT,Vermont,Legislation - Smokefree Indoor Air,Restaurants,Restriction Areas,Type of Restriction in Restaurant Bar Area,Banned,4,Ranking,1993-05-28,1993-07-01,"(43.62538123900049, -72.51764079099962)",15GRP,231,34,False,False,3,0,0.0,[],,,0.0,Northeast,1975-01-01,18.403832991101986,34,Restaurants - Type of Restriction in Restaurant Bar Area,1,0,1,1.0,0.0,0.0,0.0,0.0,0.0,0.0,0.0,0.0,0.0,0.0,1.0,0.0
1995,4,MD,Maryland,Legislation - Smokefree Indoor Air,Hotels and Motels,Restrictions,Type of Restriction in Lobby and Common Area of Hotel and Motel,Banned,4,Ranking,1995-04-27,1995-04-27,"(39.29058096400047, -76.60926011099963)",10GRP,81,0,False,False,5,0,0.0,[],,,0.0,South,1990-01-09,5.295003422313484,0,Hotels and Motels - Type of Restriction in Lobby and Common Area of Hotel and Motel,0,0,1,0.0,1.0,0.0,0.0,0.0,0.0,0.0,1.0,0.0,0.0,0.0,0.0,0.0
1995,4,IL,Illinois,Legislation - Smokefree Indoor Air,Hotels and Motels,Restrictions,Type of Restriction in Lobby and Common Area of Hotel and Motel,Designated Areas,3,Ranking,1990-01-09,1990-07-01,"(40.48501028300046, -88.99771017799969)",10GRP,81,173,False,False,4,0,0.0,[],,,0.0,Midwest,1990-01-09,0.0,173,Hotels and Motels - Type of Restriction in Lobby and Common Area of Hotel and Motel,0,0,0,0.0,0.0,0.0,0.0,0.0,0.0,0.0,1.0,0.0,0.0,0.0,0.0,0.0
1995,4,NV,Nevada,Legislation - Smokefree Indoor Air,Government Worksites,Restrictions,Type of Restriction in Government Worksite,Designated Areas,3,Ranking,1977-05-05,1977-05-05,"(39.493240390000494, -117.07184056399967)",10GRP,1,0,False,False,5,0,0.0,[],,,0.0,West,1975-06-02,1.9247091033538672,0,Government Worksites - Type of Restriction in Government Worksite,0,1,0,0.0,0.0,1.0,0.0,0.0,1.0,0.0,0.0,0.0,0.0,0.0,0.0,0.0
1995,4,WI,Wisconsin,Legislation - Smokefree Indoor Air,Restaurants,Restriction Areas,Type of Restriction in Restaurant Patron Area,Designated Areas,3,Ranking,1983-01-01,1983-12-31,"(44.39319117400049, -89.81637074199966)",15GRP,233,364,False,False,4,1,0.25,['Minnesota'],Minnesota,2922.0,0.21875,Midwest,1975-01-01,8.0,364,Restaurants - Type of Restriction in Restaurant Patron Area,1,0,0,0.0,0.0,0.0,0.0,0.0,0.0,0.0,0.0,0.0,0.0,0.0,1.0,0.0
1995,4,NY,New York,Legislation - Smokefree Indoor Air,Private Worksites,Restrictions,Type of Restriction in Private Worksite,Designated Areas,3,Ranking,1989-07-05,1990-04-01,"(42.82700103200045, -75.54397042699964)",10GRP,20,270,False,True,5,3,0.6,"['New Jersey', 'Pennsylvania', 'Vermont']",New Jersey,1484.0,0.5249999999999999,Northeast,1975-06-02,14.091718001368925,270,Private Worksites - Type of Restriction in Private Worksite,0,1,0,1.0,0.0,0.0,0.0,0.0,0.0,0.0,0.0,0.0,0.0,1.0,0.0,0.0
1995,4,UT,Utah,Legislation - Smokefree Indoor Air,Smokefree Indoor Air – Other Sites,Restriction Areas,Public Transportation,Banned,4,Ranking,1994-03-22,1995-01-01,"(39.360700171000474, -111.58713063499971)",15GRP,99,285,False,False,5,0,0.0,[],,,0.0,West,1973-05-04,20.88158795345654,285,Smokefree Indoor Air – Other Sites - Public Transportation,0,0,1,0.0,0.0,1.0,0.0,0.0,0.0,0.0,0.0,0.0,0.0,0.0,0.0,1.0
1995,4,IL,Illinois,Legislation - Smokefree Indoor Air,Restaurants,Restrictions,Type of Restriction in Restaurant (Summary),Designated Areas,3,Ranking,1990-01-01,1990-07-01,"(40.48501028300046, -88.99771017799969)",10GRP,37,181,False,False,4,1,0.25,['Wisconsin'],Wisconsin,2557.0,0.21875,Midwest,1975-01-01,15.000684462696784,181,Restaurants - Type of Restriction in Restaurant (Summary),1,0,0,0.0,0.0,0.0,0.0,0.0,0.0,0.0,0.0,0.0,0.0,0.0,1.0,0.0
1995,4,SC,South Carolina,Legislation - Smokefree Indoor Air,Smokefree Indoor Air – Other Sites,Restriction Areas,Public Transportation,Banned,4,Ranking,1990-05-30,1990-08-01,"(33.998821303000454, -81.04537120699968)",15GRP,99,63,False,False,2,0,0.0,[],,,0.0,South,1973-05-04,17.07049965776865,63,Smokefree Indoor Air – Other Sites - Public Transportation,0,0,1,0.0,1.0,0.0,0.0,0.0,0.0,0.0,0.0,0.0,0.0,0.0,0.0,1.0
1995,4,NE,Nebraska,Legislation - Smokefree Indoor Air,Bars,Restriction Areas,Type of Restriction in Bar Employee Area,Designated Areas,3,Ranking,1979-01-01,1979-12-31,"(41.6410409880005, -99.36572062299967)",15GRP,236,364,False,False,5,0,0.0,[],,,0.0,Midwest,1979-01-01,0.0,364,Bars - Type of Restriction in Bar Employee Area,0,0,0,0.0,0.0,0.0,0.0,0.0,0.0,0.0,0.0,0.0,0.0,0.0,0.0,0.0
1995,4,WI,Wisconsin,Legislation - Smokefree Indoor Air,Restaurants,Restrictions,Type of Restriction in Restaurant (Summary),Designated Areas,3,Ranking,1983-01-01,1983-12-31,"(44.39319117400049, -89.81637074199966)",10GRP,37,364,False,False,4,1,0.25,['Minnesota'],Minnesota,2922.0,0.21875,Midwest,1975-01-01,8.0,364,Restaurants - Type of Restriction in Restaurant (Summary),1,0,0,0.0,0.0,0.0,0.0,0.0,0.0,0.0,0.0,0.0,0.0,0.0,1.0,0.0
1995,4,RI,Rhode Island,Legislation - Smokefree Indoor Air,Restaurants,Restriction Areas,Type of Restriction in Restaurant Patron Area,Designated Areas,3,Ranking,1977-01-01,1977-12-31,"(41.70828019300046, -71.52247031399963)",15GRP,233,364,False,False,2,0,0.0,[],,,0.0,Northeast,1975-01-01,2.001368925393566,364,Restaurants - Type of Restriction in Restaurant Patron Area,1,0,0,1.0,0.0,0.0,0.0,0.0,0.0,0.0,0.0,0.0,0.0,0.0,1.0,0.0
1995,4,KS,Kansas,Legislation - Smokefree Indoor Air,Smokefree Indoor Air – Other Sites,Restriction Areas,Public Transportation,Banned,4,Ranking,1987-04-14,1987-07-01,"(38.34774030000045, -98.20078122699965)",15GRP,99,78,False,False,4,0,0.0,[],,,0.0,Midwest,1973-05-04,13.943874058863791,78,Smokefree Indoor Air – Other Sites - Public Transportation,0,0,1,0.0,0.0,0.0,0.0,0.0,0.0,0.0,0.0,0.0,0.0,0.0,0.0,1.0
1995,4,OR,Oregon,Legislation - Smokefree Indoor Air,Restaurants,Restriction Areas,Type of Restriction in Restaurant Patron Area,Designated Areas,3,Ranking,1981-01-01,1981-12-31,"(44.56744942400047, -120.15503132599969)",15GRP,233,364,False,False,4,0,0.0,[],,,0.0,West,1975-01-01,6.0013689253935665,364,Restaurants - Type of Restriction in Restaurant Patron Area,1,0,0,0.0,0.0,1.0,0.0,0.0,0.0,0.0,0.0,0.0,0.0,0.0,1.0,0.0
1995,4,CA,California,Legislation - Smokefree Indoor Air,Restaurants,Restriction Areas,Type of Restriction in Restaurant Patron Area,Banned,4,Ranking,1994-07-21,1995-01-01,"(37.63864012300047, -120.99999953799971)",15GRP,233,164,False,False,3,0,0.0,[],,,0.0,West,1975-01-01,19.550992470910334,164,Restaurants - Type of Restriction in Restaurant Patron Area,1,0,1,0.0,0.0,1.0,0.0,0.0,0.0,0.0,0.0,0.0,0.0,0.0,1.0,0.0
1995,4,VT,Vermont,Legislation - Smokefree Indoor Air,Government Worksites,Restrictions,Type of Restriction in Government Worksite,Designated Areas,3,Ranking,1993-05-28,1993-07-01,"(43.62538123900049, -72.51764079099962)",10GRP,1,34,False,True,3,3,1.0,"['New York', 'New Hampshire', 'Massachusetts']",New York,1961.0,0.7,Northeast,1975-06-02,17.987679671457904,34,Government Worksites - Type of Restriction in Government Worksite,0,1,0,1.0,0.0,0.0,0.0,0.0,1.0,0.0,0.0,0.0,0.0,0.0,0.0,0.0
1995,4,FL,Florida,Legislation - Smokefree Indoor Air,Restaurants,Restriction Areas,Type of Restriction in Restaurant Employee Area,Designated Areas,3,Ranking,1985-01-01,1985-01-01,"(28.932040377000476, -81.92896053899966)",15GRP,232,0,False,False,2,0,0.0,[],,,0.0,South,1975-01-01,10.001368925393566,0,Restaurants - Type of Restriction in Restaurant Employee Area,1,0,0,0.0,1.0,0.0,0.0,0.0,0.0,0.0,0.0,0.0,0.0,0.0,1.0,0.0
1995,4,MI,Michigan,Legislation - Smokefree Indoor Air,Smokefree Indoor Air – Other Sites,Restriction Areas,Enclosed Arenas,Designated Areas,3,Ranking,1986-07-15,1986-07-15,"(44.6613195430005, -84.71439026999968)",15GRP,98,0,False,False,3,0,0.0,[],,,0.0,Midwest,1975-06-02,11.118412046543463,0,Smokefree Indoor Air – Other Sites - Enclosed Arenas,0,0,0,0.0,0.0,0.0,0.0,0.0,0.0,0.0,0.0,0.0,0.0,0.0,0.0,1.0
1995,4,MA,Massachusetts,Legislation - Smokefree Indoor Air,Restaurants,Restrictions,Type of Restriction in Restaurant (Summary),Designated Areas,3,Ranking,1990-06-26,1990-09-24,"(42.27687047000046, -72.08269067499964)",10GRP,37,90,False,False,5,4,0.8,"['Rhode Island', 'Connecticut', 'New York', 'New Hampshire']",Rhode Island,4924.0,0.7,Northeast,1975-01-01,15.482546201232033,90,Restaurants - Type of Restriction in Restaurant (Summary),1,0,0,1.0,0.0,0.0,0.0,0.0,0.0,0.0,0.0,0.0,0.0,0.0,1.0,0.0
1995,4,DE,Delaware,Legislation - Smokefree Indoor Air,Restaurants,Restriction Areas,Type of Restriction in Restaurant Employee Area,Designated Areas,3,Ranking,1994-06-28,1994-06-28,"(39.008830667000495, -75.57774116799965)",15GRP,232,0,False,True,3,1,0.3333333333333333,['Pennsylvania'],Pennsylvania,2015.0,0.2916666666666666,South,1975-01-01,19.488021902806295,0,Restaurants - Type of Restriction in Restaurant Employee Area,1,0,0,0.0,1.0,0.0,0.0,0.0,0.0,0.0,0.0,0.0,0.0,0.0,1.0,0.0
1995,4,FL,Florida,Legislation - Smokefree Indoor Air,Hotels and Motels,Restrictions,Type of Restriction in Lobby and Common Area of Hotel and Motel,Designated Areas,3,Ranking,1992-04-10,1992-10-01,"(28.932040377000476, -81.92896053899966)",10GRP,81,174,False,False,2,0,0.0,[],,,0.0,South,1990-01-09,2.2505133470225873,174,Hotels and Motels - Type of Restriction in Lobby and Common Area of Hotel and Motel,0,0,0,0.0,1.0,0.0,0.0,0.0,0.0,0.0,1.0,0.0,0.0,0.0,0.0,0.0
1995,4,NH,New Hampshire,Legislation - Smokefree Indoor Air,Restaurants,Restriction Areas,Type of Restriction in Restaurant Employee Area,Designated Areas,3,Ranking,1990-04-27,1991-01-01,"(43.65595011300047, -71.50036091999965)",15GRP,232,249,False,False,3,0,0.0,[],,,0.0,Northeast,1975-01-01,15.318275154004107,249,Restaurants - Type of Restriction in Restaurant Employee Area,1,0,0,1.0,0.0,0.0,0.0,0.0,0.0,0.0,0.0,0.0,0.0,0.0,1.0,0.0
1995,4,IA,Iowa,Legislation - Smokefree Indoor Air,Smokefree Indoor Air – Other Sites,Restriction Areas,Malls,Designated Areas,3,Ranking,1990-04-24,1990-07-01,"(42.46940091300047, -93.81649055599968)",15GRP,96,68,False,False,6,0,0.0,[],,,0.0,Midwest,1985-05-10,4.955509924709103,68,Smokefree Indoor Air – Other Sites - Malls,0,0,0,0.0,0.0,0.0,0.0,0.0,0.0,0.0,0.0,0.0,0.0,0.0,0.0,1.0
1995,4,VT,Vermont,Legislation - Smokefree Indoor Air,Smokefree Indoor Air – Other Sites,Restriction Areas,Enclosed Arenas,Designated Areas,3,Ranking,1993-05-28,1993-07-01,"(43.62538123900049, -72.51764079099962)",15GRP,98,34,False,True,3,2,0.6666666666666666,"['New York', 'New Hampshire']",New York,1423.0,0.5833333333333333,Northeast,1975-06-02,17.987679671457904,34,Smokefree Indoor Air – Other Sites - Enclosed Arenas,0,0,0,1.0,0.0,0.0,0.0,0.0,0.0,0.0,0.0,0.0,0.0,0.0,0.0,1.0
1995,4,MA,Massachusetts,Legislation - Smokefree Indoor Air,Government Worksites,Restrictions,Type of Restriction in Government Worksite,Designated Areas,3,Ranking,1988-01-14,1988-04-13,"(42.27687047000046, -72.08269067499964)",10GRP,1,90,False,False,5,1,0.2,['Rhode Island'],Rhode Island,566.0,0.2423972602739725,Northeast,1975-06-02,12.618754277891854,90,Government Worksites - Type of Restriction in Government Worksite,0,1,0,1.0,0.0,0.0,0.0,0.0,1.0,0.0,0.0,0.0,0.0,0.0,0.0,0.0
1995,4,PA,Pennsylvania,Legislation - Smokefree Indoor Air,Government Worksites,Restrictions,Type of Restriction in Government Worksite,Designated Areas,3,Ranking,1988-12-21,1989-02-19,"(40.79373015200048, -77.86070029399963)",10GRP,1,60,False,False,6,1,0.1666666666666666,['New Jersey'],New Jersey,1099.0,0.1458333333333333,Northeast,1975-06-02,13.555099247091034,60,Government Worksites - Type of Restriction in Government Worksite,0,1,0,1.0,0.0,0.0,0.0,0.0,1.0,0.0,0.0,0.0,0.0,0.0,0.0,0.0
1995,4,VT,Vermont,Legislation - Smokefree Indoor Air,Bars,Restriction Areas,Type of Restriction in Bar Employee Area,Designated Areas,3,Ranking,1993-05-28,1993-07-01,"(43.62538123900049, -72.51764079099962)",15GRP,236,34,False,False,3,0,0.0,[],,,0.0,Northeast,1979-01-01,14.403832991101986,34,Bars - Type of Restriction in Bar Employee Area,0,0,0,1.0,0.0,0.0,0.0,0.0,0.0,0.0,0.0,0.0,0.0,0.0,0.0,0.0
1995,4,MN,Minnesota,Legislation - Smokefree Indoor Air,Restaurants,Restriction Areas,Type of Restriction in Restaurant Bar Area,Designated Areas,3,Ranking,1975-01-01,1975-01-01,"(46.35564873600049, -94.79420050299967)",15GRP,231,0,False,False,4,0,0.0,[],,,0.0,Midwest,1975-01-01,0.0,0,Restaurants - Type of Restriction in Restaurant Bar Area,1,0,0,0.0,0.0,0.0,0.0,0.0,0.0,0.0,0.0,0.0,0.0,0.0,1.0,0.0
1995,4,IA,Iowa,Legislation - Smokefree Indoor Air,Private Worksites,Restrictions,Type of Restriction in Private Worksite,Designated Areas,3,Ranking,1987-06-08,1987-07-01,"(42.46940091300047, -93.81649055599968)",10GRP,20,23,False,False,6,3,0.5,"['Minnesota', 'Wisconsin', 'Nebraska']",Minnesota,4389.0,0.4375,Midwest,1975-06-02,12.016427104722792,23,Private Worksites - Type of Restriction in Private Worksite,0,1,0,0.0,0.0,0.0,0.0,0.0,0.0,0.0,0.0,0.0,0.0,1.0,0.0,0.0
1995,4,NE,Nebraska,Legislation - Smokefree Indoor Air,Restaurants,Restriction Areas,Type of Restriction in Restaurant Employee Area,Designated Areas,3,Ranking,1979-01-01,1979-12-31,"(41.6410409880005, -99.36572062299967)",15GRP,232,364,False,False,5,0,0.0,[],,,0.0,Midwest,1975-01-01,4.0,364,Restaurants - Type of Restriction in Restaurant Employee Area,1,0,0,0.0,0.0,0.0,0.0,0.0,0.0,0.0,0.0,0.0,0.0,0.0,1.0,0.0
1995,4,DC,District of Columbia,Legislation - Smokefree Indoor Air,Private Worksites,Restrictions,Type of Restriction in Private Worksite,Designated Areas,3,Ranking,1991-05-02,1991-08-02,"(38.89037138500049, -77.03196112699965)",10GRP,20,92,False,False,2,0,0.0,[],,,0.0,South,1975-06-02,15.915126625598905,92,Private Worksites - Type of Restriction in Private Worksite,0,1,0,0.0,1.0,0.0,0.0,0.0,0.0,0.0,0.0,0.0,0.0,1.0,0.0,0.0
1995,4,ME,Maine,Legislation - Smokefree Indoor Air,Smokefree Indoor Air – Other Sites,Restriction Areas,Grocery Stores,Designated Areas,3,Ranking,1993-06-15,1994-01-01,"(45.254228894000505, -68.98503133599962)",15GRP,97,200,False,True,1,1,1.0,['New Hampshire'],New Hampshire,1145.0,0.7,Northeast,1975-06-02,18.036960985626283,200,Smokefree Indoor Air – Other Sites - Grocery Stores,0,0,0,1.0,0.0,0.0,0.0,0.0,0.0,0.0,0.0,0.0,0.0,0.0,0.0,1.0
1995,4,ME,Maine,Legislation - Smokefree Indoor Air,Commercial Day Care Centers,Restrictions,Type of Restriction in Commercial Day Care,Designated Areas,3,Ranking,1993-06-15,1994-01-01,"(45.254228894000505, -68.98503133599962)",10GRP,50,200,False,False,1,0,0.0,[],,,0.0,Northeast,1963-07-12,29.927446954141,200,Commercial Day Care Centers - Type of Restriction in Commercial Day Care,0,0,0,1.0,0.0,0.0,1.0,0.0,0.0,0.0,0.0,0.0,0.0,0.0,0.0,0.0
1995,4,IA,Iowa,Legislation - Smokefree Indoor Air,Smokefree Indoor Air – Other Sites,Restriction Areas,Grocery Stores,Designated Areas,3,Ranking,1987-06-08,1987-07-01,"(42.46940091300047, -93.81649055599968)",15GRP,97,23,False,False,6,3,0.5,"['Minnesota', 'Wisconsin', 'Nebraska']",Minnesota,4389.0,0.4375,Midwest,1975-06-02,12.016427104722792,23,Smokefree Indoor Air – Other Sites - Grocery Stores,0,0,0,0.0,0.0,0.0,0.0,0.0,0.0,0.0,0.0,0.0,0.0,0.0,0.0,1.0
1995,4,MO,Missouri,Legislation - Smokefree Indoor Air,Smokefree Indoor Air – Other Sites,Restriction Areas,Enclosed Arenas,Designated Areas,3,Ranking,1992-06-11,1992-08-13,"(38.635790776000476, -92.56630005299968)",15GRP,98,63,False,False,7,5,0.7142857142857143,"['Iowa', 'Illinois', 'Oklahoma', 'Kansas', 'Nebraska']",Iowa,4770.0,0.6249999999999999,Midwest,1975-06-02,17.026694045174537,63,Smokefree Indoor Air – Other Sites - Enclosed Arenas,0,0,0,0.0,0.0,0.0,0.0,0.0,0.0,0.0,0.0,0.0,0.0,0.0,0.0,1.0
1995,4,MO,Missouri,Legislation - Smokefree Indoor Air,Restaurants,Restriction Areas,Type of Restriction in Restaurant Employee Area,Designated Areas,3,Ranking,1992-06-11,1992-12-31,"(38.635790776000476, -92.56630005299968)",15GRP,232,203,False,False,7,4,0.5714285714285714,"['Iowa', 'Illinois', 'Kansas', 'Nebraska']",Iowa,4910.0,0.4999999999999999,Midwest,1975-01-01,17.44284736481862,203,Restaurants - Type of Restriction in Restaurant Employee Area,1,0,0,0.0,0.0,0.0,0.0,0.0,0.0,0.0,0.0,0.0,0.0,0.0,1.0,0.0
1995,4,ID,Idaho,Legislation - Smokefree Indoor Air,Smokefree Indoor Air – Other Sites,Restriction Areas,Hospitals,Designated Areas,3,Ranking,1985-03-11,1986-01-01,"(43.682630005000476, -114.3637300419997)",15GRP,100,296,False,True,5,3,0.6,"['Montana', 'Nevada', 'Oregon']",Montana,3598.0,0.5249999999999999,West,1975-05-05,9.850787132101301,296,Smokefree Indoor Air – Other Sites - Hospitals,0,0,0,0.0,0.0,1.0,0.0,0.0,0.0,0.0,0.0,0.0,0.0,0.0,0.0,1.0
1995,4,CO,Colorado,Legislation - Smokefree Indoor Air,Smokefree Indoor Air – Other Sites,Restriction Areas,Enclosed Arenas,Designated Areas,3,Ranking,1977-07-01,1977-07-01,"(38.843840757000464, -106.13361092099967)",15GRP,98,0,False,False,6,0,0.0,[],,,0.0,West,1975-06-02,2.080766598220397,0,Smokefree Indoor Air – Other Sites - Enclosed Arenas,0,0,0,0.0,0.0,1.0,0.0,0.0,0.0,0.0,0.0,0.0,0.0,0.0,0.0,1.0
1995,4,OR,Oregon,Legislation - Smokefree Indoor Air,Smokefree Indoor Air – Other Sites,Restriction Areas,Grocery Stores,Designated Areas,3,Ranking,1981-07-21,1983-07-01,"(44.56744942400047, -120.15503132599969)",15GRP,97,710,False,False,4,0,0.0,[],,,0.0,West,1975-06-02,6.135523613963039,710,Smokefree Indoor Air – Other Sites - Grocery Stores,0,0,0,0.0,0.0,1.0,0.0,0.0,0.0,0.0,0.0,0.0,0.0,0.0,0.0,1.0
1995,4,RI,Rhode Island,Legislation - Smokefree Indoor Air,Smokefree Indoor Air – Other Sites,Restriction Areas,Grocery Stores,Designated Areas,3,Ranking,1977-05-17,1977-07-16,"(41.70828019300046, -71.52247031399963)",15GRP,97,60,False,False,2,0,0.0,[],,,0.0,Northeast,1975-06-02,1.9575633127994525,60,Smokefree Indoor Air – Other Sites - Grocery Stores,0,0,0,1.0,0.0,0.0,0.0,0.0,0.0,0.0,0.0,0.0,0.0,0.0,0.0,1.0
1995,4,MT,Montana,Legislation - Smokefree Indoor Air,Restaurants,Restrictions,Type of Restriction in Restaurant (Summary),Designated Areas,3,Ranking,1979-03-29,1979-07-01,"(47.06652897200047, -109.42442064499971)",10GRP,37,94,False,False,3,0,0.0,[],,,0.0,West,1975-01-01,4.238193018480493,94,Restaurants - Type of Restriction in Restaurant (Summary),1,0,0,0.0,0.0,1.0,0.0,0.0,0.0,0.0,0.0,0.0,0.0,0.0,1.0,0.0
1995,4,ID,Idaho,Legislation - Smokefree Indoor Air,Smokefree Indoor Air – Other Sites,Restriction Areas,Public Transportation,Designated Areas,3,Ranking,1985-03-11,1986-01-01,"(43.682630005000476, -114.3637300419997)",15GRP,99,296,False,True,5,2,0.4,"['Montana', 'Nevada']",Montana,3598.0,0.35,West,1973-05-04,11.852156057494867,296,Smokefree Indoor Air – Other Sites - Public Transportation,0,0,0,0.0,0.0,1.0,0.0,0.0,0.0,0.0,0.0,0.0,0.0,0.0,0.0,1.0
1995,4,MN,Minnesota,Legislation - Smokefree Indoor Air,Restaurants,Restrictions,Type of Restriction in Restaurant (Summary),Designated Areas,3,Ranking,1975-01-01,1975-01-01,"(46.35564873600049, -94.79420050299967)",10GRP,37,0,False,False,4,0,0.0,[],,,0.0,Midwest,1975-01-01,0.0,0,Restaurants - Type of Restriction in Restaurant (Summary),1,0,0,0.0,0.0,0.0,0.0,0.0,0.0,0.0,0.0,0.0,0.0,0.0,1.0,0.0
1995,4,MO,Missouri,Legislation - Smokefree Indoor Air,Smokefree Indoor Air – Other Sites,Restriction Areas,Grocery Stores,Designated Areas,3,Ranking,1992-06-11,1992-08-13,"(38.635790776000476, -92.56630005299968)",15GRP,97,63,False,False,7,4,0.5714285714285714,"['Iowa', 'Illinois', 'Kansas', 'Nebraska']",Iowa,4770.0,0.4999999999999999,Midwest,1975-06-02,17.026694045174537,63,Smokefree Indoor Air – Other Sites - Grocery Stores,0,0,0,0.0,0.0,0.0,0.0,0.0,0.0,0.0,0.0,0.0,0.0,0.0,0.0,1.0
1995,4,TN,Tennessee,Legislation - Smokefree Indoor Air,Commercial Day Care Centers,Restrictions,Type of Restriction in Commercial Day Care,Designated Areas,3,Ranking,1995-06-12,1995-07-01,"(35.68094058000048, -85.77449091399967)",10GRP,50,19,False,False,7,0,0.0,[],,,0.0,South,1963-07-12,31.917864476386036,19,Commercial Day Care Centers - Type of Restriction in Commercial Day Care,0,0,0,0.0,1.0,0.0,1.0,0.0,0.0,0.0,0.0,0.0,0.0,0.0,0.0,0.0
1995,4,VT,Vermont,Legislation - Smokefree Indoor Air,Smokefree Indoor Air – Other Sites,Restriction Areas,Public Transportation,Banned,4,Ranking,1993-05-28,1993-07-01,"(43.62538123900049, -72.51764079099962)",15GRP,99,34,False,True,3,3,1.0,"['New York', 'New Hampshire', 'Massachusetts']",New York,1961.0,0.7,Northeast,1973-05-04,20.06570841889117,34,Smokefree Indoor Air – Other Sites - Public Transportation,0,0,1,1.0,0.0,0.0,0.0,0.0,0.0,0.0,0.0,0.0,0.0,0.0,0.0,1.0
1995,4,MO,Missouri,Legislation - Smokefree Indoor Air,Restaurants,Restrictions,Type of Restriction in Restaurant (Summary),Designated Areas,3,Ranking,1992-06-11,1992-12-31,"(38.635790776000476, -92.56630005299968)",10GRP,37,203,False,False,7,4,0.5714285714285714,"['Iowa', 'Illinois', 'Kansas', 'Nebraska']",Iowa,4910.0,0.4999999999999999,Midwest,1975-01-01,17.44284736481862,203,Restaurants - Type of Restriction in Restaurant (Summary),1,0,0,0.0,0.0,0.0,0.0,0.0,0.0,0.0,0.0,0.0,0.0,0.0,1.0,0.0
1995,4,FL,Florida,Legislation - Smokefree Indoor Air,Smokefree Indoor Air – Other Sites,Restriction Areas,Public Transportation,Banned,4,Ranking,1985-06-19,1985-10-01,"(28.932040377000476, -81.92896053899966)",15GRP,99,104,False,False,2,0,0.0,[],,,0.0,South,1973-05-04,12.125941136208077,104,Smokefree Indoor Air – Other Sites - Public Transportation,0,0,1,0.0,1.0,0.0,0.0,0.0,0.0,0.0,0.0,0.0,0.0,0.0,0.0,1.0
1995,4,NJ,New Jersey,Legislation - Smokefree Indoor Air,Smokefree Indoor Air – Other Sites,Restriction Areas,Grocery Stores,Banned,4,Ranking,1985-06-12,1985-12-09,"(40.13057004800049, -74.27369128799967)",15GRP,97,180,False,False,3,0,0.0,[],,,0.0,Northeast,1975-06-02,10.028747433264886,180,Smokefree Indoor Air – Other Sites - Grocery Stores,0,0,1,1.0,0.0,0.0,0.0,0.0,0.0,0.0,0.0,0.0,0.0,0.0,0.0,1.0
1995,4,NE,Nebraska,Legislation - Smokefree Indoor Air,Bars,Restriction Areas,Type of Restriction in Bar Patron Area,Designated Areas,3,Ranking,1979-01-01,1979-12-31,"(41.6410409880005, -99.36572062299967)",15GRP,235,364,False,False,5,0,0.0,[],,,0.0,Midwest,1979-01-01,0.0,364,Bars - Type of Restriction in Bar Patron Area,0,0,0,0.0,0.0,0.0,0.0,0.0,0.0,0.0,0.0,0.0,0.0,0.0,0.0,0.0
1995,4,SC,South Carolina,Legislation - Smokefree Indoor Air,Smokefree Indoor Air – Other Sites,Restriction Areas,Enclosed Arenas,Designated Areas,3,Ranking,1990-05-30,1990-08-01,"(33.998821303000454, -81.04537120699968)",15GRP,98,63,False,False,2,0,0.0,[],,,0.0,South,1975-06-02,14.992470910335387,63,Smokefree Indoor Air – Other Sites - Enclosed Arenas,0,0,0,0.0,1.0,0.0,0.0,0.0,0.0,0.0,0.0,0.0,0.0,0.0,0.0,1.0
1995,4,AR,Arkansas,Legislation - Smokefree Indoor Air,Commercial Day Care Centers,Restrictions,Type of Restriction in Commercial Day Care,Banned,4,Ranking,1985-04-04,1985-07-03,"(34.74865012400045, -92.27449074299966)",10GRP,50,90,False,False,6,0,0.0,[],,,0.0,South,1963-07-12,21.730321697467488,90,Commercial Day Care Centers - Type of Restriction in Commercial Day Care,0,0,1,0.0,1.0,0.0,1.0,0.0,0.0,0.0,0.0,0.0,0.0,0.0,0.0,0.0
1995,4,MA,Massachusetts,Legislation - Smokefree Indoor Air,Smokefree Indoor Air – Other Sites,Restriction Areas,Public Transportation,Banned,4,Ranking,1988-01-14,1988-04-13,"(42.27687047000046, -72.08269067499964)",15GRP,99,90,False,False,5,0,0.0,[],,,0.0,Northeast,1973-05-04,14.69678302532512,90,Smokefree Indoor Air – Other Sites - Public Transportation,0,0,1,1.0,0.0,0.0,0.0,0.0,0.0,0.0,0.0,0.0,0.0,0.0,0.0,1.0
1995,4,MA,Massachusetts,Legislation - Smokefree Indoor Air,Restaurants,Restriction Areas,Type of Restriction in Restaurant Patron Area,Designated Areas,3,Ranking,1990-06-26,1990-09-24,"(42.27687047000046, -72.08269067499964)",15GRP,233,90,False,False,5,3,0.6,"['Rhode Island', 'Connecticut', 'New Hampshire']",Rhode Island,4924.0,0.5249999999999999,Northeast,1975-01-01,15.482546201232033,90,Restaurants - Type of Restriction in Restaurant Patron Area,1,0,0,1.0,0.0,0.0,0.0,0.0,0.0,0.0,0.0,0.0,0.0,0.0,1.0,0.0
1995,4,NH,New Hampshire,Legislation - Smokefree Indoor Air,Smokefree Indoor Air – Other Sites,Restriction Areas,Enclosed Arenas,Designated Areas,3,Ranking,1990-04-27,1991-01-01,"(43.65595011300047, -71.50036091999965)",15GRP,98,249,False,False,3,0,0.0,[],,,0.0,Northeast,1975-06-02,14.902121834360027,249,Smokefree Indoor Air – Other Sites - Enclosed Arenas,0,0,0,1.0,0.0,0.0,0.0,0.0,0.0,0.0,0.0,0.0,0.0,0.0,0.0,1.0
1995,4,OR,Oregon,Legislation - Smokefree Indoor Air,Smokefree Indoor Air – Other Sites,Restriction Areas,Hospitals,Designated Areas,3,Ranking,1977-06-02,1977-10-04,"(44.56744942400047, -120.15503132599969)",15GRP,100,124,False,False,4,1,0.25,['Nevada'],Nevada,759.0,0.21875,West,1975-05-05,2.078028747433265,124,Smokefree Indoor Air – Other Sites - Hospitals,0,0,0,0.0,0.0,1.0,0.0,0.0,0.0,0.0,0.0,0.0,0.0,0.0,0.0,1.0
1995,4,ID,Idaho,Legislation - Smokefree Indoor Air,Restaurants,Restriction Areas,Type of Restriction in Restaurant Employee Area,Designated Areas,3,Ranking,1985-01-01,1985-01-01,"(43.682630005000476, -114.3637300419997)",15GRP,232,0,False,False,5,1,0.2,['Oregon'],Oregon,1461.0,0.175,West,1975-01-01,10.001368925393566,0,Restaurants - Type of Restriction in Restaurant Employee Area,1,0,0,0.0,0.0,1.0,0.0,0.0,0.0,0.0,0.0,0.0,0.0,0.0,1.0,0.0
1995,4,IL,Illinois,Legislation - Smokefree Indoor Air,Restaurants,Restriction Areas,Type of Restriction in Restaurant Employee Area,Designated Areas,3,Ranking,1990-01-01,1990-07-01,"(40.48501028300046, -88.99771017799969)",15GRP,232,181,False,False,4,1,0.25,['Wisconsin'],Wisconsin,2557.0,0.21875,Midwest,1975-01-01,15.000684462696784,181,Restaurants - Type of Restriction in Restaurant Employee Area,1,0,0,0.0,0.0,0.0,0.0,0.0,0.0,0.0,0.0,0.0,0.0,0.0,1.0,0.0
1995,4,UT,Utah,Legislation - Smokefree Indoor Air,Smokefree Indoor Air – Other Sites,Restriction Areas,Grocery Stores,Banned,4,Ranking,1994-03-22,1995-01-01,"(39.360700171000474, -111.58713063499971)",15GRP,97,285,False,False,5,0,0.0,[],,,0.0,West,1975-06-02,18.803559206023273,285,Smokefree Indoor Air – Other Sites - Grocery Stores,0,0,1,0.0,0.0,1.0,0.0,0.0,0.0,0.0,0.0,0.0,0.0,0.0,0.0,1.0
1995,4,IL,Illinois,Legislation - Smokefree Indoor Air,Smokefree Indoor Air – Other Sites,Restriction Areas,Public Transportation,Designated Areas,3,Ranking,1990-01-09,1990-07-01,"(40.48501028300046, -88.99771017799969)",15GRP,99,173,False,True,4,2,0.5,"['Iowa', 'Wisconsin']",Iowa,2092.0,0.4375,Midwest,1973-05-04,16.684462696783026,173,Smokefree Indoor Air – Other Sites - Public Transportation,0,0,0,0.0,0.0,0.0,0.0,0.0,0.0,0.0,0.0,0.0,0.0,0.0,0.0,1.0
1995,4,OK,Oklahoma,Legislation - Smokefree Indoor Air,Home-based Day Care Centers,Restrictions,Type of Restriction in Home-Based Day Care,Designated Areas,3,Ranking,1994-05-02,1994-07-01,"(35.47203135600046, -97.52107021399968)",10GRP,65,60,False,False,6,0,0.0,[],,,0.0,South,1987-06-04,6.910335386721424,60,Home-based Day Care Centers - Type of Restriction in Home-Based Day Care,0,0,0,0.0,1.0,0.0,0.0,0.0,0.0,1.0,0.0,0.0,0.0,0.0,0.0,0.0
1995,4,NM,New Mexico,Legislation - Smokefree Indoor Air,Government Worksites,Restrictions,Type of Restriction in Government Worksite,Designated Areas,3,Ranking,1985-04-01,1986-01-01,"(34.52088095200048, -106.24058098499967)",10GRP,1,275,False,False,5,0,0.0,[],,,0.0,West,1975-06-02,9.831622176591376,275,Government Worksites - Type of Restriction in Government Worksite,0,1,0,0.0,0.0,1.0,0.0,0.0,1.0,0.0,0.0,0.0,0.0,0.0,0.0,0.0
1995,4,SC,South Carolina,Legislation - Smokefree Indoor Air,Government Worksites,Restrictions,Type of Restriction in Government Worksite,Designated Areas,3,Ranking,1990-05-30,1990-08-01,"(33.998821303000454, -81.04537120699968)",10GRP,1,63,False,False,2,0,0.0,[],,,0.0,South,1975-06-02,14.992470910335387,63,Government Worksites - Type of Restriction in Government Worksite,0,1,0,0.0,1.0,0.0,0.0,0.0,1.0,0.0,0.0,0.0,0.0,0.0,0.0,0.0
1995,4,FL,Florida,Legislation - Smokefree Indoor Air,Smokefree Indoor Air – Other Sites,Restriction Areas,Hospitals,Designated Areas,3,Ranking,1985-06-19,1985-10-01,"(28.932040377000476, -81.92896053899966)",15GRP,100,104,False,False,2,0,0.0,[],,,0.0,South,1975-05-05,10.124572210814511,104,Smokefree Indoor Air – Other Sites - Hospitals,0,0,0,0.0,1.0,0.0,0.0,0.0,0.0,0.0,0.0,0.0,0.0,0.0,0.0,1.0
1995,4,NE,Nebraska,Legislation - Smokefree Indoor Air,Restaurants,Restriction Areas,Type of Restriction in Restaurant Bar Area,Designated Areas,3,Ranking,1979-01-01,1979-12-31,"(41.6410409880005, -99.36572062299967)",15GRP,231,364,False,False,5,0,0.0,[],,,0.0,Midwest,1975-01-01,4.0,364,Restaurants - Type of Restriction in Restaurant Bar Area,1,0,0,0.0,0.0,0.0,0.0,0.0,0.0,0.0,0.0,0.0,0.0,0.0,1.0,0.0
1995,4,NY,New York,Legislation - Smokefree Indoor Air,Government Worksites,Vehicles,Type of Restriction in Government Worksite Vehicle,Banned,4,Ranking,1989-07-05,1990-01-01,"(42.82700103200045, -75.54397042699964)",30GRP,17,180,False,False,5,0,0.0,[],,,0.0,Northeast,1979-01-01,10.507871321013004,180,Government Worksites - Type of Restriction in Government Worksite Vehicle,0,1,1,1.0,0.0,0.0,0.0,0.0,1.0,0.0,0.0,0.0,0.0,0.0,0.0,0.0
1995,4,SD,South Dakota,Legislation - Smokefree Indoor Air,Smokefree Indoor Air – Other Sites,Restriction Areas,Hospitals,Designated Areas,3,Ranking,1987-03-17,1987-06-15,"(44.353130053000484, -100.3735306369997)",15GRP,100,90,False,True,5,3,0.6,"['North Dakota', 'Nebraska', 'Montana']",North Dakota,3638.0,0.5249999999999999,Midwest,1975-05-05,11.865845311430528,90,Smokefree Indoor Air – Other Sites - Hospitals,0,0,0,0.0,0.0,0.0,0.0,0.0,0.0,0.0,0.0,0.0,0.0,0.0,0.0,1.0
1995,4,ME,Maine,Legislation - Smokefree Indoor Air,Hotels and Motels,Additional Requirements,Sleeping Room Designation (Type),Smoking Room,3,Ranking,1993-06-15,1994-01-01,"(45.254228894000505, -68.98503133599962)",20GRP,83,200,False,False,1,0,0.0,[],,,0.0,Northeast,1990-01-01,3.4524298425735798,200,Hotels and Motels - Sleeping Room Designation (Type),0,0,0,1.0,0.0,0.0,0.0,0.0,0.0,0.0,1.0,0.0,0.0,0.0,0.0,0.0
1995,4,IA,Iowa,Legislation - Smokefree Indoor Air,Restaurants,Restriction Areas,Type of Restriction in Restaurant Bar Area,Designated Areas,3,Ranking,1990-04-24,1990-04-24,"(42.46940091300047, -93.81649055599968)",15GRP,231,0,False,False,6,4,0.6666666666666666,"['Minnesota', 'Wisconsin', 'Illinois', 'Nebraska']",Minnesota,5592.0,0.5833333333333333,Midwest,1975-01-01,15.31006160164271,0,Restaurants - Type of Restriction in Restaurant Bar Area,1,0,0,0.0,0.0,0.0,0.0,0.0,0.0,0.0,0.0,0.0,0.0,0.0,1.0,0.0
1995,4,WA,Washington,Legislation - Smokefree Indoor Air,Smokefree Indoor Air – Other Sites,Restriction Areas,Grocery Stores,Designated Areas,3,Ranking,1985-05-10,1985-07-28,"(47.52227862900048, -120.47001078999972)",15GRP,97,79,False,True,2,2,1.0,"['Idaho', 'Oregon']",Idaho,1389.0,0.7,West,1975-06-02,9.938398357289527,79,Smokefree Indoor Air – Other Sites - Grocery Stores,0,0,0,0.0,0.0,1.0,0.0,0.0,0.0,0.0,0.0,0.0,0.0,0.0,0.0,1.0
1995,4,VT,Vermont,Legislation - Smokefree Indoor Air,Restaurants,Restriction Areas,Type of Restriction in Restaurant Patron Area,Banned,4,Ranking,1993-05-28,1993-07-01,"(43.62538123900049, -72.51764079099962)",15GRP,233,34,False,False,3,0,0.0,[],,,0.0,Northeast,1975-01-01,18.403832991101986,34,Restaurants - Type of Restriction in Restaurant Patron Area,1,0,1,1.0,0.0,0.0,0.0,0.0,0.0,0.0,0.0,0.0,0.0,0.0,1.0,0.0
1995,4,ND,North Dakota,Legislation - Smokefree Indoor Air,Smokefree Indoor Air – Other Sites,Restriction Areas,Hospitals,Designated Areas,3,Ranking,1977-03-31,1977-08-01,"(47.47531977900047, -100.11842104899966)",15GRP,100,123,False,False,3,0,0.0,[],,,0.0,Midwest,1975-05-05,1.9055441478439425,123,Smokefree Indoor Air – Other Sites - Hospitals,0,0,0,0.0,0.0,0.0,0.0,0.0,0.0,0.0,0.0,0.0,0.0,0.0,0.0,1.0
1995,4,LA,Louisiana,Legislation - Smokefree Indoor Air,Smokefree Indoor Air – Other Sites,Restriction Areas,Hospitals,Designated Areas,3,Ranking,1992-07-13,1992-08-15,"(31.31266064400046, -92.44568007099969)",15GRP,100,33,False,False,3,2,0.6666666666666666,"['Texas', 'Arkansas']",Texas,6261.0,0.5833333333333333,South,1975-05-05,17.190965092402465,33,Smokefree Indoor Air – Other Sites - Hospitals,0,0,0,0.0,1.0,0.0,0.0,0.0,0.0,0.0,0.0,0.0,0.0,0.0,0.0,1.0
1995,4,PA,Pennsylvania,Legislation - Smokefree Indoor Air,Smokefree Indoor Air – Other Sites,Restriction Areas,Hospitals,Designated Areas,3,Ranking,1977-12-01,1978-01-30,"(40.79373015200048, -77.86070029399963)",15GRP,100,60,False,False,6,1,0.1666666666666666,['Ohio'],Ohio,550.0,0.2198059360730593,Northeast,1975-05-05,2.5763175906913074,60,Smokefree Indoor Air – Other Sites - Hospitals,0,0,0,1.0,0.0,0.0,0.0,0.0,0.0,0.0,0.0,0.0,0.0,0.0,0.0,1.0
1995,4,NV,Nevada,Legislation - Smokefree Indoor Air,Restaurants,Restriction Areas,Type of Restriction in Restaurant Employee Area,Designated Areas,3,Ranking,1991-06-06,1991-10-01,"(39.493240390000494, -117.07184056399967)",15GRP,232,117,False,False,5,2,0.4,"['Idaho', 'Oregon']",Idaho,3808.0,0.35,West,1975-01-01,16.427104722792606,117,Restaurants - Type of Restriction in Restaurant Employee Area,1,0,0,0.0,0.0,1.0,0.0,0.0,0.0,0.0,0.0,0.0,0.0,0.0,1.0,0.0
1995,4,MA,Massachusetts,Legislation - Smokefree Indoor Air,Restaurants,Restriction Areas,Type of Restriction in Restaurant Bar Area,Designated Areas,3,Ranking,1990-06-26,1990-09-24,"(42.27687047000046, -72.08269067499964)",15GRP,231,90,False,False,5,2,0.4,"['Rhode Island', 'Connecticut']",Rhode Island,4924.0,0.35,Northeast,1975-01-01,15.482546201232033,90,Restaurants - Type of Restriction in Restaurant Bar Area,1,0,0,1.0,0.0,0.0,0.0,0.0,0.0,0.0,0.0,0.0,0.0,0.0,1.0,0.0
1995,4,CT,Connecticut,Legislation - Smokefree Indoor Air,Restaurants,Restriction Areas,Type of Restriction in Restaurant Bar Area,Designated Areas,3,Ranking,1979-01-01,1979-12-31,"(41.56266102000046, -72.64984095199964)",15GRP,231,364,False,True,3,1,0.3333333333333333,['Rhode Island'],Rhode Island,730.0,0.2916666666666666,Northeast,1975-01-01,4.0,364,Restaurants - Type of Restriction in Restaurant Bar Area,1,0,0,1.0,0.0,0.0,0.0,0.0,0.0,0.0,0.0,0.0,0.0,0.0,1.0,0.0
1995,4,MN,Minnesota,Legislation - Smokefree Indoor Air,Hotels and Motels,Restrictions,Type of Restriction in Lobby and Common Area of Hotel and Motel,Designated Areas,3,Ranking,1994-04-25,1994-04-28,"(46.35564873600049, -94.79420050299967)",10GRP,81,3,False,False,4,0,0.0,[],,,0.0,Midwest,1990-01-09,4.290212183436003,3,Hotels and Motels - Type of Restriction in Lobby and Common Area of Hotel and Motel,0,0,0,0.0,0.0,0.0,0.0,0.0,0.0,0.0,1.0,0.0,0.0,0.0,0.0,0.0
1995,4,KS,Kansas,Legislation - Smokefree Indoor Air,Restaurants,Restrictions,Type of Restriction in Restaurant (Summary),Designated Areas,3,Ranking,1987-07-01,1987-12-31,"(38.34774030000045, -98.20078122699965)",10GRP,37,183,False,False,4,1,0.25,['Nebraska'],Nebraska,3103.0,0.21875,Midwest,1975-01-01,12.49555099247091,183,Restaurants - Type of Restriction in Restaurant (Summary),1,0,0,0.0,0.0,0.0,0.0,0.0,0.0,0.0,0.0,0.0,0.0,0.0,1.0,0.0
1995,4,MO,Missouri,Legislation - Smokefree Indoor Air,Private Worksites,Restrictions,Type of Restriction in Private Worksite,Designated Areas,3,Ranking,1992-06-11,1992-08-28,"(38.635790776000476, -92.56630005299968)",10GRP,20,78,False,False,7,3,0.4285714285714285,"['Iowa', 'Illinois', 'Nebraska']",Iowa,4770.0,0.3749999999999999,Midwest,1975-06-02,17.026694045174537,78,Private Worksites - Type of Restriction in Private Worksite,0,1,0,0.0,0.0,0.0,0.0,0.0,0.0,0.0,0.0,0.0,0.0,1.0,0.0,0.0
1995,4,MT,Montana,Legislation - Smokefree Indoor Air,Smokefree Indoor Air – Other Sites,Restriction Areas,Hospitals,Designated Areas,3,Ranking,1979-03-29,1979-07-01,"(47.06652897200047, -109.42442064499971)",15GRP,100,94,False,True,3,1,0.3333333333333333,['North Dakota'],North Dakota,728.0,0.2924885844748858,West,1975-05-05,3.898699520876112,94,Smokefree Indoor Air – Other Sites - Hospitals,0,0,0,0.0,0.0,1.0,0.0,0.0,0.0,0.0,0.0,0.0,0.0,0.0,0.0,1.0
1995,4,FL,Florida,Legislation - Smokefree Indoor Air,Restaurants,Restrictions,Type of Restriction in Restaurant (Summary),Designated Areas,3,Ranking,1985-01-01,1985-01-01,"(28.932040377000476, -81.92896053899966)",10GRP,37,0,False,False,2,0,0.0,[],,,0.0,South,1975-01-01,10.001368925393566,0,Restaurants - Type of Restriction in Restaurant (Summary),1,0,0,0.0,1.0,0.0,0.0,0.0,0.0,0.0,0.0,0.0,0.0,0.0,1.0,0.0
1995,4,UT,Utah,Legislation - Smokefree Indoor Air,Private Worksites,Restrictions,Type of Restriction in Private Worksite,Designated Areas,3,Ranking,1994-03-22,1995-01-01,"(39.360700171000474, -111.58713063499971)",10GRP,20,285,False,False,5,0,0.0,[],,,0.0,West,1975-06-02,18.803559206023273,285,Private Worksites - Type of Restriction in Private Worksite,0,1,0,0.0,0.0,1.0,0.0,0.0,0.0,0.0,0.0,0.0,0.0,1.0,0.0,0.0
1995,4,VA,Virginia,Legislation - Smokefree Indoor Air,Restaurants,Restriction Areas,Type of Restriction in Restaurant Employee Area,Designated Areas,3,Ranking,1990-04-18,1990-12-31,"(37.54268067400045, -78.45789046299967)",15GRP,232,257,False,False,5,0,0.0,[],,,0.0,South,1975-01-01,15.293634496919918,257,Restaurants - Type of Restriction in Restaurant Employee Area,1,0,0,0.0,1.0,0.0,0.0,0.0,0.0,0.0,0.0,0.0,0.0,0.0,1.0,0.0
1995,4,OK,Oklahoma,Legislation - Smokefree Indoor Air,Government Worksites,Restrictions,Type of Restriction in Government Worksite,Designated Areas,3,Ranking,1987-06-24,1987-11-01,"(35.47203135600046, -97.52107021399968)",10GRP,1,130,False,True,6,2,0.3333333333333333,"['Kansas', 'New Mexico']",Kansas,814.0,0.2916666666666666,South,1975-06-02,12.060232717316905,130,Government Worksites - Type of Restriction in Government Worksite,0,1,0,0.0,1.0,0.0,0.0,0.0,1.0,0.0,0.0,0.0,0.0,0.0,0.0,0.0
1995,4,UT,Utah,Legislation - Smokefree Indoor Air,Smokefree Indoor Air – Other Sites,Restriction Areas,Malls,Banned,4,Ranking,1994-03-22,1995-01-01,"(39.360700171000474, -111.58713063499971)",15GRP,96,285,False,False,5,0,0.0,[],,,0.0,West,1985-05-10,8.865160848733744,285,Smokefree Indoor Air – Other Sites - Malls,0,0,1,0.0,0.0,1.0,0.0,0.0,0.0,0.0,0.0,0.0,0.0,0.0,0.0,1.0
1995,4,VA,Virginia,Legislation - Smokefree Indoor Air,Smokefree Indoor Air – Other Sites,Restriction Areas,Hospitals,Designated Areas,3,Ranking,1990-04-18,1991-07-01,"(37.54268067400045, -78.45789046299967)",15GRP,100,439,False,False,5,1,0.2,['District of Columbia'],District of Columbia,3936.0,0.175,South,1975-05-05,14.954140999315538,439,Smokefree Indoor Air – Other Sites - Hospitals,0,0,0,0.0,1.0,0.0,0.0,0.0,0.0,0.0,0.0,0.0,0.0,0.0,0.0,1.0
1995,4,WI,Wisconsin,Legislation - Smokefree Indoor Air,Commercial Day Care Centers,Restrictions,Type of Restriction in Commercial Day Care,Banned,4,Ranking,1994-04-14,1994-04-29,"(44.39319117400049, -89.81637074199966)",10GRP,50,15,False,True,4,3,0.75,"['Michigan', 'Minnesota', 'Illinois']",Michigan,2506.0,0.65625,Midwest,1963-07-12,30.757015742642025,15,Commercial Day Care Centers - Type of Restriction in Commercial Day Care,0,0,1,0.0,0.0,0.0,1.0,0.0,0.0,0.0,0.0,0.0,0.0,0.0,0.0,0.0
1995,4,NV,Nevada,Legislation - Smokefree Indoor Air,Restaurants,Restriction Areas,Type of Restriction in Restaurant Patron Area,Designated Areas,3,Ranking,1991-06-06,1991-10-01,"(39.493240390000494, -117.07184056399967)",15GRP,233,117,False,False,5,2,0.4,"['Idaho', 'Oregon']",Idaho,3808.0,0.35,West,1975-01-01,16.427104722792606,117,Restaurants - Type of Restriction in Restaurant Patron Area,1,0,0,0.0,0.0,1.0,0.0,0.0,0.0,0.0,0.0,0.0,0.0,0.0,1.0,0.0
1995,4,MA,Massachusetts,Legislation - Smokefree Indoor Air,Restaurants,Restriction Areas,Type of Restriction in Restaurant Employee Area,Designated Areas,3,Ranking,1990-06-26,1990-09-24,"(42.27687047000046, -72.08269067499964)",15GRP,232,90,False,False,5,3,0.6,"['Rhode Island', 'Connecticut', 'New Hampshire']",Rhode Island,4924.0,0.5249999999999999,Northeast,1975-01-01,15.482546201232033,90,Restaurants - Type of Restriction in Restaurant Employee Area,1,0,0,1.0,0.0,0.0,0.0,0.0,0.0,0.0,0.0,0.0,0.0,0.0,1.0,0.0
1995,4,CA,California,Legislation - Smokefree Indoor Air,Hotels and Motels,Additional Requirements,Sleeping Room Designation (Type),Smoking Room,3,Ranking,1994-07-21,1995-01-01,"(37.63864012300047, -120.99999953799971)",20GRP,83,164,False,False,3,0,0.0,[],,,0.0,West,1990-01-01,4.550308008213553,164,Hotels and Motels - Sleeping Room Designation (Type),0,0,0,0.0,0.0,1.0,0.0,0.0,0.0,0.0,1.0,0.0,0.0,0.0,0.0,0.0
1995,4,MO,Missouri,Legislation - Smokefree Indoor Air,Bars,Restrictions,Type of Restriction in Bar (Summary),Designated Areas,3,Ranking,1992-06-11,1992-12-31,"(38.635790776000476, -92.56630005299968)",10GRP,234,203,False,False,7,1,0.1428571428571428,['Nebraska'],Nebraska,4910.0,0.1249999999999999,Midwest,1979-01-01,13.442847364818617,203,Bars - Type of Restriction in Bar (Summary),0,0,0,0.0,0.0,0.0,0.0,0.0,0.0,0.0,0.0,0.0,0.0,0.0,0.0,0.0
1995,4,ME,Maine,Legislation - Smokefree Indoor Air,Smokefree Indoor Air – Other Sites,Restriction Areas,Public Transportation,Designated Areas,3,Ranking,1993-06-15,1994-01-01,"(45.254228894000505, -68.98503133599962)",15GRP,99,200,False,False,1,0,0.0,[],,,0.0,Northeast,1973-05-04,20.11498973305955,200,Smokefree Indoor Air – Other Sites - Public Transportation,0,0,0,1.0,0.0,0.0,0.0,0.0,0.0,0.0,0.0,0.0,0.0,0.0,0.0,1.0
1995,4,NE,Nebraska,Legislation - Smokefree Indoor Air,Government Worksites,Vehicles,Type of Restriction in Government Worksite Vehicle,Banned,4,Ranking,1979-05-21,1980-01-01,"(41.6410409880005, -99.36572062299967)",30GRP,17,225,False,False,5,0,0.0,[],,,0.0,Midwest,1979-01-01,0.38329911019849416,225,Government Worksites - Type of Restriction in Government Worksite Vehicle,0,1,1,0.0,0.0,0.0,0.0,0.0,1.0,0.0,0.0,0.0,0.0,0.0,0.0,0.0
1995,4,MO,Missouri,Legislation - Smokefree Indoor Air,Smokefree Indoor Air – Other Sites,Restriction Areas,Malls,Designated Areas,3,Ranking,1992-06-11,1992-08-13,"(38.635790776000476, -92.56630005299968)",15GRP,96,63,False,False,7,1,0.1428571428571428,['Iowa'],Iowa,779.0,0.1249999999999999,Midwest,1985-05-10,7.08829568788501,63,Smokefree Indoor Air – Other Sites - Malls,0,0,0,0.0,0.0,0.0,0.0,0.0,0.0,0.0,0.0,0.0,0.0,0.0,0.0,1.0
1995,4,WI,Wisconsin,Legislation - Smokefree Indoor Air,Restaurants,Restriction Areas,Type of Restriction in Restaurant Bar Area,Designated Areas,3,Ranking,1983-01-01,1983-12-31,"(44.39319117400049, -89.81637074199966)",15GRP,231,364,False,False,4,1,0.25,['Minnesota'],Minnesota,2922.0,0.21875,Midwest,1975-01-01,8.0,364,Restaurants - Type of Restriction in Restaurant Bar Area,1,0,0,0.0,0.0,0.0,0.0,0.0,0.0,0.0,0.0,0.0,0.0,0.0,1.0,0.0
1995,4,MT,Montana,Legislation - Smokefree Indoor Air,Smokefree Indoor Air – Other Sites,Restriction Areas,Public Transportation,Designated Areas,3,Ranking,1979-03-29,1979-07-01,"(47.06652897200047, -109.42442064499971)",15GRP,99,94,False,True,3,1,0.3333333333333333,['South Dakota'],South Dakota,1861.0,0.2916666666666666,West,1973-05-04,5.900068446269678,94,Smokefree Indoor Air – Other Sites - Public Transportation,0,0,0,0.0,0.0,1.0,0.0,0.0,0.0,0.0,0.0,0.0,0.0,0.0,0.0,1.0
1995,4,MN,Minnesota,Legislation - Smokefree Indoor Air,Government Worksites,Restrictions,Type of Restriction in Government Worksite,Designated Areas,3,Ranking,1975-06-02,1975-06-02,"(46.35564873600049, -94.79420050299967)",10GRP,1,0,False,False,4,0,0.0,[],,,0.0,Midwest,1975-06-02,0.0,0,Government Worksites - Type of Restriction in Government Worksite,0,1,0,0.0,0.0,0.0,0.0,0.0,1.0,0.0,0.0,0.0,0.0,0.0,0.0,0.0
1995,4,IL,Illinois,Legislation - Smokefree Indoor Air,Smokefree Indoor Air – Other Sites,Restriction Areas,Grocery Stores,Designated Areas,3,Ranking,1990-01-09,1990-07-01,"(40.48501028300046, -88.99771017799969)",15GRP,97,173,False,True,4,2,0.5,"['Iowa', 'Wisconsin']",Iowa,2092.0,0.4375,Midwest,1975-06-02,14.60643394934976,173,Smokefree Indoor Air – Other Sites - Grocery Stores,0,0,0,0.0,0.0,0.0,0.0,0.0,0.0,0.0,0.0,0.0,0.0,0.0,0.0,1.0
1995,4,FL,Florida,Legislation - Smokefree Indoor Air,Private Worksites,Restrictions,Type of Restriction in Private Worksite,Designated Areas,3,Ranking,1985-06-19,1985-10-01,"(28.932040377000476, -81.92896053899966)",10GRP,20,104,False,False,2,0,0.0,[],,,0.0,South,1975-06-02,10.047912388774812,104,Private Worksites - Type of Restriction in Private Worksite,0,1,0,0.0,1.0,0.0,0.0,0.0,0.0,0.0,0.0,0.0,0.0,1.0,0.0,0.0
1995,4,WI,Wisconsin,Legislation - Smokefree Indoor Air,Private Worksites,Restrictions,Type of Restriction in Private Worksite,Designated Areas,3,Ranking,1984-04-18,1984-04-26,"(44.39319117400049, -89.81637074199966)",10GRP,20,8,False,False,4,1,0.25,['Minnesota'],Minnesota,3243.0,0.21875,Midwest,1975-06-02,8.878850102669405,8,Private Worksites - Type of Restriction in Private Worksite,0,1,0,0.0,0.0,0.0,0.0,0.0,0.0,0.0,0.0,0.0,0.0,1.0,0.0,0.0
1995,4,NV,Nevada,Legislation - Smokefree Indoor Air,Smokefree Indoor Air – Other Sites,Restriction Areas,Hospitals,Designated Areas,3,Ranking,1975-05-05,1975-05-05,"(39.493240390000494, -117.07184056399967)",15GRP,100,0,False,False,5,0,0.0,[],,,0.0,West,1975-05-05,0.0,0,Smokefree Indoor Air – Other Sites - Hospitals,0,0,0,0.0,0.0,1.0,0.0,0.0,0.0,0.0,0.0,0.0,0.0,0.0,0.0,1.0
1995,4,ME,Maine,Legislation - Smokefree Indoor Air,Home-based Day Care Centers,Restrictions,Type of Restriction in Home-Based Day Care,Designated Areas,3,Ranking,1993-06-15,1994-01-01,"(45.254228894000505, -68.98503133599962)",10GRP,65,200,False,False,1,0,0.0,[],,,0.0,Northeast,1987-06-04,6.031485284052019,200,Home-based Day Care Centers - Type of Restriction in Home-Based Day Care,0,0,0,1.0,0.0,0.0,0.0,0.0,0.0,1.0,0.0,0.0,0.0,0.0,0.0,0.0
1995,4,CA,California,Legislation - Smokefree Indoor Air,Commercial Day Care Centers,Restrictions,Type of Restriction in Commercial Day Care,Banned,4,Ranking,1986-07-16,1987-01-01,"(37.63864012300047, -120.99999953799971)",10GRP,50,169,False,False,3,0,0.0,[],,,0.0,West,1963-07-12,23.01163586584531,169,Commercial Day Care Centers - Type of Restriction in Commercial Day Care,0,0,1,0.0,0.0,1.0,1.0,0.0,0.0,0.0,0.0,0.0,0.0,0.0,0.0,0.0
1995,4,NH,New Hampshire,Legislation - Smokefree Indoor Air,Smokefree Indoor Air – Other Sites,Restriction Areas,Malls,Designated Areas,3,Ranking,1990-04-27,1991-01-01,"(43.65595011300047, -71.50036091999965)",15GRP,96,249,False,False,3,0,0.0,[],,,0.0,Northeast,1985-05-10,4.963723477070499,249,Smokefree Indoor Air – Other Sites - Malls,0,0,0,1.0,0.0,0.0,0.0,0.0,0.0,0.0,0.0,0.0,0.0,0.0,0.0,1.0
1995,4,FL,Florida,Legislation - Smokefree Indoor Air,Restaurants,Restriction Areas,Type of Restriction in Restaurant Patron Area,Designated Areas,3,Ranking,1985-01-01,1985-01-01,"(28.932040377000476, -81.92896053899966)",15GRP,233,0,False,False,2,0,0.0,[],,,0.0,South,1975-01-01,10.001368925393566,0,Restaurants - Type of Restriction in Restaurant Patron Area,1,0,0,0.0,1.0,0.0,0.0,0.0,0.0,0.0,0.0,0.0,0.0,0.0,1.0,0.0
1995,4,MN,Minnesota,Legislation - Smokefree Indoor Air,Restaurants,Restriction Areas,Type of Restriction in Restaurant Patron Area,Designated Areas,3,Ranking,1975-01-01,1975-01-01,"(46.35564873600049, -94.79420050299967)",15GRP,233,0,False,False,4,0,0.0,[],,,0.0,Midwest,1975-01-01,0.0,0,Restaurants - Type of Restriction in Restaurant Patron Area,1,0,0,0.0,0.0,0.0,0.0,0.0,0.0,0.0,0.0,0.0,0.0,0.0,1.0,0.0
1995,4,MT,Montana,Legislation - Smokefree Indoor Air,Smokefree Indoor Air – Other Sites,Restriction Areas,Enclosed Arenas,Designated Areas,3,Ranking,1979-03-29,1979-07-01,"(47.06652897200047, -109.42442064499971)",15GRP,98,94,False,False,3,0,0.0,[],,,0.0,West,1975-06-02,3.8220396988364134,94,Smokefree Indoor Air – Other Sites - Enclosed Arenas,0,0,0,0.0,0.0,1.0,0.0,0.0,0.0,0.0,0.0,0.0,0.0,0.0,0.0,1.0
1995,4,MA,Massachusetts,Legislation - Smokefree Indoor Air,Home-based Day Care Centers,Restrictions,Type of Restriction in Home-Based Day Care,Designated Areas,3,Ranking,1988-01-14,1988-04-13,"(42.27687047000046, -72.08269067499964)",10GRP,65,90,False,False,5,0,0.0,[],,,0.0,Northeast,1987-06-04,0.6132785763175906,90,Home-based Day Care Centers - Type of Restriction in Home-Based Day Care,0,0,0,1.0,0.0,0.0,0.0,0.0,0.0,1.0,0.0,0.0,0.0,0.0,0.0,0.0
1995,4,IA,Iowa,Legislation - Smokefree Indoor Air,Government Worksites,Restrictions,Type of Restriction in Government Worksite,Designated Areas,3,Ranking,1987-06-08,1987-07-01,"(42.46940091300047, -93.81649055599968)",10GRP,1,23,False,False,6,3,0.5,"['Minnesota', 'Wisconsin', 'Nebraska']",Minnesota,4389.0,0.4375,Midwest,1975-06-02,12.016427104722792,23,Government Worksites - Type of Restriction in Government Worksite,0,1,0,0.0,0.0,0.0,0.0,0.0,1.0,0.0,0.0,0.0,0.0,0.0,0.0,0.0
1995,4,DC,District of Columbia,Legislation - Smokefree Indoor Air,Smokefree Indoor Air – Other Sites,Restriction Areas,Hospitals,Designated Areas,3,Ranking,1979-07-09,1979-09-28,"(38.89037138500049, -77.03196112699965)",15GRP,100,81,False,False,2,0,0.0,[],,,0.0,South,1975-05-05,4.177960301163586,81,Smokefree Indoor Air – Other Sites - Hospitals,0,0,0,0.0,1.0,0.0,0.0,0.0,0.0,0.0,0.0,0.0,0.0,0.0,0.0,1.0
1995,4,RI,Rhode Island,Legislation - Smokefree Indoor Air,Restaurants,Restriction Areas,Type of Restriction in Restaurant Bar Area,Designated Areas,3,Ranking,1977-01-01,1977-12-31,"(41.70828019300046, -71.52247031399963)",15GRP,231,364,False,False,2,0,0.0,[],,,0.0,Northeast,1975-01-01,2.001368925393566,364,Restaurants - Type of Restriction in Restaurant Bar Area,1,0,0,1.0,0.0,0.0,0.0,0.0,0.0,0.0,0.0,0.0,0.0,0.0,1.0,0.0
1995,4,MI,Michigan,Legislation - Smokefree Indoor Air,Smokefree Indoor Air – Other Sites,Restriction Areas,Grocery Stores,Designated Areas,3,Ranking,1976-03-11,1977-03-31,"(44.6613195430005, -84.71439026999968)",15GRP,97,385,False,False,3,0,0.0,[],,,0.0,Midwest,1975-06-02,0.7748117727583846,385,Smokefree Indoor Air – Other Sites - Grocery Stores,0,0,0,0.0,0.0,0.0,0.0,0.0,0.0,0.0,0.0,0.0,0.0,0.0,0.0,1.0
1995,4,DE,Delaware,Legislation - Smokefree Indoor Air,Smokefree Indoor Air – Other Sites,Restriction Areas,Hospitals,Banned,4,Ranking,1994-06-28,1994-06-28,"(39.008830667000495, -75.57774116799965)",15GRP,100,0,False,False,3,0,0.0,[],,,0.0,South,1975-05-05,19.148528405201915,0,Smokefree Indoor Air – Other Sites - Hospitals,0,0,1,0.0,1.0,0.0,0.0,0.0,0.0,0.0,0.0,0.0,0.0,0.0,0.0,1.0
1995,4,ID,Idaho,Legislation - Smokefree Indoor Air,Restaurants,Restriction Areas,Type of Restriction in Restaurant Patron Area,Designated Areas,3,Ranking,1985-01-01,1985-01-01,"(43.682630005000476, -114.3637300419997)",15GRP,233,0,False,False,5,1,0.2,['Oregon'],Oregon,1461.0,0.175,West,1975-01-01,10.001368925393566,0,Restaurants - Type of Restriction in Restaurant Patron Area,1,0,0,0.0,0.0,1.0,0.0,0.0,0.0,0.0,0.0,0.0,0.0,0.0,1.0,0.0
1995,4,ND,North Dakota,Legislation - Smokefree Indoor Air,Restaurants,Restriction Areas,Type of Restriction in Restaurant Patron Area,Designated Areas,3,Ranking,1993-01-01,1993-12-31,"(47.47531977900047, -100.11842104899966)",15GRP,233,364,False,False,3,1,0.3333333333333333,['Minnesota'],Minnesota,6575.0,0.2916666666666666,Midwest,1975-01-01,18.001368925393567,364,Restaurants - Type of Restriction in Restaurant Patron Area,1,0,0,0.0,0.0,0.0,0.0,0.0,0.0,0.0,0.0,0.0,0.0,0.0,1.0,0.0
1995,4,IA,Iowa,Legislation - Smokefree Indoor Air,Restaurants,Restriction Areas,Type of Restriction in Restaurant Patron Area,Designated Areas,3,Ranking,1990-04-24,1990-04-24,"(42.46940091300047, -93.81649055599968)",15GRP,233,0,False,False,6,4,0.6666666666666666,"['Minnesota', 'Wisconsin', 'Illinois', 'Nebraska']",Minnesota,5592.0,0.5833333333333333,Midwest,1975-01-01,15.31006160164271,0,Restaurants - Type of Restriction in Restaurant Patron Area,1,0,0,0.0,0.0,0.0,0.0,0.0,0.0,0.0,0.0,0.0,0.0,0.0,1.0,0.0
1995,4,FL,Florida,Legislation - Smokefree Indoor Air,Smokefree Indoor Air – Other Sites,Restriction Areas,Grocery Stores,Banned,4,Ranking,1985-06-19,1985-10-01,"(28.932040377000476, -81.92896053899966)",15GRP,97,104,False,False,2,0,0.0,[],,,0.0,South,1975-06-02,10.047912388774812,104,Smokefree Indoor Air – Other Sites - Grocery Stores,0,0,1,0.0,1.0,0.0,0.0,0.0,0.0,0.0,0.0,0.0,0.0,0.0,0.0,1.0
1995,4,MN,Minnesota,Legislation - Smokefree Indoor Air,Smokefree Indoor Air – Other Sites,Restriction Areas,Hospitals,Banned,4,Ranking,1975-06-02,1975-06-02,"(46.35564873600049, -94.79420050299967)",15GRP,100,0,False,False,4,0,0.0,[],,,0.0,Midwest,1975-05-05,0.07665982203969883,0,Smokefree Indoor Air – Other Sites - Hospitals,0,0,1,0.0,0.0,0.0,0.0,0.0,0.0,0.0,0.0,0.0,0.0,0.0,0.0,1.0
1995,4,NY,New York,Legislation - Smokefree Indoor Air,Private Worksites,Vehicles,Type of Restriction in Private Worksite Vehicle,Banned,4,Ranking,1989-07-05,1990-01-01,"(42.82700103200045, -75.54397042699964)",30GRP,34,180,False,False,5,0,0.0,[],,,0.0,Northeast,1987-06-04,2.086242299794661,180,Private Worksites - Type of Restriction in Private Worksite Vehicle,0,1,1,1.0,0.0,0.0,0.0,0.0,0.0,0.0,0.0,0.0,0.0,1.0,0.0,0.0
1995,4,DE,Delaware,Legislation - Smokefree Indoor Air,Commercial Day Care Centers,Restrictions,Type of Restriction in Commercial Day Care,Banned,4,Ranking,1994-06-28,1994-06-28,"(39.008830667000495, -75.57774116799965)",10GRP,50,0,False,False,3,0,0.0,[],,,0.0,South,1963-07-12,30.962354551676935,0,Commercial Day Care Centers - Type of Restriction in Commercial Day Care,0,0,1,0.0,1.0,0.0,1.0,0.0,0.0,0.0,0.0,0.0,0.0,0.0,0.0,0.0
1995,4,NJ,New Jersey,Legislation - Smokefree Indoor Air,Smokefree Indoor Air – Other Sites,Restriction Areas,Public Transportation,Banned,4,Ranking,1985-06-12,1985-12-09,"(40.13057004800049, -74.27369128799967)",15GRP,99,180,False,False,3,0,0.0,[],,,0.0,Northeast,1973-05-04,12.106776180698152,180,Smokefree Indoor Air – Other Sites - Public Transportation,0,0,1,1.0,0.0,0.0,0.0,0.0,0.0,0.0,0.0,0.0,0.0,0.0,0.0,1.0
1995,4,SD,South Dakota,Legislation - Smokefree Indoor Air,Government Worksites,Restrictions,Type of Restriction in Government Worksite,Banned,4,Ranking,1992-08-28,1992-11-19,"(44.353130053000484, -100.3735306369997)",10GRP,1,83,False,False,5,0,0.0,[],,,0.0,Midwest,1975-06-02,17.240246406570844,83,Government Worksites - Type of Restriction in Government Worksite,0,1,1,0.0,0.0,0.0,0.0,0.0,1.0,0.0,0.0,0.0,0.0,0.0,0.0,0.0
1995,4,IL,Illinois,Legislation - Smokefree Indoor Air,Government Worksites,Restrictions,Type of Restriction in Government Worksite,Designated Areas,3,Ranking,1990-01-09,1990-07-01,"(40.48501028300046, -88.99771017799969)",10GRP,1,173,False,True,4,2,0.5,"['Iowa', 'Wisconsin']",Iowa,2092.0,0.4375,Midwest,1975-06-02,14.60643394934976,173,Government Worksites - Type of Restriction in Government Worksite,0,1,0,0.0,0.0,0.0,0.0,0.0,1.0,0.0,0.0,0.0,0.0,0.0,0.0,0.0
1995,4,KS,Kansas,Legislation - Smokefree Indoor Air,Restaurants,Restriction Areas,Type of Restriction in Restaurant Patron Area,Designated Areas,3,Ranking,1987-07-01,1987-12-31,"(38.34774030000045, -98.20078122699965)",15GRP,233,183,False,False,4,1,0.25,['Nebraska'],Nebraska,3103.0,0.21875,Midwest,1975-01-01,12.49555099247091,183,Restaurants - Type of Restriction in Restaurant Patron Area,1,0,0,0.0,0.0,0.0,0.0,0.0,0.0,0.0,0.0,0.0,0.0,0.0,1.0,0.0
1995,4,PA,Pennsylvania,Legislation - Smokefree Indoor Air,Restaurants,Restrictions,Type of Restriction in Restaurant (Summary),Designated Areas,3,Ranking,1988-12-21,1988-12-31,"(40.79373015200048, -77.86070029399963)",10GRP,37,10,False,False,6,0,0.0,[],,,0.0,Northeast,1975-01-01,13.971252566735114,10,Restaurants - Type of Restriction in Restaurant (Summary),1,0,0,1.0,0.0,0.0,0.0,0.0,0.0,0.0,0.0,0.0,0.0,0.0,1.0,0.0
1995,4,IA,Iowa,Legislation - Smokefree Indoor Air,Smokefree Indoor Air – Other Sites,Restriction Areas,Public Transportation,Designated Areas,3,Ranking,1987-06-08,1987-07-01,"(42.46940091300047, -93.81649055599968)",15GRP,99,23,False,False,6,3,0.5,"['Wisconsin', 'Nebraska', 'South Dakota']",Wisconsin,4854.0,0.4375,Midwest,1973-05-04,14.094455852156058,23,Smokefree Indoor Air – Other Sites - Public Transportation,0,0,0,0.0,0.0,0.0,0.0,0.0,0.0,0.0,0.0,0.0,0.0,0.0,0.0,1.0
1995,4,MO,Missouri,Legislation - Smokefree Indoor Air,Hotels and Motels,Restrictions,Type of Restriction in Lobby and Common Area of Hotel and Motel,Designated Areas,3,Ranking,1992-06-11,1992-09-09,"(38.635790776000476, -92.56630005299968)",10GRP,81,90,False,False,7,1,0.1428571428571428,['Illinois'],Illinois,884.0,0.1249999999999999,Midwest,1990-01-09,2.4202600958247777,90,Hotels and Motels - Type of Restriction in Lobby and Common Area of Hotel and Motel,0,0,0,0.0,0.0,0.0,0.0,0.0,0.0,0.0,1.0,0.0,0.0,0.0,0.0,0.0
1995,4,OR,Oregon,Legislation - Smokefree Indoor Air,Government Worksites,Restrictions,Type of Restriction in Government Worksite,Designated Areas,3,Ranking,1977-07-26,1977-10-04,"(44.56744942400047, -120.15503132599969)",10GRP,1,70,False,False,4,1,0.25,['Nevada'],Nevada,82.0,0.4850513698630136,West,1975-06-02,2.1492128678986995,70,Government Worksites - Type of Restriction in Government Worksite,0,1,0,0.0,0.0,1.0,0.0,0.0,1.0,0.0,0.0,0.0,0.0,0.0,0.0,0.0
1995,4,CO,Colorado,Legislation - Smokefree Indoor Air,Smokefree Indoor Air – Other Sites,Restriction Areas,Hospitals,Designated Areas,3,Ranking,1977-07-01,1977-07-01,"(38.843840757000464, -106.13361092099967)",15GRP,100,0,False,False,6,0,0.0,[],,,0.0,West,1975-05-05,2.1574264202600957,0,Smokefree Indoor Air – Other Sites - Hospitals,0,0,0,0.0,0.0,1.0,0.0,0.0,0.0,0.0,0.0,0.0,0.0,0.0,0.0,1.0
1995,4,NH,New Hampshire,Legislation - Smokefree Indoor Air,Smokefree Indoor Air – Other Sites,Restriction Areas,Prisons,Designated Areas,3,Ranking,1990-04-27,1991-01-01,"(43.65595011300047, -71.50036091999965)",15GRP,101,249,False,False,3,0,0.0,[],,,0.0,Northeast,1990-04-27,0.0,249,Smokefree Indoor Air – Other Sites - Prisons,0,0,0,1.0,0.0,0.0,0.0,0.0,0.0,0.0,0.0,0.0,0.0,0.0,0.0,1.0
1995,4,CA,California,Legislation - Smokefree Indoor Air,Restaurants,Restrictions,Type of Restriction in Restaurant (Summary),Designated Areas,3,Ranking,1994-07-21,1995-01-01,"(37.63864012300047, -120.99999953799971)",10GRP,37,164,False,False,3,2,0.6666666666666666,"['Oregon', 'Nevada']",Oregon,4949.0,0.5833333333333333,West,1975-01-01,19.550992470910334,164,Restaurants - Type of Restriction in Restaurant (Summary),1,0,0,0.0,0.0,1.0,0.0,0.0,0.0,0.0,0.0,0.0,0.0,0.0,1.0,0.0
1995,4,WI,Wisconsin,Legislation - Smokefree Indoor Air,Smokefree Indoor Air – Other Sites,Restriction Areas,Public Transportation,Designated Areas,3,Ranking,1984-04-18,1984-04-26,"(44.39319117400049, -89.81637074199966)",15GRP,99,8,False,False,4,0,0.0,[],,,0.0,Midwest,1973-05-04,10.956878850102669,8,Smokefree Indoor Air – Other Sites - Public Transportation,0,0,0,0.0,0.0,0.0,0.0,0.0,0.0,0.0,0.0,0.0,0.0,0.0,0.0,1.0
1995,4,VA,Virginia,Legislation - Smokefree Indoor Air,Government Worksites,Restrictions,Type of Restriction in Government Worksite,Designated Areas,3,Ranking,1990-04-18,1991-07-01,"(37.54268067400045, -78.45789046299967)",10GRP,1,439,False,False,5,1,0.2,['District of Columbia'],District of Columbia,3936.0,0.175,South,1975-06-02,14.877481177275838,439,Government Worksites - Type of Restriction in Government Worksite,0,1,0,0.0,1.0,0.0,0.0,0.0,1.0,0.0,0.0,0.0,0.0,0.0,0.0,0.0
1995,4,KS,Kansas,Legislation - Smokefree Indoor Air,Smokefree Indoor Air – Other Sites,Restriction Areas,Grocery Stores,Designated Areas,3,Ranking,1987-04-14,1987-07-01,"(38.34774030000045, -98.20078122699965)",15GRP,97,78,False,False,4,1,0.25,['Nebraska'],Nebraska,2885.0,0.21875,Midwest,1975-06-02,11.865845311430528,78,Smokefree Indoor Air – Other Sites - Grocery Stores,0,0,0,0.0,0.0,0.0,0.0,0.0,0.0,0.0,0.0,0.0,0.0,0.0,0.0,1.0
1995,4,FL,Florida,Legislation - Smokefree Indoor Air,Commercial Day Care Centers,Restrictions,Type of Restriction in Commercial Day Care,Banned,4,Ranking,1992-04-10,1992-10-01,"(28.932040377000476, -81.92896053899966)",10GRP,50,174,False,False,2,0,0.0,[],,,0.0,South,1963-07-12,28.747433264887064,174,Commercial Day Care Centers - Type of Restriction in Commercial Day Care,0,0,1,0.0,1.0,0.0,1.0,0.0,0.0,0.0,0.0,0.0,0.0,0.0,0.0,0.0
1995,4,ND,North Dakota,Legislation - Smokefree Indoor Air,Government Worksites,Restrictions,Type of Restriction in Government Worksite,Designated Areas,3,Ranking,1977-03-31,1977-08-01,"(47.47531977900047, -100.11842104899966)",10GRP,1,123,False,True,3,1,0.3333333333333333,['Minnesota'],Minnesota,668.0,0.3171461187214611,Midwest,1975-06-02,1.8288843258042438,123,Government Worksites - Type of Restriction in Government Worksite,0,1,0,0.0,0.0,0.0,0.0,0.0,1.0,0.0,0.0,0.0,0.0,0.0,0.0,0.0
1995,4,OH,Ohio,Legislation - Smokefree Indoor Air,Smokefree Indoor Air – Other Sites,Restriction Areas,Public Transportation,Designated Areas,3,Ranking,1976-05-30,1976-08-31,"(40.06021014100048, -82.40426005599966)",15GRP,99,93,False,False,4,0,0.0,[],,,0.0,Midwest,1973-05-04,3.0718685831622174,93,Smokefree Indoor Air – Other Sites - Public Transportation,0,0,0,0.0,0.0,0.0,0.0,0.0,0.0,0.0,0.0,0.0,0.0,0.0,0.0,1.0
1995,4,AR,Arkansas,Legislation - Smokefree Indoor Air,Smokefree Indoor Air – Other Sites,Restriction Areas,Hospitals,Designated Areas,3,Ranking,1977-03-24,1977-06-22,"(34.74865012400045, -92.27449074299966)",15GRP,100,90,False,False,6,1,0.1666666666666666,['Texas'],Texas,671.0,0.170079908675799,South,1975-05-05,1.8863791923340179,90,Smokefree Indoor Air – Other Sites - Hospitals,0,0,0,0.0,1.0,0.0,0.0,0.0,0.0,0.0,0.0,0.0,0.0,0.0,0.0,1.0
1995,4,PA,Pennsylvania,Legislation - Smokefree Indoor Air,Restaurants,Restriction Areas,Type of Restriction in Restaurant Employee Area,Designated Areas,3,Ranking,1988-12-21,1988-12-31,"(40.79373015200048, -77.86070029399963)",15GRP,232,10,False,False,6,0,0.0,[],,,0.0,Northeast,1975-01-01,13.971252566735114,10,Restaurants - Type of Restriction in Restaurant Employee Area,1,0,0,1.0,0.0,0.0,0.0,0.0,0.0,0.0,0.0,0.0,0.0,0.0,1.0,0.0
1995,4,RI,Rhode Island,Legislation - Smokefree Indoor Air,Smokefree Indoor Air – Other Sites,Restriction Areas,Public Transportation,Designated Areas,3,Ranking,1977-05-17,1977-07-16,"(41.70828019300046, -71.52247031399963)",15GRP,99,60,False,False,2,0,0.0,[],,,0.0,Northeast,1973-05-04,4.035592060232717,60,Smokefree Indoor Air – Other Sites - Public Transportation,0,0,0,1.0,0.0,0.0,0.0,0.0,0.0,0.0,0.0,0.0,0.0,0.0,0.0,1.0
1995,4,WA,Washington,Legislation - Smokefree Indoor Air,Government Worksites,Restrictions,Type of Restriction in Government Worksite,Banned,4,Ranking,1988-08-29,1989-01-01,"(47.52227862900048, -120.47001078999972)",10GRP,1,125,False,False,2,0,0.0,[],,,0.0,West,1975-06-02,13.242984257357975,125,Government Worksites - Type of Restriction in Government Worksite,0,1,1,0.0,0.0,1.0,0.0,0.0,1.0,0.0,0.0,0.0,0.0,0.0,0.0,0.0
1995,4,MT,Montana,Legislation - Smokefree Indoor Air,Government Worksites,Restrictions,Type of Restriction in Government Worksite,Designated Areas,3,Ranking,1985-04-16,1985-10-01,"(47.06652897200047, -109.42442064499971)",10GRP,1,168,False,True,3,1,0.3333333333333333,['North Dakota'],North Dakota,2938.0,0.2916666666666666,West,1975-06-02,9.872689938398358,168,Government Worksites - Type of Restriction in Government Worksite,0,1,0,0.0,0.0,1.0,0.0,0.0,1.0,0.0,0.0,0.0,0.0,0.0,0.0,0.0
1995,4,MO,Missouri,Legislation - Smokefree Indoor Air,Smokefree Indoor Air – Other Sites,Restriction Areas,Hospitals,Designated Areas,3,Ranking,1992-06-11,1992-08-13,"(38.635790776000476, -92.56630005299968)",15GRP,100,63,False,False,7,6,0.8571428571428571,"['Iowa', 'Illinois', 'Arkansas', 'Oklahoma', 'Kansas', 'Nebraska']",Iowa,5558.0,0.7,Midwest,1975-05-05,17.10335386721424,63,Smokefree Indoor Air – Other Sites - Hospitals,0,0,0,0.0,0.0,0.0,0.0,0.0,0.0,0.0,0.0,0.0,0.0,0.0,0.0,1.0
1995,4,NH,New Hampshire,Legislation - Smokefree Indoor Air,Commercial Day Care Centers,Restrictions,Type of Restriction in Commercial Day Care,Banned,4,Ranking,1990-04-27,1991-01-01,"(43.65595011300047, -71.50036091999965)",10GRP,50,249,False,False,3,0,0.0,[],,,0.0,Northeast,1963-07-12,26.792607802874745,249,Commercial Day Care Centers - Type of Restriction in Commercial Day Care,0,0,1,1.0,0.0,0.0,1.0,0.0,0.0,0.0,0.0,0.0,0.0,0.0,0.0,0.0
1995,4,NH,New Hampshire,Legislation - Smokefree Indoor Air,Private Worksites,Restrictions,Type of Restriction in Private Worksite,Designated Areas,3,Ranking,1990-04-27,1991-01-01,"(43.65595011300047, -71.50036091999965)",10GRP,20,249,False,True,3,1,0.3333333333333333,['Vermont'],Vermont,1059.0,0.2916666666666666,Northeast,1975-06-02,14.902121834360027,249,Private Worksites - Type of Restriction in Private Worksite,0,1,0,1.0,0.0,0.0,0.0,0.0,0.0,0.0,0.0,0.0,0.0,1.0,0.0,0.0
1995,4,OK,Oklahoma,Legislation - Smokefree Indoor Air,Commercial Day Care Centers,Restrictions,Type of Restriction in Commercial Day Care,Designated Areas,3,Ranking,1994-05-02,1994-07-01,"(35.47203135600046, -97.52107021399968)",10GRP,50,60,False,False,6,0,0.0,[],,,0.0,South,1963-07-12,30.806297056810404,60,Commercial Day Care Centers - Type of Restriction in Commercial Day Care,0,0,0,0.0,1.0,0.0,1.0,0.0,0.0,0.0,0.0,0.0,0.0,0.0,0.0,0.0
1995,4,NH,New Hampshire,Legislation - Smokefree Indoor Air,Smokefree Indoor Air – Other Sites,Restriction Areas,Grocery Stores,Designated Areas,3,Ranking,1990-04-27,1991-01-01,"(43.65595011300047, -71.50036091999965)",15GRP,97,249,False,False,3,0,0.0,[],,,0.0,Northeast,1975-06-02,14.902121834360027,249,Smokefree Indoor Air – Other Sites - Grocery Stores,0,0,0,1.0,0.0,0.0,0.0,0.0,0.0,0.0,0.0,0.0,0.0,0.0,0.0,1.0
1995,4,NJ,New Jersey,Legislation - Smokefree Indoor Air,Government Worksites,Restrictions,Type of Restriction in Government Worksite,Designated Areas,3,Ranking,1985-12-18,1986-09-01,"(40.13057004800049, -74.27369128799967)",10GRP,1,257,False,False,3,0,0.0,[],,,0.0,Northeast,1975-06-02,10.546201232032855,257,Government Worksites - Type of Restriction in Government Worksite,0,1,0,1.0,0.0,0.0,0.0,0.0,1.0,0.0,0.0,0.0,0.0,0.0,0.0,0.0
1995,4,DE,Delaware,Legislation - Smokefree Indoor Air,Smokefree Indoor Air – Other Sites,Restriction Areas,Grocery Stores,Banned,4,Ranking,1994-06-28,1994-06-28,"(39.008830667000495, -75.57774116799965)",15GRP,97,0,False,True,3,1,0.3333333333333333,['New Jersey'],New Jersey,3303.0,0.2916666666666666,South,1975-06-02,19.071868583162217,0,Smokefree Indoor Air – Other Sites - Grocery Stores,0,0,1,0.0,1.0,0.0,0.0,0.0,0.0,0.0,0.0,0.0,0.0,0.0,0.0,1.0
1995,4,PA,Pennsylvania,Legislation - Smokefree Indoor Air,Smokefree Indoor Air – Other Sites,Restriction Areas,Enclosed Arenas,Designated Areas,3,Ranking,1988-12-21,1989-02-19,"(40.79373015200048, -77.86070029399963)",15GRP,98,60,False,False,6,0,0.0,[],,,0.0,Northeast,1975-06-02,13.555099247091034,60,Smokefree Indoor Air – Other Sites - Enclosed Arenas,0,0,0,1.0,0.0,0.0,0.0,0.0,0.0,0.0,0.0,0.0,0.0,0.0,0.0,1.0
1995,4,NY,New York,Legislation - Smokefree Indoor Air,Smokefree Indoor Air – Other Sites,Restriction Areas,Enclosed Arenas,Designated Areas,3,Ranking,1989-07-05,1990-01-01,"(42.82700103200045, -75.54397042699964)",15GRP,98,180,False,False,5,1,0.2,['Pennsylvania'],Pennsylvania,196.0,0.3944520547945205,Northeast,1975-06-02,14.091718001368925,180,Smokefree Indoor Air – Other Sites - Enclosed Arenas,0,0,0,1.0,0.0,0.0,0.0,0.0,0.0,0.0,0.0,0.0,0.0,0.0,0.0,1.0
1995,4,WA,Washington,Legislation - Smokefree Indoor Air,Smokefree Indoor Air – Other Sites,Restriction Areas,Public Transportation,Banned,4,Ranking,1985-05-10,1995-07-28,"(47.52227862900048, -120.47001078999972)",15GRP,99,3731,False,False,2,0,0.0,[],,,0.0,West,1973-05-04,12.016427104722792,3731,Smokefree Indoor Air – Other Sites - Public Transportation,0,0,1,0.0,0.0,1.0,0.0,0.0,0.0,0.0,0.0,0.0,0.0,0.0,0.0,1.0
1995,4,NH,New Hampshire,Legislation - Smokefree Indoor Air,Restaurants,Restriction Areas,Type of Restriction in Restaurant Patron Area,Designated Areas,3,Ranking,1990-04-27,1991-01-01,"(43.65595011300047, -71.50036091999965)",15GRP,233,249,False,False,3,0,0.0,[],,,0.0,Northeast,1975-01-01,15.318275154004107,249,Restaurants - Type of Restriction in Restaurant Patron Area,1,0,0,1.0,0.0,0.0,0.0,0.0,0.0,0.0,0.0,0.0,0.0,0.0,1.0,0.0
1995,4,DC,District of Columbia,Legislation - Smokefree Indoor Air,Commercial Day Care Centers,Restrictions,Type of Restriction in Commercial Day Care,Designated Areas,3,Ranking,1963-07-12,1979-09-28,"(38.89037138500049, -77.03196112699965)",10GRP,50,5922,False,False,2,0,0.0,[],,,0.0,South,1963-07-12,0.0,5922,Commercial Day Care Centers - Type of Restriction in Commercial Day Care,0,0,0,0.0,1.0,0.0,1.0,0.0,0.0,0.0,0.0,0.0,0.0,0.0,0.0,0.0
1995,4,NH,New Hampshire,Legislation - Smokefree Indoor Air,Government Multi-Unit Housing,Restrictions,Type of Restriction in Lobby and Common Area of Government Multi-Unit Housing,Designated Areas,3,Ranking,1990-04-27,1991-01-01,"(43.65595011300047, -71.50036091999965)",10GRP,115,249,False,False,3,0,0.0,[],,,0.0,Northeast,1990-04-27,0.0,249,Government Multi-Unit Housing - Type of Restriction in Lobby and Common Area of Government Multi-Unit Housing,0,0,0,1.0,0.0,0.0,0.0,1.0,0.0,0.0,0.0,0.0,0.0,0.0,0.0,0.0
1995,4,MN,Minnesota,Legislation - Smokefree Indoor Air,Commercial Day Care Centers,Restrictions,Type of Restriction in Commercial Day Care,Banned,4,Ranking,1987-06-04,1990-01-01,"(46.35564873600049, -94.79420050299967)",10GRP,50,942,False,False,4,0,0.0,[],,,0.0,Midwest,1963-07-12,23.89596167008898,942,Commercial Day Care Centers - Type of Restriction in Commercial Day Care,0,0,1,0.0,0.0,0.0,1.0,0.0,0.0,0.0,0.0,0.0,0.0,0.0,0.0,0.0
1995,4,NE,Nebraska,Legislation - Smokefree Indoor Air,Restaurants,Restriction Areas,Type of Restriction in Restaurant Patron Area,Designated Areas,3,Ranking,1979-01-01,1979-12-31,"(41.6410409880005, -99.36572062299967)",15GRP,233,364,False,False,5,0,0.0,[],,,0.0,Midwest,1975-01-01,4.0,364,Restaurants - Type of Restriction in Restaurant Patron Area,1,0,0,0.0,0.0,0.0,0.0,0.0,0.0,0.0,0.0,0.0,0.0,0.0,1.0,0.0
1995,4,DE,Delaware,Legislation - Smokefree Indoor Air,Restaurants,Restriction Areas,Type of Restriction in Restaurant Patron Area,Designated Areas,3,Ranking,1994-06-28,1994-06-28,"(39.008830667000495, -75.57774116799965)",15GRP,233,0,False,True,3,1,0.3333333333333333,['Pennsylvania'],Pennsylvania,2015.0,0.2916666666666666,South,1975-01-01,19.488021902806295,0,Restaurants - Type of Restriction in Restaurant Patron Area,1,0,0,0.0,1.0,0.0,0.0,0.0,0.0,0.0,0.0,0.0,0.0,0.0,1.0,0.0
1995,4,FL,Florida,Legislation - Smokefree Indoor Air,Government Worksites,Restrictions,Type of Restriction in Government Worksite,Designated Areas,3,Ranking,1985-06-19,1985-10-01,"(28.932040377000476, -81.92896053899966)",10GRP,1,104,False,False,2,0,0.0,[],,,0.0,South,1975-06-02,10.047912388774812,104,Government Worksites - Type of Restriction in Government Worksite,0,1,0,0.0,1.0,0.0,0.0,0.0,1.0,0.0,0.0,0.0,0.0,0.0,0.0,0.0
1995,4,RI,Rhode Island,Legislation - Smokefree Indoor Air,Private Worksites,Restrictions,Type of Restriction in Private Worksite,Designated Areas,3,Ranking,1986-06-27,1986-06-27,"(41.70828019300046, -71.52247031399963)",10GRP,20,0,False,False,2,0,0.0,[],,,0.0,Northeast,1975-06-02,11.069130732375086,0,Private Worksites - Type of Restriction in Private Worksite,0,1,0,1.0,0.0,0.0,0.0,0.0,0.0,0.0,0.0,0.0,0.0,1.0,0.0,0.0
1995,4,DE,Delaware,Legislation - Smokefree Indoor Air,Government Worksites,Restrictions,Type of Restriction in Government Worksite,Designated Areas,3,Ranking,1994-06-28,1994-06-28,"(39.008830667000495, -75.57774116799965)",10GRP,1,0,False,True,3,2,0.6666666666666666,"['Pennsylvania', 'New Jersey']",Pennsylvania,3114.0,0.5833333333333333,South,1975-06-02,19.071868583162217,0,Government Worksites - Type of Restriction in Government Worksite,0,1,0,0.0,1.0,0.0,0.0,0.0,1.0,0.0,0.0,0.0,0.0,0.0,0.0,0.0
1995,4,UT,Utah,Legislation - Smokefree Indoor Air,Restaurants,Restriction Areas,Type of Restriction in Restaurant Employee Area,Banned,4,Ranking,1994-03-22,1995-01-01,"(39.360700171000474, -111.58713063499971)",15GRP,232,285,False,False,5,0,0.0,[],,,0.0,West,1975-01-01,19.21971252566735,285,Restaurants - Type of Restriction in Restaurant Employee Area,1,0,1,0.0,0.0,1.0,0.0,0.0,0.0,0.0,0.0,0.0,0.0,0.0,1.0,0.0
1995,4,LA,Louisiana,Legislation - Smokefree Indoor Air,Government Worksites,Restrictions,Type of Restriction in Government Worksite,Designated Areas,3,Ranking,1992-07-14,1992-08-15,"(31.31266064400046, -92.44568007099969)",10GRP,1,32,False,False,3,0,0.0,[],,,0.0,South,1975-06-02,17.117043121149898,32,Government Worksites - Type of Restriction in Government Worksite,0,1,0,0.0,1.0,0.0,0.0,0.0,1.0,0.0,0.0,0.0,0.0,0.0,0.0,0.0
1995,4,WA,Washington,Legislation - Smokefree Indoor Air,Smokefree Indoor Air – Other Sites,Restriction Areas,Malls,Designated Areas,3,Ranking,1985-05-10,1985-07-28,"(47.52227862900048, -120.47001078999972)",15GRP,96,79,False,False,2,0,0.0,[],,,0.0,West,1985-05-10,0.0,79,Smokefree Indoor Air – Other Sites - Malls,0,0,0,0.0,0.0,1.0,0.0,0.0,0.0,0.0,0.0,0.0,0.0,0.0,0.0,1.0
1995,4,CA,California,Legislation - Smokefree Indoor Air,Government Worksites,Vehicles,Type of Restriction in Government Worksite Vehicle,Banned,4,Ranking,1993-10-11,1994-01-01,"(37.63864012300047, -120.99999953799971)",30GRP,17,82,False,False,3,0,0.0,[],,,0.0,West,1979-01-01,14.77618069815195,82,Government Worksites - Type of Restriction in Government Worksite Vehicle,0,1,1,0.0,0.0,1.0,0.0,0.0,1.0,0.0,0.0,0.0,0.0,0.0,0.0,0.0
1995,4,OH,Ohio,Legislation - Smokefree Indoor Air,Smokefree Indoor Air – Other Sites,Restriction Areas,Hospitals,Designated Areas,3,Ranking,1976-05-30,1976-08-31,"(40.06021014100048, -82.40426005599966)",15GRP,100,93,False,False,4,0,0.0,[],,,0.0,Midwest,1975-05-05,1.0704996577686516,93,Smokefree Indoor Air – Other Sites - Hospitals,0,0,0,0.0,0.0,0.0,0.0,0.0,0.0,0.0,0.0,0.0,0.0,0.0,0.0,1.0
1995,4,VT,Vermont,Legislation - Smokefree Indoor Air,Smokefree Indoor Air – Other Sites,Restriction Areas,Hospitals,Designated Areas,3,Ranking,1993-05-28,1993-07-01,"(43.62538123900049, -72.51764079099962)",15GRP,100,34,False,True,3,2,0.6666666666666666,"['New York', 'Massachusetts']",New York,1961.0,0.5833333333333333,Northeast,1975-05-05,18.064339493497606,34,Smokefree Indoor Air – Other Sites - Hospitals,0,0,0,1.0,0.0,0.0,0.0,0.0,0.0,0.0,0.0,0.0,0.0,0.0,0.0,1.0
1995,4,TX,Texas,Legislation - Smokefree Indoor Air,Smokefree Indoor Air – Other Sites,Restriction Areas,Public Transportation,Designated Areas,3,Ranking,1975-05-23,1975-09-01,"(31.827240407000488, -99.42677020599967)",15GRP,99,101,False,False,4,0,0.0,[],,,0.0,South,1973-05-04,2.0506502395619437,101,Smokefree Indoor Air – Other Sites - Public Transportation,0,0,0,0.0,1.0,0.0,0.0,0.0,0.0,0.0,0.0,0.0,0.0,0.0,0.0,1.0
1995,4,MA,Massachusetts,Legislation - Smokefree Indoor Air,Commercial Day Care Centers,Restrictions,Type of Restriction in Commercial Day Care,Designated Areas,3,Ranking,1988-01-14,1988-04-13,"(42.27687047000046, -72.08269067499964)",10GRP,50,90,False,False,5,0,0.0,[],,,0.0,Northeast,1963-07-12,24.50924024640657,90,Commercial Day Care Centers - Type of Restriction in Commercial Day Care,0,0,0,1.0,0.0,0.0,1.0,0.0,0.0,0.0,0.0,0.0,0.0,0.0,0.0,0.0
1995,4,NJ,New Jersey,Legislation - Smokefree Indoor Air,Private Worksites,Restrictions,Type of Restriction in Private Worksite,Designated Areas,3,Ranking,1985-06-12,1986-03-01,"(40.13057004800049, -74.27369128799967)",10GRP,20,262,False,False,3,0,0.0,[],,,0.0,Northeast,1975-06-02,10.028747433264886,262,Private Worksites - Type of Restriction in Private Worksite,0,1,0,1.0,0.0,0.0,0.0,0.0,0.0,0.0,0.0,0.0,0.0,1.0,0.0,0.0
1995,4,MO,Missouri,Legislation - Smokefree Indoor Air,Bars,Restriction Areas,Type of Restriction in Bar Patron Area,Designated Areas,3,Ranking,1992-06-11,1992-12-31,"(38.635790776000476, -92.56630005299968)",15GRP,235,203,False,False,7,1,0.1428571428571428,['Nebraska'],Nebraska,4910.0,0.1249999999999999,Midwest,1979-01-01,13.442847364818617,203,Bars - Type of Restriction in Bar Patron Area,0,0,0,0.0,0.0,0.0,0.0,0.0,0.0,0.0,0.0,0.0,0.0,0.0,0.0,0.0
1995,4,VT,Vermont,Legislation - Smokefree Indoor Air,Private Worksites,Restrictions,Type of Restriction in Private Worksite,Designated Areas,3,Ranking,1987-06-03,1988-07-01,"(43.62538123900049, -72.51764079099962)",10GRP,20,394,False,False,3,0,0.0,[],,,0.0,Northeast,1975-06-02,12.002737850787133,394,Private Worksites - Type of Restriction in Private Worksite,0,1,0,1.0,0.0,0.0,0.0,0.0,0.0,0.0,0.0,0.0,0.0,1.0,0.0,0.0
1995,4,NE,Nebraska,Legislation - Smokefree Indoor Air,Bars,Restrictions,Type of Restriction in Bar (Summary),Designated Areas,3,Ranking,1979-01-01,1979-12-31,"(41.6410409880005, -99.36572062299967)",10GRP,234,364,False,False,5,0,0.0,[],,,0.0,Midwest,1979-01-01,0.0,364,Bars - Type of Restriction in Bar (Summary),0,0,0,0.0,0.0,0.0,0.0,0.0,0.0,0.0,0.0,0.0,0.0,0.0,0.0,0.0
1995,4,IL,Illinois,Legislation - Smokefree Indoor Air,Smokefree Indoor Air – Other Sites,Restriction Areas,Hospitals,Designated Areas,3,Ranking,1990-01-09,1990-07-01,"(40.48501028300046, -88.99771017799969)",15GRP,100,173,False,False,4,1,0.25,['Iowa'],Iowa,946.0,0.21875,Midwest,1975-05-05,14.683093771389458,173,Smokefree Indoor Air – Other Sites - Hospitals,0,0,0,0.0,0.0,0.0,0.0,0.0,0.0,0.0,0.0,0.0,0.0,0.0,0.0,1.0
1995,4,KS,Kansas,Legislation - Smokefree Indoor Air,Smokefree Indoor Air – Other Sites,Restriction Areas,Hospitals,Designated Areas,3,Ranking,1987-04-14,1987-07-01,"(38.34774030000045, -98.20078122699965)",15GRP,100,78,False,True,4,2,0.5,"['Nebraska', 'Colorado']",Nebraska,3574.0,0.4375,Midwest,1975-05-05,11.942505133470226,78,Smokefree Indoor Air – Other Sites - Hospitals,0,0,0,0.0,0.0,0.0,0.0,0.0,0.0,0.0,0.0,0.0,0.0,0.0,0.0,1.0
1995,4,WI,Wisconsin,Legislation - Smokefree Indoor Air,Smokefree Indoor Air – Other Sites,Restriction Areas,Grocery Stores,Designated Areas,3,Ranking,1984-04-18,1984-04-26,"(44.39319117400049, -89.81637074199966)",15GRP,97,8,False,True,4,2,0.5,"['Michigan', 'Minnesota']",Michigan,3243.0,0.4375,Midwest,1975-06-02,8.878850102669405,8,Smokefree Indoor Air – Other Sites - Grocery Stores,0,0,0,0.0,0.0,0.0,0.0,0.0,0.0,0.0,0.0,0.0,0.0,0.0,0.0,1.0
1995,4,WI,Wisconsin,Legislation - Smokefree Indoor Air,Restaurants,Restriction Areas,Type of Restriction in Restaurant Employee Area,Designated Areas,3,Ranking,1983-01-01,1983-12-31,"(44.39319117400049, -89.81637074199966)",15GRP,232,364,False,False,4,1,0.25,['Minnesota'],Minnesota,2922.0,0.21875,Midwest,1975-01-01,8.0,364,Restaurants - Type of Restriction in Restaurant Employee Area,1,0,0,0.0,0.0,0.0,0.0,0.0,0.0,0.0,0.0,0.0,0.0,0.0,1.0,0.0
1995,4,IA,Iowa,Legislation - Smokefree Indoor Air,Restaurants,Restrictions,Type of Restriction in Restaurant (Summary),Designated Areas,3,Ranking,1990-04-24,1990-04-24,"(42.46940091300047, -93.81649055599968)",10GRP,37,0,False,False,6,4,0.6666666666666666,"['Minnesota', 'Wisconsin', 'Illinois', 'Nebraska']",Minnesota,5592.0,0.5833333333333333,Midwest,1975-01-01,15.31006160164271,0,Restaurants - Type of Restriction in Restaurant (Summary),1,0,0,0.0,0.0,0.0,0.0,0.0,0.0,0.0,0.0,0.0,0.0,0.0,1.0,0.0
1995,4,WI,Wisconsin,Legislation - Smokefree Indoor Air,Government Worksites,Restrictions,Type of Restriction in Government Worksite,Designated Areas,3,Ranking,1984-04-18,1984-04-26,"(44.39319117400049, -89.81637074199966)",10GRP,1,8,False,False,4,1,0.25,['Minnesota'],Minnesota,3243.0,0.21875,Midwest,1975-06-02,8.878850102669405,8,Government Worksites - Type of Restriction in Government Worksite,0,1,0,0.0,0.0,0.0,0.0,0.0,1.0,0.0,0.0,0.0,0.0,0.0,0.0,0.0
1995,4,ID,Idaho,Legislation - Smokefree Indoor Air,Smokefree Indoor Air – Other Sites,Restriction Areas,Enclosed Arenas,Designated Areas,3,Ranking,1985-03-11,1986-01-01,"(43.682630005000476, -114.3637300419997)",15GRP,98,296,False,True,5,2,0.4,"['Montana', 'Oregon']",Montana,2174.0,0.35,West,1975-06-02,9.774127310061601,296,Smokefree Indoor Air – Other Sites - Enclosed Arenas,0,0,0,0.0,0.0,1.0,0.0,0.0,0.0,0.0,0.0,0.0,0.0,0.0,0.0,1.0
1995,4,OK,Oklahoma,Legislation - Smokefree Indoor Air,Smokefree Indoor Air – Other Sites,Restriction Areas,Hospitals,Designated Areas,3,Ranking,1987-06-24,1987-11-01,"(35.47203135600046, -97.52107021399968)",15GRP,100,130,False,False,6,4,0.6666666666666666,"['Kansas', 'Arkansas', 'Texas', 'Colorado']",Kansas,4415.0,0.5833333333333333,South,1975-05-05,12.136892539356605,130,Smokefree Indoor Air – Other Sites - Hospitals,0,0,0,0.0,1.0,0.0,0.0,0.0,0.0,0.0,0.0,0.0,0.0,0.0,0.0,1.0
1995,4,IL,Illinois,Legislation - Smokefree Indoor Air,Smokefree Indoor Air – Other Sites,Restriction Areas,Enclosed Arenas,Designated Areas,3,Ranking,1990-01-09,1990-07-01,"(40.48501028300046, -88.99771017799969)",15GRP,98,173,False,False,4,1,0.25,['Iowa'],Iowa,946.0,0.21875,Midwest,1975-06-02,14.60643394934976,173,Smokefree Indoor Air – Other Sites - Enclosed Arenas,0,0,0,0.0,0.0,0.0,0.0,0.0,0.0,0.0,0.0,0.0,0.0,0.0,0.0,1.0
1995,4,WV,West Virginia,Legislation - Smokefree Indoor Air,Smokefree Indoor Air – Other Sites,Restriction Areas,Public Transportation,Banned,4,Ranking,1985-04-13,1985-07-12,"(38.66551020200046, -80.71264013499967)",15GRP,99,90,False,False,4,0,0.0,[],,,0.0,South,1973-05-04,11.942505133470226,90,Smokefree Indoor Air – Other Sites - Public Transportation,0,0,1,0.0,1.0,0.0,0.0,0.0,0.0,0.0,0.0,0.0,0.0,0.0,0.0,1.0
1995,4,NJ,New Jersey,Legislation - Smokefree Indoor Air,Smokefree Indoor Air – Other Sites,Restriction Areas,Hospitals,Designated Areas,3,Ranking,1981-12-31,1982-06-01,"(40.13057004800049, -74.27369128799967)",15GRP,100,152,False,True,3,1,0.3333333333333333,['Pennsylvania'],Pennsylvania,1491.0,0.2916666666666666,Northeast,1975-05-05,6.658453114305271,152,Smokefree Indoor Air – Other Sites - Hospitals,0,0,0,1.0,0.0,0.0,0.0,0.0,0.0,0.0,0.0,0.0,0.0,0.0,0.0,1.0
1995,4,MI,Michigan,Legislation - Smokefree Indoor Air,Government Worksites,Restrictions,Type of Restriction in Government Worksite,Banned,4,Ranking,1992-03-18,1992-06-15,"(44.6613195430005, -84.71439026999968)",10GRP,1,89,False,False,3,0,0.0,[],,,0.0,Midwest,1975-06-02,16.79397672826831,89,Government Worksites - Type of Restriction in Government Worksite,0,1,1,0.0,0.0,0.0,0.0,0.0,1.0,0.0,0.0,0.0,0.0,0.0,0.0,0.0
1995,4,VT,Vermont,Legislation - Smokefree Indoor Air,Smokefree Indoor Air – Other Sites,Restriction Areas,Grocery Stores,Designated Areas,3,Ranking,1993-05-28,1993-07-01,"(43.62538123900049, -72.51764079099962)",15GRP,97,34,False,True,3,2,0.6666666666666666,"['New York', 'New Hampshire']",New York,1423.0,0.5833333333333333,Northeast,1975-06-02,17.987679671457904,34,Smokefree Indoor Air – Other Sites - Grocery Stores,0,0,0,1.0,0.0,0.0,0.0,0.0,0.0,0.0,0.0,0.0,0.0,0.0,0.0,1.0
1995,4,DC,District of Columbia,Legislation - Smokefree Indoor Air,Smokefree Indoor Air – Other Sites,Restriction Areas,Grocery Stores,Designated Areas,3,Ranking,1979-07-09,1979-09-28,"(38.89037138500049, -77.03196112699965)",15GRP,97,81,False,False,2,0,0.0,[],,,0.0,South,1975-06-02,4.101300479123887,81,Smokefree Indoor Air – Other Sites - Grocery Stores,0,0,0,0.0,1.0,0.0,0.0,0.0,0.0,0.0,0.0,0.0,0.0,0.0,0.0,1.0
1995,4,CT,Connecticut,Legislation - Smokefree Indoor Air,Restaurants,Restrictions,Type of Restriction in Restaurant (Summary),Designated Areas,3,Ranking,1979-01-01,1979-12-31,"(41.56266102000046, -72.64984095199964)",10GRP,37,364,False,True,3,1,0.3333333333333333,['Rhode Island'],Rhode Island,730.0,0.2916666666666666,Northeast,1975-01-01,4.0,364,Restaurants - Type of Restriction in Restaurant (Summary),1,0,0,1.0,0.0,0.0,0.0,0.0,0.0,0.0,0.0,0.0,0.0,0.0,1.0,0.0
1995,4,KS,Kansas,Legislation - Smokefree Indoor Air,Government Worksites,Restrictions,Type of Restriction in Government Worksite,Designated Areas,3,Ranking,1987-04-14,1987-07-01,"(38.34774030000045, -98.20078122699965)",10GRP,1,78,False,False,4,1,0.25,['Nebraska'],Nebraska,2885.0,0.21875,Midwest,1975-06-02,11.865845311430528,78,Government Worksites - Type of Restriction in Government Worksite,0,1,0,0.0,0.0,0.0,0.0,0.0,1.0,0.0,0.0,0.0,0.0,0.0,0.0,0.0
1995,4,SC,South Carolina,Legislation - Smokefree Indoor Air,Commercial Day Care Centers,Restrictions,Type of Restriction in Commercial Day Care,Banned,4,Ranking,1994-03-01,1994-03-01,"(33.998821303000454, -81.04537120699968)",10GRP,50,0,False,False,2,0,0.0,[],,,0.0,South,1963-07-12,30.636550308008214,0,Commercial Day Care Centers - Type of Restriction in Commercial Day Care,0,0,1,0.0,1.0,0.0,1.0,0.0,0.0,0.0,0.0,0.0,0.0,0.0,0.0,0.0
1995,4,AZ,Arizona,Legislation - Smokefree Indoor Air,Government Worksites,Restrictions,Type of Restriction in Government Worksite,Designated Areas,3,Ranking,1991-06-25,1991-09-21,"(34.865970280000454, -111.76381127699972)",10GRP,1,88,False,False,5,2,0.4,"['Nevada', 'New Mexico']",Nevada,5164.0,0.35,West,1975-06-02,16.06297056810404,88,Government Worksites - Type of Restriction in Government Worksite,0,1,0,0.0,0.0,1.0,0.0,0.0,1.0,0.0,0.0,0.0,0.0,0.0,0.0,0.0
1995,4,VT,Vermont,Legislation - Smokefree Indoor Air,Smokefree Indoor Air – Other Sites,Restriction Areas,Malls,Designated Areas,3,Ranking,1993-05-28,1993-07-01,"(43.62538123900049, -72.51764079099962)",15GRP,96,34,False,True,3,1,0.3333333333333333,['New Hampshire'],New Hampshire,1127.0,0.2916666666666666,Northeast,1985-05-10,8.049281314168377,34,Smokefree Indoor Air – Other Sites - Malls,0,0,0,1.0,0.0,0.0,0.0,0.0,0.0,0.0,0.0,0.0,0.0,0.0,0.0,1.0
1995,4,CT,Connecticut,Legislation - Smokefree Indoor Air,Restaurants,Restriction Areas,Type of Restriction in Restaurant Employee Area,Designated Areas,3,Ranking,1979-01-01,1979-12-31,"(41.56266102000046, -72.64984095199964)",15GRP,232,364,False,True,3,1,0.3333333333333333,['Rhode Island'],Rhode Island,730.0,0.2916666666666666,Northeast,1975-01-01,4.0,364,Restaurants - Type of Restriction in Restaurant Employee Area,1,0,0,1.0,0.0,0.0,0.0,0.0,0.0,0.0,0.0,0.0,0.0,0.0,1.0,0.0
1995,4,FL,Florida,Legislation - Smokefree Indoor Air,Smokefree Indoor Air – Other Sites,Restriction Areas,Enclosed Arenas,Banned,4,Ranking,1985-06-19,1985-10-01,"(28.932040377000476, -81.92896053899966)",15GRP,98,104,False,False,2,0,0.0,[],,,0.0,South,1975-06-02,10.047912388774812,104,Smokefree Indoor Air – Other Sites - Enclosed Arenas,0,0,1,0.0,1.0,0.0,0.0,0.0,0.0,0.0,0.0,0.0,0.0,0.0,0.0,1.0
1997,4,IN,Indiana,Legislation - Smokefree Indoor Air,Smokefree Indoor Air – Other Sites,Restriction Areas,Grocery Stores,Designated Areas,3,Ranking,1996-02-13,1997-07-01,"(39.766910452000445, -86.14996019399968)",15GRP,97,504,False,False,3,2,0.6666666666666666,"['Michigan', 'Illinois']",Michigan,7278.0,0.5833333333333333,Midwest,1975-06-02,20.700889801505816,504,Smokefree Indoor Air – Other Sites - Grocery Stores,0,0,0,0.0,0.0,0.0,0.0,0.0,0.0,0.0,0.0,0.0,0.0,0.0,0.0,1.0
1997,4,MN,Minnesota,Legislation - Smokefree Indoor Air,Smokefree Indoor Air – Other Sites,Restriction Areas,Prisons,Banned,4,Ranking,1996-04-02,1997-08-01,"(46.35564873600049, -94.79420050299967)",15GRP,101,486,False,False,4,0,0.0,[],,,0.0,Midwest,1990-04-27,5.932922655715264,486,Smokefree Indoor Air – Other Sites - Prisons,0,0,1,0.0,0.0,0.0,0.0,0.0,0.0,0.0,0.0,0.0,0.0,0.0,0.0,1.0
1997,4,CA,California,Legislation - Smokefree Indoor Air,Bars,Restrictions,Type of Restriction in Bar (Summary),Designated Areas,3,Ranking,1996-09-27,1997-01-01,"(37.63864012300047, -120.99999953799971)",10GRP,234,96,False,False,3,0,0.0,[],,,0.0,West,1979-01-01,17.738535249828885,96,Bars - Type of Restriction in Bar (Summary),0,0,0,0.0,0.0,1.0,0.0,0.0,0.0,0.0,0.0,0.0,0.0,0.0,0.0,0.0
1997,4,VA,Virginia,Legislation - Smokefree Indoor Air,Commercial Day Care Centers,Restrictions,Type of Restriction in Commercial Day Care,Designated Areas,3,Ranking,1997-03-20,1997-12-01,"(37.54268067400045, -78.45789046299967)",10GRP,50,256,False,False,5,2,0.4,"['Tennessee', 'District of Columbia']",Tennessee,12305.0,0.35,South,1963-07-12,33.68925393566051,256,Commercial Day Care Centers - Type of Restriction in Commercial Day Care,0,0,0,0.0,1.0,0.0,1.0,0.0,0.0,0.0,0.0,0.0,0.0,0.0,0.0,0.0
1997,4,IN,Indiana,Legislation - Smokefree Indoor Air,Smokefree Indoor Air – Other Sites,Restriction Areas,Hospitals,Designated Areas,3,Ranking,1996-02-13,1997-07-01,"(39.766910452000445, -86.14996019399968)",15GRP,100,504,False,False,3,2,0.6666666666666666,"['Ohio', 'Illinois']",Ohio,7198.0,0.5833333333333333,Midwest,1975-05-05,20.777549623545518,504,Smokefree Indoor Air – Other Sites - Hospitals,0,0,0,0.0,0.0,0.0,0.0,0.0,0.0,0.0,0.0,0.0,0.0,0.0,0.0,1.0
1997,4,VA,Virginia,Legislation - Smokefree Indoor Air,Smokefree Indoor Air – Other Sites,Restriction Areas,Hospitals,Designated Areas,3,Ranking,1997-03-20,1997-12-01,"(37.54268067400045, -78.45789046299967)",15GRP,100,256,False,False,5,2,0.4,"['Tennessee', 'District of Columbia']",Tennessee,6464.0,0.35,South,1975-05-05,21.87542778918549,256,Smokefree Indoor Air – Other Sites - Hospitals,0,0,0,0.0,1.0,0.0,0.0,0.0,0.0,0.0,0.0,0.0,0.0,0.0,0.0,1.0
1997,4,CA,California,Legislation - Smokefree Indoor Air,Restaurants,Restriction Areas,Type of Restriction in Restaurant Bar Area,Designated Areas,3,Ranking,1996-09-27,1997-01-01,"(37.63864012300047, -120.99999953799971)",15GRP,231,96,False,False,3,2,0.6666666666666666,"['Oregon', 'Nevada']",Oregon,5748.0,0.5833333333333333,West,1975-01-01,21.738535249828885,96,Restaurants - Type of Restriction in Restaurant Bar Area,1,0,0,0.0,0.0,1.0,0.0,0.0,0.0,0.0,0.0,0.0,0.0,0.0,1.0,0.0
1997,4,CA,California,Legislation - Smokefree Indoor Air,Bars,Restriction Areas,Type of Restriction in Bar Patron Area,Designated Areas,3,Ranking,1996-09-27,1997-01-01,"(37.63864012300047, -120.99999953799971)",15GRP,235,96,False,False,3,0,0.0,[],,,0.0,West,1979-01-01,17.738535249828885,96,Bars - Type of Restriction in Bar Patron Area,0,0,0,0.0,0.0,1.0,0.0,0.0,0.0,0.0,0.0,0.0,0.0,0.0,0.0,0.0
1997,4,CA,California,Legislation - Smokefree Indoor Air,Bars,Restriction Areas,Type of Restriction in Bar Employee Area,Designated Areas,3,Ranking,1996-09-27,1997-01-01,"(37.63864012300047, -120.99999953799971)",15GRP,236,96,False,False,3,0,0.0,[],,,0.0,West,1979-01-01,17.738535249828885,96,Bars - Type of Restriction in Bar Employee Area,0,0,0,0.0,0.0,1.0,0.0,0.0,0.0,0.0,0.0,0.0,0.0,0.0,0.0,0.0
1997,4,CA,California,Legislation - Smokefree Indoor Air,Restaurants,Restrictions,Type of Restriction in Restaurant (Summary),Designated Areas,3,Ranking,1996-09-27,1997-01-01,"(37.63864012300047, -120.99999953799971)",10GRP,37,96,False,False,3,2,0.6666666666666666,"['Oregon', 'Nevada']",Oregon,5748.0,0.5833333333333333,West,1975-01-01,21.738535249828885,96,Restaurants - Type of Restriction in Restaurant (Summary),1,0,0,0.0,0.0,1.0,0.0,0.0,0.0,0.0,0.0,0.0,0.0,0.0,1.0,0.0
1997,4,VA,Virginia,Legislation - Smokefree Indoor Air,Restaurants,Restriction Areas,Type of Restriction in Restaurant Employee Area,Designated Areas,3,Ranking,1997-03-20,1997-12-01,"(37.54268067400045, -78.45789046299967)",15GRP,232,256,False,False,5,1,0.2,['District of Columbia'],District of Columbia,2288.0,0.175,South,1975-01-01,22.21492128678987,256,Restaurants - Type of Restriction in Restaurant Employee Area,1,0,0,0.0,1.0,0.0,0.0,0.0,0.0,0.0,0.0,0.0,0.0,0.0,1.0,0.0
1997,4,VA,Virginia,Legislation - Smokefree Indoor Air,Smokefree Indoor Air – Other Sites,Restriction Areas,Grocery Stores,Designated Areas,3,Ranking,1997-03-20,1997-12-01,"(37.54268067400045, -78.45789046299967)",15GRP,97,256,False,False,5,1,0.2,['District of Columbia'],District of Columbia,6464.0,0.175,South,1975-06-02,21.79876796714579,256,Smokefree Indoor Air – Other Sites - Grocery Stores,0,0,0,0.0,1.0,0.0,0.0,0.0,0.0,0.0,0.0,0.0,0.0,0.0,0.0,1.0
1997,4,WV,West Virginia,Legislation - Smokefree Indoor Air,Smokefree Indoor Air – Other Sites,Restriction Areas,Prisons,Banned,4,Ranking,1997-04-22,1997-07-09,"(38.66551020200046, -80.71264013499967)",15GRP,101,78,False,False,4,0,0.0,[],,,0.0,South,1990-04-27,6.9869952087611225,78,Smokefree Indoor Air – Other Sites - Prisons,0,0,1,0.0,1.0,0.0,0.0,0.0,0.0,0.0,0.0,0.0,0.0,0.0,0.0,1.0
1997,4,VA,Virginia,Legislation - Smokefree Indoor Air,Restaurants,Restrictions,Type of Restriction in Restaurant (Summary),Designated Areas,3,Ranking,1997-03-20,1997-12-01,"(37.54268067400045, -78.45789046299967)",10GRP,37,256,False,True,5,2,0.4,"['Maryland', 'District of Columbia']",Maryland,2288.0,0.35,South,1975-01-01,22.21492128678987,256,Restaurants - Type of Restriction in Restaurant (Summary),1,0,0,0.0,1.0,0.0,0.0,0.0,0.0,0.0,0.0,0.0,0.0,0.0,1.0,0.0
1997,4,VA,Virginia,Legislation - Smokefree Indoor Air,Smokefree Indoor Air – Other Sites,Restriction Areas,Malls,Designated Areas,3,Ranking,1997-03-20,1997-12-01,"(37.54268067400045, -78.45789046299967)",15GRP,96,256,False,False,5,0,0.0,[],,,0.0,South,1985-05-10,11.860369609856264,256,Smokefree Indoor Air – Other Sites - Malls,0,0,0,0.0,1.0,0.0,0.0,0.0,0.0,0.0,0.0,0.0,0.0,0.0,0.0,1.0
1997,4,MA,Massachusetts,Legislation - Smokefree Indoor Air,Government Worksites,Restrictions,Type of Restriction in Government Worksite,Banned,4,Ranking,1997-08-28,1997-11-26,"(42.27687047000046, -72.08269067499964)",10GRP,1,90,False,False,5,0,0.0,[],,,0.0,Northeast,1975-06-02,22.239561943874058,90,Government Worksites - Type of Restriction in Government Worksite,0,1,1,1.0,0.0,0.0,0.0,0.0,1.0,0.0,0.0,0.0,0.0,0.0,0.0,0.0
1997,4,VA,Virginia,Legislation - Smokefree Indoor Air,Government Worksites,Restrictions,Type of Restriction in Government Worksite,Designated Areas,3,Ranking,1997-03-20,1997-12-01,"(37.54268067400045, -78.45789046299967)",10GRP,1,256,False,False,5,1,0.2,['District of Columbia'],District of Columbia,6464.0,0.175,South,1975-06-02,21.79876796714579,256,Government Worksites - Type of Restriction in Government Worksite,0,1,0,0.0,1.0,0.0,0.0,0.0,1.0,0.0,0.0,0.0,0.0,0.0,0.0,0.0
1997,4,VA,Virginia,Legislation - Smokefree Indoor Air,Restaurants,Restriction Areas,Type of Restriction in Restaurant Patron Area,Designated Areas,3,Ranking,1997-03-20,1997-12-01,"(37.54268067400045, -78.45789046299967)",15GRP,233,256,False,True,5,2,0.4,"['Maryland', 'District of Columbia']",Maryland,2288.0,0.35,South,1975-01-01,22.21492128678987,256,Restaurants - Type of Restriction in Restaurant Patron Area,1,0,0,0.0,1.0,0.0,0.0,0.0,0.0,0.0,0.0,0.0,0.0,0.0,1.0,0.0
1998,4,CT,Connecticut,Legislation - Smokefree Indoor Air,Restaurants,Restriction Areas,Type of Restriction in Restaurant Employee Area,Designated Areas,3,Ranking,1998-12-01,1998-12-01,"(41.56266102000046, -72.64984095199964)",15GRP,232,0,False,False,3,2,0.6666666666666666,"['Massachusetts', 'Rhode Island']",Massachusetts,8004.0,0.5833333333333333,Northeast,1975-01-01,23.915126625598905,0,Restaurants - Type of Restriction in Restaurant Employee Area,1,0,0,1.0,0.0,0.0,0.0,0.0,0.0,0.0,0.0,0.0,0.0,0.0,1.0,0.0
1998,4,CT,Connecticut,Legislation - Smokefree Indoor Air,Restaurants,Restrictions,Type of Restriction in Restaurant (Summary),Designated Areas,3,Ranking,1998-12-01,1998-12-31,"(41.56266102000046, -72.64984095199964)",10GRP,37,30,False,False,3,3,1.0,"['New York', 'Massachusetts', 'Rhode Island']",New York,8004.0,0.7,Northeast,1975-01-01,23.915126625598905,30,Restaurants - Type of Restriction in Restaurant (Summary),1,0,0,1.0,0.0,0.0,0.0,0.0,0.0,0.0,0.0,0.0,0.0,0.0,1.0,0.0
1998,4,GA,Georgia,Legislation - Smokefree Indoor Air,Smokefree Indoor Air – Other Sites,Restriction Areas,Public Transportation,Banned,4,Ranking,1998-04-14,1998-07-01,"(32.83968109300048, -83.62758034599966)",15GRP,99,78,False,False,5,2,0.4,"['Florida', 'South Carolina']",Florida,4682.0,0.35,South,1973-05-04,24.944558521560573,78,Smokefree Indoor Air – Other Sites - Public Transportation,0,0,1,0.0,1.0,0.0,0.0,0.0,0.0,0.0,0.0,0.0,0.0,0.0,0.0,1.0
1998,4,CT,Connecticut,Legislation - Smokefree Indoor Air,Restaurants,Restriction Areas,Type of Restriction in Restaurant Patron Area,Designated Areas,3,Ranking,1998-12-01,1998-12-31,"(41.56266102000046, -72.64984095199964)",15GRP,233,30,False,False,3,2,0.6666666666666666,"['Massachusetts', 'Rhode Island']",Massachusetts,8004.0,0.5833333333333333,Northeast,1975-01-01,23.915126625598905,30,Restaurants - Type of Restriction in Restaurant Patron Area,1,0,0,1.0,0.0,0.0,0.0,0.0,0.0,0.0,0.0,0.0,0.0,0.0,1.0,0.0
1998,4,IN,Indiana,Legislation - Smokefree Indoor Air,Commercial Day Care Centers,Restrictions,Type of Restriction in Commercial Day Care,Designated Areas,3,Ranking,1998-03-11,1998-07-01,"(39.766910452000445, -86.14996019399968)",10GRP,50,112,False,False,3,0,0.0,[],,,0.0,Midwest,1963-07-12,34.66392881587954,112,Commercial Day Care Centers - Type of Restriction in Commercial Day Care,0,0,0,0.0,0.0,0.0,1.0,0.0,0.0,0.0,0.0,0.0,0.0,0.0,0.0,0.0
1998,4,CA,California,Legislation - Smokefree Indoor Air,Restaurants,Restriction Areas,Type of Restriction in Restaurant Bar Area,Banned,4,Ranking,1996-09-27,1998-01-01,"(37.63864012300047, -120.99999953799971)",15GRP,231,461,False,False,3,0,0.0,[],,,0.0,West,1975-01-01,21.738535249828885,461,Restaurants - Type of Restriction in Restaurant Bar Area,1,0,1,0.0,0.0,1.0,0.0,0.0,0.0,0.0,0.0,0.0,0.0,0.0,1.0,0.0
1998,4,CA,California,Legislation - Smokefree Indoor Air,Bars,Restriction Areas,Type of Restriction in Bar Patron Area,Banned,4,Ranking,1996-09-27,1998-01-01,"(37.63864012300047, -120.99999953799971)",15GRP,235,461,False,False,3,0,0.0,[],,,0.0,West,1979-01-01,17.738535249828885,461,Bars - Type of Restriction in Bar Patron Area,0,0,1,0.0,0.0,1.0,0.0,0.0,0.0,0.0,0.0,0.0,0.0,0.0,0.0,0.0
1998,4,CT,Connecticut,Legislation - Smokefree Indoor Air,Restaurants,Restriction Areas,Type of Restriction in Restaurant Bar Area,Designated Areas,3,Ranking,1998-12-01,1998-12-31,"(41.56266102000046, -72.64984095199964)",15GRP,231,30,False,False,3,2,0.6666666666666666,"['Massachusetts', 'Rhode Island']",Massachusetts,8004.0,0.5833333333333333,Northeast,1975-01-01,23.915126625598905,30,Restaurants - Type of Restriction in Restaurant Bar Area,1,0,0,1.0,0.0,0.0,0.0,0.0,0.0,0.0,0.0,0.0,0.0,0.0,1.0,0.0
1998,4,NJ,New Jersey,Legislation - Smokefree Indoor Air,Commercial Day Care Centers,Restrictions,Type of Restriction in Commercial Day Care,Banned,4,Ranking,1998-06-30,1998-09-28,"(40.13057004800049, -74.27369128799967)",10GRP,50,90,False,True,3,2,0.6666666666666666,"['Delaware', 'New York']",Delaware,1463.0,0.5833333333333333,Northeast,1963-07-12,34.9678302532512,90,Commercial Day Care Centers - Type of Restriction in Commercial Day Care,0,0,1,1.0,0.0,0.0,1.0,0.0,0.0,0.0,0.0,0.0,0.0,0.0,0.0,0.0
1999,4,NE,Nebraska,Legislation - Smokefree Indoor Air,Government Worksites,Restrictions,Type of Restriction in Government Worksite,Banned,4,Ranking,1999-03-30,1999-08-28,"(41.6410409880005, -99.36572062299967)",10GRP,1,151,False,False,5,1,0.2,['South Dakota'],South Dakota,2405.0,0.175,Midwest,1975-06-02,23.824777549623544,151,Government Worksites - Type of Restriction in Government Worksite,0,1,1,0.0,0.0,0.0,0.0,0.0,1.0,0.0,0.0,0.0,0.0,0.0,0.0,0.0
1999,4,ME,Maine,Legislation - Smokefree Indoor Air,Restaurants,Restrictions,Type of Restriction in Restaurant (Summary),Designated Areas,3,Ranking,1999-04-06,1999-09-18,"(45.254228894000505, -68.98503133599962)",10GRP,37,165,False,True,1,1,1.0,['New Hampshire'],New Hampshire,3266.0,0.7,Northeast,1975-01-01,24.26009582477755,165,Restaurants - Type of Restriction in Restaurant (Summary),1,0,0,1.0,0.0,0.0,0.0,0.0,0.0,0.0,0.0,0.0,0.0,0.0,1.0,0.0
1999,4,ME,Maine,Legislation - Smokefree Indoor Air,Restaurants,Restriction Areas,Type of Restriction in Restaurant Employee Area,Designated Areas,3,Ranking,1999-04-06,1999-09-18,"(45.254228894000505, -68.98503133599962)",15GRP,232,165,False,True,1,1,1.0,['New Hampshire'],New Hampshire,3266.0,0.7,Northeast,1975-01-01,24.26009582477755,165,Restaurants - Type of Restriction in Restaurant Employee Area,1,0,0,1.0,0.0,0.0,0.0,0.0,0.0,0.0,0.0,0.0,0.0,0.0,1.0,0.0
1999,4,ME,Maine,Legislation - Smokefree Indoor Air,Restaurants,Restriction Areas,Type of Restriction in Restaurant Patron Area,Designated Areas,3,Ranking,1999-04-06,1999-09-18,"(45.254228894000505, -68.98503133599962)",15GRP,233,165,False,True,1,1,1.0,['New Hampshire'],New Hampshire,3266.0,0.7,Northeast,1975-01-01,24.26009582477755,165,Restaurants - Type of Restriction in Restaurant Patron Area,1,0,0,1.0,0.0,0.0,0.0,0.0,0.0,0.0,0.0,0.0,0.0,0.0,1.0,0.0
1999,4,OH,Ohio,Legislation - Smokefree Indoor Air,Government Worksites,Restrictions,Type of Restriction in Government Worksite,Banned,4,Ranking,1999-01-19,1999-01-19,"(40.06021014100048, -82.40426005599966)",10GRP,1,0,False,False,4,1,0.25,['Michigan'],Michigan,2498.0,0.21875,Midwest,1975-06-02,23.633127994524298,0,Government Worksites - Type of Restriction in Government Worksite,0,1,1,0.0,0.0,0.0,0.0,0.0,1.0,0.0,0.0,0.0,0.0,0.0,0.0,0.0
1999,4,CT,Connecticut,Legislation - Smokefree Indoor Air,Smokefree Indoor Air – Other Sites,Restriction Areas,Mental Health - Outpatient Facilities,Designated Areas,3,Ranking,1999-01-01,1999-01-01,"(41.56266102000046, -72.64984095199964)",15GRP,340,0,False,False,3,0,0.0,[],,,0.0,Northeast,1999-01-01,0.0,0,Smokefree Indoor Air – Other Sites - Mental Health - Outpatient Facilities,0,0,0,1.0,0.0,0.0,0.0,0.0,0.0,0.0,0.0,0.0,0.0,0.0,0.0,1.0
2000,4,NE,Nebraska,Legislation - Smokefree Indoor Air,Commercial Day Care Centers,Restrictions,Type of Restriction in Commercial Day Care,Banned,4,Ranking,2000-04-13,2000-04-13,"(41.6410409880005, -99.36572062299967)",10GRP,50,0,False,True,5,2,0.4,"['Missouri', 'Colorado']",Missouri,2494.0,0.35,Midwest,1963-07-12,36.75564681724846,0,Commercial Day Care Centers - Type of Restriction in Commercial Day Care,0,0,1,0.0,0.0,0.0,1.0,0.0,0.0,0.0,0.0,0.0,0.0,0.0,0.0,0.0
2000,4,MS,Mississippi,Legislation - Smokefree Indoor Air,Government Worksites,Restrictions,Type of Restriction in Government Worksite,Designated Areas,3,Ranking,2000-05-20,2000-07-01,"(32.745510099000455, -89.53803082499968)",10GRP,1,42,False,False,4,1,0.25,['Louisiana'],Louisiana,2867.0,0.21875,South,1975-06-02,24.966461327857633,42,Government Worksites - Type of Restriction in Government Worksite,0,1,0,0.0,1.0,0.0,0.0,0.0,1.0,0.0,0.0,0.0,0.0,0.0,0.0,0.0
2000,4,MI,Michigan,Legislation - Smokefree Indoor Air,Smokefree Indoor Air – Other Sites,Restriction Areas,Grocery Stores,Designated Areas,3,Ranking,2000-05-08,2000-11-08,"(44.6613195430005, -84.71439026999968)",15GRP,97,184,False,False,3,2,0.6666666666666666,"['Wisconsin', 'Indiana']",Wisconsin,5864.0,0.5833333333333333,Midwest,1975-06-02,24.933607118412045,184,Smokefree Indoor Air – Other Sites - Grocery Stores,0,0,0,0.0,0.0,0.0,0.0,0.0,0.0,0.0,0.0,0.0,0.0,0.0,0.0,1.0
2000,4,RI,Rhode Island,Legislation - Smokefree Indoor Air,Commercial Day Care Centers,Restrictions,Type of Restriction in Commercial Day Care,Banned,4,Ranking,2000-07-13,2000-07-13,"(41.70828019300046, -71.52247031399963)",10GRP,50,0,False,False,2,0,0.0,[],,,0.0,Northeast,1963-07-12,37.00479123887748,0,Commercial Day Care Centers - Type of Restriction in Commercial Day Care,0,0,1,1.0,0.0,0.0,1.0,0.0,0.0,0.0,0.0,0.0,0.0,0.0,0.0,0.0
2000,4,RI,Rhode Island,Legislation - Smokefree Indoor Air,Home-based Day Care Centers,Restrictions,Type of Restriction in Home-Based Day Care,Banned,4,Ranking,2000-07-13,2000-07-13,"(41.70828019300046, -71.52247031399963)",10GRP,65,0,False,False,2,0,0.0,[],,,0.0,Northeast,1987-06-04,13.1088295687885,0,Home-based Day Care Centers - Type of Restriction in Home-Based Day Care,0,0,1,1.0,0.0,0.0,0.0,0.0,0.0,1.0,0.0,0.0,0.0,0.0,0.0,0.0
2000,4,RI,Rhode Island,Legislation - Smokefree Indoor Air,Commercial Day Care Centers,Vehicles,Type of Restriction in Commercial Day Care Vehicle,Banned,4,Ranking,2000-07-13,2000-07-13,"(41.70828019300046, -71.52247031399963)",30GRP,61,0,False,False,2,0,0.0,[],,,0.0,Northeast,2000-07-13,0.0,0,Commercial Day Care Centers - Type of Restriction in Commercial Day Care Vehicle,0,0,1,1.0,0.0,0.0,1.0,0.0,0.0,0.0,0.0,0.0,0.0,0.0,0.0,0.0
2001,4,ME,Maine,Legislation - Smokefree Indoor Air,Smokefree Indoor Air – Other Sites,Restriction Areas,Mental Health - Residential Facilities,Designated Areas,3,Ranking,2001-04-12,2001-07-11,"(45.254228894000505, -68.98503133599962)",15GRP,341,90,False,False,1,0,0.0,[],,,0.0,Northeast,2001-04-12,0.0,90,Smokefree Indoor Air – Other Sites - Mental Health - Residential Facilities,0,0,0,1.0,0.0,0.0,0.0,0.0,0.0,0.0,0.0,0.0,0.0,0.0,0.0,1.0
2001,4,ME,Maine,Legislation - Smokefree Indoor Air,Smokefree Indoor Air – Other Sites,Restriction Areas,Substance Use - Residential Facilities,Designated Areas,3,Ranking,2001-04-12,2001-07-11,"(45.254228894000505, -68.98503133599962)",15GRP,339,90,False,False,1,0,0.0,[],,,0.0,Northeast,2001-04-12,0.0,90,Smokefree Indoor Air – Other Sites - Substance Use - Residential Facilities,0,0,0,1.0,0.0,0.0,0.0,0.0,0.0,0.0,0.0,0.0,0.0,0.0,0.0,1.0
2001,4,DC,District of Columbia,Legislation - Smokefree Indoor Air,Government Worksites,Vehicles,Type of Restriction in Government Worksite Vehicle,Banned,4,Ranking,2001-01-01,2001-01-01,"(38.89037138500049, -77.03196112699965)",30GRP,17,0,False,False,2,0,0.0,[],,,0.0,South,1979-01-01,22.001368925393567,0,Government Worksites - Type of Restriction in Government Worksite Vehicle,0,1,1,0.0,1.0,0.0,0.0,0.0,1.0,0.0,0.0,0.0,0.0,0.0,0.0,0.0
2001,4,DC,District of Columbia,Legislation - Smokefree Indoor Air,Commercial Day Care Centers,Restrictions,Type of Restriction in Commercial Day Care,Designated Areas,3,Ranking,1979-07-12,1979-09-28,"(38.89037138500049, -77.03196112699965)",10GRP,50,78,False,False,2,0,0.0,[],,,0.0,South,1963-07-12,16.0,78,Commercial Day Care Centers - Type of Restriction in Commercial Day Care,0,0,0,0.0,1.0,0.0,1.0,0.0,0.0,0.0,0.0,0.0,0.0,0.0,0.0,0.0
2001,4,MT,Montana,Legislation - Smokefree Indoor Air,Government Worksites,Restrictions,Type of Restriction in Government Worksite,Banned,4,Ranking,2001-04-20,2001-04-20,"(47.06652897200047, -109.42442064499971)",10GRP,1,0,False,True,3,2,0.6666666666666666,"['South Dakota', 'Idaho']",South Dakota,3391.0,0.5833333333333333,West,1975-06-02,25.883641341546884,0,Government Worksites - Type of Restriction in Government Worksite,0,1,1,0.0,0.0,1.0,0.0,0.0,1.0,0.0,0.0,0.0,0.0,0.0,0.0,0.0
2001,4,ME,Maine,Legislation - Smokefree Indoor Air,Smokefree Indoor Air – Other Sites,Restriction Areas,Hospital Campuses,Designated Areas,3,Ranking,2001-04-12,2001-07-11,"(45.254228894000505, -68.98503133599962)",15GRP,342,90,False,False,1,0,0.0,[],,,0.0,Northeast,2001-04-12,0.0,90,Smokefree Indoor Air – Other Sites - Hospital Campuses,0,0,0,1.0,0.0,0.0,0.0,0.0,0.0,0.0,0.0,0.0,0.0,0.0,0.0,1.0
2002,4,SD,South Dakota,Legislation - Smokefree Indoor Air,Smokefree Indoor Air – Other Sites,Restriction Areas,Malls,Banned,4,Ranking,2002-02-22,2002-07-01,"(44.353130053000484, -100.3735306369997)",15GRP,96,129,False,False,5,0,0.0,[],,,0.0,Midwest,1985-05-10,16.788501026694046,129,Smokefree Indoor Air – Other Sites - Malls,0,0,1,0.0,0.0,0.0,0.0,0.0,0.0,0.0,0.0,0.0,0.0,0.0,0.0,1.0
2002,4,DE,Delaware,Legislation - Smokefree Indoor Air,Restaurants,Restriction Areas,Type of Restriction in Restaurant Bar Area,Banned,4,Ranking,2002-05-31,2002-12-01,"(39.008830667000495, -75.57774116799965)",15GRP,231,184,False,False,3,0,0.0,[],,,0.0,South,1975-01-01,27.411362080766597,184,Restaurants - Type of Restriction in Restaurant Bar Area,1,0,1,0.0,1.0,0.0,0.0,0.0,0.0,0.0,0.0,0.0,0.0,0.0,1.0,0.0
2002,4,DE,Delaware,Legislation - Smokefree Indoor Air,Private Multi-Unit Housing,Restrictions,Type of Restriction in Lobby and Common Area of Private Multi-Unit Housing,Banned,4,Ranking,2002-05-31,2002-12-07,"(39.008830667000495, -75.57774116799965)",10GRP,125,190,False,False,3,0,0.0,[],,,0.0,South,2002-05-31,0.0,190,Private Multi-Unit Housing - Type of Restriction in Lobby and Common Area of Private Multi-Unit Housing,0,0,1,0.0,1.0,0.0,0.0,0.0,0.0,0.0,0.0,0.0,1.0,0.0,0.0,0.0
2002,4,DE,Delaware,Legislation - Smokefree Indoor Air,Smokefree Indoor Air – Other Sites,Restriction Areas,Enclosed Arenas,Banned,4,Ranking,2002-05-31,2002-11-27,"(39.008830667000495, -75.57774116799965)",15GRP,98,180,False,False,3,0,0.0,[],,,0.0,South,1975-06-02,26.99520876112252,180,Smokefree Indoor Air – Other Sites - Enclosed Arenas,0,0,1,0.0,1.0,0.0,0.0,0.0,0.0,0.0,0.0,0.0,0.0,0.0,0.0,1.0
2002,4,DE,Delaware,Legislation - Smokefree Indoor Air,Smokefree Indoor Air – Other Sites,Restriction Areas,Substance Use - Outpatient Facilities,Banned,4,Ranking,2002-05-31,2002-11-27,"(39.008830667000495, -75.57774116799965)",15GRP,338,180,False,False,3,0,0.0,[],,,0.0,South,2002-05-31,0.0,180,Smokefree Indoor Air – Other Sites - Substance Use - Outpatient Facilities,0,0,1,0.0,1.0,0.0,0.0,0.0,0.0,0.0,0.0,0.0,0.0,0.0,0.0,1.0
2002,4,SD,South Dakota,Legislation - Smokefree Indoor Air,Smokefree Indoor Air – Other Sites,Restriction Areas,Grocery Stores,Banned,4,Ranking,2002-02-22,2002-07-01,"(44.353130053000484, -100.3735306369997)",15GRP,97,129,False,False,5,0,0.0,[],,,0.0,Midwest,1975-06-02,26.72689938398357,129,Smokefree Indoor Air – Other Sites - Grocery Stores,0,0,1,0.0,0.0,0.0,0.0,0.0,0.0,0.0,0.0,0.0,0.0,0.0,0.0,1.0
2002,4,OR,Oregon,Legislation - Smokefree Indoor Air,Restaurants,Restriction Areas,Type of Restriction in Restaurant Patron Area,Designated Areas,3,Ranking,2001-08-17,2002-01-01,"(44.56744942400047, -120.15503132599969)",15GRP,233,137,False,False,4,2,0.5,"['Nevada', 'Idaho']",Nevada,6072.0,0.4375,West,1975-01-01,26.625598904859686,137,Restaurants - Type of Restriction in Restaurant Patron Area,1,0,0,0.0,0.0,1.0,0.0,0.0,0.0,0.0,0.0,0.0,0.0,0.0,1.0,0.0
2002,4,SD,South Dakota,Legislation - Smokefree Indoor Air,Commercial Day Care Centers,Restrictions,Type of Restriction in Commercial Day Care,Banned,4,Ranking,2002-02-22,2002-07-01,"(44.353130053000484, -100.3735306369997)",10GRP,50,129,False,False,5,3,0.6,"['North Dakota', 'Minnesota', 'Nebraska']",North Dakota,5377.0,0.5249999999999999,Midwest,1963-07-12,38.61738535249829,129,Commercial Day Care Centers - Type of Restriction in Commercial Day Care,0,0,1,0.0,0.0,0.0,1.0,0.0,0.0,0.0,0.0,0.0,0.0,0.0,0.0,0.0
2002,4,DE,Delaware,Legislation - Smokefree Indoor Air,Restaurants,Restrictions,Type of Restriction in Restaurant (Summary),Banned,4,Ranking,2002-05-31,2002-12-01,"(39.008830667000495, -75.57774116799965)",10GRP,37,184,False,False,3,0,0.0,[],,,0.0,South,1975-01-01,27.411362080766597,184,Restaurants - Type of Restriction in Restaurant (Summary),1,0,1,0.0,1.0,0.0,0.0,0.0,0.0,0.0,0.0,0.0,0.0,0.0,1.0,0.0
2002,4,OR,Oregon,Legislation - Smokefree Indoor Air,Hotels and Motels,Additional Requirements,Sleeping Room Designation (Type),Smoking Room,3,Ranking,2001-08-17,2002-01-01,"(44.56744942400047, -120.15503132599969)",20GRP,83,137,False,False,4,1,0.25,['California'],California,2584.0,0.21875,West,1990-01-01,11.624914442162902,137,Hotels and Motels - Sleeping Room Designation (Type),0,0,0,0.0,0.0,1.0,0.0,0.0,0.0,0.0,1.0,0.0,0.0,0.0,0.0,0.0
2002,4,SD,South Dakota,Legislation - Smokefree Indoor Air,Restaurants,Restriction Areas,Type of Restriction in Restaurant Patron Area,Banned,4,Ranking,2002-02-22,2002-07-01,"(44.353130053000484, -100.3735306369997)",15GRP,233,129,False,False,5,0,0.0,[],,,0.0,Midwest,1975-01-01,27.143052703627653,129,Restaurants - Type of Restriction in Restaurant Patron Area,1,0,1,0.0,0.0,0.0,0.0,0.0,0.0,0.0,0.0,0.0,0.0,0.0,1.0,0.0
2002,4,DE,Delaware,Legislation - Smokefree Indoor Air,Smokefree Indoor Air – Other Sites,Restriction Areas,Malls,Banned,4,Ranking,2002-05-31,2002-11-27,"(39.008830667000495, -75.57774116799965)",15GRP,96,180,False,False,3,0,0.0,[],,,0.0,South,1985-05-10,17.05681040383299,180,Smokefree Indoor Air – Other Sites - Malls,0,0,1,0.0,1.0,0.0,0.0,0.0,0.0,0.0,0.0,0.0,0.0,0.0,0.0,1.0
2002,4,DE,Delaware,Legislation - Smokefree Indoor Air,Home-based Day Care Centers,Restrictions,Type of Restriction in Home-Based Day Care,Banned,4,Ranking,2002-05-31,2002-11-27,"(39.008830667000495, -75.57774116799965)",10GRP,65,180,False,False,3,0,0.0,[],,,0.0,South,1987-06-04,14.989733059548255,180,Home-based Day Care Centers - Type of Restriction in Home-Based Day Care,0,0,1,0.0,1.0,0.0,0.0,0.0,0.0,1.0,0.0,0.0,0.0,0.0,0.0,0.0
2002,4,OR,Oregon,Legislation - Smokefree Indoor Air,Hotels and Motels,Restrictions,Type of Restriction in Lobby and Common Area of Hotel and Motel,Banned,4,Ranking,2001-08-17,2002-01-01,"(44.56744942400047, -120.15503132599969)",10GRP,81,137,False,False,4,0,0.0,[],,,0.0,West,1990-01-09,11.603011635865846,137,Hotels and Motels - Type of Restriction in Lobby and Common Area of Hotel and Motel,0,0,1,0.0,0.0,1.0,0.0,0.0,0.0,0.0,1.0,0.0,0.0,0.0,0.0,0.0
2002,4,DE,Delaware,Legislation - Smokefree Indoor Air,Restaurants,Restriction Areas,Type of Restriction in Restaurant Employee Area,Banned,4,Ranking,2002-05-31,2002-12-01,"(39.008830667000495, -75.57774116799965)",15GRP,232,184,False,False,3,0,0.0,[],,,0.0,South,1975-01-01,27.411362080766597,184,Restaurants - Type of Restriction in Restaurant Employee Area,1,0,1,0.0,1.0,0.0,0.0,0.0,0.0,0.0,0.0,0.0,0.0,0.0,1.0,0.0
2002,4,SD,South Dakota,Legislation - Smokefree Indoor Air,Smokefree Indoor Air – Other Sites,Restriction Areas,Hospitals,Banned,4,Ranking,2002-02-22,2002-07-01,"(44.353130053000484, -100.3735306369997)",15GRP,100,129,False,False,5,1,0.2,['Minnesota'],Minnesota,9762.0,0.175,Midwest,1975-05-05,26.803559206023273,129,Smokefree Indoor Air – Other Sites - Hospitals,0,0,1,0.0,0.0,0.0,0.0,0.0,0.0,0.0,0.0,0.0,0.0,0.0,0.0,1.0
2002,4,DE,Delaware,Legislation - Smokefree Indoor Air,Bars,Restriction Areas,Type of Restriction in Bar Patron Area,Banned,4,Ranking,2002-05-31,2002-12-01,"(39.008830667000495, -75.57774116799965)",15GRP,235,184,False,False,3,0,0.0,[],,,0.0,South,1979-01-01,23.411362080766597,184,Bars - Type of Restriction in Bar Patron Area,0,0,1,0.0,1.0,0.0,0.0,0.0,0.0,0.0,0.0,0.0,0.0,0.0,0.0,0.0
2002,4,FL,Florida,Legislation - Smokefree Indoor Air,Government Worksites,Restrictions,Type of Restriction in Government Worksite,Banned,4,Ranking,1985-06-19,1985-10-01,"(28.932040377000476, -81.92896053899966)",10GRP,1,104,False,False,2,0,0.0,[],,,0.0,South,1975-06-02,10.047912388774812,104,Government Worksites - Type of Restriction in Government Worksite,0,1,1,0.0,1.0,0.0,0.0,0.0,1.0,0.0,0.0,0.0,0.0,0.0,0.0,0.0
2002,4,SD,South Dakota,Legislation - Smokefree Indoor Air,Restaurants,Restrictions,Type of Restriction in Restaurant (Summary),Designated Areas,3,Ranking,2002-02-22,2002-07-01,"(44.353130053000484, -100.3735306369997)",10GRP,37,129,False,False,5,5,1.0,"['North Dakota', 'Minnesota', 'Iowa', 'Nebraska', 'Montana']",North Dakota,9914.0,0.7,Midwest,1975-01-01,27.143052703627653,129,Restaurants - Type of Restriction in Restaurant (Summary),1,0,0,0.0,0.0,0.0,0.0,0.0,0.0,0.0,0.0,0.0,0.0,0.0,1.0,0.0
2002,4,DE,Delaware,Legislation - Smokefree Indoor Air,Bars,Restrictions,Type of Restriction in Bar (Summary),Banned,4,Ranking,2002-05-31,2002-12-01,"(39.008830667000495, -75.57774116799965)",10GRP,234,184,False,False,3,0,0.0,[],,,0.0,South,1979-01-01,23.411362080766597,184,Bars - Type of Restriction in Bar (Summary),0,0,1,0.0,1.0,0.0,0.0,0.0,0.0,0.0,0.0,0.0,0.0,0.0,0.0,0.0
2002,4,DE,Delaware,Legislation - Smokefree Indoor Air,Private Worksites,Restrictions,Type of Restriction in Private Worksite,Banned,4,Ranking,2002-05-31,2002-11-27,"(39.008830667000495, -75.57774116799965)",10GRP,20,180,False,False,3,0,0.0,[],,,0.0,South,1975-06-02,26.99520876112252,180,Private Worksites - Type of Restriction in Private Worksite,0,1,1,0.0,1.0,0.0,0.0,0.0,0.0,0.0,0.0,0.0,0.0,1.0,0.0,0.0
2002,4,SD,South Dakota,Legislation - Smokefree Indoor Air,Private Worksites,Restrictions,Type of Restriction in Private Worksite,Banned,4,Ranking,2002-02-22,2002-07-01,"(44.353130053000484, -100.3735306369997)",10GRP,20,129,False,False,5,0,0.0,[],,,0.0,Midwest,1975-06-02,26.72689938398357,129,Private Worksites - Type of Restriction in Private Worksite,0,1,1,0.0,0.0,0.0,0.0,0.0,0.0,0.0,0.0,0.0,0.0,1.0,0.0,0.0
2002,4,DE,Delaware,Legislation - Smokefree Indoor Air,Restaurants,Restriction Areas,Type of Restriction in Restaurant Patron Area,Banned,4,Ranking,2002-05-31,2002-12-01,"(39.008830667000495, -75.57774116799965)",15GRP,233,184,False,False,3,0,0.0,[],,,0.0,South,1975-01-01,27.411362080766597,184,Restaurants - Type of Restriction in Restaurant Patron Area,1,0,1,0.0,1.0,0.0,0.0,0.0,0.0,0.0,0.0,0.0,0.0,0.0,1.0,0.0
2002,4,DE,Delaware,Legislation - Smokefree Indoor Air,Smokefree Indoor Air – Other Sites,Restriction Areas,Casinos (Racetrack),Banned,4,Ranking,2002-05-31,2002-11-27,"(39.008830667000495, -75.57774116799965)",15GRP,336,180,False,False,3,0,0.0,[],,,0.0,South,2002-05-31,0.0,180,Smokefree Indoor Air – Other Sites - Casinos (Racetrack),0,0,1,0.0,1.0,0.0,0.0,0.0,0.0,0.0,0.0,0.0,0.0,0.0,0.0,1.0
2002,4,OR,Oregon,Legislation - Smokefree Indoor Air,Restaurants,Restriction Areas,Type of Restriction in Restaurant Bar Area,Designated Areas,3,Ranking,2001-08-17,2002-01-01,"(44.56744942400047, -120.15503132599969)",15GRP,231,137,False,False,4,2,0.5,"['California', 'Nevada']",California,3725.0,0.4375,West,1975-01-01,26.625598904859686,137,Restaurants - Type of Restriction in Restaurant Bar Area,1,0,0,0.0,0.0,1.0,0.0,0.0,0.0,0.0,0.0,0.0,0.0,0.0,1.0,0.0
2002,4,SD,South Dakota,Legislation - Smokefree Indoor Air,Restaurants,Restriction Areas,Type of Restriction in Restaurant Employee Area,Banned,4,Ranking,2002-02-22,2002-07-01,"(44.353130053000484, -100.3735306369997)",15GRP,232,129,False,False,5,0,0.0,[],,,0.0,Midwest,1975-01-01,27.143052703627653,129,Restaurants - Type of Restriction in Restaurant Employee Area,1,0,1,0.0,0.0,0.0,0.0,0.0,0.0,0.0,0.0,0.0,0.0,0.0,1.0,0.0
2002,4,DE,Delaware,Legislation - Smokefree Indoor Air,Government Worksites,Restrictions,Type of Restriction in Government Worksite,Banned,4,Ranking,2002-05-31,2002-11-27,"(39.008830667000495, -75.57774116799965)",10GRP,1,180,False,False,3,0,0.0,[],,,0.0,South,1975-06-02,26.99520876112252,180,Government Worksites - Type of Restriction in Government Worksite,0,1,1,0.0,1.0,0.0,0.0,0.0,1.0,0.0,0.0,0.0,0.0,0.0,0.0,0.0
2002,4,SD,South Dakota,Legislation - Smokefree Indoor Air,Hotels and Motels,Restrictions,Type of Restriction in Lobby and Common Area of Hotel and Motel,Banned,4,Ranking,2002-02-22,2002-07-01,"(44.353130053000484, -100.3735306369997)",10GRP,81,129,False,False,5,0,0.0,[],,,0.0,Midwest,1990-01-09,12.120465434633813,129,Hotels and Motels - Type of Restriction in Lobby and Common Area of Hotel and Motel,0,0,1,0.0,0.0,0.0,0.0,0.0,0.0,0.0,1.0,0.0,0.0,0.0,0.0,0.0
2002,4,DE,Delaware,Legislation - Smokefree Indoor Air,Home-based Day Care Centers,Vehicles,Type of Restriction in Home-Based Day Care Vehicle,Banned,4,Ranking,2002-05-31,2002-11-27,"(39.008830667000495, -75.57774116799965)",30GRP,77,180,False,False,3,0,0.0,[],,,0.0,South,2002-05-31,0.0,180,Home-based Day Care Centers - Type of Restriction in Home-Based Day Care Vehicle,0,0,1,0.0,1.0,0.0,0.0,0.0,0.0,1.0,0.0,0.0,0.0,0.0,0.0,0.0
2002,4,SD,South Dakota,Legislation - Smokefree Indoor Air,Smokefree Indoor Air – Other Sites,Restriction Areas,Public Transportation,Banned,4,Ranking,2002-02-22,2002-07-01,"(44.353130053000484, -100.3735306369997)",15GRP,99,129,False,False,5,0,0.0,[],,,0.0,Midwest,1973-05-04,28.804928131416837,129,Smokefree Indoor Air – Other Sites - Public Transportation,0,0,1,0.0,0.0,0.0,0.0,0.0,0.0,0.0,0.0,0.0,0.0,0.0,0.0,1.0
2002,4,SD,South Dakota,Legislation - Smokefree Indoor Air,Hotels and Motels,Additional Requirements,Sleeping Room Designation (Type),Smoking Room,3,Ranking,2002-02-22,2002-07-01,"(44.353130053000484, -100.3735306369997)",20GRP,83,129,False,False,5,0,0.0,[],,,0.0,Midwest,1990-01-01,12.14236824093087,129,Hotels and Motels - Sleeping Room Designation (Type),0,0,0,0.0,0.0,0.0,0.0,0.0,0.0,0.0,1.0,0.0,0.0,0.0,0.0,0.0
2002,4,DE,Delaware,Legislation - Smokefree Indoor Air,Government Multi-Unit Housing,Restrictions,Type of Restriction in Lobby and Common Area of Government Multi-Unit Housing,Banned,4,Ranking,2002-05-31,2002-12-07,"(39.008830667000495, -75.57774116799965)",10GRP,115,190,False,False,3,0,0.0,[],,,0.0,South,1990-04-27,12.093086926762492,190,Government Multi-Unit Housing - Type of Restriction in Lobby and Common Area of Government Multi-Unit Housing,0,0,1,0.0,1.0,0.0,0.0,1.0,0.0,0.0,0.0,0.0,0.0,0.0,0.0,0.0
2002,4,DE,Delaware,Legislation - Smokefree Indoor Air,Commercial Day Care Centers,Vehicles,Type of Restriction in Commercial Day Care Vehicle,Banned,4,Ranking,2002-05-31,2002-11-27,"(39.008830667000495, -75.57774116799965)",30GRP,61,180,False,False,3,0,0.0,[],,,0.0,South,2000-07-13,1.8809034907597535,180,Commercial Day Care Centers - Type of Restriction in Commercial Day Care Vehicle,0,0,1,0.0,1.0,0.0,1.0,0.0,0.0,0.0,0.0,0.0,0.0,0.0,0.0,0.0
2002,4,SD,South Dakota,Legislation - Smokefree Indoor Air,Home-based Day Care Centers,Restrictions,Type of Restriction in Home-Based Day Care,Banned,4,Ranking,2002-02-22,2002-07-01,"(44.353130053000484, -100.3735306369997)",10GRP,65,129,False,False,5,2,0.4,"['North Dakota', 'Minnesota']",North Dakota,5377.0,0.35,Midwest,1987-06-04,14.72142368240931,129,Home-based Day Care Centers - Type of Restriction in Home-Based Day Care,0,0,1,0.0,0.0,0.0,0.0,0.0,0.0,1.0,0.0,0.0,0.0,0.0,0.0,0.0
2002,4,DE,Delaware,Legislation - Smokefree Indoor Air,Bars,Restriction Areas,Type of Restriction in Bar Employee Area,Banned,4,Ranking,2002-05-31,2002-12-01,"(39.008830667000495, -75.57774116799965)",15GRP,236,184,False,False,3,0,0.0,[],,,0.0,South,1979-01-01,23.411362080766597,184,Bars - Type of Restriction in Bar Employee Area,0,0,1,0.0,1.0,0.0,0.0,0.0,0.0,0.0,0.0,0.0,0.0,0.0,0.0,0.0
2002,4,DE,Delaware,Legislation - Smokefree Indoor Air,Hotels and Motels,Restrictions,Type of Restriction in Lobby and Common Area of Hotel and Motel,Banned,4,Ranking,2002-05-31,2002-11-30,"(39.008830667000495, -75.57774116799965)",10GRP,81,183,False,True,3,1,0.3333333333333333,['Maryland'],Maryland,2591.0,0.2916666666666666,South,1990-01-09,12.388774811772759,183,Hotels and Motels - Type of Restriction in Lobby and Common Area of Hotel and Motel,0,0,1,0.0,1.0,0.0,0.0,0.0,0.0,0.0,1.0,0.0,0.0,0.0,0.0,0.0
2002,4,SD,South Dakota,Legislation - Smokefree Indoor Air,Smokefree Indoor Air – Other Sites,Restriction Areas,Enclosed Arenas,Banned,4,Ranking,2002-02-22,2002-07-01,"(44.353130053000484, -100.3735306369997)",15GRP,98,129,False,False,5,0,0.0,[],,,0.0,Midwest,1975-06-02,26.72689938398357,129,Smokefree Indoor Air – Other Sites - Enclosed Arenas,0,0,1,0.0,0.0,0.0,0.0,0.0,0.0,0.0,0.0,0.0,0.0,0.0,0.0,1.0
2002,4,DE,Delaware,Legislation - Smokefree Indoor Air,Smokefree Indoor Air – Other Sites,Restriction Areas,Mental Health - Outpatient Facilities,Banned,4,Ranking,2002-05-31,2002-11-27,"(39.008830667000495, -75.57774116799965)",15GRP,340,180,False,False,3,0,0.0,[],,,0.0,South,1999-01-01,3.4113620807665983,180,Smokefree Indoor Air – Other Sites - Mental Health - Outpatient Facilities,0,0,1,0.0,1.0,0.0,0.0,0.0,0.0,0.0,0.0,0.0,0.0,0.0,0.0,1.0
2002,4,SD,South Dakota,Legislation - Smokefree Indoor Air,Government Worksites,Restrictions,Type of Restriction in Government Worksite,Banned,4,Ranking,2002-02-22,2002-07-01,"(44.353130053000484, -100.3735306369997)",10GRP,1,129,False,True,5,2,0.4,"['Nebraska', 'Montana']",Nebraska,1060.0,0.35,Midwest,1975-06-02,26.72689938398357,129,Government Worksites - Type of Restriction in Government Worksite,0,1,1,0.0,0.0,0.0,0.0,0.0,1.0,0.0,0.0,0.0,0.0,0.0,0.0,0.0
2002,4,OR,Oregon,Legislation - Smokefree Indoor Air,Restaurants,Restrictions,Type of Restriction in Restaurant (Summary),Designated Areas,3,Ranking,2001-08-17,2002-01-01,"(44.56744942400047, -120.15503132599969)",10GRP,37,137,False,False,4,3,0.75,"['California', 'Nevada', 'Idaho']",California,6072.0,0.65625,West,1975-01-01,26.625598904859686,137,Restaurants - Type of Restriction in Restaurant (Summary),1,0,0,0.0,0.0,1.0,0.0,0.0,0.0,0.0,0.0,0.0,0.0,0.0,1.0,0.0
2003,4,OK,Oklahoma,Legislation - Smokefree Indoor Air,Hotels and Motels,Additional Requirements,Sleeping Room Designation (Type),Smoking Room,3,Ranking,2003-06-06,2003-09-01,"(35.47203135600046, -97.52107021399968)",20GRP,83,87,False,False,6,0,0.0,[],,,0.0,South,1990-01-01,13.426420260095824,87,Hotels and Motels - Sleeping Room Designation (Type),0,0,0,0.0,1.0,0.0,0.0,0.0,0.0,0.0,1.0,0.0,0.0,0.0,0.0,0.0
2003,4,NY,New York,Legislation - Smokefree Indoor Air,Restaurants,Restriction Areas,Type of Restriction in Restaurant Patron Area,Banned,4,Ranking,2003-03-26,2003-07-24,"(42.82700103200045, -75.54397042699964)",15GRP,233,120,False,False,5,1,0.2,['Vermont'],Vermont,3589.0,0.175,Northeast,1975-01-01,28.229979466119097,120,Restaurants - Type of Restriction in Restaurant Patron Area,1,0,1,1.0,0.0,0.0,0.0,0.0,0.0,0.0,0.0,0.0,0.0,0.0,1.0,0.0
2003,4,AL,Alabama,Legislation - Smokefree Indoor Air,Smokefree Indoor Air – Other Sites,Restriction Areas,Grocery Stores,Designated Areas,3,Ranking,2003-06-19,2003-09-01,"(32.84057112200048, -86.63186076199969)",15GRP,97,74,False,False,4,0,0.0,[],,,0.0,South,1975-06-02,28.046543463381244,74,Smokefree Indoor Air – Other Sites - Grocery Stores,0,0,0,0.0,1.0,0.0,0.0,0.0,0.0,0.0,0.0,0.0,0.0,0.0,0.0,1.0
2003,4,NY,New York,Legislation - Smokefree Indoor Air,Government Worksites,Restrictions,Type of Restriction in Government Worksite,Banned,4,Ranking,2003-03-26,2003-07-24,"(42.82700103200045, -75.54397042699964)",10GRP,1,120,False,False,5,1,0.2,['Massachusetts'],Massachusetts,2036.0,0.175,Northeast,1975-06-02,27.813826146475016,120,Government Worksites - Type of Restriction in Government Worksite,0,1,1,1.0,0.0,0.0,0.0,0.0,1.0,0.0,0.0,0.0,0.0,0.0,0.0,0.0
2003,4,NY,New York,Legislation - Smokefree Indoor Air,Bars,Restrictions,Type of Restriction in Bar (Summary),Banned,4,Ranking,2003-03-26,2003-07-24,"(42.82700103200045, -75.54397042699964)",10GRP,234,120,False,False,5,0,0.0,[],,,0.0,Northeast,1979-01-01,24.229979466119097,120,Bars - Type of Restriction in Bar (Summary),0,0,1,1.0,0.0,0.0,0.0,0.0,0.0,0.0,0.0,0.0,0.0,0.0,0.0,0.0
2003,4,NY,New York,Legislation - Smokefree Indoor Air,Smokefree Indoor Air – Other Sites,Restriction Areas,Mental Health - Residential Facilities,Designated Areas,3,Ranking,2003-03-26,2003-07-24,"(42.82700103200045, -75.54397042699964)",15GRP,341,120,False,False,5,0,0.0,[],,,0.0,Northeast,2001-04-12,1.9520876112251881,120,Smokefree Indoor Air – Other Sites - Mental Health - Residential Facilities,0,0,0,1.0,0.0,0.0,0.0,0.0,0.0,0.0,0.0,0.0,0.0,0.0,0.0,1.0
2003,4,NY,New York,Legislation - Smokefree Indoor Air,Private Worksites,Restrictions,Type of Restriction in Private Worksite,Banned,4,Ranking,2003-03-26,2003-07-24,"(42.82700103200045, -75.54397042699964)",10GRP,20,120,False,False,5,0,0.0,[],,,0.0,Northeast,1975-06-02,27.813826146475016,120,Private Worksites - Type of Restriction in Private Worksite,0,1,1,1.0,0.0,0.0,0.0,0.0,0.0,0.0,0.0,0.0,0.0,1.0,0.0,0.0
2003,4,NY,New York,Legislation - Smokefree Indoor Air,Smokefree Indoor Air – Other Sites,Restriction Areas,Grocery Stores,Banned,4,Ranking,2003-03-26,2003-07-24,"(42.82700103200045, -75.54397042699964)",15GRP,97,120,False,False,5,2,0.4,"['New Jersey', 'Massachusetts']",New Jersey,6496.0,0.35,Northeast,1975-06-02,27.813826146475016,120,Smokefree Indoor Air – Other Sites - Grocery Stores,0,0,1,1.0,0.0,0.0,0.0,0.0,0.0,0.0,0.0,0.0,0.0,0.0,0.0,1.0
2003,4,NY,New York,Legislation - Smokefree Indoor Air,Smokefree Indoor Air – Other Sites,Restriction Areas,Substance Use - Outpatient Facilities,Banned,4,Ranking,2003-03-26,2003-07-25,"(42.82700103200045, -75.54397042699964)",15GRP,338,121,False,False,5,0,0.0,[],,,0.0,Northeast,2002-05-31,0.8186173853524983,121,Smokefree Indoor Air – Other Sites - Substance Use - Outpatient Facilities,0,0,1,1.0,0.0,0.0,0.0,0.0,0.0,0.0,0.0,0.0,0.0,0.0,0.0,1.0
2003,4,NY,New York,Legislation - Smokefree Indoor Air,Hotels and Motels,Additional Requirements,Sleeping Room Designation (Type),Smoking Room,3,Ranking,2003-05-26,2003-07-24,"(42.82700103200045, -75.54397042699964)",20GRP,83,59,False,False,5,1,0.2,['Connecticut'],Connecticut,3.0,0.4737671232876712,Northeast,1990-01-01,13.396303901437372,59,Hotels and Motels - Sleeping Room Designation (Type),0,0,0,1.0,0.0,0.0,0.0,0.0,0.0,0.0,1.0,0.0,0.0,0.0,0.0,0.0
2003,4,NY,New York,Legislation - Smokefree Indoor Air,Smokefree Indoor Air – Other Sites,Restriction Areas,Bingo Halls,Banned,4,Ranking,2003-03-26,2003-07-24,"(42.82700103200045, -75.54397042699964)",15GRP,337,120,False,False,5,0,0.0,[],,,0.0,Northeast,2003-03-26,0.0,120,Smokefree Indoor Air – Other Sites - Bingo Halls,0,0,1,1.0,0.0,0.0,0.0,0.0,0.0,0.0,0.0,0.0,0.0,0.0,0.0,1.0
2003,4,FL,Florida,Legislation - Smokefree Indoor Air,Smokefree Indoor Air – Other Sites,Restriction Areas,Casinos (Racetrack),Banned,4,Ranking,2003-06-23,2003-07-01,"(28.932040377000476, -81.92896053899966)",15GRP,336,8,False,False,2,0,0.0,[],,,0.0,South,2002-05-31,1.0622861054072552,8,Smokefree Indoor Air – Other Sites - Casinos (Racetrack),0,0,1,0.0,1.0,0.0,0.0,0.0,0.0,0.0,0.0,0.0,0.0,0.0,0.0,1.0
2003,4,NY,New York,Legislation - Smokefree Indoor Air,Smokefree Indoor Air – Other Sites,Restriction Areas,Enclosed Arenas,Banned,4,Ranking,2003-03-26,2003-07-24,"(42.82700103200045, -75.54397042699964)",15GRP,98,120,False,False,5,0,0.0,[],,,0.0,Northeast,1975-06-02,27.813826146475016,120,Smokefree Indoor Air – Other Sites - Enclosed Arenas,0,0,1,1.0,0.0,0.0,0.0,0.0,0.0,0.0,0.0,0.0,0.0,0.0,0.0,1.0
2003,4,NY,New York,Legislation - Smokefree Indoor Air,Hotels and Motels,Restrictions,Type of Restriction in Lobby and Common Area of Hotel and Motel,Banned,4,Ranking,2003-05-26,2003-07-24,"(42.82700103200045, -75.54397042699964)",10GRP,81,59,False,False,5,1,0.2,['Vermont'],Vermont,3644.0,0.175,Northeast,1990-01-09,13.374401095140314,59,Hotels and Motels - Type of Restriction in Lobby and Common Area of Hotel and Motel,0,0,1,1.0,0.0,0.0,0.0,0.0,0.0,0.0,1.0,0.0,0.0,0.0,0.0,0.0
2003,4,NY,New York,Legislation - Smokefree Indoor Air,Bars,Restriction Areas,Type of Restriction in Bar Patron Area,Banned,4,Ranking,2003-03-26,2003-07-24,"(42.82700103200045, -75.54397042699964)",15GRP,235,120,False,False,5,0,0.0,[],,,0.0,Northeast,1979-01-01,24.229979466119097,120,Bars - Type of Restriction in Bar Patron Area,0,0,1,1.0,0.0,0.0,0.0,0.0,0.0,0.0,0.0,0.0,0.0,0.0,0.0,0.0
2003,4,OK,Oklahoma,Legislation - Smokefree Indoor Air,Hotels and Motels,Restrictions,Type of Restriction in Lobby and Common Area of Hotel and Motel,Banned,4,Ranking,2003-06-06,2003-09-01,"(35.47203135600046, -97.52107021399968)",10GRP,81,87,False,False,6,0,0.0,[],,,0.0,South,1990-01-09,13.404517453798768,87,Hotels and Motels - Type of Restriction in Lobby and Common Area of Hotel and Motel,0,0,1,0.0,1.0,0.0,0.0,0.0,0.0,0.0,1.0,0.0,0.0,0.0,0.0,0.0
2003,4,OK,Oklahoma,Legislation - Smokefree Indoor Air,Smokefree Indoor Air – Other Sites,Restriction Areas,Malls,Banned,4,Ranking,2003-06-06,2003-09-01,"(35.47203135600046, -97.52107021399968)",15GRP,96,87,False,False,6,0,0.0,[],,,0.0,South,1985-05-10,18.072553045859,87,Smokefree Indoor Air – Other Sites - Malls,0,0,1,0.0,1.0,0.0,0.0,0.0,0.0,0.0,0.0,0.0,0.0,0.0,0.0,1.0
2003,4,AL,Alabama,Legislation - Smokefree Indoor Air,Hotels and Motels,Additional Requirements,Sleeping Room Designation (Type),Smoking Room,3,Ranking,2003-06-13,2003-09-01,"(32.84057112200048, -86.63186076199969)",20GRP,83,80,False,False,4,0,0.0,[],,,0.0,South,1990-01-01,13.44558521560575,80,Hotels and Motels - Sleeping Room Designation (Type),0,0,0,0.0,1.0,0.0,0.0,0.0,0.0,0.0,1.0,0.0,0.0,0.0,0.0,0.0
2003,4,FL,Florida,Legislation - Smokefree Indoor Air,Smokefree Indoor Air – Other Sites,Restriction Areas,Mental Health - Outpatient Facilities,Banned,4,Ranking,2003-06-23,2003-07-01,"(28.932040377000476, -81.92896053899966)",15GRP,340,8,False,False,2,0,0.0,[],,,0.0,South,1999-01-01,4.473648186173854,8,Smokefree Indoor Air – Other Sites - Mental Health - Outpatient Facilities,0,0,1,0.0,1.0,0.0,0.0,0.0,0.0,0.0,0.0,0.0,0.0,0.0,0.0,1.0
2003,4,AL,Alabama,Legislation - Smokefree Indoor Air,Smokefree Indoor Air – Other Sites,Restriction Areas,Public Transportation,Designated Areas,3,Ranking,2003-06-19,2003-09-01,"(32.84057112200048, -86.63186076199969)",15GRP,99,74,False,False,4,0,0.0,[],,,0.0,South,1973-05-04,30.12457221081451,74,Smokefree Indoor Air – Other Sites - Public Transportation,0,0,0,0.0,1.0,0.0,0.0,0.0,0.0,0.0,0.0,0.0,0.0,0.0,0.0,1.0
2003,4,CT,Connecticut,Legislation - Smokefree Indoor Air,Smokefree Indoor Air – Other Sites,Restriction Areas,Grocery Stores,Banned,4,Ranking,2003-05-23,2003-10-01,"(41.56266102000046, -72.64984095199964)",15GRP,97,131,False,False,3,2,0.6666666666666666,"['New York', 'Massachusetts']",New York,5608.0,0.5833333333333333,Northeast,1975-06-02,27.972621492128678,131,Smokefree Indoor Air – Other Sites - Grocery Stores,0,0,1,1.0,0.0,0.0,0.0,0.0,0.0,0.0,0.0,0.0,0.0,0.0,0.0,1.0
2003,4,AL,Alabama,Legislation - Smokefree Indoor Air,Government Worksites,Restrictions,Type of Restriction in Government Worksite,Designated Areas,3,Ranking,2003-06-19,2003-09-01,"(32.84057112200048, -86.63186076199969)",10GRP,1,74,False,False,4,2,0.5,"['Mississippi', 'Florida']",Mississippi,6574.0,0.4375,South,1975-06-02,28.046543463381244,74,Government Worksites - Type of Restriction in Government Worksite,0,1,0,0.0,1.0,0.0,0.0,0.0,1.0,0.0,0.0,0.0,0.0,0.0,0.0,0.0
2003,4,AL,Alabama,Legislation - Smokefree Indoor Air,Home-based Day Care Centers,Restrictions,Type of Restriction in Home-Based Day Care,Designated Areas,3,Ranking,2003-06-19,2003-09-01,"(32.84057112200048, -86.63186076199969)",10GRP,65,74,False,False,4,0,0.0,[],,,0.0,South,1987-06-04,16.041067761806982,74,Home-based Day Care Centers - Type of Restriction in Home-Based Day Care,0,0,0,0.0,1.0,0.0,0.0,0.0,0.0,1.0,0.0,0.0,0.0,0.0,0.0,0.0
2003,4,CT,Connecticut,Legislation - Smokefree Indoor Air,Restaurants,Restriction Areas,Type of Restriction in Restaurant Bar Area,Banned,4,Ranking,2003-05-23,2003-10-01,"(41.56266102000046, -72.64984095199964)",15GRP,231,131,False,True,3,1,0.3333333333333333,['New York'],New York,58.0,0.5678310502283104,Northeast,1975-01-01,28.38877481177276,131,Restaurants - Type of Restriction in Restaurant Bar Area,1,0,1,1.0,0.0,0.0,0.0,0.0,0.0,0.0,0.0,0.0,0.0,0.0,1.0,0.0
2003,4,FL,Florida,Legislation - Smokefree Indoor Air,Restaurants,Restriction Areas,Type of Restriction in Restaurant Patron Area,Banned,4,Ranking,2003-06-23,2003-07-01,"(28.932040377000476, -81.92896053899966)",15GRP,233,8,False,False,2,0,0.0,[],,,0.0,South,1975-01-01,28.473648186173854,8,Restaurants - Type of Restriction in Restaurant Patron Area,1,0,1,0.0,1.0,0.0,0.0,0.0,0.0,0.0,0.0,0.0,0.0,0.0,1.0,0.0
2003,4,FL,Florida,Legislation - Smokefree Indoor Air,Hotels and Motels,Additional Requirements,Sleeping Room Designation (Type),Smoking Room,3,Ranking,2003-06-23,2003-07-01,"(28.932040377000476, -81.92896053899966)",20GRP,83,8,False,True,2,1,0.5,['Alabama'],Alabama,10.0,0.733390410958904,South,1990-01-01,13.47296372347707,8,Hotels and Motels - Sleeping Room Designation (Type),0,0,0,0.0,1.0,0.0,0.0,0.0,0.0,0.0,1.0,0.0,0.0,0.0,0.0,0.0
2003,4,FL,Florida,Legislation - Smokefree Indoor Air,Smokefree Indoor Air – Other Sites,Restriction Areas,Mental Health - Residential Facilities,Banned,4,Ranking,2003-06-23,2003-07-01,"(28.932040377000476, -81.92896053899966)",15GRP,341,8,False,False,2,0,0.0,[],,,0.0,South,2001-04-12,2.195756331279945,8,Smokefree Indoor Air – Other Sites - Mental Health - Residential Facilities,0,0,1,0.0,1.0,0.0,0.0,0.0,0.0,0.0,0.0,0.0,0.0,0.0,0.0,1.0
2003,4,FL,Florida,Legislation - Smokefree Indoor Air,Commercial Day Care Centers,Restrictions,Type of Restriction in Commercial Day Care,Banned,4,Ranking,2003-06-23,2003-07-01,"(28.932040377000476, -81.92896053899966)",10GRP,50,8,False,True,2,1,0.5,['Georgia'],Georgia,3370.0,0.4375,South,1963-07-12,39.94798083504449,8,Commercial Day Care Centers - Type of Restriction in Commercial Day Care,0,0,1,0.0,1.0,0.0,1.0,0.0,0.0,0.0,0.0,0.0,0.0,0.0,0.0,0.0
2003,4,AL,Alabama,Legislation - Smokefree Indoor Air,Smokefree Indoor Air – Other Sites,Restriction Areas,Enclosed Arenas,Designated Areas,3,Ranking,2003-06-19,2003-09-01,"(32.84057112200048, -86.63186076199969)",15GRP,98,74,False,False,4,0,0.0,[],,,0.0,South,1975-06-02,28.046543463381244,74,Smokefree Indoor Air – Other Sites - Enclosed Arenas,0,0,0,0.0,1.0,0.0,0.0,0.0,0.0,0.0,0.0,0.0,0.0,0.0,0.0,1.0
2003,4,FL,Florida,Legislation - Smokefree Indoor Air,Government Worksites,Restrictions,Type of Restriction in Government Worksite,Banned,4,Ranking,2003-06-23,2003-07-01,"(28.932040377000476, -81.92896053899966)",10GRP,1,8,False,False,2,0,0.0,[],,,0.0,South,1975-06-02,28.057494866529773,8,Government Worksites - Type of Restriction in Government Worksite,0,1,1,0.0,1.0,0.0,0.0,0.0,1.0,0.0,0.0,0.0,0.0,0.0,0.0,0.0
2003,4,CT,Connecticut,Legislation - Smokefree Indoor Air,Smokefree Indoor Air – Other Sites,Restriction Areas,Hospitals,Banned,4,Ranking,2003-05-23,2003-10-01,"(41.56266102000046, -72.64984095199964)",15GRP,100,131,False,True,3,1,0.3333333333333333,['New York'],New York,58.0,0.5678310502283104,Northeast,1975-05-05,28.04928131416838,131,Smokefree Indoor Air – Other Sites - Hospitals,0,0,1,1.0,0.0,0.0,0.0,0.0,0.0,0.0,0.0,0.0,0.0,0.0,0.0,1.0
2003,4,FL,Florida,Legislation - Smokefree Indoor Air,Smokefree Indoor Air – Other Sites,Restriction Areas,Hospitals,Banned,4,Ranking,2003-03-23,2003-07-01,"(28.932040377000476, -81.92896053899966)",15GRP,100,100,False,False,2,0,0.0,[],,,0.0,South,1975-05-05,27.88227241615332,100,Smokefree Indoor Air – Other Sites - Hospitals,0,0,1,0.0,1.0,0.0,0.0,0.0,0.0,0.0,0.0,0.0,0.0,0.0,0.0,1.0
2003,4,FL,Florida,Legislation - Smokefree Indoor Air,Private Worksites,Restrictions,Type of Restriction in Private Worksite,Banned,4,Ranking,2003-06-23,2003-07-01,"(28.932040377000476, -81.92896053899966)",10GRP,20,8,False,False,2,0,0.0,[],,,0.0,South,1975-06-02,28.057494866529773,8,Private Worksites - Type of Restriction in Private Worksite,0,1,1,0.0,1.0,0.0,0.0,0.0,0.0,0.0,0.0,0.0,0.0,1.0,0.0,0.0
2003,4,AL,Alabama,Legislation - Smokefree Indoor Air,Commercial Day Care Centers,Restrictions,Type of Restriction in Commercial Day Care,Designated Areas,3,Ranking,2003-06-19,2003-09-01,"(32.84057112200048, -86.63186076199969)",10GRP,50,74,False,False,4,1,0.25,['Tennessee'],Tennessee,2929.0,0.21875,South,1963-07-12,39.937029431895965,74,Commercial Day Care Centers - Type of Restriction in Commercial Day Care,0,0,0,0.0,1.0,0.0,1.0,0.0,0.0,0.0,0.0,0.0,0.0,0.0,0.0,0.0
2003,4,CT,Connecticut,Legislation - Smokefree Indoor Air,Restaurants,Restriction Areas,Type of Restriction in Restaurant Patron Area,Banned,4,Ranking,2003-05-23,2003-10-01,"(41.56266102000046, -72.64984095199964)",15GRP,233,131,False,True,3,1,0.3333333333333333,['New York'],New York,58.0,0.5678310502283104,Northeast,1975-01-01,28.38877481177276,131,Restaurants - Type of Restriction in Restaurant Patron Area,1,0,1,1.0,0.0,0.0,0.0,0.0,0.0,0.0,0.0,0.0,0.0,0.0,1.0,0.0
2003,4,FL,Florida,Legislation - Smokefree Indoor Air,Restaurants,Restriction Areas,Type of Restriction in Restaurant Bar Area,Banned,4,Ranking,2003-06-23,2003-07-01,"(28.932040377000476, -81.92896053899966)",15GRP,231,8,False,False,2,0,0.0,[],,,0.0,South,1975-01-01,28.473648186173854,8,Restaurants - Type of Restriction in Restaurant Bar Area,1,0,1,0.0,1.0,0.0,0.0,0.0,0.0,0.0,0.0,0.0,0.0,0.0,1.0,0.0
2003,4,AL,Alabama,Legislation - Smokefree Indoor Air,Smokefree Indoor Air – Other Sites,Restriction Areas,Malls,Designated Areas,3,Ranking,2003-06-19,2003-09-01,"(32.84057112200048, -86.63186076199969)",15GRP,96,74,False,False,4,0,0.0,[],,,0.0,South,1985-05-10,18.10814510609172,74,Smokefree Indoor Air – Other Sites - Malls,0,0,0,0.0,1.0,0.0,0.0,0.0,0.0,0.0,0.0,0.0,0.0,0.0,0.0,1.0
2003,4,FL,Florida,Legislation - Smokefree Indoor Air,Hotels and Motels,Restrictions,Type of Restriction in Lobby and Common Area of Hotel and Motel,Banned,4,Ranking,2003-06-23,2003-07-01,"(28.932040377000476, -81.92896053899966)",10GRP,81,8,False,False,2,0,0.0,[],,,0.0,South,1990-01-09,13.451060917180014,8,Hotels and Motels - Type of Restriction in Lobby and Common Area of Hotel and Motel,0,0,1,0.0,1.0,0.0,0.0,0.0,0.0,0.0,1.0,0.0,0.0,0.0,0.0,0.0
2003,4,FL,Florida,Legislation - Smokefree Indoor Air,Smokefree Indoor Air – Other Sites,Restriction Areas,Substance Use - Outpatient Facilities,Banned,4,Ranking,2003-06-23,2003-07-01,"(28.932040377000476, -81.92896053899966)",15GRP,338,8,False,False,2,0,0.0,[],,,0.0,South,2002-05-31,1.0622861054072552,8,Smokefree Indoor Air – Other Sites - Substance Use - Outpatient Facilities,0,0,1,0.0,1.0,0.0,0.0,0.0,0.0,0.0,0.0,0.0,0.0,0.0,0.0,1.0
2003,4,CT,Connecticut,Legislation - Smokefree Indoor Air,Hotels and Motels,Additional Requirements,Sleeping Room Designation (Type),Smoking Room,3,Ranking,2003-05-23,2003-10-01,"(41.56266102000046, -72.64984095199964)",20GRP,83,131,False,False,3,0,0.0,[],,,0.0,Northeast,1990-01-01,13.388090349075975,131,Hotels and Motels - Sleeping Room Designation (Type),0,0,0,1.0,0.0,0.0,0.0,0.0,0.0,0.0,1.0,0.0,0.0,0.0,0.0,0.0
2003,4,FL,Florida,Legislation - Smokefree Indoor Air,Restaurants,Restrictions,Type of Restriction in Restaurant (Summary),Banned,4,Ranking,2003-06-23,2003-07-01,"(28.932040377000476, -81.92896053899966)",10GRP,37,8,False,False,2,0,0.0,[],,,0.0,South,1975-01-01,28.473648186173854,8,Restaurants - Type of Restriction in Restaurant (Summary),1,0,1,0.0,1.0,0.0,0.0,0.0,0.0,0.0,0.0,0.0,0.0,0.0,1.0,0.0
2003,4,FL,Florida,Legislation - Smokefree Indoor Air,Home-based Day Care Centers,Restrictions,Type of Restriction in Home-Based Day Care,Banned,4,Ranking,2003-05-27,2003-07-01,"(28.932040377000476, -81.92896053899966)",10GRP,65,35,False,True,2,1,0.5,['Georgia'],Georgia,3343.0,0.4375,South,1987-06-04,15.978097193702943,35,Home-based Day Care Centers - Type of Restriction in Home-Based Day Care,0,0,1,0.0,1.0,0.0,0.0,0.0,0.0,1.0,0.0,0.0,0.0,0.0,0.0,0.0
2003,4,AL,Alabama,Legislation - Smokefree Indoor Air,Government Multi-Unit Housing,Restrictions,Type of Restriction in Lobby and Common Area of Government Multi-Unit Housing,Designated Areas,3,Ranking,2003-06-19,2003-09-01,"(32.84057112200048, -86.63186076199969)",10GRP,115,74,False,False,4,0,0.0,[],,,0.0,South,1990-04-27,13.144421629021219,74,Government Multi-Unit Housing - Type of Restriction in Lobby and Common Area of Government Multi-Unit Housing,0,0,0,0.0,1.0,0.0,0.0,1.0,0.0,0.0,0.0,0.0,0.0,0.0,0.0,0.0
2003,4,AL,Alabama,Legislation - Smokefree Indoor Air,Hotels and Motels,Restrictions,Type of Restriction in Lobby and Common Area of Hotel and Motel,Designated Areas,3,Ranking,2003-06-19,2003-09-01,"(32.84057112200048, -86.63186076199969)",10GRP,81,74,False,False,4,1,0.25,['Florida'],Florida,4087.0,0.21875,South,1990-01-09,13.440109514031485,74,Hotels and Motels - Type of Restriction in Lobby and Common Area of Hotel and Motel,0,0,0,0.0,1.0,0.0,0.0,0.0,0.0,0.0,1.0,0.0,0.0,0.0,0.0,0.0
2003,4,FL,Florida,Legislation - Smokefree Indoor Air,Smokefree Indoor Air – Other Sites,Restriction Areas,Substance Use - Residential Facilities,Banned,4,Ranking,2003-06-23,2003-07-01,"(28.932040377000476, -81.92896053899966)",15GRP,339,8,False,False,2,0,0.0,[],,,0.0,South,2001-04-12,2.195756331279945,8,Smokefree Indoor Air – Other Sites - Substance Use - Residential Facilities,0,0,1,0.0,1.0,0.0,0.0,0.0,0.0,0.0,0.0,0.0,0.0,0.0,0.0,1.0
2003,4,AL,Alabama,Legislation - Smokefree Indoor Air,Private Worksites,Restrictions,Type of Restriction in Private Worksite,Designated Areas,3,Ranking,2003-06-19,2003-09-01,"(32.84057112200048, -86.63186076199969)",10GRP,20,74,False,False,4,1,0.25,['Florida'],Florida,6574.0,0.21875,South,1975-06-02,28.046543463381244,74,Private Worksites - Type of Restriction in Private Worksite,0,1,0,0.0,1.0,0.0,0.0,0.0,0.0,0.0,0.0,0.0,0.0,1.0,0.0,0.0
2003,4,AL,Alabama,Legislation - Smokefree Indoor Air,Private Multi-Unit Housing,Restrictions,Type of Restriction in Lobby and Common Area of Private Multi-Unit Housing,Designated Areas,3,Ranking,2003-06-19,2003-09-01,"(32.84057112200048, -86.63186076199969)",10GRP,125,74,False,False,4,0,0.0,[],,,0.0,South,2002-05-31,1.051334702258727,74,Private Multi-Unit Housing - Type of Restriction in Lobby and Common Area of Private Multi-Unit Housing,0,0,0,0.0,1.0,0.0,0.0,0.0,0.0,0.0,0.0,0.0,1.0,0.0,0.0,0.0
2003,4,FL,Florida,Legislation - Smokefree Indoor Air,Restaurants,Restriction Areas,Type of Restriction in Restaurant Employee Area,Banned,4,Ranking,2003-06-23,2003-07-01,"(28.932040377000476, -81.92896053899966)",15GRP,232,8,False,False,2,0,0.0,[],,,0.0,South,1975-01-01,28.473648186173854,8,Restaurants - Type of Restriction in Restaurant Employee Area,1,0,1,0.0,1.0,0.0,0.0,0.0,0.0,0.0,0.0,0.0,0.0,0.0,1.0,0.0
2003,4,AL,Alabama,Legislation - Smokefree Indoor Air,Smokefree Indoor Air – Other Sites,Restriction Areas,Hospitals,Designated Areas,3,Ranking,2003-06-19,2003-09-01,"(32.84057112200048, -86.63186076199969)",15GRP,100,74,False,False,4,2,0.5,"['Tennessee', 'Florida']",Tennessee,6574.0,0.4375,South,1975-05-05,28.123203285420946,74,Smokefree Indoor Air – Other Sites - Hospitals,0,0,0,0.0,1.0,0.0,0.0,0.0,0.0,0.0,0.0,0.0,0.0,0.0,0.0,1.0
2003,4,NY,New York,Legislation - Smokefree Indoor Air,Bars,Restriction Areas,Type of Restriction in Bar Employee Area,Banned,4,Ranking,2003-03-26,2003-07-24,"(42.82700103200045, -75.54397042699964)",15GRP,236,120,False,False,5,0,0.0,[],,,0.0,Northeast,1979-01-01,24.229979466119097,120,Bars - Type of Restriction in Bar Employee Area,0,0,1,1.0,0.0,0.0,0.0,0.0,0.0,0.0,0.0,0.0,0.0,0.0,0.0,0.0
2003,4,OK,Oklahoma,Legislation - Smokefree Indoor Air,Restaurants,Restriction Areas,Type of Restriction in Restaurant Bar Area,Designated Areas,3,Ranking,2003-06-06,2003-09-01,"(35.47203135600046, -97.52107021399968)",15GRP,231,87,False,False,6,2,0.3333333333333333,"['Kansas', 'Missouri']",Kansas,5819.0,0.2916666666666666,South,1975-01-01,28.427104722792606,87,Restaurants - Type of Restriction in Restaurant Bar Area,1,0,0,0.0,1.0,0.0,0.0,0.0,0.0,0.0,0.0,0.0,0.0,0.0,1.0,0.0
2003,4,NY,New York,Legislation - Smokefree Indoor Air,Restaurants,Restriction Areas,Type of Restriction in Restaurant Employee Area,Banned,4,Ranking,2003-03-26,2003-07-24,"(42.82700103200045, -75.54397042699964)",15GRP,232,120,False,False,5,0,0.0,[],,,0.0,Northeast,1975-01-01,28.229979466119097,120,Restaurants - Type of Restriction in Restaurant Employee Area,1,0,1,1.0,0.0,0.0,0.0,0.0,0.0,0.0,0.0,0.0,0.0,0.0,1.0,0.0
2003,4,NY,New York,Legislation - Smokefree Indoor Air,Restaurants,Restrictions,Type of Restriction in Restaurant (Summary),Banned,4,Ranking,2003-03-26,2003-07-24,"(42.82700103200045, -75.54397042699964)",10GRP,37,120,False,False,5,0,0.0,[],,,0.0,Northeast,1975-01-01,28.229979466119097,120,Restaurants - Type of Restriction in Restaurant (Summary),1,0,1,1.0,0.0,0.0,0.0,0.0,0.0,0.0,0.0,0.0,0.0,0.0,1.0,0.0
2003,4,OK,Oklahoma,Legislation - Smokefree Indoor Air,Restaurants,Restrictions,Type of Restriction in Restaurant (Summary),Designated Areas,3,Ranking,2003-06-06,2003-09-01,"(35.47203135600046, -97.52107021399968)",10GRP,37,87,False,False,6,2,0.3333333333333333,"['Kansas', 'Missouri']",Kansas,5819.0,0.2916666666666666,South,1975-01-01,28.427104722792606,87,Restaurants - Type of Restriction in Restaurant (Summary),1,0,0,0.0,1.0,0.0,0.0,0.0,0.0,0.0,0.0,0.0,0.0,0.0,1.0,0.0
2003,4,NY,New York,Legislation - Smokefree Indoor Air,Restaurants,Restriction Areas,Type of Restriction in Restaurant Bar Area,Banned,4,Ranking,2003-03-26,2003-07-24,"(42.82700103200045, -75.54397042699964)",15GRP,231,120,False,False,5,1,0.2,['Vermont'],Vermont,3589.0,0.175,Northeast,1975-01-01,28.229979466119097,120,Restaurants - Type of Restriction in Restaurant Bar Area,1,0,1,1.0,0.0,0.0,0.0,0.0,0.0,0.0,0.0,0.0,0.0,0.0,1.0,0.0
2003,4,OK,Oklahoma,Legislation - Smokefree Indoor Air,Restaurants,Restriction Areas,Type of Restriction in Restaurant Employee Area,Designated Areas,3,Ranking,2003-06-06,2003-09-01,"(35.47203135600046, -97.52107021399968)",15GRP,232,87,False,False,6,2,0.3333333333333333,"['Kansas', 'Missouri']",Kansas,5819.0,0.2916666666666666,South,1975-01-01,28.427104722792606,87,Restaurants - Type of Restriction in Restaurant Employee Area,1,0,0,0.0,1.0,0.0,0.0,0.0,0.0,0.0,0.0,0.0,0.0,0.0,1.0,0.0
2003,4,OK,Oklahoma,Legislation - Smokefree Indoor Air,Restaurants,Restriction Areas,Type of Restriction in Restaurant Patron Area,Designated Areas,3,Ranking,2003-06-06,2003-09-01,"(35.47203135600046, -97.52107021399968)",15GRP,233,87,False,False,6,2,0.3333333333333333,"['Kansas', 'Missouri']",Kansas,5819.0,0.2916666666666666,South,1975-01-01,28.427104722792606,87,Restaurants - Type of Restriction in Restaurant Patron Area,1,0,0,0.0,1.0,0.0,0.0,0.0,0.0,0.0,0.0,0.0,0.0,0.0,1.0,0.0
2003,4,NY,New York,Legislation - Smokefree Indoor Air,Smokefree Indoor Air – Other Sites,Restriction Areas,Substance Use - Residential Facilities,Designated Areas,3,Ranking,2003-03-26,2003-07-24,"(42.82700103200045, -75.54397042699964)",15GRP,339,120,False,False,5,0,0.0,[],,,0.0,Northeast,2001-04-12,1.9520876112251881,120,Smokefree Indoor Air – Other Sites - Substance Use - Residential Facilities,0,0,0,1.0,0.0,0.0,0.0,0.0,0.0,0.0,0.0,0.0,0.0,0.0,0.0,1.0
2003,4,NY,New York,Legislation - Smokefree Indoor Air,Smokefree Indoor Air – Other Sites,Restriction Areas,Malls,Banned,4,Ranking,2003-03-26,2003-07-24,"(42.82700103200045, -75.54397042699964)",15GRP,96,120,False,False,5,0,0.0,[],,,0.0,Northeast,1985-05-10,17.87542778918549,120,Smokefree Indoor Air – Other Sites - Malls,0,0,1,1.0,0.0,0.0,0.0,0.0,0.0,0.0,0.0,0.0,0.0,0.0,0.0,1.0
2003,4,NY,New York,Legislation - Smokefree Indoor Air,Home-based Day Care Centers,Restrictions,Type of Restriction in Home-Based Day Care,Banned,4,Ranking,2003-03-26,2003-07-24,"(42.82700103200045, -75.54397042699964)",10GRP,65,120,False,False,5,0,0.0,[],,,0.0,Northeast,1987-06-04,15.808350444900753,120,Home-based Day Care Centers - Type of Restriction in Home-Based Day Care,0,0,1,1.0,0.0,0.0,0.0,0.0,0.0,1.0,0.0,0.0,0.0,0.0,0.0,0.0
2003,4,OK,Oklahoma,Legislation - Smokefree Indoor Air,Home-based Day Care Centers,Restrictions,Type of Restriction in Home-Based Day Care,Banned,4,Ranking,2003-06-06,2003-11-01,"(35.47203135600046, -97.52107021399968)",10GRP,65,148,False,True,6,3,0.5,"['Kansas', 'Missouri', 'Colorado']",Kansas,3643.0,0.4375,South,1987-06-04,16.005475701574266,148,Home-based Day Care Centers - Type of Restriction in Home-Based Day Care,0,0,1,0.0,1.0,0.0,0.0,0.0,0.0,1.0,0.0,0.0,0.0,0.0,0.0,0.0
2003,4,NY,New York,Legislation - Smokefree Indoor Air,Smokefree Indoor Air – Other Sites,Restriction Areas,Hospitals,Banned,4,Ranking,2003-03-26,2003-07-25,"(42.82700103200045, -75.54397042699964)",15GRP,100,121,False,False,5,0,0.0,[],,,0.0,Northeast,1975-05-05,27.890485968514717,121,Smokefree Indoor Air – Other Sites - Hospitals,0,0,1,1.0,0.0,0.0,0.0,0.0,0.0,0.0,0.0,0.0,0.0,0.0,0.0,1.0
2003,4,OK,Oklahoma,Legislation - Smokefree Indoor Air,Smokefree Indoor Air – Other Sites,Restriction Areas,Public Transportation,Banned,4,Ranking,2003-06-06,2003-09-01,"(35.47203135600046, -97.52107021399968)",15GRP,99,87,False,False,6,1,0.1666666666666666,['Kansas'],Kansas,5897.0,0.1458333333333333,South,1973-05-04,30.088980150581794,87,Smokefree Indoor Air – Other Sites - Public Transportation,0,0,1,0.0,1.0,0.0,0.0,0.0,0.0,0.0,0.0,0.0,0.0,0.0,0.0,1.0
2003,4,NY,New York,Legislation - Smokefree Indoor Air,Smokefree Indoor Air – Other Sites,Restriction Areas,Mental Health - Outpatient Facilities,Banned,4,Ranking,2003-03-26,2003-07-25,"(42.82700103200045, -75.54397042699964)",15GRP,340,121,False,False,5,0,0.0,[],,,0.0,Northeast,1999-01-01,4.229979466119096,121,Smokefree Indoor Air – Other Sites - Mental Health - Outpatient Facilities,0,0,1,1.0,0.0,0.0,0.0,0.0,0.0,0.0,0.0,0.0,0.0,0.0,0.0,1.0
2003,4,OK,Oklahoma,Legislation - Smokefree Indoor Air,Private Worksites,Restrictions,Type of Restriction in Private Worksite,Designated Areas,3,Ranking,2003-06-06,2003-09-01,"(35.47203135600046, -97.52107021399968)",10GRP,20,87,False,False,6,1,0.1666666666666666,['Missouri'],Missouri,4012.0,0.1458333333333333,South,1975-06-02,28.01095140314853,87,Private Worksites - Type of Restriction in Private Worksite,0,1,0,0.0,1.0,0.0,0.0,0.0,0.0,0.0,0.0,0.0,0.0,1.0,0.0,0.0
2004,4,ID,Idaho,Legislation - Smokefree Indoor Air,Private Worksites,Restrictions,Type of Restriction in Private Worksite,Designated Areas,3,Ranking,2004-04-02,2004-07-01,"(43.682630005000476, -114.3637300419997)",10GRP,20,90,False,False,5,2,0.4,"['Montana', 'Utah']",Montana,9136.0,0.35,West,1975-06-02,28.83504449007529,90,Private Worksites - Type of Restriction in Private Worksite,0,1,0,0.0,0.0,1.0,0.0,0.0,0.0,0.0,0.0,0.0,0.0,1.0,0.0,0.0
2004,4,ME,Maine,Legislation - Smokefree Indoor Air,Restaurants,Restriction Areas,Type of Restriction in Restaurant Patron Area,Banned,4,Ranking,2003-06-24,2004-01-01,"(45.254228894000505, -68.98503133599962)",15GRP,233,191,False,False,1,0,0.0,[],,,0.0,Northeast,1975-01-01,28.476386036960985,191,Restaurants - Type of Restriction in Restaurant Patron Area,1,0,1,1.0,0.0,0.0,0.0,0.0,0.0,0.0,0.0,0.0,0.0,0.0,1.0,0.0
2004,4,MA,Massachusetts,Legislation - Smokefree Indoor Air,Hotels and Motels,Additional Requirements,Sleeping Room Designation (Type),Smoking Room,3,Ranking,2004-06-18,2004-07-05,"(42.27687047000046, -72.08269067499964)",20GRP,83,17,False,True,5,2,0.4,"['Connecticut', 'New York']",Connecticut,392.0,0.488904109589041,Northeast,1990-01-01,14.461327857631758,17,Hotels and Motels - Sleeping Room Designation (Type),0,0,0,1.0,0.0,0.0,0.0,0.0,0.0,0.0,1.0,0.0,0.0,0.0,0.0,0.0
2004,4,MA,Massachusetts,Legislation - Smokefree Indoor Air,Smokefree Indoor Air – Other Sites,Restriction Areas,Mental Health - Residential Facilities,Banned,4,Ranking,2004-06-18,2004-07-05,"(42.27687047000046, -72.08269067499964)",15GRP,341,17,False,False,5,0,0.0,[],,,0.0,Northeast,2001-04-12,3.184120465434634,17,Smokefree Indoor Air – Other Sites - Mental Health - Residential Facilities,0,0,1,1.0,0.0,0.0,0.0,0.0,0.0,0.0,0.0,0.0,0.0,0.0,0.0,1.0
2004,4,MA,Massachusetts,Legislation - Smokefree Indoor Air,Smokefree Indoor Air – Other Sites,Restriction Areas,Enclosed Arenas,Banned,4,Ranking,2004-06-18,2004-07-05,"(42.27687047000046, -72.08269067499964)",15GRP,98,17,False,False,5,1,0.2,['New York'],New York,450.0,0.2900684931506849,Northeast,1975-06-02,29.045859000684462,17,Smokefree Indoor Air – Other Sites - Enclosed Arenas,0,0,1,1.0,0.0,0.0,0.0,0.0,0.0,0.0,0.0,0.0,0.0,0.0,0.0,1.0
2004,4,ME,Maine,Legislation - Smokefree Indoor Air,Smokefree Indoor Air – Other Sites,Restriction Areas,Casinos (Racetrack),Designated Areas,3,Ranking,2003-06-24,2004-01-01,"(45.254228894000505, -68.98503133599962)",15GRP,336,191,False,False,1,0,0.0,[],,,0.0,Northeast,2002-05-31,1.0650239561943875,191,Smokefree Indoor Air – Other Sites - Casinos (Racetrack),0,0,0,1.0,0.0,0.0,0.0,0.0,0.0,0.0,0.0,0.0,0.0,0.0,0.0,1.0
2004,4,ID,Idaho,Legislation - Smokefree Indoor Air,Smokefree Indoor Air – Other Sites,Restriction Areas,Grocery Stores,Banned,4,Ranking,2004-04-02,2004-07-01,"(43.682630005000476, -114.3637300419997)",15GRP,97,90,False,False,5,1,0.2,['Utah'],Utah,3664.0,0.175,West,1975-06-02,28.83504449007529,90,Smokefree Indoor Air – Other Sites - Grocery Stores,0,0,1,0.0,0.0,1.0,0.0,0.0,0.0,0.0,0.0,0.0,0.0,0.0,0.0,1.0
2004,4,ME,Maine,Legislation - Smokefree Indoor Air,Restaurants,Restriction Areas,Type of Restriction in Restaurant Bar Area,Banned,4,Ranking,2003-06-24,2004-01-01,"(45.254228894000505, -68.98503133599962)",15GRP,231,191,False,False,1,0,0.0,[],,,0.0,Northeast,1975-01-01,28.476386036960985,191,Restaurants - Type of Restriction in Restaurant Bar Area,1,0,1,1.0,0.0,0.0,0.0,0.0,0.0,0.0,0.0,0.0,0.0,0.0,1.0,0.0
2004,4,MA,Massachusetts,Legislation - Smokefree Indoor Air,Smokefree Indoor Air – Other Sites,Restriction Areas,Mental Health - Outpatient Facilities,Banned,4,Ranking,2004-06-18,2004-07-05,"(42.27687047000046, -72.08269067499964)",15GRP,340,17,False,False,5,1,0.2,['New York'],New York,450.0,0.2900684931506849,Northeast,1999-01-01,5.462012320328542,17,Smokefree Indoor Air – Other Sites - Mental Health - Outpatient Facilities,0,0,1,1.0,0.0,0.0,0.0,0.0,0.0,0.0,0.0,0.0,0.0,0.0,0.0,1.0
2004,4,MN,Minnesota,Legislation - Smokefree Indoor Air,Smokefree Indoor Air – Other Sites,Restriction Areas,Mental Health - Outpatient Facilities,Banned,4,Ranking,2003-06-05,2004-01-01,"(46.35564873600049, -94.79420050299967)",15GRP,340,210,False,False,4,0,0.0,[],,,0.0,Midwest,1999-01-01,4.424366872005476,210,Smokefree Indoor Air – Other Sites - Mental Health - Outpatient Facilities,0,0,1,0.0,0.0,0.0,0.0,0.0,0.0,0.0,0.0,0.0,0.0,0.0,0.0,1.0
2004,4,MA,Massachusetts,Legislation - Smokefree Indoor Air,Smokefree Indoor Air – Other Sites,Restriction Areas,Hospitals,Banned,4,Ranking,2004-06-18,2004-07-05,"(42.27687047000046, -72.08269067499964)",15GRP,100,17,False,False,5,3,0.6,"['Connecticut', 'New York', 'New Hampshire']",Connecticut,5166.0,0.5249999999999999,Northeast,1975-05-05,29.12251882272416,17,Smokefree Indoor Air – Other Sites - Hospitals,0,0,1,1.0,0.0,0.0,0.0,0.0,0.0,0.0,0.0,0.0,0.0,0.0,0.0,1.0
2004,4,ME,Maine,Legislation - Smokefree Indoor Air,Bars,Restrictions,Type of Restriction in Bar (Summary),Banned,4,Ranking,2003-06-24,2004-01-01,"(45.254228894000505, -68.98503133599962)",10GRP,234,191,False,False,1,0,0.0,[],,,0.0,Northeast,1979-01-01,24.476386036960985,191,Bars - Type of Restriction in Bar (Summary),0,0,1,1.0,0.0,0.0,0.0,0.0,0.0,0.0,0.0,0.0,0.0,0.0,0.0,0.0
2004,4,MA,Massachusetts,Legislation - Smokefree Indoor Air,Restaurants,Restrictions,Type of Restriction in Restaurant (Summary),Banned,4,Ranking,2004-06-18,2004-07-05,"(42.27687047000046, -72.08269067499964)",10GRP,37,17,False,False,5,1,0.2,['New York'],New York,450.0,0.2900684931506849,Northeast,1975-01-01,29.462012320328544,17,Restaurants - Type of Restriction in Restaurant (Summary),1,0,1,1.0,0.0,0.0,0.0,0.0,0.0,0.0,0.0,0.0,0.0,0.0,1.0,0.0
2004,4,ID,Idaho,Legislation - Smokefree Indoor Air,Restaurants,Restrictions,Type of Restriction in Restaurant (Summary),Banned,4,Ranking,2004-04-02,2004-07-01,"(43.682630005000476, -114.3637300419997)",10GRP,37,90,False,False,5,1,0.2,['Utah'],Utah,3664.0,0.175,West,1975-01-01,29.251197809719372,90,Restaurants - Type of Restriction in Restaurant (Summary),1,0,1,0.0,0.0,1.0,0.0,0.0,0.0,0.0,0.0,0.0,0.0,0.0,1.0,0.0
2004,4,MA,Massachusetts,Legislation - Smokefree Indoor Air,Government Worksites,Vehicles,Type of Restriction in Government Worksite Vehicle,Banned,4,Ranking,2004-06-18,2004-07-05,"(42.27687047000046, -72.08269067499964)",30GRP,17,17,False,False,5,1,0.2,['New York'],New York,5462.0,0.175,Northeast,1979-01-01,25.462012320328544,17,Government Worksites - Type of Restriction in Government Worksite Vehicle,0,1,1,1.0,0.0,0.0,0.0,0.0,1.0,0.0,0.0,0.0,0.0,0.0,0.0,0.0
2004,4,ID,Idaho,Legislation - Smokefree Indoor Air,Smokefree Indoor Air – Other Sites,Restriction Areas,Enclosed Arenas,Banned,4,Ranking,2004-04-02,2004-07-01,"(43.682630005000476, -114.3637300419997)",15GRP,98,90,False,False,5,1,0.2,['Utah'],Utah,3664.0,0.175,West,1975-06-02,28.83504449007529,90,Smokefree Indoor Air – Other Sites - Enclosed Arenas,0,0,1,0.0,0.0,1.0,0.0,0.0,0.0,0.0,0.0,0.0,0.0,0.0,0.0,1.0
2004,4,MA,Massachusetts,Legislation - Smokefree Indoor Air,Smokefree Indoor Air – Other Sites,Restriction Areas,Substance Use - Residential Facilities,Banned,4,Ranking,2004-06-18,2004-07-05,"(42.27687047000046, -72.08269067499964)",15GRP,339,17,False,False,5,0,0.0,[],,,0.0,Northeast,2001-04-12,3.184120465434634,17,Smokefree Indoor Air – Other Sites - Substance Use - Residential Facilities,0,0,1,1.0,0.0,0.0,0.0,0.0,0.0,0.0,0.0,0.0,0.0,0.0,0.0,1.0
2004,4,ID,Idaho,Legislation - Smokefree Indoor Air,Restaurants,Restriction Areas,Type of Restriction in Restaurant Employee Area,Banned,4,Ranking,2004-04-02,2004-07-01,"(43.682630005000476, -114.3637300419997)",15GRP,232,90,False,False,5,1,0.2,['Utah'],Utah,3664.0,0.175,West,1975-01-01,29.251197809719372,90,Restaurants - Type of Restriction in Restaurant Employee Area,1,0,1,0.0,0.0,1.0,0.0,0.0,0.0,0.0,0.0,0.0,0.0,0.0,1.0,0.0
2004,4,ID,Idaho,Legislation - Smokefree Indoor Air,Hotels and Motels,Restrictions,Type of Restriction in Lobby and Common Area of Hotel and Motel,Banned,4,Ranking,2004-04-02,2004-07-01,"(43.682630005000476, -114.3637300419997)",10GRP,81,90,False,False,5,2,0.4,"['Utah', 'Oregon']",Utah,3664.0,0.35,West,1990-01-09,14.22861054072553,90,Hotels and Motels - Type of Restriction in Lobby and Common Area of Hotel and Motel,0,0,1,0.0,0.0,1.0,0.0,0.0,0.0,0.0,1.0,0.0,0.0,0.0,0.0,0.0
2004,4,MA,Massachusetts,Legislation - Smokefree Indoor Air,Restaurants,Restriction Areas,Type of Restriction in Restaurant Employee Area,Banned,4,Ranking,2004-06-18,2004-07-05,"(42.27687047000046, -72.08269067499964)",15GRP,232,17,False,False,5,1,0.2,['New York'],New York,450.0,0.2900684931506849,Northeast,1975-01-01,29.462012320328544,17,Restaurants - Type of Restriction in Restaurant Employee Area,1,0,1,1.0,0.0,0.0,0.0,0.0,0.0,0.0,0.0,0.0,0.0,0.0,1.0,0.0
2004,4,ID,Idaho,Legislation - Smokefree Indoor Air,Commercial Day Care Centers,Restrictions,Type of Restriction in Commercial Day Care,Banned,4,Ranking,2004-04-02,2004-07-01,"(43.682630005000476, -114.3637300419997)",10GRP,50,90,False,False,5,1,0.2,['Utah'],Utah,3664.0,0.175,West,1963-07-12,40.72553045859001,90,Commercial Day Care Centers - Type of Restriction in Commercial Day Care,0,0,1,0.0,0.0,1.0,1.0,0.0,0.0,0.0,0.0,0.0,0.0,0.0,0.0,0.0
2004,4,ME,Maine,Legislation - Smokefree Indoor Air,Hotels and Motels,Restrictions,Type of Restriction in Lobby and Common Area of Hotel and Motel,Banned,4,Ranking,1993-06-15,1994-01-01,"(45.254228894000505, -68.98503133599962)",10GRP,81,200,False,False,1,0,0.0,[],,,0.0,Northeast,1990-01-09,3.430527036276523,200,Hotels and Motels - Type of Restriction in Lobby and Common Area of Hotel and Motel,0,0,1,1.0,0.0,0.0,0.0,0.0,0.0,0.0,1.0,0.0,0.0,0.0,0.0,0.0
2004,4,CT,Connecticut,Legislation - Smokefree Indoor Air,Bars,Restriction Areas,Type of Restriction in Bar Patron Area,Banned,4,Ranking,2003-05-23,2004-04-01,"(41.56266102000046, -72.64984095199964)",15GRP,235,314,False,True,3,1,0.3333333333333333,['New York'],New York,58.0,0.5678310502283104,Northeast,1979-01-01,24.38877481177276,314,Bars - Type of Restriction in Bar Patron Area,0,0,1,1.0,0.0,0.0,0.0,0.0,0.0,0.0,0.0,0.0,0.0,0.0,0.0,0.0
2004,4,ID,Idaho,Legislation - Smokefree Indoor Air,Smokefree Indoor Air – Other Sites,Restriction Areas,Malls,Banned,4,Ranking,2004-04-02,2004-07-01,"(43.682630005000476, -114.3637300419997)",15GRP,96,90,False,False,5,1,0.2,['Utah'],Utah,3664.0,0.175,West,1985-05-10,18.89664613278576,90,Smokefree Indoor Air – Other Sites - Malls,0,0,1,0.0,0.0,1.0,0.0,0.0,0.0,0.0,0.0,0.0,0.0,0.0,0.0,1.0
2004,4,MA,Massachusetts,Legislation - Smokefree Indoor Air,Commercial Day Care Centers,Restrictions,Type of Restriction in Commercial Day Care,Banned,4,Ranking,2004-06-18,2004-07-05,"(42.27687047000046, -72.08269067499964)",10GRP,50,17,False,False,5,3,0.6,"['Rhode Island', 'New York', 'New Hampshire']",Rhode Island,5166.0,0.5249999999999999,Northeast,1963-07-12,40.936344969199176,17,Commercial Day Care Centers - Type of Restriction in Commercial Day Care,0,0,1,1.0,0.0,0.0,1.0,0.0,0.0,0.0,0.0,0.0,0.0,0.0,0.0,0.0
2004,4,ME,Maine,Legislation - Smokefree Indoor Air,Commercial Day Care Centers,Restrictions,Type of Restriction in Commercial Day Care,Banned,4,Ranking,2003-06-24,2004-01-01,"(45.254228894000505, -68.98503133599962)",10GRP,50,191,False,False,1,1,1.0,['New Hampshire'],New Hampshire,4806.0,0.7,Northeast,1963-07-12,39.950718685831625,191,Commercial Day Care Centers - Type of Restriction in Commercial Day Care,0,0,1,1.0,0.0,0.0,1.0,0.0,0.0,0.0,0.0,0.0,0.0,0.0,0.0,0.0
2004,4,MA,Massachusetts,Legislation - Smokefree Indoor Air,Restaurants,Restriction Areas,Type of Restriction in Restaurant Bar Area,Banned,4,Ranking,2004-06-18,2004-07-05,"(42.27687047000046, -72.08269067499964)",15GRP,231,17,False,False,5,3,0.6,"['Connecticut', 'New York', 'Vermont']",Connecticut,4039.0,0.5249999999999999,Northeast,1975-01-01,29.462012320328544,17,Restaurants - Type of Restriction in Restaurant Bar Area,1,0,1,1.0,0.0,0.0,0.0,0.0,0.0,0.0,0.0,0.0,0.0,0.0,1.0,0.0
2004,4,ID,Idaho,Legislation - Smokefree Indoor Air,Smokefree Indoor Air – Other Sites,Restriction Areas,Hospitals,Banned,4,Ranking,2004-04-02,2004-07-01,"(43.682630005000476, -114.3637300419997)",15GRP,100,90,False,False,5,0,0.0,[],,,0.0,West,1975-05-05,28.91170431211499,90,Smokefree Indoor Air – Other Sites - Hospitals,0,0,1,0.0,0.0,1.0,0.0,0.0,0.0,0.0,0.0,0.0,0.0,0.0,0.0,1.0
2004,4,ME,Maine,Legislation - Smokefree Indoor Air,Restaurants,Restrictions,Type of Restriction in Restaurant (Summary),Banned,4,Ranking,2003-06-24,2004-01-01,"(45.254228894000505, -68.98503133599962)",10GRP,37,191,False,False,1,0,0.0,[],,,0.0,Northeast,1975-01-01,28.476386036960985,191,Restaurants - Type of Restriction in Restaurant (Summary),1,0,1,1.0,0.0,0.0,0.0,0.0,0.0,0.0,0.0,0.0,0.0,0.0,1.0,0.0
2004,4,MN,Minnesota,Legislation - Smokefree Indoor Air,Smokefree Indoor Air – Other Sites,Restriction Areas,Substance Use - Outpatient Facilities,Banned,4,Ranking,2003-06-05,2004-01-01,"(46.35564873600049, -94.79420050299967)",15GRP,338,210,False,False,4,0,0.0,[],,,0.0,Midwest,2002-05-31,1.0130047912388775,210,Smokefree Indoor Air – Other Sites - Substance Use - Outpatient Facilities,0,0,1,0.0,0.0,0.0,0.0,0.0,0.0,0.0,0.0,0.0,0.0,0.0,0.0,1.0
2004,4,MA,Massachusetts,Legislation - Smokefree Indoor Air,Hotels and Motels,Restrictions,Type of Restriction in Lobby and Common Area of Hotel and Motel,Banned,4,Ranking,2004-06-18,2004-07-05,"(42.27687047000046, -72.08269067499964)",10GRP,81,17,False,False,5,2,0.4,"['New York', 'Vermont']",New York,4033.0,0.35,Northeast,1990-01-09,14.439425051334702,17,Hotels and Motels - Type of Restriction in Lobby and Common Area of Hotel and Motel,0,0,1,1.0,0.0,0.0,0.0,0.0,0.0,0.0,1.0,0.0,0.0,0.0,0.0,0.0
2004,4,ID,Idaho,Legislation - Smokefree Indoor Air,Hotels and Motels,Additional Requirements,Sleeping Room Designation (Type),Smoking Room,3,Ranking,2004-04-02,2004-07-01,"(43.682630005000476, -114.3637300419997)",20GRP,83,90,False,False,5,2,0.4,"['Utah', 'Oregon']",Utah,3664.0,0.35,West,1990-01-01,14.250513347022586,90,Hotels and Motels - Sleeping Room Designation (Type),0,0,0,0.0,0.0,1.0,0.0,0.0,0.0,0.0,1.0,0.0,0.0,0.0,0.0,0.0
2004,4,ID,Idaho,Legislation - Smokefree Indoor Air,Restaurants,Restriction Areas,Type of Restriction in Restaurant Bar Area,Banned,4,Ranking,2004-04-02,2004-07-01,"(43.682630005000476, -114.3637300419997)",15GRP,231,90,False,False,5,1,0.2,['Utah'],Utah,3664.0,0.175,West,1975-01-01,29.251197809719372,90,Restaurants - Type of Restriction in Restaurant Bar Area,1,0,1,0.0,0.0,1.0,0.0,0.0,0.0,0.0,0.0,0.0,0.0,0.0,1.0,0.0
2004,4,MA,Massachusetts,Legislation - Smokefree Indoor Air,Smokefree Indoor Air – Other Sites,Restriction Areas,Substance Use - Outpatient Facilities,Banned,4,Ranking,2004-06-18,2004-07-05,"(42.27687047000046, -72.08269067499964)",15GRP,338,17,False,False,5,1,0.2,['New York'],New York,450.0,0.2900684931506849,Northeast,2002-05-31,2.0506502395619437,17,Smokefree Indoor Air – Other Sites - Substance Use - Outpatient Facilities,0,0,1,1.0,0.0,0.0,0.0,0.0,0.0,0.0,0.0,0.0,0.0,0.0,0.0,1.0
2004,4,ID,Idaho,Legislation - Smokefree Indoor Air,Government Worksites,Restrictions,Type of Restriction in Government Worksite,Banned,4,Ranking,2004-04-02,2004-07-01,"(43.682630005000476, -114.3637300419997)",10GRP,1,90,False,False,5,3,0.6,"['Montana', 'Utah', 'Washington']",Montana,5695.0,0.5249999999999999,West,1975-06-02,28.83504449007529,90,Government Worksites - Type of Restriction in Government Worksite,0,1,1,0.0,0.0,1.0,0.0,0.0,1.0,0.0,0.0,0.0,0.0,0.0,0.0,0.0
2004,4,ID,Idaho,Legislation - Smokefree Indoor Air,Home-based Day Care Centers,Restrictions,Type of Restriction in Home-Based Day Care,Banned,4,Ranking,2004-04-02,2004-07-01,"(43.682630005000476, -114.3637300419997)",10GRP,65,90,False,False,5,1,0.2,['Utah'],Utah,3664.0,0.175,West,1987-06-04,16.829568788501028,90,Home-based Day Care Centers - Type of Restriction in Home-Based Day Care,0,0,1,0.0,0.0,1.0,0.0,0.0,0.0,1.0,0.0,0.0,0.0,0.0,0.0,0.0
2004,4,ME,Maine,Legislation - Smokefree Indoor Air,Bars,Restriction Areas,Type of Restriction in Bar Employee Area,Banned,4,Ranking,2003-06-24,2004-01-01,"(45.254228894000505, -68.98503133599962)",15GRP,236,191,False,False,1,0,0.0,[],,,0.0,Northeast,1979-01-01,24.476386036960985,191,Bars - Type of Restriction in Bar Employee Area,0,0,1,1.0,0.0,0.0,0.0,0.0,0.0,0.0,0.0,0.0,0.0,0.0,0.0,0.0
2004,4,CA,California,Legislation - Smokefree Indoor Air,Government Worksites,Vehicles,Type of Restriction in Government Worksite Vehicle,Banned,4,Ranking,2003-09-08,2004-01-01,"(37.63864012300047, -120.99999953799971)",30GRP,17,115,False,False,3,0,0.0,[],,,0.0,West,1979-01-01,24.684462696783026,115,Government Worksites - Type of Restriction in Government Worksite Vehicle,0,1,1,0.0,0.0,1.0,0.0,0.0,1.0,0.0,0.0,0.0,0.0,0.0,0.0,0.0
2004,4,MA,Massachusetts,Legislation - Smokefree Indoor Air,Bars,Restrictions,Type of Restriction in Bar (Summary),Banned,4,Ranking,2004-06-18,2004-07-05,"(42.27687047000046, -72.08269067499964)",10GRP,234,17,False,False,5,1,0.2,['New York'],New York,450.0,0.2900684931506849,Northeast,1979-01-01,25.462012320328544,17,Bars - Type of Restriction in Bar (Summary),0,0,1,1.0,0.0,0.0,0.0,0.0,0.0,0.0,0.0,0.0,0.0,0.0,0.0,0.0
2004,4,MA,Massachusetts,Legislation - Smokefree Indoor Air,Home-based Day Care Centers,Restrictions,Type of Restriction in Home-Based Day Care,Banned,4,Ranking,2004-06-18,2004-07-05,"(42.27687047000046, -72.08269067499964)",10GRP,65,17,False,True,5,2,0.4,"['Rhode Island', 'New York']",Rhode Island,1436.0,0.35,Northeast,1987-06-04,17.0403832991102,17,Home-based Day Care Centers - Type of Restriction in Home-Based Day Care,0,0,1,1.0,0.0,0.0,0.0,0.0,0.0,1.0,0.0,0.0,0.0,0.0,0.0,0.0
2004,4,ID,Idaho,Legislation - Smokefree Indoor Air,Restaurants,Restriction Areas,Type of Restriction in Restaurant Patron Area,Banned,4,Ranking,2004-04-02,2004-07-01,"(43.682630005000476, -114.3637300419997)",15GRP,233,90,False,False,5,1,0.2,['Utah'],Utah,3664.0,0.175,West,1975-01-01,29.251197809719372,90,Restaurants - Type of Restriction in Restaurant Patron Area,1,0,1,0.0,0.0,1.0,0.0,0.0,0.0,0.0,0.0,0.0,0.0,0.0,1.0,0.0
2004,4,MA,Massachusetts,Legislation - Smokefree Indoor Air,Bars,Restriction Areas,Type of Restriction in Bar Employee Area,Banned,4,Ranking,2004-06-18,2004-07-05,"(42.27687047000046, -72.08269067499964)",15GRP,236,17,False,False,5,1,0.2,['New York'],New York,450.0,0.2900684931506849,Northeast,1979-01-01,25.462012320328544,17,Bars - Type of Restriction in Bar Employee Area,0,0,1,1.0,0.0,0.0,0.0,0.0,0.0,0.0,0.0,0.0,0.0,0.0,0.0,0.0
2004,4,ID,Idaho,Legislation - Smokefree Indoor Air,Smokefree Indoor Air – Other Sites,Restriction Areas,Public Transportation,Banned,4,Ranking,2004-04-02,2004-07-01,"(43.682630005000476, -114.3637300419997)",15GRP,99,90,False,False,5,2,0.4,"['Utah', 'Washington']",Utah,6902.0,0.35,West,1973-05-04,30.913073237508556,90,Smokefree Indoor Air – Other Sites - Public Transportation,0,0,1,0.0,0.0,1.0,0.0,0.0,0.0,0.0,0.0,0.0,0.0,0.0,0.0,1.0
2004,4,NE,Nebraska,Legislation - Smokefree Indoor Air,Home-based Day Care Centers,Restrictions,Type of Restriction in Home-Based Day Care,Banned,4,Ranking,2004-04-15,2004-04-15,"(41.6410409880005, -99.36572062299967)",10GRP,65,0,False,False,5,4,0.8,"['South Dakota', 'Missouri', 'Kansas', 'Colorado']",South Dakota,3957.0,0.7,Midwest,1987-06-04,16.865160848733744,0,Home-based Day Care Centers - Type of Restriction in Home-Based Day Care,0,0,1,0.0,0.0,0.0,0.0,0.0,0.0,1.0,0.0,0.0,0.0,0.0,0.0,0.0
2004,4,ME,Maine,Legislation - Smokefree Indoor Air,Bars,Restriction Areas,Type of Restriction in Bar Patron Area,Banned,4,Ranking,2003-06-24,2004-01-01,"(45.254228894000505, -68.98503133599962)",15GRP,235,191,False,False,1,0,0.0,[],,,0.0,Northeast,1979-01-01,24.476386036960985,191,Bars - Type of Restriction in Bar Patron Area,0,0,1,1.0,0.0,0.0,0.0,0.0,0.0,0.0,0.0,0.0,0.0,0.0,0.0,0.0
2004,4,MA,Massachusetts,Legislation - Smokefree Indoor Air,Restaurants,Restriction Areas,Type of Restriction in Restaurant Patron Area,Banned,4,Ranking,2004-06-18,2004-07-05,"(42.27687047000046, -72.08269067499964)",15GRP,233,17,False,False,5,3,0.6,"['Connecticut', 'New York', 'Vermont']",Connecticut,4039.0,0.5249999999999999,Northeast,1975-01-01,29.462012320328544,17,Restaurants - Type of Restriction in Restaurant Patron Area,1,0,1,1.0,0.0,0.0,0.0,0.0,0.0,0.0,0.0,0.0,0.0,0.0,1.0,0.0
2004,4,MA,Massachusetts,Legislation - Smokefree Indoor Air,Private Worksites,Restrictions,Type of Restriction in Private Worksite,Banned,4,Ranking,2004-06-18,2004-07-05,"(42.27687047000046, -72.08269067499964)",10GRP,20,17,False,False,5,1,0.2,['New York'],New York,450.0,0.2900684931506849,Northeast,1975-06-02,29.045859000684462,17,Private Worksites - Type of Restriction in Private Worksite,0,1,1,1.0,0.0,0.0,0.0,0.0,0.0,0.0,0.0,0.0,0.0,1.0,0.0,0.0
2004,4,ME,Maine,Legislation - Smokefree Indoor Air,Restaurants,Restriction Areas,Type of Restriction in Restaurant Employee Area,Banned,4,Ranking,2003-06-24,2004-01-01,"(45.254228894000505, -68.98503133599962)",15GRP,232,191,False,False,1,0,0.0,[],,,0.0,Northeast,1975-01-01,28.476386036960985,191,Restaurants - Type of Restriction in Restaurant Employee Area,1,0,1,1.0,0.0,0.0,0.0,0.0,0.0,0.0,0.0,0.0,0.0,0.0,1.0,0.0
2004,4,MA,Massachusetts,Legislation - Smokefree Indoor Air,Bars,Restriction Areas,Type of Restriction in Bar Patron Area,Banned,4,Ranking,2004-06-18,2004-07-05,"(42.27687047000046, -72.08269067499964)",15GRP,235,17,False,True,5,2,0.4,"['Connecticut', 'New York']",Connecticut,450.0,0.4650684931506849,Northeast,1979-01-01,25.462012320328544,17,Bars - Type of Restriction in Bar Patron Area,0,0,1,1.0,0.0,0.0,0.0,0.0,0.0,0.0,0.0,0.0,0.0,0.0,0.0,0.0
2005,4,RI,Rhode Island,Legislation - Smokefree Indoor Air,Smokefree Indoor Air – Other Sites,Restriction Areas,Hospitals,Banned,4,Ranking,2004-06-29,2005-03-01,"(41.70828019300046, -71.52247031399963)",15GRP,100,245,False,True,2,2,1.0,"['Connecticut', 'Massachusetts']",Connecticut,403.0,0.8343835616438355,Northeast,1975-05-05,29.152635181382614,245,Smokefree Indoor Air – Other Sites - Hospitals,0,0,1,1.0,0.0,0.0,0.0,0.0,0.0,0.0,0.0,0.0,0.0,0.0,0.0,1.0
2005,4,VT,Vermont,Legislation - Smokefree Indoor Air,Bars,Restriction Areas,Type of Restriction in Bar Patron Area,Banned,4,Ranking,2005-06-01,2005-09-01,"(43.62538123900049, -72.51764079099962)",15GRP,235,92,False,True,3,2,0.6666666666666666,"['New York', 'Massachusetts']",New York,798.0,0.5833333333333333,Northeast,1979-01-01,26.414784394250514,92,Bars - Type of Restriction in Bar Patron Area,0,0,1,1.0,0.0,0.0,0.0,0.0,0.0,0.0,0.0,0.0,0.0,0.0,0.0,0.0
2005,4,MT,Montana,Legislation - Smokefree Indoor Air,Smokefree Indoor Air – Other Sites,Restriction Areas,Substance Use - Residential Facilities,Banned,4,Ranking,2005-04-15,2005-10-01,"(47.06652897200047, -109.42442064499971)",15GRP,339,169,False,False,3,0,0.0,[],,,0.0,West,2001-04-12,4.008213552361396,169,Smokefree Indoor Air – Other Sites - Substance Use - Residential Facilities,0,0,1,0.0,0.0,1.0,0.0,0.0,0.0,0.0,0.0,0.0,0.0,0.0,0.0,1.0
2005,4,WA,Washington,Legislation - Smokefree Indoor Air,Smokefree Indoor Air – Other Sites,Restriction Areas,Casinos,Banned,4,Ranking,2005-11-08,2005-12-08,"(47.52227862900048, -120.47001078999972)",15GRP,335,30,False,False,2,0,0.0,[],,,0.0,West,2003-03-26,2.622861054072553,30,Smokefree Indoor Air – Other Sites - Casinos,0,0,1,0.0,0.0,1.0,0.0,0.0,0.0,0.0,0.0,0.0,0.0,0.0,0.0,1.0
2005,4,WA,Washington,Legislation - Smokefree Indoor Air,Smokefree Indoor Air – Other Sites,Restriction Areas,Grocery Stores,Banned,4,Ranking,2005-11-08,2005-12-08,"(47.52227862900048, -120.47001078999972)",15GRP,97,30,False,True,2,1,0.5,['Idaho'],Idaho,585.0,0.4970890410958904,West,1975-06-02,30.43668720054757,30,Smokefree Indoor Air – Other Sites - Grocery Stores,0,0,1,0.0,0.0,1.0,0.0,0.0,0.0,0.0,0.0,0.0,0.0,0.0,0.0,1.0
2005,4,WA,Washington,Legislation - Smokefree Indoor Air,Restaurants,Restrictions,Type of Restriction in Restaurant (Summary),Banned,4,Ranking,2005-11-08,2005-12-08,"(47.52227862900048, -120.47001078999972)",10GRP,37,30,False,True,2,1,0.5,['Idaho'],Idaho,585.0,0.4970890410958904,West,1975-01-01,30.85284052019165,30,Restaurants - Type of Restriction in Restaurant (Summary),1,0,1,0.0,0.0,1.0,0.0,0.0,0.0,0.0,0.0,0.0,0.0,0.0,1.0,0.0
2005,4,RI,Rhode Island,Legislation - Smokefree Indoor Air,Restaurants,Restriction Areas,Type of Restriction in Restaurant Employee Area,Banned,4,Ranking,2004-06-29,2005-03-01,"(41.70828019300046, -71.52247031399963)",15GRP,232,245,False,True,2,1,0.5,['Massachusetts'],Massachusetts,11.0,0.7329794520547945,Northeast,1975-01-01,29.492128678986994,245,Restaurants - Type of Restriction in Restaurant Employee Area,1,0,1,1.0,0.0,0.0,0.0,0.0,0.0,0.0,0.0,0.0,0.0,0.0,1.0,0.0
2005,4,WA,Washington,Legislation - Smokefree Indoor Air,Restaurants,Restriction Areas,Type of Restriction in Restaurant Bar Area,Banned,4,Ranking,2005-11-08,2005-12-08,"(47.52227862900048, -120.47001078999972)",15GRP,231,30,False,True,2,1,0.5,['Idaho'],Idaho,585.0,0.4970890410958904,West,1975-01-01,30.85284052019165,30,Restaurants - Type of Restriction in Restaurant Bar Area,1,0,1,0.0,0.0,1.0,0.0,0.0,0.0,0.0,0.0,0.0,0.0,0.0,1.0,0.0
2005,4,RI,Rhode Island,Legislation - Smokefree Indoor Air,Smokefree Indoor Air – Other Sites,Restriction Areas,Public Transportation,Banned,4,Ranking,2004-06-29,2005-03-01,"(41.70828019300046, -71.52247031399963)",15GRP,99,245,False,False,2,1,0.5,['Massachusetts'],Massachusetts,6011.0,0.4375,Northeast,1973-05-04,31.15400410677618,245,Smokefree Indoor Air – Other Sites - Public Transportation,0,0,1,1.0,0.0,0.0,0.0,0.0,0.0,0.0,0.0,0.0,0.0,0.0,0.0,1.0
2005,4,RI,Rhode Island,Legislation - Smokefree Indoor Air,Restaurants,Restriction Areas,Type of Restriction in Restaurant Patron Area,Banned,4,Ranking,2004-06-29,2005-03-01,"(41.70828019300046, -71.52247031399963)",15GRP,233,245,False,True,2,2,1.0,"['Connecticut', 'Massachusetts']",Connecticut,403.0,0.8343835616438355,Northeast,1975-01-01,29.492128678986994,245,Restaurants - Type of Restriction in Restaurant Patron Area,1,0,1,1.0,0.0,0.0,0.0,0.0,0.0,0.0,0.0,0.0,0.0,0.0,1.0,0.0
2005,4,MT,Montana,Legislation - Smokefree Indoor Air,Smokefree Indoor Air – Other Sites,Restriction Areas,Substance Use - Outpatient Facilities,Banned,4,Ranking,2005-04-15,2005-10-01,"(47.06652897200047, -109.42442064499971)",15GRP,338,169,False,False,3,0,0.0,[],,,0.0,West,2002-05-31,2.8747433264887063,169,Smokefree Indoor Air – Other Sites - Substance Use - Outpatient Facilities,0,0,1,0.0,0.0,1.0,0.0,0.0,0.0,0.0,0.0,0.0,0.0,0.0,0.0,1.0
2005,4,RI,Rhode Island,Legislation - Smokefree Indoor Air,Hotels and Motels,Restrictions,Type of Restriction in Lobby and Common Area of Hotel and Motel,Banned,4,Ranking,2004-06-29,2005-03-01,"(41.70828019300046, -71.52247031399963)",10GRP,81,245,False,True,2,1,0.5,['Massachusetts'],Massachusetts,11.0,0.7329794520547945,Northeast,1990-01-09,14.469541409993155,245,Hotels and Motels - Type of Restriction in Lobby and Common Area of Hotel and Motel,0,0,1,1.0,0.0,0.0,0.0,0.0,0.0,0.0,1.0,0.0,0.0,0.0,0.0,0.0
2005,4,WA,Washington,Legislation - Smokefree Indoor Air,Smokefree Indoor Air – Other Sites,Restriction Areas,Enclosed Arenas,Banned,4,Ranking,2005-11-08,2005-12-08,"(47.52227862900048, -120.47001078999972)",15GRP,98,30,False,True,2,1,0.5,['Idaho'],Idaho,585.0,0.4970890410958904,West,1975-06-02,30.43668720054757,30,Smokefree Indoor Air – Other Sites - Enclosed Arenas,0,0,1,0.0,0.0,1.0,0.0,0.0,0.0,0.0,0.0,0.0,0.0,0.0,0.0,1.0
2005,4,WA,Washington,Legislation - Smokefree Indoor Air,Private Worksites,Restrictions,Type of Restriction in Private Worksite,Banned,4,Ranking,2005-11-08,2005-12-08,"(47.52227862900048, -120.47001078999972)",10GRP,20,30,False,False,2,0,0.0,[],,,0.0,West,1975-06-02,30.43668720054757,30,Private Worksites - Type of Restriction in Private Worksite,0,1,1,0.0,0.0,1.0,0.0,0.0,0.0,0.0,0.0,0.0,0.0,1.0,0.0,0.0
2005,4,MT,Montana,Legislation - Smokefree Indoor Air,Hotels and Motels,Additional Requirements,Sleeping Room Designation (Type),Smoking Room,3,Ranking,2005-04-18,2005-10-01,"(47.06652897200047, -109.42442064499971)",20GRP,83,166,False,True,3,2,0.6666666666666666,"['South Dakota', 'Idaho']",South Dakota,1151.0,0.5833333333333333,West,1990-01-01,15.293634496919918,166,Hotels and Motels - Sleeping Room Designation (Type),0,0,0,0.0,0.0,1.0,0.0,0.0,0.0,0.0,1.0,0.0,0.0,0.0,0.0,0.0
2005,4,MT,Montana,Legislation - Smokefree Indoor Air,Smokefree Indoor Air – Other Sites,Restriction Areas,Public Transportation,Banned,4,Ranking,2005-04-17,2005-10-01,"(47.06652897200047, -109.42442064499971)",15GRP,99,167,False,True,3,2,0.6666666666666666,"['South Dakota', 'Idaho']",South Dakota,1150.0,0.5833333333333333,West,1973-05-04,31.953456536618756,167,Smokefree Indoor Air – Other Sites - Public Transportation,0,0,1,0.0,0.0,1.0,0.0,0.0,0.0,0.0,0.0,0.0,0.0,0.0,0.0,1.0
2005,4,ND,North Dakota,Legislation - Smokefree Indoor Air,Hotels and Motels,Restrictions,Type of Restriction in Lobby and Common Area of Hotel and Motel,Banned,4,Ranking,2005-05-25,2005-08-01,"(47.47531977900047, -100.11842104899966)",10GRP,81,68,False,True,3,2,0.6666666666666666,"['South Dakota', 'Montana']",South Dakota,1188.0,0.5833333333333333,Midwest,1990-01-09,15.373032169746748,68,Hotels and Motels - Type of Restriction in Lobby and Common Area of Hotel and Motel,0,0,1,0.0,0.0,0.0,0.0,0.0,0.0,0.0,1.0,0.0,0.0,0.0,0.0,0.0
2005,4,RI,Rhode Island,Legislation - Smokefree Indoor Air,Government Worksites,Vehicles,Type of Restriction in Government Worksite Vehicle,Banned,4,Ranking,2004-06-29,2005-03-01,"(41.70828019300046, -71.52247031399963)",30GRP,17,245,False,True,2,1,0.5,['Massachusetts'],Massachusetts,11.0,0.7329794520547945,Northeast,1979-01-01,25.492128678986994,245,Government Worksites - Type of Restriction in Government Worksite Vehicle,0,1,1,1.0,0.0,0.0,0.0,0.0,1.0,0.0,0.0,0.0,0.0,0.0,0.0,0.0
2005,4,RI,Rhode Island,Legislation - Smokefree Indoor Air,Smokefree Indoor Air – Other Sites,Restriction Areas,Enclosed Arenas,Banned,4,Ranking,2004-06-29,2005-03-01,"(41.70828019300046, -71.52247031399963)",15GRP,98,245,False,True,2,1,0.5,['Massachusetts'],Massachusetts,11.0,0.7329794520547945,Northeast,1975-06-02,29.075975359342916,245,Smokefree Indoor Air – Other Sites - Enclosed Arenas,0,0,1,1.0,0.0,0.0,0.0,0.0,0.0,0.0,0.0,0.0,0.0,0.0,0.0,1.0
2005,4,RI,Rhode Island,Legislation - Smokefree Indoor Air,Government Worksites,Restrictions,Type of Restriction in Government Worksite,Banned,4,Ranking,2004-06-29,2005-03-01,"(41.70828019300046, -71.52247031399963)",10GRP,1,245,False,True,2,1,0.5,['Massachusetts'],Massachusetts,2497.0,0.4375,Northeast,1975-06-02,29.075975359342916,245,Government Worksites - Type of Restriction in Government Worksite,0,1,1,1.0,0.0,0.0,0.0,0.0,1.0,0.0,0.0,0.0,0.0,0.0,0.0,0.0
2005,4,RI,Rhode Island,Legislation - Smokefree Indoor Air,Private Worksites,Vehicles,Type of Restriction in Private Worksite Vehicle,Banned,4,Ranking,2004-06-29,2005-03-01,"(41.70828019300046, -71.52247031399963)",30GRP,34,245,False,False,2,0,0.0,[],,,0.0,Northeast,1987-06-04,17.07049965776865,245,Private Worksites - Type of Restriction in Private Worksite Vehicle,0,1,1,1.0,0.0,0.0,0.0,0.0,0.0,0.0,0.0,0.0,0.0,1.0,0.0,0.0
2005,4,ND,North Dakota,Legislation - Smokefree Indoor Air,Smokefree Indoor Air – Other Sites,Restriction Areas,Enclosed Arenas,Banned,4,Ranking,2005-04-25,2005-08-01,"(47.47531977900047, -100.11842104899966)",15GRP,98,98,False,True,3,2,0.6666666666666666,"['South Dakota', 'Montana']",South Dakota,1158.0,0.5833333333333333,Midwest,1975-06-02,29.897330595482547,98,Smokefree Indoor Air – Other Sites - Enclosed Arenas,0,0,1,0.0,0.0,0.0,0.0,0.0,0.0,0.0,0.0,0.0,0.0,0.0,0.0,1.0
2005,4,RI,Rhode Island,Legislation - Smokefree Indoor Air,Private Multi-Unit Housing,Restrictions,Type of Restriction in Lobby and Common Area of Private Multi-Unit Housing,Banned,4,Ranking,2004-06-29,2005-03-01,"(41.70828019300046, -71.52247031399963)",10GRP,125,245,False,False,2,0,0.0,[],,,0.0,Northeast,2002-05-31,2.080766598220397,245,Private Multi-Unit Housing - Type of Restriction in Lobby and Common Area of Private Multi-Unit Housing,0,0,1,1.0,0.0,0.0,0.0,0.0,0.0,0.0,0.0,0.0,1.0,0.0,0.0,0.0
2005,4,WA,Washington,Legislation - Smokefree Indoor Air,Restaurants,Restriction Areas,Type of Restriction in Restaurant Employee Area,Banned,4,Ranking,2005-11-08,2005-12-08,"(47.52227862900048, -120.47001078999972)",15GRP,232,30,False,True,2,1,0.5,['Idaho'],Idaho,585.0,0.4970890410958904,West,1975-01-01,30.85284052019165,30,Restaurants - Type of Restriction in Restaurant Employee Area,1,0,1,0.0,0.0,1.0,0.0,0.0,0.0,0.0,0.0,0.0,0.0,0.0,1.0,0.0
2005,4,MT,Montana,Legislation - Smokefree Indoor Air,Smokefree Indoor Air – Other Sites,Restriction Areas,Malls,Banned,4,Ranking,2005-04-17,2005-10-01,"(47.06652897200047, -109.42442064499971)",15GRP,96,167,False,True,3,2,0.6666666666666666,"['South Dakota', 'Idaho']",South Dakota,1150.0,0.5833333333333333,West,1985-05-10,19.93702943189596,167,Smokefree Indoor Air – Other Sites - Malls,0,0,1,0.0,0.0,1.0,0.0,0.0,0.0,0.0,0.0,0.0,0.0,0.0,0.0,1.0
2005,4,WA,Washington,Legislation - Smokefree Indoor Air,Restaurants,Restriction Areas,Type of Restriction in Restaurant Patron Area,Banned,4,Ranking,2005-11-08,2005-12-08,"(47.52227862900048, -120.47001078999972)",15GRP,233,30,False,True,2,1,0.5,['Idaho'],Idaho,585.0,0.4970890410958904,West,1975-01-01,30.85284052019165,30,Restaurants - Type of Restriction in Restaurant Patron Area,1,0,1,0.0,0.0,1.0,0.0,0.0,0.0,0.0,0.0,0.0,0.0,0.0,1.0,0.0
2005,4,VT,Vermont,Legislation - Smokefree Indoor Air,Bars,Restrictions,Type of Restriction in Bar (Summary),Designated Areas,3,Ranking,2005-06-01,2005-09-01,"(43.62538123900049, -72.51764079099962)",10GRP,234,92,False,False,3,0,0.0,[],,,0.0,Northeast,1979-01-01,26.414784394250514,92,Bars - Type of Restriction in Bar (Summary),0,0,0,1.0,0.0,0.0,0.0,0.0,0.0,0.0,0.0,0.0,0.0,0.0,0.0,0.0
2005,4,ND,North Dakota,Legislation - Smokefree Indoor Air,Smokefree Indoor Air – Other Sites,Restriction Areas,Grocery Stores,Banned,4,Ranking,2005-04-25,2005-08-01,"(47.47531977900047, -100.11842104899966)",15GRP,97,98,False,True,3,2,0.6666666666666666,"['South Dakota', 'Montana']",South Dakota,1158.0,0.5833333333333333,Midwest,1975-06-02,29.897330595482547,98,Smokefree Indoor Air – Other Sites - Grocery Stores,0,0,1,0.0,0.0,0.0,0.0,0.0,0.0,0.0,0.0,0.0,0.0,0.0,0.0,1.0
2005,4,RI,Rhode Island,Legislation - Smokefree Indoor Air,Bars,Restrictions,Type of Restriction in Bar (Summary),Banned,4,Ranking,2004-06-29,2005-03-01,"(41.70828019300046, -71.52247031399963)",10GRP,234,245,False,True,2,1,0.5,['Massachusetts'],Massachusetts,11.0,0.7329794520547945,Northeast,1979-01-01,25.492128678986994,245,Bars - Type of Restriction in Bar (Summary),0,0,1,1.0,0.0,0.0,0.0,0.0,0.0,0.0,0.0,0.0,0.0,0.0,0.0,0.0
2005,4,MT,Montana,Legislation - Smokefree Indoor Air,Smokefree Indoor Air – Other Sites,Restriction Areas,Enclosed Arenas,Banned,4,Ranking,2005-04-17,2005-10-01,"(47.06652897200047, -109.42442064499971)",15GRP,98,167,False,True,3,2,0.6666666666666666,"['South Dakota', 'Idaho']",South Dakota,1150.0,0.5833333333333333,West,1975-06-02,29.87542778918549,167,Smokefree Indoor Air – Other Sites - Enclosed Arenas,0,0,1,0.0,0.0,1.0,0.0,0.0,0.0,0.0,0.0,0.0,0.0,0.0,0.0,1.0
2005,4,WA,Washington,Legislation - Smokefree Indoor Air,Commercial Day Care Centers,Restrictions,Type of Restriction in Commercial Day Care,Banned,4,Ranking,2005-11-08,2005-12-08,"(47.52227862900048, -120.47001078999972)",10GRP,50,30,False,True,2,1,0.5,['Idaho'],Idaho,585.0,0.4970890410958904,West,1963-07-12,42.327173169062284,30,Commercial Day Care Centers - Type of Restriction in Commercial Day Care,0,0,1,0.0,0.0,1.0,1.0,0.0,0.0,0.0,0.0,0.0,0.0,0.0,0.0,0.0
2005,4,WA,Washington,Legislation - Smokefree Indoor Air,Smokefree Indoor Air – Other Sites,Restriction Areas,Mental Health - Residential Facilities,Banned,4,Ranking,2005-11-08,2005-12-08,"(47.52227862900048, -120.47001078999972)",15GRP,341,30,False,False,2,0,0.0,[],,,0.0,West,2001-04-12,4.574948665297741,30,Smokefree Indoor Air – Other Sites - Mental Health - Residential Facilities,0,0,1,0.0,0.0,1.0,0.0,0.0,0.0,0.0,0.0,0.0,0.0,0.0,0.0,1.0
2005,4,RI,Rhode Island,Legislation - Smokefree Indoor Air,Hotels and Motels,Additional Requirements,Sleeping Room Designation (Type),Smoking Room,3,Ranking,2004-06-29,2005-03-01,"(41.70828019300046, -71.52247031399963)",20GRP,83,245,False,True,2,2,1.0,"['Connecticut', 'Massachusetts']",Connecticut,403.0,0.8343835616438355,Northeast,1990-01-01,14.491444216290212,245,Hotels and Motels - Sleeping Room Designation (Type),0,0,0,1.0,0.0,0.0,0.0,0.0,0.0,0.0,1.0,0.0,0.0,0.0,0.0,0.0
2005,4,ND,North Dakota,Legislation - Smokefree Indoor Air,Hotels and Motels,Additional Requirements,Sleeping Room Designation (Type),Smoking Room,3,Ranking,2005-05-25,2005-08-01,"(47.47531977900047, -100.11842104899966)",20GRP,83,68,False,True,3,2,0.6666666666666666,"['South Dakota', 'Montana']",South Dakota,1188.0,0.5833333333333333,Midwest,1990-01-01,15.394934976043805,68,Hotels and Motels - Sleeping Room Designation (Type),0,0,0,0.0,0.0,0.0,0.0,0.0,0.0,0.0,1.0,0.0,0.0,0.0,0.0,0.0
2005,4,MT,Montana,Legislation - Smokefree Indoor Air,Restaurants,Restriction Areas,Type of Restriction in Restaurant Bar Area,Banned,4,Ranking,2005-04-18,2005-10-01,"(47.06652897200047, -109.42442064499971)",15GRP,231,166,False,True,3,1,0.3333333333333333,['Idaho'],Idaho,381.0,0.4350913242009132,West,1975-01-01,30.2943189596167,166,Restaurants - Type of Restriction in Restaurant Bar Area,1,0,1,0.0,0.0,1.0,0.0,0.0,0.0,0.0,0.0,0.0,0.0,0.0,1.0,0.0
2005,4,MT,Montana,Legislation - Smokefree Indoor Air,Private Worksites,Restrictions,Type of Restriction in Private Worksite,Banned,4,Ranking,2005-04-15,2005-10-01,"(47.06652897200047, -109.42442064499971)",10GRP,20,169,False,True,3,1,0.3333333333333333,['South Dakota'],South Dakota,1148.0,0.2916666666666666,West,1975-06-02,29.869952087611225,169,Private Worksites - Type of Restriction in Private Worksite,0,1,1,0.0,0.0,1.0,0.0,0.0,0.0,0.0,0.0,0.0,0.0,1.0,0.0,0.0
2005,4,ND,North Dakota,Legislation - Smokefree Indoor Air,Private Multi-Unit Housing,Restrictions,Type of Restriction in Lobby and Common Area of Private Multi-Unit Housing,Banned,4,Ranking,2005-04-25,2005-08-01,"(47.47531977900047, -100.11842104899966)",10GRP,125,98,False,False,3,0,0.0,[],,,0.0,Midwest,2002-05-31,2.9021218343600275,98,Private Multi-Unit Housing - Type of Restriction in Lobby and Common Area of Private Multi-Unit Housing,0,0,1,0.0,0.0,0.0,0.0,0.0,0.0,0.0,0.0,0.0,1.0,0.0,0.0,0.0
2005,4,RI,Rhode Island,Legislation - Smokefree Indoor Air,Smokefree Indoor Air – Other Sites,Restriction Areas,Bingo Halls,Banned,4,Ranking,2004-06-29,2005-03-01,"(41.70828019300046, -71.52247031399963)",15GRP,337,245,False,False,2,0,0.0,[],,,0.0,Northeast,2003-03-26,1.2621492128678986,245,Smokefree Indoor Air – Other Sites - Bingo Halls,0,0,1,1.0,0.0,0.0,0.0,0.0,0.0,0.0,0.0,0.0,0.0,0.0,0.0,1.0
2005,4,RI,Rhode Island,Legislation - Smokefree Indoor Air,Private Worksites,Restrictions,Type of Restriction in Private Worksite,Banned,4,Ranking,2004-06-29,2005-03-01,"(41.70828019300046, -71.52247031399963)",10GRP,20,245,False,True,2,1,0.5,['Massachusetts'],Massachusetts,11.0,0.7329794520547945,Northeast,1975-06-02,29.075975359342916,245,Private Worksites - Type of Restriction in Private Worksite,0,1,1,1.0,0.0,0.0,0.0,0.0,0.0,0.0,0.0,0.0,0.0,1.0,0.0,0.0
2005,4,WA,Washington,Legislation - Smokefree Indoor Air,Bars,Restrictions,Type of Restriction in Bar (Summary),Banned,4,Ranking,2005-11-08,2005-12-08,"(47.52227862900048, -120.47001078999972)",10GRP,234,30,False,False,2,0,0.0,[],,,0.0,West,1979-01-01,26.85284052019165,30,Bars - Type of Restriction in Bar (Summary),0,0,1,0.0,0.0,1.0,0.0,0.0,0.0,0.0,0.0,0.0,0.0,0.0,0.0,0.0
2005,4,WA,Washington,Legislation - Smokefree Indoor Air,Smokefree Indoor Air – Other Sites,Restriction Areas,Substance Use - Residential Facilities,Banned,4,Ranking,2005-11-08,2005-12-08,"(47.52227862900048, -120.47001078999972)",15GRP,339,30,False,False,2,0,0.0,[],,,0.0,West,2001-04-12,4.574948665297741,30,Smokefree Indoor Air – Other Sites - Substance Use - Residential Facilities,0,0,1,0.0,0.0,1.0,0.0,0.0,0.0,0.0,0.0,0.0,0.0,0.0,0.0,1.0
2005,4,RI,Rhode Island,Legislation - Smokefree Indoor Air,Smokefree Indoor Air – Other Sites,Restriction Areas,Grocery Stores,Banned,4,Ranking,2004-06-29,2005-03-01,"(41.70828019300046, -71.52247031399963)",15GRP,97,245,False,False,2,2,1.0,"['Connecticut', 'Massachusetts']",Connecticut,6011.0,0.7,Northeast,1975-06-02,29.075975359342916,245,Smokefree Indoor Air – Other Sites - Grocery Stores,0,0,1,1.0,0.0,0.0,0.0,0.0,0.0,0.0,0.0,0.0,0.0,0.0,0.0,1.0
2005,4,MT,Montana,Legislation - Smokefree Indoor Air,Hotels and Motels,Restrictions,Type of Restriction in Lobby and Common Area of Hotel and Motel,Banned,4,Ranking,2005-04-18,2005-10-01,"(47.06652897200047, -109.42442064499971)",10GRP,81,166,False,True,3,2,0.6666666666666666,"['South Dakota', 'Idaho']",South Dakota,1151.0,0.5833333333333333,West,1990-01-09,15.271731690622861,166,Hotels and Motels - Type of Restriction in Lobby and Common Area of Hotel and Motel,0,0,1,0.0,0.0,1.0,0.0,0.0,0.0,0.0,1.0,0.0,0.0,0.0,0.0,0.0
2005,4,WA,Washington,Legislation - Smokefree Indoor Air,Smokefree Indoor Air – Other Sites,Restriction Areas,Malls,Banned,4,Ranking,2005-11-08,2005-12-08,"(47.52227862900048, -120.47001078999972)",15GRP,96,30,False,True,2,1,0.5,['Idaho'],Idaho,585.0,0.4970890410958904,West,1985-05-10,20.49828884325804,30,Smokefree Indoor Air – Other Sites - Malls,0,0,1,0.0,0.0,1.0,0.0,0.0,0.0,0.0,0.0,0.0,0.0,0.0,0.0,1.0
2005,4,WA,Washington,Legislation - Smokefree Indoor Air,Government Worksites,Restrictions,Type of Restriction in Government Worksite,Banned,4,Ranking,2005-11-08,2005-12-08,"(47.52227862900048, -120.47001078999972)",10GRP,1,30,False,False,2,1,0.5,['Idaho'],Idaho,5054.0,0.4375,West,1975-06-02,30.43668720054757,30,Government Worksites - Type of Restriction in Government Worksite,0,1,1,0.0,0.0,1.0,0.0,0.0,1.0,0.0,0.0,0.0,0.0,0.0,0.0,0.0
2005,4,ND,North Dakota,Legislation - Smokefree Indoor Air,Smokefree Indoor Air – Other Sites,Restriction Areas,Public Transportation,Banned,4,Ranking,2005-04-25,2005-08-01,"(47.47531977900047, -100.11842104899966)",15GRP,99,98,False,True,3,2,0.6666666666666666,"['South Dakota', 'Montana']",South Dakota,1158.0,0.5833333333333333,Midwest,1973-05-04,31.975359342915812,98,Smokefree Indoor Air – Other Sites - Public Transportation,0,0,1,0.0,0.0,0.0,0.0,0.0,0.0,0.0,0.0,0.0,0.0,0.0,0.0,1.0
2005,4,MT,Montana,Legislation - Smokefree Indoor Air,Smokefree Indoor Air – Other Sites,Restriction Areas,Mental Health - Outpatient Facilities,Banned,4,Ranking,2005-04-15,2005-10-01,"(47.06652897200047, -109.42442064499971)",15GRP,340,169,False,False,3,0,0.0,[],,,0.0,West,1999-01-01,6.286105407255304,169,Smokefree Indoor Air – Other Sites - Mental Health - Outpatient Facilities,0,0,1,0.0,0.0,1.0,0.0,0.0,0.0,0.0,0.0,0.0,0.0,0.0,0.0,1.0
2005,4,RI,Rhode Island,Legislation - Smokefree Indoor Air,Bars,Restriction Areas,Type of Restriction in Bar Employee Area,Banned,4,Ranking,2004-06-29,2005-03-01,"(41.70828019300046, -71.52247031399963)",15GRP,236,245,False,True,2,1,0.5,['Massachusetts'],Massachusetts,11.0,0.7329794520547945,Northeast,1979-01-01,25.492128678986994,245,Bars - Type of Restriction in Bar Employee Area,0,0,1,1.0,0.0,0.0,0.0,0.0,0.0,0.0,0.0,0.0,0.0,0.0,0.0,0.0
2005,4,RI,Rhode Island,Legislation - Smokefree Indoor Air,Bars,Restriction Areas,Type of Restriction in Bar Patron Area,Banned,4,Ranking,2004-06-29,2005-03-01,"(41.70828019300046, -71.52247031399963)",15GRP,235,245,False,True,2,2,1.0,"['Connecticut', 'Massachusetts']",Connecticut,403.0,0.8343835616438355,Northeast,1979-01-01,25.492128678986994,245,Bars - Type of Restriction in Bar Patron Area,0,0,1,1.0,0.0,0.0,0.0,0.0,0.0,0.0,0.0,0.0,0.0,0.0,0.0,0.0
2005,4,RI,Rhode Island,Legislation - Smokefree Indoor Air,Restaurants,Restrictions,Type of Restriction in Restaurant (Summary),Banned,4,Ranking,2004-06-29,2005-03-01,"(41.70828019300046, -71.52247031399963)",10GRP,37,245,False,True,2,1,0.5,['Massachusetts'],Massachusetts,11.0,0.7329794520547945,Northeast,1975-01-01,29.492128678986994,245,Restaurants - Type of Restriction in Restaurant (Summary),1,0,1,1.0,0.0,0.0,0.0,0.0,0.0,0.0,0.0,0.0,0.0,0.0,1.0,0.0
2005,4,WA,Washington,Legislation - Smokefree Indoor Air,Home-based Day Care Centers,Restrictions,Type of Restriction in Home-Based Day Care,Banned,4,Ranking,2005-11-08,2005-12-08,"(47.52227862900048, -120.47001078999972)",10GRP,65,30,False,True,2,1,0.5,['Idaho'],Idaho,585.0,0.4970890410958904,West,1987-06-04,18.431211498973305,30,Home-based Day Care Centers - Type of Restriction in Home-Based Day Care,0,0,1,0.0,0.0,1.0,0.0,0.0,0.0,1.0,0.0,0.0,0.0,0.0,0.0,0.0
2005,4,MT,Montana,Legislation - Smokefree Indoor Air,Commercial Day Care Centers,Restrictions,Type of Restriction in Commercial Day Care,Banned,4,Ranking,2005-04-16,2005-10-01,"(47.06652897200047, -109.42442064499971)",10GRP,50,168,False,False,3,3,1.0,"['North Dakota', 'South Dakota', 'Idaho']",North Dakota,4398.0,0.7,West,1963-07-12,41.76317590691308,168,Commercial Day Care Centers - Type of Restriction in Commercial Day Care,0,0,1,0.0,0.0,1.0,1.0,0.0,0.0,0.0,0.0,0.0,0.0,0.0,0.0,0.0
2005,4,MT,Montana,Legislation - Smokefree Indoor Air,Restaurants,Restriction Areas,Type of Restriction in Restaurant Employee Area,Banned,4,Ranking,2005-04-18,2005-10-01,"(47.06652897200047, -109.42442064499971)",15GRP,232,166,False,True,3,2,0.6666666666666666,"['South Dakota', 'Idaho']",South Dakota,1151.0,0.5833333333333333,West,1975-01-01,30.2943189596167,166,Restaurants - Type of Restriction in Restaurant Employee Area,1,0,1,0.0,0.0,1.0,0.0,0.0,0.0,0.0,0.0,0.0,0.0,0.0,1.0,0.0
2005,4,ND,North Dakota,Legislation - Smokefree Indoor Air,Restaurants,Restriction Areas,Type of Restriction in Restaurant Employee Area,Banned,4,Ranking,2005-04-25,2005-08-01,"(47.47531977900047, -100.11842104899966)",15GRP,232,98,False,True,3,2,0.6666666666666666,"['South Dakota', 'Montana']",South Dakota,1158.0,0.5833333333333333,Midwest,1975-01-01,30.313483915126625,98,Restaurants - Type of Restriction in Restaurant Employee Area,1,0,1,0.0,0.0,0.0,0.0,0.0,0.0,0.0,0.0,0.0,0.0,0.0,1.0,0.0
2005,4,MT,Montana,Legislation - Smokefree Indoor Air,Restaurants,Restriction Areas,Type of Restriction in Restaurant Patron Area,Banned,4,Ranking,2005-04-18,2005-10-01,"(47.06652897200047, -109.42442064499971)",15GRP,233,166,False,True,3,2,0.6666666666666666,"['South Dakota', 'Idaho']",South Dakota,1151.0,0.5833333333333333,West,1975-01-01,30.2943189596167,166,Restaurants - Type of Restriction in Restaurant Patron Area,1,0,1,0.0,0.0,1.0,0.0,0.0,0.0,0.0,0.0,0.0,0.0,0.0,1.0,0.0
2005,4,ND,North Dakota,Legislation - Smokefree Indoor Air,Government Multi-Unit Housing,Restrictions,Type of Restriction in Lobby and Common Area of Government Multi-Unit Housing,Banned,4,Ranking,2005-04-25,2005-08-01,"(47.47531977900047, -100.11842104899966)",10GRP,115,98,False,False,3,0,0.0,[],,,0.0,Midwest,1990-04-27,14.99520876112252,98,Government Multi-Unit Housing - Type of Restriction in Lobby and Common Area of Government Multi-Unit Housing,0,0,1,0.0,0.0,0.0,0.0,1.0,0.0,0.0,0.0,0.0,0.0,0.0,0.0,0.0
2005,4,ND,North Dakota,Legislation - Smokefree Indoor Air,Restaurants,Restriction Areas,Type of Restriction in Restaurant Patron Area,Banned,4,Ranking,2005-04-25,2005-08-01,"(47.47531977900047, -100.11842104899966)",15GRP,233,98,False,True,3,2,0.6666666666666666,"['South Dakota', 'Montana']",South Dakota,1158.0,0.5833333333333333,Midwest,1975-01-01,30.313483915126625,98,Restaurants - Type of Restriction in Restaurant Patron Area,1,0,1,0.0,0.0,0.0,0.0,0.0,0.0,0.0,0.0,0.0,0.0,0.0,1.0,0.0
2005,4,MT,Montana,Legislation - Smokefree Indoor Air,Smokefree Indoor Air – Other Sites,Restriction Areas,Mental Health - Residential Facilities,Banned,4,Ranking,2005-04-15,2005-10-01,"(47.06652897200047, -109.42442064499971)",15GRP,341,169,False,False,3,0,0.0,[],,,0.0,West,2001-04-12,4.008213552361396,169,Smokefree Indoor Air – Other Sites - Mental Health - Residential Facilities,0,0,1,0.0,0.0,1.0,0.0,0.0,0.0,0.0,0.0,0.0,0.0,0.0,0.0,1.0
2005,4,MT,Montana,Legislation - Smokefree Indoor Air,Smokefree Indoor Air – Other Sites,Restriction Areas,Grocery Stores,Banned,4,Ranking,2005-04-17,2005-10-01,"(47.06652897200047, -109.42442064499971)",15GRP,97,167,False,True,3,2,0.6666666666666666,"['South Dakota', 'Idaho']",South Dakota,1150.0,0.5833333333333333,West,1975-06-02,29.87542778918549,167,Smokefree Indoor Air – Other Sites - Grocery Stores,0,0,1,0.0,0.0,1.0,0.0,0.0,0.0,0.0,0.0,0.0,0.0,0.0,0.0,1.0
2005,4,RI,Rhode Island,Legislation - Smokefree Indoor Air,Restaurants,Restriction Areas,Type of Restriction in Restaurant Bar Area,Banned,4,Ranking,2004-06-29,2005-03-01,"(41.70828019300046, -71.52247031399963)",15GRP,231,245,False,True,2,2,1.0,"['Connecticut', 'Massachusetts']",Connecticut,403.0,0.8343835616438355,Northeast,1975-01-01,29.492128678986994,245,Restaurants - Type of Restriction in Restaurant Bar Area,1,0,1,1.0,0.0,0.0,0.0,0.0,0.0,0.0,0.0,0.0,0.0,0.0,1.0,0.0
2005,4,WA,Washington,Legislation - Smokefree Indoor Air,Smokefree Indoor Air – Other Sites,Restriction Areas,Hospitals,Banned,4,Ranking,2005-11-08,2005-12-08,"(47.52227862900048, -120.47001078999972)",15GRP,100,30,False,True,2,1,0.5,['Idaho'],Idaho,585.0,0.4970890410958904,West,1975-05-05,30.51334702258727,30,Smokefree Indoor Air – Other Sites - Hospitals,0,0,1,0.0,0.0,1.0,0.0,0.0,0.0,0.0,0.0,0.0,0.0,0.0,0.0,1.0
2005,4,WA,Washington,Legislation - Smokefree Indoor Air,Bars,Restriction Areas,Type of Restriction in Bar Employee Area,Banned,4,Ranking,2005-11-08,2005-12-08,"(47.52227862900048, -120.47001078999972)",15GRP,236,30,False,False,2,0,0.0,[],,,0.0,West,1979-01-01,26.85284052019165,30,Bars - Type of Restriction in Bar Employee Area,0,0,1,0.0,0.0,1.0,0.0,0.0,0.0,0.0,0.0,0.0,0.0,0.0,0.0,0.0
2005,4,ND,North Dakota,Legislation - Smokefree Indoor Air,Private Worksites,Restrictions,Type of Restriction in Private Worksite,Banned,4,Ranking,2005-04-25,2005-08-01,"(47.47531977900047, -100.11842104899966)",10GRP,20,98,False,True,3,2,0.6666666666666666,"['South Dakota', 'Montana']",South Dakota,1158.0,0.5833333333333333,Midwest,1975-06-02,29.897330595482547,98,Private Worksites - Type of Restriction in Private Worksite,0,1,1,0.0,0.0,0.0,0.0,0.0,0.0,0.0,0.0,0.0,0.0,1.0,0.0,0.0
2005,4,ND,North Dakota,Legislation - Smokefree Indoor Air,Restaurants,Restrictions,Type of Restriction in Restaurant (Summary),Designated Areas,3,Ranking,2005-04-25,2005-08-01,"(47.47531977900047, -100.11842104899966)",10GRP,37,98,False,False,3,3,1.0,"['Minnesota', 'South Dakota', 'Montana']",Minnesota,11072.0,0.7,Midwest,1975-01-01,30.313483915126625,98,Restaurants - Type of Restriction in Restaurant (Summary),1,0,0,0.0,0.0,0.0,0.0,0.0,0.0,0.0,0.0,0.0,0.0,0.0,1.0,0.0
2005,4,NV,Nevada,Legislation - Smokefree Indoor Air,Commercial Day Care Centers,Restrictions,Type of Restriction in Commercial Day Care,Banned,4,Ranking,2005-05-24,2005-10-01,"(39.493240390000494, -117.07184056399967)",10GRP,50,130,False,False,5,3,0.6,"['Idaho', 'Utah', 'California']",Idaho,6887.0,0.5249999999999999,West,1963-07-12,41.86721423682409,130,Commercial Day Care Centers - Type of Restriction in Commercial Day Care,0,0,1,0.0,0.0,1.0,1.0,0.0,0.0,0.0,0.0,0.0,0.0,0.0,0.0,0.0
2005,4,WA,Washington,Legislation - Smokefree Indoor Air,Smokefree Indoor Air – Other Sites,Restriction Areas,Mental Health - Outpatient Facilities,Banned,4,Ranking,2005-11-08,2005-12-08,"(47.52227862900048, -120.47001078999972)",15GRP,340,30,False,False,2,0,0.0,[],,,0.0,West,1999-01-01,6.852840520191649,30,Smokefree Indoor Air – Other Sites - Mental Health - Outpatient Facilities,0,0,1,0.0,0.0,1.0,0.0,0.0,0.0,0.0,0.0,0.0,0.0,0.0,0.0,1.0
2005,4,WA,Washington,Legislation - Smokefree Indoor Air,Smokefree Indoor Air – Other Sites,Restriction Areas,Public Transportation,Banned,4,Ranking,2005-11-08,2005-12-08,"(47.52227862900048, -120.47001078999972)",15GRP,99,30,False,True,2,1,0.5,['Idaho'],Idaho,585.0,0.4970890410958904,West,1973-05-04,32.51471594798083,30,Smokefree Indoor Air – Other Sites - Public Transportation,0,0,1,0.0,0.0,1.0,0.0,0.0,0.0,0.0,0.0,0.0,0.0,0.0,0.0,1.0
2005,4,WA,Washington,Legislation - Smokefree Indoor Air,Bars,Restriction Areas,Type of Restriction in Bar Patron Area,Banned,4,Ranking,2005-11-08,2005-12-08,"(47.52227862900048, -120.47001078999972)",15GRP,235,30,False,False,2,0,0.0,[],,,0.0,West,1979-01-01,26.85284052019165,30,Bars - Type of Restriction in Bar Patron Area,0,0,1,0.0,0.0,1.0,0.0,0.0,0.0,0.0,0.0,0.0,0.0,0.0,0.0,0.0
2005,4,MT,Montana,Legislation - Smokefree Indoor Air,Smokefree Indoor Air – Other Sites,Restriction Areas,Hospitals,Banned,4,Ranking,2005-04-17,2005-10-01,"(47.06652897200047, -109.42442064499971)",15GRP,100,167,False,True,3,2,0.6666666666666666,"['South Dakota', 'Idaho']",South Dakota,1150.0,0.5833333333333333,West,1975-05-05,29.95208761122519,167,Smokefree Indoor Air – Other Sites - Hospitals,0,0,1,0.0,0.0,1.0,0.0,0.0,0.0,0.0,0.0,0.0,0.0,0.0,0.0,1.0
2005,4,GA,Georgia,Legislation - Smokefree Indoor Air,Smokefree Indoor Air – Other Sites,Restriction Areas,Substance Use - Residential Facilities,Designated Areas,3,Ranking,2005-05-09,2005-07-01,"(32.83968109300048, -83.62758034599966)",15GRP,339,53,False,False,5,0,0.0,[],,,0.0,South,2001-04-12,4.073921971252567,53,Smokefree Indoor Air – Other Sites - Substance Use - Residential Facilities,0,0,0,0.0,1.0,0.0,0.0,0.0,0.0,0.0,0.0,0.0,0.0,0.0,0.0,1.0
2005,4,ND,North Dakota,Legislation - Smokefree Indoor Air,Smokefree Indoor Air – Other Sites,Restriction Areas,Hospital Campuses,Designated Areas,3,Ranking,2005-04-25,2005-08-01,"(47.47531977900047, -100.11842104899966)",15GRP,342,98,False,False,3,0,0.0,[],,,0.0,Midwest,2001-04-12,4.035592060232717,98,Smokefree Indoor Air – Other Sites - Hospital Campuses,0,0,0,0.0,0.0,0.0,0.0,0.0,0.0,0.0,0.0,0.0,0.0,0.0,0.0,1.0
2005,4,GA,Georgia,Legislation - Smokefree Indoor Air,Restaurants,Restriction Areas,Type of Restriction in Restaurant Bar Area,Designated Areas,3,Ranking,2005-05-09,2005-07-01,"(32.83968109300048, -83.62758034599966)",15GRP,231,53,False,False,5,1,0.2,['Florida'],Florida,7433.0,0.175,South,1975-01-01,30.351813826146476,53,Restaurants - Type of Restriction in Restaurant Bar Area,1,0,0,0.0,1.0,0.0,0.0,0.0,0.0,0.0,0.0,0.0,0.0,0.0,1.0,0.0
2005,4,GA,Georgia,Legislation - Smokefree Indoor Air,Smokefree Indoor Air – Other Sites,Restriction Areas,Mental Health - Outpatient Facilities,Designated Areas,3,Ranking,2005-05-09,2005-07-01,"(32.83968109300048, -83.62758034599966)",15GRP,340,53,False,False,5,0,0.0,[],,,0.0,South,1999-01-01,6.351813826146475,53,Smokefree Indoor Air – Other Sites - Mental Health - Outpatient Facilities,0,0,0,0.0,1.0,0.0,0.0,0.0,0.0,0.0,0.0,0.0,0.0,0.0,0.0,1.0
2005,4,GA,Georgia,Legislation - Smokefree Indoor Air,Commercial Day Care Centers,Restrictions,Type of Restriction in Commercial Day Care,Banned,4,Ranking,2005-05-09,2005-07-01,"(32.83968109300048, -83.62758034599966)",10GRP,50,53,False,False,5,2,0.4,"['Florida', 'South Carolina']",Florida,4777.0,0.35,South,1963-07-12,41.82614647501711,53,Commercial Day Care Centers - Type of Restriction in Commercial Day Care,0,0,1,0.0,1.0,0.0,1.0,0.0,0.0,0.0,0.0,0.0,0.0,0.0,0.0,0.0
2005,4,GA,Georgia,Legislation - Smokefree Indoor Air,Smokefree Indoor Air – Other Sites,Restriction Areas,Substance Use - Outpatient Facilities,Designated Areas,3,Ranking,2005-05-09,2005-07-01,"(32.83968109300048, -83.62758034599966)",15GRP,338,53,False,False,5,0,0.0,[],,,0.0,South,2002-05-31,2.940451745379877,53,Smokefree Indoor Air – Other Sites - Substance Use - Outpatient Facilities,0,0,0,0.0,1.0,0.0,0.0,0.0,0.0,0.0,0.0,0.0,0.0,0.0,0.0,1.0
2005,4,GA,Georgia,Legislation - Smokefree Indoor Air,Smokefree Indoor Air – Other Sites,Restriction Areas,Mental Health - Residential Facilities,Designated Areas,3,Ranking,2005-05-09,2005-07-01,"(32.83968109300048, -83.62758034599966)",15GRP,341,53,False,False,5,0,0.0,[],,,0.0,South,2001-04-12,4.073921971252567,53,Smokefree Indoor Air – Other Sites - Mental Health - Residential Facilities,0,0,0,0.0,1.0,0.0,0.0,0.0,0.0,0.0,0.0,0.0,0.0,0.0,0.0,1.0
2005,4,ME,Maine,Legislation - Smokefree Indoor Air,Commercial Day Care Centers,Vehicles,Type of Restriction in Commercial Day Care Vehicle,Banned,4,Ranking,2005-05-31,2005-09-17,"(45.254228894000505, -68.98503133599962)",30GRP,61,109,False,False,1,0,0.0,[],,,0.0,Northeast,2000-07-13,4.8815879534565365,109,Commercial Day Care Centers - Type of Restriction in Commercial Day Care Vehicle,0,0,1,1.0,0.0,0.0,1.0,0.0,0.0,0.0,0.0,0.0,0.0,0.0,0.0,0.0
2005,4,GA,Georgia,Legislation - Smokefree Indoor Air,Restaurants,Restrictions,Type of Restriction in Restaurant (Summary),Designated Areas,3,Ranking,2005-05-09,2005-07-01,"(32.83968109300048, -83.62758034599966)",10GRP,37,53,False,False,5,1,0.2,['Florida'],Florida,7433.0,0.175,South,1975-01-01,30.351813826146476,53,Restaurants - Type of Restriction in Restaurant (Summary),1,0,0,0.0,1.0,0.0,0.0,0.0,0.0,0.0,0.0,0.0,0.0,0.0,1.0,0.0
2005,4,ME,Maine,Legislation - Smokefree Indoor Air,Home-based Day Care Centers,Vehicles,Type of Restriction in Home-Based Day Care Vehicle,Banned,4,Ranking,2005-05-31,2005-09-17,"(45.254228894000505, -68.98503133599962)",30GRP,77,109,False,False,1,0,0.0,[],,,0.0,Northeast,2002-05-31,3.0006844626967832,109,Home-based Day Care Centers - Type of Restriction in Home-Based Day Care Vehicle,0,0,1,1.0,0.0,0.0,0.0,0.0,0.0,1.0,0.0,0.0,0.0,0.0,0.0,0.0
2005,4,ND,North Dakota,Legislation - Smokefree Indoor Air,Government Worksites,Restrictions,Type of Restriction in Government Worksite,Banned,4,Ranking,2005-04-25,2005-08-01,"(47.47531977900047, -100.11842104899966)",10GRP,1,98,False,False,3,2,0.6666666666666666,"['South Dakota', 'Montana']",South Dakota,4623.0,0.5833333333333333,Midwest,1975-06-02,29.897330595482547,98,Government Worksites - Type of Restriction in Government Worksite,0,1,1,0.0,0.0,0.0,0.0,0.0,1.0,0.0,0.0,0.0,0.0,0.0,0.0,0.0
2005,4,MT,Montana,Legislation - Smokefree Indoor Air,Restaurants,Restrictions,Type of Restriction in Restaurant (Summary),Banned,4,Ranking,2005-04-18,2005-10-01,"(47.06652897200047, -109.42442064499971)",10GRP,37,166,False,True,3,1,0.3333333333333333,['Idaho'],Idaho,381.0,0.4350913242009132,West,1975-01-01,30.2943189596167,166,Restaurants - Type of Restriction in Restaurant (Summary),1,0,1,0.0,0.0,1.0,0.0,0.0,0.0,0.0,0.0,0.0,0.0,0.0,1.0,0.0
2005,4,ND,North Dakota,Legislation - Smokefree Indoor Air,Smokefree Indoor Air – Other Sites,Restriction Areas,Hospitals,Banned,4,Ranking,2005-04-25,2005-08-01,"(47.47531977900047, -100.11842104899966)",15GRP,100,98,False,False,3,3,1.0,"['Minnesota', 'South Dakota', 'Montana']",Minnesota,10920.0,0.7,Midwest,1975-05-05,29.973990417522245,98,Smokefree Indoor Air – Other Sites - Hospitals,0,0,1,0.0,0.0,0.0,0.0,0.0,0.0,0.0,0.0,0.0,0.0,0.0,0.0,1.0
2005,4,GA,Georgia,Legislation - Smokefree Indoor Air,Restaurants,Restriction Areas,Type of Restriction in Restaurant Patron Area,Designated Areas,3,Ranking,2005-05-09,2005-07-01,"(32.83968109300048, -83.62758034599966)",15GRP,233,53,False,False,5,1,0.2,['Florida'],Florida,7433.0,0.175,South,1975-01-01,30.351813826146476,53,Restaurants - Type of Restriction in Restaurant Patron Area,1,0,0,0.0,1.0,0.0,0.0,0.0,0.0,0.0,0.0,0.0,0.0,0.0,1.0,0.0
2005,4,GA,Georgia,Legislation - Smokefree Indoor Air,Bars,Restriction Areas,Type of Restriction in Bar Patron Area,Designated Areas,3,Ranking,2005-05-09,2005-07-01,"(32.83968109300048, -83.62758034599966)",15GRP,235,53,False,False,5,0,0.0,[],,,0.0,South,1979-01-01,26.351813826146476,53,Bars - Type of Restriction in Bar Patron Area,0,0,0,0.0,1.0,0.0,0.0,0.0,0.0,0.0,0.0,0.0,0.0,0.0,0.0,0.0
2005,4,NC,North Carolina,Legislation - Smokefree Indoor Air,Smokefree Indoor Air – Other Sites,Restriction Areas,Prisons,Banned,4,Ranking,2005-09-08,2005-09-08,"(35.466220975000454, -79.15925046299964)",15GRP,101,0,False,False,4,0,0.0,[],,,0.0,South,1990-04-27,15.367556468172484,0,Smokefree Indoor Air – Other Sites - Prisons,0,0,1,0.0,1.0,0.0,0.0,0.0,0.0,0.0,0.0,0.0,0.0,0.0,0.0,1.0
2005,4,AR,Arkansas,Legislation - Smokefree Indoor Air,Smokefree Indoor Air – Other Sites,Restriction Areas,Hospital Campuses,Banned,4,Ranking,2005-02-11,2005-10-01,"(34.74865012400045, -92.27449074299966)",15GRP,342,232,False,False,6,0,0.0,[],,,0.0,South,2001-04-12,3.8357289527720737,232,Smokefree Indoor Air – Other Sites - Hospital Campuses,0,0,1,0.0,1.0,0.0,0.0,0.0,0.0,0.0,0.0,0.0,0.0,0.0,0.0,1.0
2005,4,WA,Washington,Legislation - Smokefree Indoor Air,Smokefree Indoor Air – Other Sites,Restriction Areas,Substance Use - Outpatient Facilities,Banned,4,Ranking,2005-11-08,2005-12-08,"(47.52227862900048, -120.47001078999972)",15GRP,338,30,False,False,2,0,0.0,[],,,0.0,West,2002-05-31,3.4414784394250515,30,Smokefree Indoor Air – Other Sites - Substance Use - Outpatient Facilities,0,0,1,0.0,0.0,1.0,0.0,0.0,0.0,0.0,0.0,0.0,0.0,0.0,0.0,1.0
2005,4,RI,Rhode Island,Legislation - Smokefree Indoor Air,Government Multi-Unit Housing,Restrictions,Type of Restriction in Lobby and Common Area of Government Multi-Unit Housing,Banned,4,Ranking,2004-06-29,2005-03-01,"(41.70828019300046, -71.52247031399963)",10GRP,115,245,False,False,2,0,0.0,[],,,0.0,Northeast,1990-04-27,14.173853524982889,245,Government Multi-Unit Housing - Type of Restriction in Lobby and Common Area of Government Multi-Unit Housing,0,0,1,1.0,0.0,0.0,0.0,1.0,0.0,0.0,0.0,0.0,0.0,0.0,0.0,0.0
2005,4,ME,Maine,Legislation - Smokefree Indoor Air,Home-based Day Care Centers,Restrictions,Type of Restriction in Home-Based Day Care,Banned,4,Ranking,2005-05-31,2005-09-17,"(45.254228894000505, -68.98503133599962)",10GRP,65,109,False,False,1,0,0.0,[],,,0.0,Northeast,1987-06-04,17.99041752224504,109,Home-based Day Care Centers - Type of Restriction in Home-Based Day Care,0,0,1,1.0,0.0,0.0,0.0,0.0,0.0,1.0,0.0,0.0,0.0,0.0,0.0,0.0
2005,4,MT,Montana,Legislation - Smokefree Indoor Air,Home-based Day Care Centers,Restrictions,Type of Restriction in Home-Based Day Care,Banned,4,Ranking,2005-04-16,2005-10-01,"(47.06652897200047, -109.42442064499971)",10GRP,65,168,False,False,3,3,1.0,"['North Dakota', 'South Dakota', 'Idaho']",North Dakota,4398.0,0.7,West,1987-06-04,17.867214236824093,168,Home-based Day Care Centers - Type of Restriction in Home-Based Day Care,0,0,1,0.0,0.0,1.0,0.0,0.0,0.0,1.0,0.0,0.0,0.0,0.0,0.0,0.0
2005,4,GA,Georgia,Legislation - Smokefree Indoor Air,Bars,Restrictions,Type of Restriction in Bar (Summary),Designated Areas,3,Ranking,2005-05-09,2005-07-01,"(32.83968109300048, -83.62758034599966)",10GRP,234,53,False,False,5,0,0.0,[],,,0.0,South,1979-01-01,26.351813826146476,53,Bars - Type of Restriction in Bar (Summary),0,0,0,0.0,1.0,0.0,0.0,0.0,0.0,0.0,0.0,0.0,0.0,0.0,0.0,0.0
2005,4,GA,Georgia,Legislation - Smokefree Indoor Air,Hotels and Motels,Restrictions,Type of Restriction in Lobby and Common Area of Hotel and Motel,Banned,4,Ranking,2005-05-09,2005-07-01,"(32.83968109300048, -83.62758034599966)",10GRP,81,53,False,False,5,1,0.2,['Florida'],Florida,686.0,0.1930821917808219,South,1990-01-09,15.329226557152635,53,Hotels and Motels - Type of Restriction in Lobby and Common Area of Hotel and Motel,0,0,1,0.0,1.0,0.0,0.0,0.0,0.0,0.0,1.0,0.0,0.0,0.0,0.0,0.0
2005,4,AR,Arkansas,Legislation - Smokefree Indoor Air,Smokefree Indoor Air – Other Sites,Restriction Areas,Hospitals,Banned,4,Ranking,2005-02-11,2005-10-01,"(34.74865012400045, -92.27449074299966)",15GRP,100,232,False,False,6,0,0.0,[],,,0.0,South,1975-05-05,29.7741273100616,232,Smokefree Indoor Air – Other Sites - Hospitals,0,0,1,0.0,1.0,0.0,0.0,0.0,0.0,0.0,0.0,0.0,0.0,0.0,0.0,1.0
2005,4,ND,North Dakota,Legislation - Smokefree Indoor Air,Smokefree Indoor Air – Other Sites,Restriction Areas,Bingo Halls,Banned,4,Ranking,2005-04-25,2005-08-01,"(47.47531977900047, -100.11842104899966)",15GRP,337,98,False,False,3,0,0.0,[],,,0.0,Midwest,2003-03-26,2.083504449007529,98,Smokefree Indoor Air – Other Sites - Bingo Halls,0,0,1,0.0,0.0,0.0,0.0,0.0,0.0,0.0,0.0,0.0,0.0,0.0,0.0,1.0
2005,4,GA,Georgia,Legislation - Smokefree Indoor Air,Smokefree Indoor Air – Other Sites,Restriction Areas,Public Transportation,Banned,4,Ranking,2005-05-09,2005-07-01,"(32.83968109300048, -83.62758034599966)",15GRP,99,53,False,False,5,2,0.4,"['Florida', 'South Carolina']",Florida,7264.0,0.35,South,1973-05-04,32.01368925393566,53,Smokefree Indoor Air – Other Sites - Public Transportation,0,0,1,0.0,1.0,0.0,0.0,0.0,0.0,0.0,0.0,0.0,0.0,0.0,0.0,1.0
2005,4,CA,California,Legislation - Smokefree Indoor Air,Smokefree Indoor Air – Other Sites,Restriction Areas,Prisons,Banned,4,Ranking,2004-09-27,2005-07-01,"(37.63864012300047, -120.99999953799971)",15GRP,101,277,False,False,3,0,0.0,[],,,0.0,West,1990-04-27,14.420260095824778,277,Smokefree Indoor Air – Other Sites - Prisons,0,0,1,0.0,0.0,1.0,0.0,0.0,0.0,0.0,0.0,0.0,0.0,0.0,0.0,1.0
2005,4,GA,Georgia,Legislation - Smokefree Indoor Air,Private Worksites,Restrictions,Type of Restriction in Private Worksite,Designated Areas,3,Ranking,2005-04-08,2005-07-01,"(32.83968109300048, -83.62758034599966)",10GRP,20,84,False,False,5,2,0.4,"['Florida', 'Alabama']",Florida,7233.0,0.35,South,1975-06-02,29.8507871321013,84,Private Worksites - Type of Restriction in Private Worksite,0,1,0,0.0,1.0,0.0,0.0,0.0,0.0,0.0,0.0,0.0,0.0,1.0,0.0,0.0
2005,4,GA,Georgia,Legislation - Smokefree Indoor Air,Hotels and Motels,Additional Requirements,Sleeping Room Designation (Type),Smoking Room,3,Ranking,2005-05-09,2005-07-01,"(32.83968109300048, -83.62758034599966)",20GRP,83,53,False,True,5,2,0.4,"['Florida', 'Alabama']",Florida,696.0,0.363972602739726,South,1990-01-01,15.351129363449692,53,Hotels and Motels - Sleeping Room Designation (Type),0,0,0,0.0,1.0,0.0,0.0,0.0,0.0,0.0,1.0,0.0,0.0,0.0,0.0,0.0
2006,4,DC,District of Columbia,Legislation - Smokefree Indoor Air,Commercial Day Care Centers,Vehicles,Type of Restriction in Commercial Day Care Vehicle,Banned,4,Ranking,2006-01-31,2006-04-03,"(38.89037138500049, -77.03196112699965)",30GRP,61,62,False,False,2,0,0.0,[],,,0.0,South,2000-07-13,5.552361396303901,62,Commercial Day Care Centers - Type of Restriction in Commercial Day Care Vehicle,0,0,1,0.0,1.0,0.0,1.0,0.0,0.0,0.0,0.0,0.0,0.0,0.0,0.0,0.0
2006,3,DC,District of Columbia,Legislation - Smokefree Indoor Air,Private Worksites,Restrictions,Type of Restriction in Private Worksite,Banned,4,Ranking,2006-01-31,2006-04-03,"(38.89037138500049, -77.03196112699965)",10GRP,20,62,False,False,2,0,0.0,[],,,0.0,South,1975-06-02,30.666666666666668,62,Private Worksites - Type of Restriction in Private Worksite,0,1,1,0.0,1.0,0.0,0.0,0.0,0.0,0.0,0.0,0.0,0.0,1.0,0.0,0.0
2006,3,AR,Arkansas,Legislation - Smokefree Indoor Air,Smokefree Indoor Air – Other Sites,Restriction Areas,Enclosed Arenas,Banned,4,Ranking,2006-04-07,2006-07-21,"(34.74865012400045, -92.27449074299966)",15GRP,98,105,False,False,6,0,0.0,[],,,0.0,South,1975-06-02,30.847364818617386,105,Smokefree Indoor Air – Other Sites - Enclosed Arenas,0,0,1,0.0,1.0,0.0,0.0,0.0,0.0,0.0,0.0,0.0,0.0,0.0,0.0,1.0
2006,3,AR,Arkansas,Legislation - Smokefree Indoor Air,Hotels and Motels,Additional Requirements,Sleeping Room Designation (Type),Smoking Room,3,Ranking,2006-04-07,2006-07-21,"(34.74865012400045, -92.27449074299966)",20GRP,83,105,False,False,6,1,0.1666666666666666,['Oklahoma'],Oklahoma,1036.0,0.1458333333333333,South,1990-01-01,16.262833675564682,105,Hotels and Motels - Sleeping Room Designation (Type),0,0,0,0.0,1.0,0.0,0.0,0.0,0.0,0.0,1.0,0.0,0.0,0.0,0.0,0.0
2006,4,DC,District of Columbia,Legislation - Smokefree Indoor Air,Smokefree Indoor Air – Other Sites,Restriction Areas,Malls,Banned,4,Ranking,2006-01-31,2006-04-03,"(38.89037138500049, -77.03196112699965)",15GRP,96,62,False,False,2,0,0.0,[],,,0.0,South,1985-05-10,20.72826830937714,62,Smokefree Indoor Air – Other Sites - Malls,0,0,1,0.0,1.0,0.0,0.0,0.0,0.0,0.0,0.0,0.0,0.0,0.0,0.0,1.0
2006,2,NJ,New Jersey,Legislation - Smokefree Indoor Air,Government Multi-Unit Housing,Restrictions,Type of Restriction in Lobby and Common Area of Government Multi-Unit Housing,Banned,4,Ranking,2006-01-15,2006-04-15,"(40.13057004800049, -74.27369128799967)",10GRP,115,90,False,True,3,1,0.3333333333333333,['Delaware'],Delaware,1325.0,0.2916666666666666,Northeast,1990-04-27,15.720739219712526,90,Government Multi-Unit Housing - Type of Restriction in Lobby and Common Area of Government Multi-Unit Housing,0,0,1,1.0,0.0,0.0,0.0,1.0,0.0,0.0,0.0,0.0,0.0,0.0,0.0,0.0
2006,4,NV,Nevada,Legislation - Smokefree Indoor Air,Restaurants,Restriction Areas,Type of Restriction in Restaurant Patron Area,Banned,4,Ranking,2006-11-07,2006-12-08,"(39.493240390000494, -117.07184056399967)",15GRP,233,31,False,False,5,3,0.6,"['Idaho', 'Utah', 'California']",Idaho,4613.0,0.5249999999999999,West,1975-01-01,31.849418206707735,31,Restaurants - Type of Restriction in Restaurant Patron Area,1,0,1,0.0,0.0,1.0,0.0,0.0,0.0,0.0,0.0,0.0,0.0,0.0,1.0,0.0
2006,4,AR,Arkansas,Legislation - Smokefree Indoor Air,Restaurants,Restriction Areas,Type of Restriction in Restaurant Patron Area,Designated Areas,3,Ranking,2006-04-07,2006-07-21,"(34.74865012400045, -92.27449074299966)",15GRP,233,105,False,False,6,2,0.3333333333333333,"['Missouri', 'Oklahoma']",Missouri,5048.0,0.2916666666666666,South,1975-01-01,31.263518138261464,105,Restaurants - Type of Restriction in Restaurant Patron Area,1,0,0,0.0,1.0,0.0,0.0,0.0,0.0,0.0,0.0,0.0,0.0,0.0,1.0,0.0
2006,3,LA,Louisiana,Legislation - Smokefree Indoor Air,Personal Vehicles,Restrictions,Type of Restriction in Personal Vehicle,Banned,4,Ranking,2006-07-05,2006-08-15,"(31.31266064400046, -92.44568007099969)",10GRP,102,41,False,True,3,1,0.3333333333333333,['Arkansas'],Arkansas,86.0,0.556324200913242,South,2006-04-10,0.23545516769336072,41,Personal Vehicles - Type of Restriction in Personal Vehicle,0,0,1,0.0,1.0,0.0,0.0,0.0,0.0,0.0,0.0,1.0,0.0,0.0,0.0,0.0
2006,3,AR,Arkansas,Legislation - Smokefree Indoor Air,Commercial Day Care Centers,Restrictions,Type of Restriction in Commercial Day Care,Banned,4,Ranking,2006-04-07,2006-07-21,"(34.74865012400045, -92.27449074299966)",10GRP,50,105,False,False,6,2,0.3333333333333333,"['Missouri', 'Louisiana']",Missouri,4684.0,0.2916666666666666,South,1963-07-12,42.7378507871321,105,Commercial Day Care Centers - Type of Restriction in Commercial Day Care,0,0,1,0.0,1.0,0.0,1.0,0.0,0.0,0.0,0.0,0.0,0.0,0.0,0.0,0.0
2006,3,NJ,New Jersey,Legislation - Smokefree Indoor Air,Restaurants,Restriction Areas,Type of Restriction in Restaurant Bar Area,Banned,4,Ranking,2006-01-15,2006-04-15,"(40.13057004800049, -74.27369128799967)",15GRP,231,90,False,True,3,2,0.6666666666666666,"['Delaware', 'New York']",Delaware,1325.0,0.5833333333333333,Northeast,1975-01-01,31.039014373716633,90,Restaurants - Type of Restriction in Restaurant Bar Area,1,0,1,1.0,0.0,0.0,0.0,0.0,0.0,0.0,0.0,0.0,0.0,0.0,1.0,0.0
2006,3,NJ,New Jersey,Legislation - Smokefree Indoor Air,Private Worksites,Restrictions,Type of Restriction in Private Worksite,Banned,4,Ranking,2006-01-15,2006-04-15,"(40.13057004800049, -74.27369128799967)",10GRP,20,90,False,True,3,2,0.6666666666666666,"['Delaware', 'New York']",Delaware,1325.0,0.5833333333333333,Northeast,1975-06-02,30.622861054072555,90,Private Worksites - Type of Restriction in Private Worksite,0,1,1,1.0,0.0,0.0,0.0,0.0,0.0,0.0,0.0,0.0,0.0,1.0,0.0,0.0
2006,3,NJ,New Jersey,Legislation - Smokefree Indoor Air,Smokefree Indoor Air – Other Sites,Restriction Areas,Public Transportation,Banned,4,Ranking,2006-01-15,2006-04-15,"(40.13057004800049, -74.27369128799967)",15GRP,99,90,False,False,3,2,0.6666666666666666,"['Delaware', 'New York']",Delaware,6038.0,0.5833333333333333,Northeast,1973-05-04,32.70088980150582,90,Smokefree Indoor Air – Other Sites - Public Transportation,0,0,1,1.0,0.0,0.0,0.0,0.0,0.0,0.0,0.0,0.0,0.0,0.0,0.0,1.0
2006,3,OK,Oklahoma,Legislation - Smokefree Indoor Air,Government Worksites,Vehicles,Type of Restriction in Government Worksite Vehicle,Banned,4,Ranking,2003-06-06,2006-03-01,"(35.47203135600046, -97.52107021399968)",30GRP,17,999,False,False,6,0,0.0,[],,,0.0,South,1979-01-01,24.427104722792606,999,Government Worksites - Type of Restriction in Government Worksite Vehicle,0,1,1,0.0,1.0,0.0,0.0,0.0,1.0,0.0,0.0,0.0,0.0,0.0,0.0,0.0
2006,3,NJ,New Jersey,Legislation - Smokefree Indoor Air,Bars,Restriction Areas,Type of Restriction in Bar Employee Area,Banned,4,Ranking,2006-01-15,2006-04-15,"(40.13057004800049, -74.27369128799967)",15GRP,236,90,False,True,3,2,0.6666666666666666,"['Delaware', 'New York']",Delaware,1325.0,0.5833333333333333,Northeast,1979-01-01,27.039014373716633,90,Bars - Type of Restriction in Bar Employee Area,0,0,1,1.0,0.0,0.0,0.0,0.0,0.0,0.0,0.0,0.0,0.0,0.0,0.0,0.0
2006,3,UT,Utah,Legislation - Smokefree Indoor Air,Private Worksites,Restrictions,Type of Restriction in Private Worksite,Banned,4,Ranking,2006-03-16,2006-05-01,"(39.360700171000474, -111.58713063499971)",10GRP,20,46,False,False,5,0,0.0,[],,,0.0,West,1975-06-02,30.78713210130048,46,Private Worksites - Type of Restriction in Private Worksite,0,1,1,0.0,0.0,1.0,0.0,0.0,0.0,0.0,0.0,0.0,0.0,1.0,0.0,0.0
2006,3,DC,District of Columbia,Legislation - Smokefree Indoor Air,Restaurants,Restriction Areas,Type of Restriction in Restaurant Patron Area,Designated Areas,3,Ranking,2006-01-31,2006-04-04,"(38.89037138500049, -77.03196112699965)",15GRP,233,63,False,False,2,2,1.0,"['Maryland', 'Virginia']",Maryland,5767.0,0.7,South,1975-01-01,31.082819986310746,63,Restaurants - Type of Restriction in Restaurant Patron Area,1,0,0,0.0,1.0,0.0,0.0,0.0,0.0,0.0,0.0,0.0,0.0,0.0,1.0,0.0
2006,3,NJ,New Jersey,Legislation - Smokefree Indoor Air,Hotels and Motels,Additional Requirements,Sleeping Room Designation (Type),Smoking Room,3,Ranking,2006-01-15,2006-04-15,"(40.13057004800049, -74.27369128799967)",20GRP,83,90,False,True,3,1,0.3333333333333333,['New York'],New York,965.0,0.2916666666666666,Northeast,1990-01-01,16.03832991101985,90,Hotels and Motels - Sleeping Room Designation (Type),0,0,0,1.0,0.0,0.0,0.0,0.0,0.0,0.0,1.0,0.0,0.0,0.0,0.0,0.0
2006,3,CO,Colorado,Legislation - Smokefree Indoor Air,Bars,Restrictions,Type of Restriction in Bar (Summary),Banned,4,Ranking,2006-03-27,2006-07-01,"(38.843840757000464, -106.13361092099967)",10GRP,234,96,False,False,6,0,0.0,[],,,0.0,West,1979-01-01,27.23340177960301,96,Bars - Type of Restriction in Bar (Summary),0,0,1,0.0,0.0,1.0,0.0,0.0,0.0,0.0,0.0,0.0,0.0,0.0,0.0,0.0
2006,4,CO,Colorado,Legislation - Smokefree Indoor Air,Restaurants,Restriction Areas,Type of Restriction in Restaurant Patron Area,Banned,4,Ranking,2006-03-27,2006-07-01,"(38.843840757000464, -106.13361092099967)",15GRP,233,96,False,False,6,1,0.1666666666666666,['Utah'],Utah,4388.0,0.1458333333333333,West,1975-01-01,31.23340177960301,96,Restaurants - Type of Restriction in Restaurant Patron Area,1,0,1,0.0,0.0,1.0,0.0,0.0,0.0,0.0,0.0,0.0,0.0,0.0,1.0,0.0
2006,2,NJ,New Jersey,Legislation - Smokefree Indoor Air,Restaurants,Restriction Areas,Type of Restriction in Restaurant Patron Area,Banned,4,Ranking,2006-01-15,2006-04-15,"(40.13057004800049, -74.27369128799967)",15GRP,233,90,False,True,3,2,0.6666666666666666,"['Delaware', 'New York']",Delaware,1325.0,0.5833333333333333,Northeast,1975-01-01,31.039014373716633,90,Restaurants - Type of Restriction in Restaurant Patron Area,1,0,1,1.0,0.0,0.0,0.0,0.0,0.0,0.0,0.0,0.0,0.0,0.0,1.0,0.0
2006,3,AR,Arkansas,Legislation - Smokefree Indoor Air,Private Worksites,Restrictions,Type of Restriction in Private Worksite,Banned,4,Ranking,2006-04-07,2006-07-21,"(34.74865012400045, -92.27449074299966)",10GRP,20,105,False,False,6,0,0.0,[],,,0.0,South,1975-06-02,30.847364818617386,105,Private Worksites - Type of Restriction in Private Worksite,0,1,1,0.0,1.0,0.0,0.0,0.0,0.0,0.0,0.0,0.0,0.0,1.0,0.0,0.0
2006,4,CO,Colorado,Legislation - Smokefree Indoor Air,Government Worksites,Restrictions,Type of Restriction in Government Worksite,Banned,4,Ranking,2006-03-27,2006-07-01,"(38.843840757000464, -106.13361092099967)",10GRP,1,96,False,False,6,2,0.3333333333333333,"['Nebraska', 'Utah']",Nebraska,4388.0,0.2916666666666666,West,1975-06-02,30.817248459958932,96,Government Worksites - Type of Restriction in Government Worksite,0,1,1,0.0,0.0,1.0,0.0,0.0,1.0,0.0,0.0,0.0,0.0,0.0,0.0,0.0
2006,3,AR,Arkansas,Legislation - Smokefree Indoor Air,Government Worksites,Restrictions,Type of Restriction in Government Worksite,Banned,4,Ranking,2006-04-07,2006-07-21,"(34.74865012400045, -92.27449074299966)",10GRP,1,105,False,False,6,1,0.1666666666666666,['Mississippi'],Mississippi,15.0,0.4396689497716894,South,1975-06-02,30.847364818617386,105,Government Worksites - Type of Restriction in Government Worksite,0,1,1,0.0,1.0,0.0,0.0,0.0,1.0,0.0,0.0,0.0,0.0,0.0,0.0,0.0
2006,3,NJ,New Jersey,Legislation - Smokefree Indoor Air,Commercial Day Care Centers,Restrictions,Type of Restriction in Commercial Day Care,Banned,4,Ranking,2006-01-15,2006-04-15,"(40.13057004800049, -74.27369128799967)",10GRP,50,90,False,False,3,2,0.6666666666666666,"['Delaware', 'New York']",Delaware,4219.0,0.5833333333333333,Northeast,1963-07-12,42.51334702258727,90,Commercial Day Care Centers - Type of Restriction in Commercial Day Care,0,0,1,1.0,0.0,0.0,1.0,0.0,0.0,0.0,0.0,0.0,0.0,0.0,0.0,0.0
2006,3,NJ,New Jersey,Legislation - Smokefree Indoor Air,Home-based Day Care Centers,Restrictions,Type of Restriction in Home-Based Day Care,Banned,4,Ranking,2006-01-15,2006-04-15,"(40.13057004800049, -74.27369128799967)",10GRP,65,90,False,True,3,2,0.6666666666666666,"['Delaware', 'New York']",Delaware,1325.0,0.5833333333333333,Northeast,1987-06-04,18.61738535249829,90,Home-based Day Care Centers - Type of Restriction in Home-Based Day Care,0,0,1,1.0,0.0,0.0,0.0,0.0,0.0,1.0,0.0,0.0,0.0,0.0,0.0,0.0
2006,2,NJ,New Jersey,Legislation - Smokefree Indoor Air,Smokefree Indoor Air – Other Sites,Restriction Areas,Hospitals,Banned,4,Ranking,2006-01-15,2006-04-15,"(40.13057004800049, -74.27369128799967)",15GRP,100,90,False,False,3,2,0.6666666666666666,"['Delaware', 'New York']",Delaware,4219.0,0.5833333333333333,Northeast,1975-05-05,30.699520876112253,90,Smokefree Indoor Air – Other Sites - Hospitals,0,0,1,1.0,0.0,0.0,0.0,0.0,0.0,0.0,0.0,0.0,0.0,0.0,0.0,1.0
2006,3,CO,Colorado,Legislation - Smokefree Indoor Air,Smokefree Indoor Air – Other Sites,Restriction Areas,Casinos,Banned,4,Ranking,2006-03-27,2006-07-01,"(38.843840757000464, -106.13361092099967)",15GRP,335,96,False,False,6,0,0.0,[],,,0.0,West,2003-03-26,3.0034223134839153,96,Smokefree Indoor Air – Other Sites - Casinos,0,0,1,0.0,0.0,1.0,0.0,0.0,0.0,0.0,0.0,0.0,0.0,0.0,0.0,1.0
2006,3,NJ,New Jersey,Legislation - Smokefree Indoor Air,Bars,Restrictions,Type of Restriction in Bar (Summary),Banned,4,Ranking,2006-01-15,2006-04-15,"(40.13057004800049, -74.27369128799967)",10GRP,234,90,False,True,3,2,0.6666666666666666,"['Delaware', 'New York']",Delaware,1325.0,0.5833333333333333,Northeast,1979-01-01,27.039014373716633,90,Bars - Type of Restriction in Bar (Summary),0,0,1,1.0,0.0,0.0,0.0,0.0,0.0,0.0,0.0,0.0,0.0,0.0,0.0,0.0
2006,4,CO,Colorado,Legislation - Smokefree Indoor Air,Smokefree Indoor Air – Other Sites,Restriction Areas,Grocery Stores,Banned,4,Ranking,2006-03-27,2006-07-01,"(38.843840757000464, -106.13361092099967)",15GRP,97,96,False,False,6,1,0.1666666666666666,['Utah'],Utah,4388.0,0.1458333333333333,West,1975-06-02,30.817248459958932,96,Smokefree Indoor Air – Other Sites - Grocery Stores,0,0,1,0.0,0.0,1.0,0.0,0.0,0.0,0.0,0.0,0.0,0.0,0.0,0.0,1.0
2006,4,DC,District of Columbia,Legislation - Smokefree Indoor Air,Hotels and Motels,Additional Requirements,Sleeping Room Designation (Type),Smoking Room,3,Ranking,2006-01-31,2006-04-04,"(38.89037138500049, -77.03196112699965)",20GRP,83,63,False,False,2,1,0.5,['Maryland'],Maryland,3932.0,0.4375,South,1990-01-01,16.082135523613964,63,Hotels and Motels - Sleeping Room Designation (Type),0,0,0,0.0,1.0,0.0,0.0,0.0,0.0,0.0,1.0,0.0,0.0,0.0,0.0,0.0
2006,4,NJ,New Jersey,Legislation - Smokefree Indoor Air,Government Worksites,Restrictions,Type of Restriction in Government Worksite,Banned,4,Ranking,2006-01-15,2006-04-15,"(40.13057004800049, -74.27369128799967)",10GRP,1,90,False,True,3,2,0.6666666666666666,"['Delaware', 'New York']",Delaware,1325.0,0.5833333333333333,Northeast,1975-06-02,30.622861054072555,90,Government Worksites - Type of Restriction in Government Worksite,0,1,1,1.0,0.0,0.0,0.0,0.0,1.0,0.0,0.0,0.0,0.0,0.0,0.0,0.0
2006,4,DC,District of Columbia,Legislation - Smokefree Indoor Air,Government Worksites,Restrictions,Type of Restriction in Government Worksite,Banned,4,Ranking,2006-01-31,2006-04-03,"(38.89037138500049, -77.03196112699965)",10GRP,1,62,False,False,2,0,0.0,[],,,0.0,South,1975-06-02,30.666666666666668,62,Government Worksites - Type of Restriction in Government Worksite,0,1,1,0.0,1.0,0.0,0.0,0.0,1.0,0.0,0.0,0.0,0.0,0.0,0.0,0.0
2006,4,AR,Arkansas,Legislation - Smokefree Indoor Air,Restaurants,Restriction Areas,Type of Restriction in Restaurant Bar Area,Designated Areas,3,Ranking,2006-04-07,2006-07-21,"(34.74865012400045, -92.27449074299966)",15GRP,231,105,False,False,6,2,0.3333333333333333,"['Missouri', 'Oklahoma']",Missouri,5048.0,0.2916666666666666,South,1975-01-01,31.263518138261464,105,Restaurants - Type of Restriction in Restaurant Bar Area,1,0,0,0.0,1.0,0.0,0.0,0.0,0.0,0.0,0.0,0.0,0.0,0.0,1.0,0.0
2006,4,DC,District of Columbia,Legislation - Smokefree Indoor Air,Commercial Day Care Centers,Restrictions,Type of Restriction in Commercial Day Care,Banned,4,Ranking,2006-01-31,2006-04-03,"(38.89037138500049, -77.03196112699965)",10GRP,50,62,False,False,2,0,0.0,[],,,0.0,South,1963-07-12,42.55715263518138,62,Commercial Day Care Centers - Type of Restriction in Commercial Day Care,0,0,1,0.0,1.0,0.0,1.0,0.0,0.0,0.0,0.0,0.0,0.0,0.0,0.0,0.0
2006,4,OH,Ohio,Legislation - Smokefree Indoor Air,Restaurants,Restriction Areas,Type of Restriction in Restaurant Bar Area,Banned,4,Ranking,2006-11-07,2006-12-07,"(40.06021014100048, -82.40426005599966)",15GRP,231,30,False,False,4,0,0.0,[],,,0.0,Midwest,1975-01-01,31.849418206707735,30,Restaurants - Type of Restriction in Restaurant Bar Area,1,0,1,0.0,0.0,0.0,0.0,0.0,0.0,0.0,0.0,0.0,0.0,0.0,1.0,0.0
2006,4,NV,Nevada,Legislation - Smokefree Indoor Air,Smokefree Indoor Air – Other Sites,Restriction Areas,Enclosed Arenas,Banned,4,Ranking,2006-11-07,2006-11-17,"(39.493240390000494, -117.07184056399967)",15GRP,98,10,False,False,5,3,0.6,"['Idaho', 'Utah', 'Arizona']",Idaho,4613.0,0.5249999999999999,West,1975-06-02,31.433264887063654,10,Smokefree Indoor Air – Other Sites - Enclosed Arenas,0,0,1,0.0,0.0,1.0,0.0,0.0,0.0,0.0,0.0,0.0,0.0,0.0,0.0,1.0
2006,4,AR,Arkansas,Legislation - Smokefree Indoor Air,Government Worksites,Vehicles,Type of Restriction in Government Worksite Vehicle,Banned,4,Ranking,2006-04-07,2006-07-21,"(34.74865012400045, -92.27449074299966)",30GRP,17,105,False,False,6,1,0.1666666666666666,['Oklahoma'],Oklahoma,1036.0,0.1458333333333333,South,1979-01-01,27.263518138261464,105,Government Worksites - Type of Restriction in Government Worksite Vehicle,0,1,1,0.0,1.0,0.0,0.0,0.0,1.0,0.0,0.0,0.0,0.0,0.0,0.0,0.0
2006,4,DC,District of Columbia,Legislation - Smokefree Indoor Air,Restaurants,Restrictions,Type of Restriction in Restaurant (Summary),Designated Areas,3,Ranking,2006-01-31,2006-04-04,"(38.89037138500049, -77.03196112699965)",10GRP,37,63,False,False,2,2,1.0,"['Maryland', 'Virginia']",Maryland,5767.0,0.7,South,1975-01-01,31.082819986310746,63,Restaurants - Type of Restriction in Restaurant (Summary),1,0,0,0.0,1.0,0.0,0.0,0.0,0.0,0.0,0.0,0.0,0.0,0.0,1.0,0.0
2006,3,CO,Colorado,Legislation - Smokefree Indoor Air,Private Worksites,Restrictions,Type of Restriction in Private Worksite,Banned,4,Ranking,2006-03-27,2006-07-01,"(38.843840757000464, -106.13361092099967)",10GRP,20,96,False,False,6,1,0.1666666666666666,['Utah'],Utah,11.0,0.4413127853881278,West,1975-06-02,30.817248459958932,96,Private Worksites - Type of Restriction in Private Worksite,0,1,1,0.0,0.0,1.0,0.0,0.0,0.0,0.0,0.0,0.0,0.0,1.0,0.0,0.0
2006,3,CO,Colorado,Legislation - Smokefree Indoor Air,Hotels and Motels,Restrictions,Type of Restriction in Lobby and Common Area of Hotel and Motel,Banned,4,Ranking,2006-05-27,2006-07-01,"(38.843840757000464, -106.13361092099967)",10GRP,81,35,False,False,6,2,0.3333333333333333,"['Oklahoma', 'Utah']",Oklahoma,4449.0,0.2916666666666666,West,1990-01-09,16.37782340862423,35,Hotels and Motels - Type of Restriction in Lobby and Common Area of Hotel and Motel,0,0,1,0.0,0.0,1.0,0.0,0.0,0.0,0.0,1.0,0.0,0.0,0.0,0.0,0.0
2006,3,NJ,New Jersey,Legislation - Smokefree Indoor Air,Smokefree Indoor Air – Other Sites,Restriction Areas,Grocery Stores,Banned,4,Ranking,2006-01-15,2006-04-15,"(40.13057004800049, -74.27369128799967)",15GRP,97,90,False,False,3,2,0.6666666666666666,"['Delaware', 'New York']",Delaware,4219.0,0.5833333333333333,Northeast,1975-06-02,30.622861054072555,90,Smokefree Indoor Air – Other Sites - Grocery Stores,0,0,1,1.0,0.0,0.0,0.0,0.0,0.0,0.0,0.0,0.0,0.0,0.0,0.0,1.0
2006,3,CO,Colorado,Legislation - Smokefree Indoor Air,Smokefree Indoor Air – Other Sites,Restriction Areas,Enclosed Arenas,Banned,4,Ranking,2006-03-27,2006-07-01,"(38.843840757000464, -106.13361092099967)",15GRP,98,96,False,False,6,1,0.1666666666666666,['Utah'],Utah,4388.0,0.1458333333333333,West,1975-06-02,30.817248459958932,96,Smokefree Indoor Air – Other Sites - Enclosed Arenas,0,0,1,0.0,0.0,1.0,0.0,0.0,0.0,0.0,0.0,0.0,0.0,0.0,0.0,1.0
2006,3,DC,District of Columbia,Legislation - Smokefree Indoor Air,Private Worksites,Vehicles,Type of Restriction in Private Worksite Vehicle,Banned,4,Ranking,2006-01-31,2006-04-03,"(38.89037138500049, -77.03196112699965)",30GRP,34,62,False,False,2,0,0.0,[],,,0.0,South,1987-06-04,18.661190965092402,62,Private Worksites - Type of Restriction in Private Worksite Vehicle,0,1,1,0.0,1.0,0.0,0.0,0.0,0.0,0.0,0.0,0.0,0.0,1.0,0.0,0.0
2006,3,AR,Arkansas,Legislation - Smokefree Indoor Air,Personal Vehicles,Restrictions,Type of Restriction in Personal Vehicle,Banned,4,Ranking,2006-04-10,2006-07-21,"(34.74865012400045, -92.27449074299966)",10GRP,102,102,False,False,6,0,0.0,[],,,0.0,South,2006-04-10,0.0,102,Personal Vehicles - Type of Restriction in Personal Vehicle,0,0,1,0.0,1.0,0.0,0.0,0.0,0.0,0.0,0.0,1.0,0.0,0.0,0.0,0.0
2006,2,NJ,New Jersey,Legislation - Smokefree Indoor Air,Smokefree Indoor Air – Other Sites,Restriction Areas,Enclosed Arenas,Banned,4,Ranking,2006-01-15,2006-04-15,"(40.13057004800049, -74.27369128799967)",15GRP,98,90,False,True,3,2,0.6666666666666666,"['Delaware', 'New York']",Delaware,1325.0,0.5833333333333333,Northeast,1975-06-02,30.622861054072555,90,Smokefree Indoor Air – Other Sites - Enclosed Arenas,0,0,1,1.0,0.0,0.0,0.0,0.0,0.0,0.0,0.0,0.0,0.0,0.0,0.0,1.0
2006,4,CO,Colorado,Legislation - Smokefree Indoor Air,Smokefree Indoor Air – Other Sites,Restriction Areas,Hospitals,Banned,4,Ranking,2006-03-27,2006-07-01,"(38.843840757000464, -106.13361092099967)",15GRP,100,96,False,False,6,0,0.0,[],,,0.0,West,1975-05-05,30.89390828199863,96,Smokefree Indoor Air – Other Sites - Hospitals,0,0,1,0.0,0.0,1.0,0.0,0.0,0.0,0.0,0.0,0.0,0.0,0.0,0.0,1.0
2006,4,CO,Colorado,Legislation - Smokefree Indoor Air,Restaurants,Restriction Areas,Type of Restriction in Restaurant Bar Area,Banned,4,Ranking,2006-03-27,2006-07-01,"(38.843840757000464, -106.13361092099967)",15GRP,231,96,False,False,6,1,0.1666666666666666,['Utah'],Utah,4388.0,0.1458333333333333,West,1975-01-01,31.23340177960301,96,Restaurants - Type of Restriction in Restaurant Bar Area,1,0,1,0.0,0.0,1.0,0.0,0.0,0.0,0.0,0.0,0.0,0.0,0.0,1.0,0.0
2006,4,NJ,New Jersey,Legislation - Smokefree Indoor Air,Hotels and Motels,Restrictions,Type of Restriction in Lobby and Common Area of Hotel and Motel,Banned,4,Ranking,2006-01-15,2006-04-15,"(40.13057004800049, -74.27369128799967)",10GRP,81,90,False,True,3,2,0.6666666666666666,"['Delaware', 'New York']",Delaware,1325.0,0.5833333333333333,Northeast,1990-01-09,16.016427104722794,90,Hotels and Motels - Type of Restriction in Lobby and Common Area of Hotel and Motel,0,0,1,1.0,0.0,0.0,0.0,0.0,0.0,0.0,1.0,0.0,0.0,0.0,0.0,0.0
2006,3,CO,Colorado,Legislation - Smokefree Indoor Air,Restaurants,Restriction Areas,Type of Restriction in Restaurant Employee Area,Banned,4,Ranking,2006-03-27,2006-07-01,"(38.843840757000464, -106.13361092099967)",15GRP,232,96,False,False,6,1,0.1666666666666666,['Utah'],Utah,4388.0,0.1458333333333333,West,1975-01-01,31.23340177960301,96,Restaurants - Type of Restriction in Restaurant Employee Area,1,0,1,0.0,0.0,1.0,0.0,0.0,0.0,0.0,0.0,0.0,0.0,0.0,1.0,0.0
2006,2,NJ,New Jersey,Legislation - Smokefree Indoor Air,Restaurants,Restrictions,Type of Restriction in Restaurant (Summary),Banned,4,Ranking,2006-01-15,2006-04-15,"(40.13057004800049, -74.27369128799967)",10GRP,37,90,False,True,3,2,0.6666666666666666,"['Delaware', 'New York']",Delaware,1325.0,0.5833333333333333,Northeast,1975-01-01,31.039014373716633,90,Restaurants - Type of Restriction in Restaurant (Summary),1,0,1,1.0,0.0,0.0,0.0,0.0,0.0,0.0,0.0,0.0,0.0,0.0,1.0,0.0
2006,4,OH,Ohio,Legislation - Smokefree Indoor Air,Bars,Restriction Areas,Type of Restriction in Bar Employee Area,Banned,4,Ranking,2006-11-07,2006-12-07,"(40.06021014100048, -82.40426005599966)",15GRP,236,30,False,False,4,0,0.0,[],,,0.0,Midwest,1979-01-01,27.849418206707735,30,Bars - Type of Restriction in Bar Employee Area,0,0,1,0.0,0.0,0.0,0.0,0.0,0.0,0.0,0.0,0.0,0.0,0.0,0.0,0.0
2006,2,TN,Tennessee,Legislation - Smokefree Indoor Air,Government Worksites,Restrictions,Type of Restriction in Government Worksite,Banned,4,Ranking,2006-06-12,2006-06-12,"(35.68094058000048, -85.77449091399967)",10GRP,1,0,False,False,7,2,0.2857142857142857,"['Mississippi', 'Arkansas']",Mississippi,81.0,0.5167123287671231,South,1975-06-02,31.028062970568104,0,Government Worksites - Type of Restriction in Government Worksite,0,1,1,0.0,1.0,0.0,0.0,0.0,1.0,0.0,0.0,0.0,0.0,0.0,0.0,0.0
2006,4,OH,Ohio,Legislation - Smokefree Indoor Air,Smokefree Indoor Air – Other Sites,Restriction Areas,Malls,Banned,4,Ranking,2006-11-07,2006-12-07,"(40.06021014100048, -82.40426005599966)",15GRP,96,30,False,False,4,0,0.0,[],,,0.0,Midwest,1985-05-10,21.49486652977413,30,Smokefree Indoor Air – Other Sites - Malls,0,0,1,0.0,0.0,0.0,0.0,0.0,0.0,0.0,0.0,0.0,0.0,0.0,0.0,1.0
2006,4,CO,Colorado,Legislation - Smokefree Indoor Air,Bars,Restriction Areas,Type of Restriction in Bar Patron Area,Banned,4,Ranking,2006-03-27,2006-07-01,"(38.843840757000464, -106.13361092099967)",15GRP,235,96,False,False,6,0,0.0,[],,,0.0,West,1979-01-01,27.23340177960301,96,Bars - Type of Restriction in Bar Patron Area,0,0,1,0.0,0.0,1.0,0.0,0.0,0.0,0.0,0.0,0.0,0.0,0.0,0.0,0.0
2006,4,AR,Arkansas,Legislation - Smokefree Indoor Air,Smokefree Indoor Air – Other Sites,Restriction Areas,Malls,Banned,4,Ranking,2006-04-07,2006-07-21,"(34.74865012400045, -92.27449074299966)",15GRP,96,105,False,False,6,1,0.1666666666666666,['Oklahoma'],Oklahoma,1036.0,0.1458333333333333,South,1985-05-10,20.908966461327857,105,Smokefree Indoor Air – Other Sites - Malls,0,0,1,0.0,1.0,0.0,0.0,0.0,0.0,0.0,0.0,0.0,0.0,0.0,0.0,1.0
2006,3,CO,Colorado,Legislation - Smokefree Indoor Air,Smokefree Indoor Air – Other Sites,Restriction Areas,Bingo Halls,Banned,4,Ranking,2006-03-27,2006-07-01,"(38.843840757000464, -106.13361092099967)",15GRP,337,96,False,False,6,0,0.0,[],,,0.0,West,2003-03-26,3.0034223134839153,96,Smokefree Indoor Air – Other Sites - Bingo Halls,0,0,1,0.0,0.0,1.0,0.0,0.0,0.0,0.0,0.0,0.0,0.0,0.0,0.0,1.0
2006,3,AR,Arkansas,Legislation - Smokefree Indoor Air,Restaurants,Restriction Areas,Type of Restriction in Restaurant Employee Area,Designated Areas,3,Ranking,2006-04-07,2006-07-21,"(34.74865012400045, -92.27449074299966)",15GRP,232,105,False,False,6,2,0.3333333333333333,"['Missouri', 'Oklahoma']",Missouri,5048.0,0.2916666666666666,South,1975-01-01,31.263518138261464,105,Restaurants - Type of Restriction in Restaurant Employee Area,1,0,0,0.0,1.0,0.0,0.0,0.0,0.0,0.0,0.0,0.0,0.0,0.0,1.0,0.0
2006,3,DC,District of Columbia,Legislation - Smokefree Indoor Air,Smokefree Indoor Air – Other Sites,Restriction Areas,Enclosed Arenas,Banned,4,Ranking,2006-01-31,2006-04-03,"(38.89037138500049, -77.03196112699965)",15GRP,98,62,False,False,2,0,0.0,[],,,0.0,South,1975-06-02,30.666666666666668,62,Smokefree Indoor Air – Other Sites - Enclosed Arenas,0,0,1,0.0,1.0,0.0,0.0,0.0,0.0,0.0,0.0,0.0,0.0,0.0,0.0,1.0
2006,4,DC,District of Columbia,Legislation - Smokefree Indoor Air,Smokefree Indoor Air – Other Sites,Restriction Areas,Grocery Stores,Banned,4,Ranking,2006-01-31,2006-04-03,"(38.89037138500049, -77.03196112699965)",15GRP,97,62,False,False,2,0,0.0,[],,,0.0,South,1975-06-02,30.666666666666668,62,Smokefree Indoor Air – Other Sites - Grocery Stores,0,0,1,0.0,1.0,0.0,0.0,0.0,0.0,0.0,0.0,0.0,0.0,0.0,0.0,1.0
2006,4,OH,Ohio,Legislation - Smokefree Indoor Air,Bars,Restriction Areas,Type of Restriction in Bar Patron Area,Banned,4,Ranking,2006-11-07,2006-12-07,"(40.06021014100048, -82.40426005599966)",15GRP,235,30,False,False,4,0,0.0,[],,,0.0,Midwest,1979-01-01,27.849418206707735,30,Bars - Type of Restriction in Bar Patron Area,0,0,1,0.0,0.0,0.0,0.0,0.0,0.0,0.0,0.0,0.0,0.0,0.0,0.0,0.0
2006,4,OH,Ohio,Legislation - Smokefree Indoor Air,Restaurants,Restrictions,Type of Restriction in Restaurant (Summary),Banned,4,Ranking,2006-11-07,2006-12-07,"(40.06021014100048, -82.40426005599966)",10GRP,37,30,False,False,4,0,0.0,[],,,0.0,Midwest,1975-01-01,31.849418206707735,30,Restaurants - Type of Restriction in Restaurant (Summary),1,0,1,0.0,0.0,0.0,0.0,0.0,0.0,0.0,0.0,0.0,0.0,0.0,1.0,0.0
2006,4,AR,Arkansas,Legislation - Smokefree Indoor Air,Restaurants,Restrictions,Type of Restriction in Restaurant (Summary),Designated Areas,3,Ranking,2006-04-07,2006-07-21,"(34.74865012400045, -92.27449074299966)",10GRP,37,105,False,False,6,2,0.3333333333333333,"['Missouri', 'Oklahoma']",Missouri,5048.0,0.2916666666666666,South,1975-01-01,31.263518138261464,105,Restaurants - Type of Restriction in Restaurant (Summary),1,0,0,0.0,1.0,0.0,0.0,0.0,0.0,0.0,0.0,0.0,0.0,0.0,1.0,0.0
2006,3,AR,Arkansas,Legislation - Smokefree Indoor Air,Smokefree Indoor Air – Other Sites,Restriction Areas,Grocery Stores,Banned,4,Ranking,2006-04-07,2006-07-21,"(34.74865012400045, -92.27449074299966)",15GRP,97,105,False,False,6,0,0.0,[],,,0.0,South,1975-06-02,30.847364818617386,105,Smokefree Indoor Air – Other Sites - Grocery Stores,0,0,1,0.0,1.0,0.0,0.0,0.0,0.0,0.0,0.0,0.0,0.0,0.0,0.0,1.0
2006,2,NJ,New Jersey,Legislation - Smokefree Indoor Air,Private Multi-Unit Housing,Restrictions,Type of Restriction in Lobby and Common Area of Private Multi-Unit Housing,Banned,4,Ranking,2006-01-15,2006-04-15,"(40.13057004800049, -74.27369128799967)",10GRP,125,90,False,True,3,1,0.3333333333333333,['Delaware'],Delaware,1325.0,0.2916666666666666,Northeast,2002-05-31,3.6276522929500343,90,Private Multi-Unit Housing - Type of Restriction in Lobby and Common Area of Private Multi-Unit Housing,0,0,1,1.0,0.0,0.0,0.0,0.0,0.0,0.0,0.0,0.0,1.0,0.0,0.0,0.0
2006,3,CO,Colorado,Legislation - Smokefree Indoor Air,Restaurants,Restrictions,Type of Restriction in Restaurant (Summary),Banned,4,Ranking,2006-03-27,2006-07-01,"(38.843840757000464, -106.13361092099967)",10GRP,37,96,False,False,6,1,0.1666666666666666,['Utah'],Utah,4388.0,0.1458333333333333,West,1975-01-01,31.23340177960301,96,Restaurants - Type of Restriction in Restaurant (Summary),1,0,1,0.0,0.0,1.0,0.0,0.0,0.0,0.0,0.0,0.0,0.0,0.0,1.0,0.0
2006,4,AR,Arkansas,Legislation - Smokefree Indoor Air,Commercial Day Care Centers,Vehicles,Type of Restriction in Commercial Day Care Vehicle,Banned,4,Ranking,2006-04-10,2006-07-21,"(34.74865012400045, -92.27449074299966)",30GRP,61,102,False,False,6,0,0.0,[],,,0.0,South,2000-07-13,5.7412731006160165,102,Commercial Day Care Centers - Type of Restriction in Commercial Day Care Vehicle,0,0,1,0.0,1.0,0.0,1.0,0.0,0.0,0.0,0.0,0.0,0.0,0.0,0.0,0.0
2006,4,NV,Nevada,Legislation - Smokefree Indoor Air,Restaurants,Restriction Areas,Type of Restriction in Restaurant Employee Area,Banned,4,Ranking,2006-11-07,2006-12-08,"(39.493240390000494, -117.07184056399967)",15GRP,232,31,False,False,5,2,0.4,"['Idaho', 'Utah']",Idaho,4613.0,0.35,West,1975-01-01,31.849418206707735,31,Restaurants - Type of Restriction in Restaurant Employee Area,1,0,1,0.0,0.0,1.0,0.0,0.0,0.0,0.0,0.0,0.0,0.0,0.0,1.0,0.0
2006,4,NV,Nevada,Legislation - Smokefree Indoor Air,Smokefree Indoor Air – Other Sites,Restriction Areas,Public Transportation,Banned,4,Ranking,2006-11-07,2006-11-17,"(39.493240390000494, -117.07184056399967)",15GRP,99,10,False,False,5,3,0.6,"['Idaho', 'Utah', 'Arizona']",Idaho,4613.0,0.5249999999999999,West,1973-05-04,33.51129363449692,10,Smokefree Indoor Air – Other Sites - Public Transportation,0,0,1,0.0,0.0,1.0,0.0,0.0,0.0,0.0,0.0,0.0,0.0,0.0,0.0,1.0
2006,4,NV,Nevada,Legislation - Smokefree Indoor Air,Restaurants,Restrictions,Type of Restriction in Restaurant (Summary),Banned,4,Ranking,2006-11-07,2006-12-08,"(39.493240390000494, -117.07184056399967)",10GRP,37,31,False,False,5,3,0.6,"['Idaho', 'Utah', 'Arizona']",Idaho,4613.0,0.5249999999999999,West,1975-01-01,31.849418206707735,31,Restaurants - Type of Restriction in Restaurant (Summary),1,0,1,0.0,0.0,1.0,0.0,0.0,0.0,0.0,0.0,0.0,0.0,0.0,1.0,0.0
2006,4,OH,Ohio,Legislation - Smokefree Indoor Air,Smokefree Indoor Air – Other Sites,Restriction Areas,Hospitals,Banned,4,Ranking,2006-11-07,2006-12-07,"(40.06021014100048, -82.40426005599966)",15GRP,100,30,False,False,4,0,0.0,[],,,0.0,Midwest,1975-05-05,31.509924709103355,30,Smokefree Indoor Air – Other Sites - Hospitals,0,0,1,0.0,0.0,0.0,0.0,0.0,0.0,0.0,0.0,0.0,0.0,0.0,0.0,1.0
2006,4,CO,Colorado,Legislation - Smokefree Indoor Air,Government Multi-Unit Housing,Restrictions,Type of Restriction in Lobby and Common Area of Government Multi-Unit Housing,Banned,4,Ranking,2006-03-27,2006-07-01,"(38.843840757000464, -106.13361092099967)",10GRP,115,96,False,False,6,0,0.0,[],,,0.0,West,1990-04-27,15.915126625598905,96,Government Multi-Unit Housing - Type of Restriction in Lobby and Common Area of Government Multi-Unit Housing,0,0,1,0.0,0.0,1.0,0.0,1.0,0.0,0.0,0.0,0.0,0.0,0.0,0.0,0.0
2006,4,DC,District of Columbia,Legislation - Smokefree Indoor Air,Restaurants,Restriction Areas,Type of Restriction in Restaurant Employee Area,Designated Areas,3,Ranking,2006-01-31,2006-04-04,"(38.89037138500049, -77.03196112699965)",15GRP,232,63,False,False,2,1,0.5,['Virginia'],Virginia,5767.0,0.4375,South,1975-01-01,31.082819986310746,63,Restaurants - Type of Restriction in Restaurant Employee Area,1,0,0,0.0,1.0,0.0,0.0,0.0,0.0,0.0,0.0,0.0,0.0,0.0,1.0,0.0
2006,4,DC,District of Columbia,Legislation - Smokefree Indoor Air,Smokefree Indoor Air – Other Sites,Restriction Areas,Hospitals,Banned,4,Ranking,2006-01-31,2006-04-03,"(38.89037138500049, -77.03196112699965)",15GRP,100,62,False,False,2,0,0.0,[],,,0.0,South,1975-05-05,30.743326488706366,62,Smokefree Indoor Air – Other Sites - Hospitals,0,0,1,0.0,1.0,0.0,0.0,0.0,0.0,0.0,0.0,0.0,0.0,0.0,0.0,1.0
2006,4,NJ,New Jersey,Legislation - Smokefree Indoor Air,Bars,Restriction Areas,Type of Restriction in Bar Patron Area,Banned,4,Ranking,2006-01-15,2006-04-15,"(40.13057004800049, -74.27369128799967)",15GRP,235,90,False,True,3,2,0.6666666666666666,"['Delaware', 'New York']",Delaware,1325.0,0.5833333333333333,Northeast,1979-01-01,27.039014373716633,90,Bars - Type of Restriction in Bar Patron Area,0,0,1,1.0,0.0,0.0,0.0,0.0,0.0,0.0,0.0,0.0,0.0,0.0,0.0,0.0
2006,4,OH,Ohio,Legislation - Smokefree Indoor Air,Restaurants,Restriction Areas,Type of Restriction in Restaurant Employee Area,Banned,4,Ranking,2006-11-07,2006-12-07,"(40.06021014100048, -82.40426005599966)",15GRP,232,30,False,False,4,0,0.0,[],,,0.0,Midwest,1975-01-01,31.849418206707735,30,Restaurants - Type of Restriction in Restaurant Employee Area,1,0,1,0.0,0.0,0.0,0.0,0.0,0.0,0.0,0.0,0.0,0.0,0.0,1.0,0.0
2006,4,NV,Nevada,Legislation - Smokefree Indoor Air,Hotels and Motels,Restrictions,Type of Restriction in Lobby and Common Area of Hotel and Motel,Banned,4,Ranking,2006-11-07,2006-11-17,"(39.493240390000494, -117.07184056399967)",10GRP,81,10,False,False,5,3,0.6,"['Idaho', 'Utah', 'Oregon']",Idaho,4613.0,0.5249999999999999,West,1990-01-09,16.826830937713893,10,Hotels and Motels - Type of Restriction in Lobby and Common Area of Hotel and Motel,0,0,1,0.0,0.0,1.0,0.0,0.0,0.0,0.0,1.0,0.0,0.0,0.0,0.0,0.0
2006,4,NV,Nevada,Legislation - Smokefree Indoor Air,Restaurants,Restriction Areas,Type of Restriction in Restaurant Bar Area,Banned,4,Ranking,2006-11-07,2006-12-08,"(39.493240390000494, -117.07184056399967)",15GRP,231,31,False,False,5,3,0.6,"['Idaho', 'Utah', 'California']",Idaho,4613.0,0.5249999999999999,West,1975-01-01,31.849418206707735,31,Restaurants - Type of Restriction in Restaurant Bar Area,1,0,1,0.0,0.0,1.0,0.0,0.0,0.0,0.0,0.0,0.0,0.0,0.0,1.0,0.0
2006,2,NJ,New Jersey,Legislation - Smokefree Indoor Air,Restaurants,Restriction Areas,Type of Restriction in Restaurant Employee Area,Banned,4,Ranking,2006-01-15,2006-04-15,"(40.13057004800049, -74.27369128799967)",15GRP,232,90,False,True,3,2,0.6666666666666666,"['Delaware', 'New York']",Delaware,1325.0,0.5833333333333333,Northeast,1975-01-01,31.039014373716633,90,Restaurants - Type of Restriction in Restaurant Employee Area,1,0,1,1.0,0.0,0.0,0.0,0.0,0.0,0.0,0.0,0.0,0.0,0.0,1.0,0.0
2006,4,OH,Ohio,Legislation - Smokefree Indoor Air,Smokefree Indoor Air – Other Sites,Restriction Areas,Enclosed Arenas,Banned,4,Ranking,2006-11-07,2006-12-07,"(40.06021014100048, -82.40426005599966)",15GRP,98,30,False,False,4,0,0.0,[],,,0.0,Midwest,1975-06-02,31.433264887063654,30,Smokefree Indoor Air – Other Sites - Enclosed Arenas,0,0,1,0.0,0.0,0.0,0.0,0.0,0.0,0.0,0.0,0.0,0.0,0.0,0.0,1.0
2006,4,DC,District of Columbia,Legislation - Smokefree Indoor Air,Home-based Day Care Centers,Vehicles,Type of Restriction in Home-Based Day Care Vehicle,Banned,4,Ranking,2006-01-31,2006-04-03,"(38.89037138500049, -77.03196112699965)",30GRP,77,62,False,False,2,0,0.0,[],,,0.0,South,2002-05-31,3.671457905544148,62,Home-based Day Care Centers - Type of Restriction in Home-Based Day Care Vehicle,0,0,1,0.0,1.0,0.0,0.0,0.0,0.0,1.0,0.0,0.0,0.0,0.0,0.0,0.0
2006,3,MS,Mississippi,Legislation - Smokefree Indoor Air,Government Worksites,Restrictions,Type of Restriction in Government Worksite,Banned,4,Ranking,2006-03-23,2006-07-01,"(32.745510099000455, -89.53803082499968)",10GRP,1,100,False,False,4,0,0.0,[],,,0.0,South,1975-06-02,30.806297056810404,100,Government Worksites - Type of Restriction in Government Worksite,0,1,1,0.0,1.0,0.0,0.0,0.0,1.0,0.0,0.0,0.0,0.0,0.0,0.0,0.0
2006,3,NJ,New Jersey,Legislation - Smokefree Indoor Air,Smokefree Indoor Air – Other Sites,Restriction Areas,Malls,Banned,4,Ranking,2006-01-15,2006-04-15,"(40.13057004800049, -74.27369128799967)",15GRP,96,90,False,True,3,2,0.6666666666666666,"['Delaware', 'New York']",Delaware,1325.0,0.5833333333333333,Northeast,1985-05-10,20.684462696783026,90,Smokefree Indoor Air – Other Sites - Malls,0,0,1,1.0,0.0,0.0,0.0,0.0,0.0,0.0,0.0,0.0,0.0,0.0,0.0,1.0
2006,4,DC,District of Columbia,Legislation - Smokefree Indoor Air,Home-based Day Care Centers,Restrictions,Type of Restriction in Home-Based Day Care,Banned,4,Ranking,2006-01-31,2006-04-03,"(38.89037138500049, -77.03196112699965)",10GRP,65,62,False,False,2,0,0.0,[],,,0.0,South,1987-06-04,18.661190965092402,62,Home-based Day Care Centers - Type of Restriction in Home-Based Day Care,0,0,1,0.0,1.0,0.0,0.0,0.0,0.0,1.0,0.0,0.0,0.0,0.0,0.0,0.0
2006,4,CO,Colorado,Legislation - Smokefree Indoor Air,Commercial Day Care Centers,Restrictions,Type of Restriction in Commercial Day Care,Banned,4,Ranking,2006-03-27,2006-07-01,"(38.843840757000464, -106.13361092099967)",10GRP,50,96,False,False,6,2,0.3333333333333333,"['Nebraska', 'Utah']",Nebraska,4388.0,0.2916666666666666,West,1963-07-12,42.70773442847365,96,Commercial Day Care Centers - Type of Restriction in Commercial Day Care,0,0,1,0.0,0.0,1.0,1.0,0.0,0.0,0.0,0.0,0.0,0.0,0.0,0.0,0.0
2006,4,CO,Colorado,Legislation - Smokefree Indoor Air,Smokefree Indoor Air – Other Sites,Restriction Areas,Public Transportation,Banned,4,Ranking,2006-03-27,2006-07-01,"(38.843840757000464, -106.13361092099967)",15GRP,99,96,False,False,6,3,0.5,"['Kansas', 'Oklahoma', 'Utah']",Kansas,6922.0,0.4375,West,1973-05-04,32.8952772073922,96,Smokefree Indoor Air – Other Sites - Public Transportation,0,0,1,0.0,0.0,1.0,0.0,0.0,0.0,0.0,0.0,0.0,0.0,0.0,0.0,1.0
2006,4,AR,Arkansas,Legislation - Smokefree Indoor Air,Smokefree Indoor Air – Other Sites,Restriction Areas,Public Transportation,Banned,4,Ranking,2006-04-07,2006-07-21,"(34.74865012400045, -92.27449074299966)",15GRP,99,105,False,False,6,2,0.3333333333333333,"['Louisiana', 'Oklahoma']",Louisiana,5015.0,0.2916666666666666,South,1973-05-04,32.92539356605065,105,Smokefree Indoor Air – Other Sites - Public Transportation,0,0,1,0.0,1.0,0.0,0.0,0.0,0.0,0.0,0.0,0.0,0.0,0.0,0.0,1.0
2006,3,DC,District of Columbia,Legislation - Smokefree Indoor Air,Hotels and Motels,Restrictions,Type of Restriction in Lobby and Common Area of Hotel and Motel,Banned,4,Ranking,2006-01-31,2006-04-04,"(38.89037138500049, -77.03196112699965)",10GRP,81,63,False,False,2,1,0.5,['Maryland'],Maryland,3932.0,0.4375,South,1990-01-09,16.060232717316907,63,Hotels and Motels - Type of Restriction in Lobby and Common Area of Hotel and Motel,0,0,1,0.0,1.0,0.0,0.0,0.0,0.0,0.0,1.0,0.0,0.0,0.0,0.0,0.0
2006,3,AR,Arkansas,Legislation - Smokefree Indoor Air,Home-based Day Care Centers,Restrictions,Type of Restriction in Home-Based Day Care,Banned,4,Ranking,2006-04-07,2006-07-21,"(34.74865012400045, -92.27449074299966)",10GRP,65,105,False,False,6,2,0.3333333333333333,"['Missouri', 'Oklahoma']",Missouri,4679.0,0.2916666666666666,South,1987-06-04,18.84188911704312,105,Home-based Day Care Centers - Type of Restriction in Home-Based Day Care,0,0,1,0.0,1.0,0.0,0.0,0.0,0.0,1.0,0.0,0.0,0.0,0.0,0.0,0.0
2006,4,CO,Colorado,Legislation - Smokefree Indoor Air,Home-based Day Care Centers,Restrictions,Type of Restriction in Home-Based Day Care,Banned,4,Ranking,2006-03-27,2006-07-01,"(38.843840757000464, -106.13361092099967)",10GRP,65,96,False,False,6,4,0.6666666666666666,"['Nebraska', 'Kansas', 'Oklahoma', 'Utah']",Nebraska,4388.0,0.5833333333333333,West,1987-06-04,18.811772758384667,96,Home-based Day Care Centers - Type of Restriction in Home-Based Day Care,0,0,1,0.0,0.0,1.0,0.0,0.0,0.0,1.0,0.0,0.0,0.0,0.0,0.0,0.0
2006,3,AR,Arkansas,Legislation - Smokefree Indoor Air,Smokefree Indoor Air – Other Sites,Restriction Areas,Hospitals,Banned,4,Ranking,2006-04-07,2006-07-21,"(34.74865012400045, -92.27449074299966)",15GRP,100,105,False,False,6,0,0.0,[],,,0.0,South,1975-05-05,30.924024640657084,105,Smokefree Indoor Air – Other Sites - Hospitals,0,0,1,0.0,1.0,0.0,0.0,0.0,0.0,0.0,0.0,0.0,0.0,0.0,0.0,1.0
2006,3,TN,Tennessee,Legislation - Smokefree Indoor Air,Smokefree Indoor Air – Other Sites,Restriction Areas,Prisons,Banned,4,Ranking,2006-06-12,2006-07-01,"(35.68094058000048, -85.77449091399967)",15GRP,101,19,False,False,7,1,0.1428571428571428,['North Carolina'],North Carolina,277.0,0.3111643835616438,South,1990-04-27,16.125941136208077,19,Smokefree Indoor Air – Other Sites - Prisons,0,0,1,0.0,1.0,0.0,0.0,0.0,0.0,0.0,0.0,0.0,0.0,0.0,0.0,1.0
2006,4,CO,Colorado,Legislation - Smokefree Indoor Air,Bars,Restriction Areas,Type of Restriction in Bar Employee Area,Banned,4,Ranking,2006-03-27,2006-07-01,"(38.843840757000464, -106.13361092099967)",15GRP,236,96,False,False,6,0,0.0,[],,,0.0,West,1979-01-01,27.23340177960301,96,Bars - Type of Restriction in Bar Employee Area,0,0,1,0.0,0.0,1.0,0.0,0.0,0.0,0.0,0.0,0.0,0.0,0.0,0.0,0.0
2006,4,CO,Colorado,Legislation - Smokefree Indoor Air,Smokefree Indoor Air – Other Sites,Restriction Areas,Malls,Banned,4,Ranking,2006-03-27,2006-07-01,"(38.843840757000464, -106.13361092099967)",15GRP,96,96,False,False,6,2,0.3333333333333333,"['Oklahoma', 'Utah']",Oklahoma,4388.0,0.2916666666666666,West,1985-05-10,20.878850102669404,96,Smokefree Indoor Air – Other Sites - Malls,0,0,1,0.0,0.0,1.0,0.0,0.0,0.0,0.0,0.0,0.0,0.0,0.0,0.0,1.0
2006,3,AR,Arkansas,Legislation - Smokefree Indoor Air,Smokefree Indoor Air – Other Sites,Restriction Areas,Casinos (Racetrack),Designated Areas,3,Ranking,2006-04-07,2006-07-21,"(34.74865012400045, -92.27449074299966)",15GRP,336,105,False,False,6,0,0.0,[],,,0.0,South,2002-05-31,3.8521560574948666,105,Smokefree Indoor Air – Other Sites - Casinos (Racetrack),0,0,0,0.0,1.0,0.0,0.0,0.0,0.0,0.0,0.0,0.0,0.0,0.0,0.0,1.0
2006,4,OH,Ohio,Legislation - Smokefree Indoor Air,Hotels and Motels,Restrictions,Type of Restriction in Lobby and Common Area of Hotel and Motel,Banned,4,Ranking,2006-11-07,2006-12-07,"(40.06021014100048, -82.40426005599966)",10GRP,81,30,False,False,4,0,0.0,[],,,0.0,Midwest,1990-01-09,16.826830937713893,30,Hotels and Motels - Type of Restriction in Lobby and Common Area of Hotel and Motel,0,0,1,0.0,0.0,0.0,0.0,0.0,0.0,0.0,1.0,0.0,0.0,0.0,0.0,0.0
2006,3,AR,Arkansas,Legislation - Smokefree Indoor Air,Hotels and Motels,Restrictions,Type of Restriction in Lobby and Common Area of Hotel and Motel,Banned,4,Ranking,2006-04-07,2006-07-21,"(34.74865012400045, -92.27449074299966)",10GRP,81,105,False,False,6,1,0.1666666666666666,['Oklahoma'],Oklahoma,1036.0,0.1458333333333333,South,1990-01-09,16.240930869267626,105,Hotels and Motels - Type of Restriction in Lobby and Common Area of Hotel and Motel,0,0,1,0.0,1.0,0.0,0.0,0.0,0.0,0.0,1.0,0.0,0.0,0.0,0.0,0.0
2006,3,CO,Colorado,Legislation - Smokefree Indoor Air,Private Multi-Unit Housing,Restrictions,Type of Restriction in Lobby and Common Area of Private Multi-Unit Housing,Banned,4,Ranking,2006-03-27,2006-07-01,"(38.843840757000464, -106.13361092099967)",10GRP,125,96,False,False,6,0,0.0,[],,,0.0,West,2002-05-31,3.8220396988364134,96,Private Multi-Unit Housing - Type of Restriction in Lobby and Common Area of Private Multi-Unit Housing,0,0,1,0.0,0.0,1.0,0.0,0.0,0.0,0.0,0.0,0.0,1.0,0.0,0.0,0.0
2006,4,NV,Nevada,Legislation - Smokefree Indoor Air,Smokefree Indoor Air – Other Sites,Restriction Areas,Grocery Stores,Banned,4,Ranking,2006-11-07,2006-11-17,"(39.493240390000494, -117.07184056399967)",15GRP,97,10,False,False,5,3,0.6,"['Idaho', 'Utah', 'Arizona']",Idaho,4613.0,0.5249999999999999,West,1975-06-02,31.433264887063654,10,Smokefree Indoor Air – Other Sites - Grocery Stores,0,0,1,0.0,0.0,1.0,0.0,0.0,0.0,0.0,0.0,0.0,0.0,0.0,0.0,1.0
2006,4,OH,Ohio,Legislation - Smokefree Indoor Air,Private Worksites,Vehicles,Type of Restriction in Private Worksite Vehicle,Banned,4,Ranking,2006-11-07,2006-12-07,"(40.06021014100048, -82.40426005599966)",30GRP,34,30,False,False,4,0,0.0,[],,,0.0,Midwest,1987-06-04,19.42778918548939,30,Private Worksites - Type of Restriction in Private Worksite Vehicle,0,1,1,0.0,0.0,0.0,0.0,0.0,0.0,0.0,0.0,0.0,0.0,1.0,0.0,0.0
2006,3,WA,Washington,Legislation - Smokefree Indoor Air,Hotels and Motels,Restrictions,Type of Restriction in Lobby and Common Area of Hotel and Motel,Banned,4,Ranking,2005-11-08,2006-07-06,"(47.52227862900048, -120.47001078999972)",10GRP,81,240,False,True,2,2,1.0,"['Idaho', 'Oregon']",Idaho,1544.0,0.7,West,1990-01-09,15.83025325119781,240,Hotels and Motels - Type of Restriction in Lobby and Common Area of Hotel and Motel,0,0,1,0.0,0.0,1.0,0.0,0.0,0.0,0.0,1.0,0.0,0.0,0.0,0.0,0.0
2006,4,OH,Ohio,Legislation - Smokefree Indoor Air,Private Worksites,Restrictions,Type of Restriction in Private Worksite,Banned,4,Ranking,2006-11-07,2006-12-07,"(40.06021014100048, -82.40426005599966)",10GRP,20,30,False,False,4,0,0.0,[],,,0.0,Midwest,1975-06-02,31.433264887063654,30,Private Worksites - Type of Restriction in Private Worksite,0,1,1,0.0,0.0,0.0,0.0,0.0,0.0,0.0,0.0,0.0,0.0,1.0,0.0,0.0
2006,4,NV,Nevada,Legislation - Smokefree Indoor Air,Government Worksites,Restrictions,Type of Restriction in Government Worksite,Banned,4,Ranking,2006-11-07,2006-11-17,"(39.493240390000494, -117.07184056399967)",10GRP,1,10,False,False,5,3,0.6,"['Idaho', 'Utah', 'Arizona']",Idaho,5418.0,0.5249999999999999,West,1975-06-02,31.433264887063654,10,Government Worksites - Type of Restriction in Government Worksite,0,1,1,0.0,0.0,1.0,0.0,0.0,1.0,0.0,0.0,0.0,0.0,0.0,0.0,0.0
2006,4,OH,Ohio,Legislation - Smokefree Indoor Air,Smokefree Indoor Air – Other Sites,Restriction Areas,Grocery Stores,Banned,4,Ranking,2006-11-07,2006-12-07,"(40.06021014100048, -82.40426005599966)",15GRP,97,30,False,False,4,0,0.0,[],,,0.0,Midwest,1975-06-02,31.433264887063654,30,Smokefree Indoor Air – Other Sites - Grocery Stores,0,0,1,0.0,0.0,0.0,0.0,0.0,0.0,0.0,0.0,0.0,0.0,0.0,0.0,1.0
2006,4,OH,Ohio,Legislation - Smokefree Indoor Air,Smokefree Indoor Air – Other Sites,Restriction Areas,Public Transportation,Banned,4,Ranking,2006-11-07,2006-12-07,"(40.06021014100048, -82.40426005599966)",15GRP,99,30,False,False,4,1,0.25,['West Virginia'],West Virginia,7878.0,0.21875,Midwest,1973-05-04,33.51129363449692,30,Smokefree Indoor Air – Other Sites - Public Transportation,0,0,1,0.0,0.0,0.0,0.0,0.0,0.0,0.0,0.0,0.0,0.0,0.0,0.0,1.0
2006,4,NV,Nevada,Legislation - Smokefree Indoor Air,Smokefree Indoor Air – Other Sites,Restriction Areas,Malls,Banned,4,Ranking,2006-11-07,2006-11-17,"(39.493240390000494, -117.07184056399967)",15GRP,96,10,False,False,5,3,0.6,"['Idaho', 'Utah', 'Arizona']",Idaho,4613.0,0.5249999999999999,West,1985-05-10,21.49486652977413,10,Smokefree Indoor Air – Other Sites - Malls,0,0,1,0.0,0.0,1.0,0.0,0.0,0.0,0.0,0.0,0.0,0.0,0.0,0.0,1.0
2006,4,OH,Ohio,Legislation - Smokefree Indoor Air,Home-based Day Care Centers,Restrictions,Type of Restriction in Home-Based Day Care,Banned,4,Ranking,2006-11-07,2006-12-07,"(40.06021014100048, -82.40426005599966)",10GRP,65,30,False,False,4,1,0.25,['Michigan'],Michigan,4757.0,0.21875,Midwest,1987-06-04,19.42778918548939,30,Home-based Day Care Centers - Type of Restriction in Home-Based Day Care,0,0,1,0.0,0.0,0.0,0.0,0.0,0.0,1.0,0.0,0.0,0.0,0.0,0.0,0.0
2006,4,OH,Ohio,Legislation - Smokefree Indoor Air,Commercial Day Care Centers,Restrictions,Type of Restriction in Commercial Day Care,Banned,4,Ranking,2006-11-07,2006-12-07,"(40.06021014100048, -82.40426005599966)",10GRP,50,30,False,False,4,1,0.25,['Michigan'],Michigan,4764.0,0.21875,Midwest,1963-07-12,43.32375085557837,30,Commercial Day Care Centers - Type of Restriction in Commercial Day Care,0,0,1,0.0,0.0,0.0,1.0,0.0,0.0,0.0,0.0,0.0,0.0,0.0,0.0,0.0
2006,4,NV,Nevada,Legislation - Smokefree Indoor Air,Home-based Day Care Centers,Restrictions,Type of Restriction in Home-Based Day Care,Banned,4,Ranking,2006-11-07,2006-11-17,"(39.493240390000494, -117.07184056399967)",10GRP,65,10,False,False,5,4,0.8,"['Idaho', 'Utah', 'Arizona', 'California']",Idaho,4613.0,0.7,West,1987-06-04,19.42778918548939,10,Home-based Day Care Centers - Type of Restriction in Home-Based Day Care,0,0,1,0.0,0.0,1.0,0.0,0.0,0.0,1.0,0.0,0.0,0.0,0.0,0.0,0.0
2006,4,OH,Ohio,Legislation - Smokefree Indoor Air,Restaurants,Restriction Areas,Type of Restriction in Restaurant Patron Area,Banned,4,Ranking,2006-11-07,2006-12-07,"(40.06021014100048, -82.40426005599966)",15GRP,233,30,False,False,4,0,0.0,[],,,0.0,Midwest,1975-01-01,31.849418206707735,30,Restaurants - Type of Restriction in Restaurant Patron Area,1,0,1,0.0,0.0,0.0,0.0,0.0,0.0,0.0,0.0,0.0,0.0,0.0,1.0,0.0
2006,4,OH,Ohio,Legislation - Smokefree Indoor Air,Government Worksites,Vehicles,Type of Restriction in Government Worksite Vehicle,Banned,4,Ranking,2006-11-07,2006-12-07,"(40.06021014100048, -82.40426005599966)",30GRP,17,30,False,False,4,0,0.0,[],,,0.0,Midwest,1979-01-01,27.849418206707735,30,Government Worksites - Type of Restriction in Government Worksite Vehicle,0,1,1,0.0,0.0,0.0,0.0,0.0,1.0,0.0,0.0,0.0,0.0,0.0,0.0,0.0
2006,4,OH,Ohio,Legislation - Smokefree Indoor Air,Hotels and Motels,Additional Requirements,Sleeping Room Designation (Type),Smoking Room,3,Ranking,2006-11-07,2006-12-07,"(40.06021014100048, -82.40426005599966)",20GRP,83,30,False,False,4,0,0.0,[],,,0.0,Midwest,1990-01-01,16.84873374401095,30,Hotels and Motels - Sleeping Room Designation (Type),0,0,0,0.0,0.0,0.0,0.0,0.0,0.0,0.0,1.0,0.0,0.0,0.0,0.0,0.0
2006,4,NV,Nevada,Legislation - Smokefree Indoor Air,Smokefree Indoor Air – Other Sites,Restriction Areas,Hospitals,Banned,4,Ranking,2006-11-07,2006-11-17,"(39.493240390000494, -117.07184056399967)",15GRP,100,10,False,True,5,2,0.4,"['Idaho', 'Arizona']",Idaho,949.0,0.35,West,1975-05-05,31.509924709103355,10,Smokefree Indoor Air – Other Sites - Hospitals,0,0,1,0.0,0.0,1.0,0.0,0.0,0.0,0.0,0.0,0.0,0.0,0.0,0.0,1.0
2006,4,OH,Ohio,Legislation - Smokefree Indoor Air,Bars,Restrictions,Type of Restriction in Bar (Summary),Banned,4,Ranking,2006-11-07,2006-12-07,"(40.06021014100048, -82.40426005599966)",10GRP,234,30,False,False,4,0,0.0,[],,,0.0,Midwest,1979-01-01,27.849418206707735,30,Bars - Type of Restriction in Bar (Summary),0,0,1,0.0,0.0,0.0,0.0,0.0,0.0,0.0,0.0,0.0,0.0,0.0,0.0,0.0
2006,4,OH,Ohio,Legislation - Smokefree Indoor Air,Government Worksites,Restrictions,Type of Restriction in Government Worksite,Banned,4,Ranking,2006-11-07,2006-12-07,"(40.06021014100048, -82.40426005599966)",10GRP,1,30,False,False,4,1,0.25,['Michigan'],Michigan,5347.0,0.21875,Midwest,1975-06-02,31.433264887063654,30,Government Worksites - Type of Restriction in Government Worksite,0,1,1,0.0,0.0,0.0,0.0,0.0,1.0,0.0,0.0,0.0,0.0,0.0,0.0,0.0
2006,4,NV,Nevada,Legislation - Smokefree Indoor Air,Private Worksites,Restrictions,Type of Restriction in Private Worksite,Banned,4,Ranking,2006-11-07,2006-11-17,"(39.493240390000494, -117.07184056399967)",10GRP,20,10,False,True,5,2,0.4,"['Utah', 'Arizona']",Utah,236.0,0.5530136986301369,West,1975-06-02,31.433264887063654,10,Private Worksites - Type of Restriction in Private Worksite,0,1,1,0.0,0.0,1.0,0.0,0.0,0.0,0.0,0.0,0.0,0.0,1.0,0.0,0.0
2007,2,AZ,Arizona,Legislation - Smokefree Indoor Air,Home-based Day Care Centers,Restrictions,Type of Restriction in Home-Based Day Care,Banned,4,Ranking,2006-11-07,2007-05-01,"(34.865970280000454, -111.76381127699972)",10GRP,65,175,False,False,5,4,0.8,"['California', 'Nevada', 'Utah', 'Colorado']",California,4613.0,0.7,West,1987-06-04,19.42778918548939,175,Home-based Day Care Centers - Type of Restriction in Home-Based Day Care,0,0,1,0.0,0.0,1.0,0.0,0.0,0.0,1.0,0.0,0.0,0.0,0.0,0.0,0.0
2007,2,LA,Louisiana,Legislation - Smokefree Indoor Air,Smokefree Indoor Air – Other Sites,Restriction Areas,Substance Use - Outpatient Facilities,Designated Areas,3,Ranking,2006-06-30,2007-01-01,"(31.31266064400046, -92.44568007099969)",15GRP,338,185,False,False,3,0,0.0,[],,,0.0,South,2002-05-31,4.082135523613963,185,Smokefree Indoor Air – Other Sites - Substance Use - Outpatient Facilities,0,0,0,0.0,1.0,0.0,0.0,0.0,0.0,0.0,0.0,0.0,0.0,0.0,0.0,1.0
2007,1,LA,Louisiana,Legislation - Smokefree Indoor Air,Smokefree Indoor Air – Other Sites,Restriction Areas,Casinos,Designated Areas,3,Ranking,2006-06-30,2007-01-01,"(31.31266064400046, -92.44568007099969)",15GRP,335,185,False,False,3,0,0.0,[],,,0.0,South,2003-03-26,3.263518138261465,185,Smokefree Indoor Air – Other Sites - Casinos,0,0,0,0.0,1.0,0.0,0.0,0.0,0.0,0.0,0.0,0.0,0.0,0.0,0.0,1.0
2007,1,LA,Louisiana,Legislation - Smokefree Indoor Air,Hotels and Motels,Additional Requirements,Sleeping Room Designation (Type),Smoking Room,3,Ranking,2006-06-30,2007-01-01,"(31.31266064400046, -92.44568007099969)",20GRP,83,185,False,True,3,1,0.3333333333333333,['Arkansas'],Arkansas,84.0,0.5571461187214611,South,1990-01-01,16.49281314168378,185,Hotels and Motels - Sleeping Room Designation (Type),0,0,0,0.0,1.0,0.0,0.0,0.0,0.0,0.0,1.0,0.0,0.0,0.0,0.0,0.0
2007,2,AZ,Arizona,Legislation - Smokefree Indoor Air,Restaurants,Restriction Areas,Type of Restriction in Restaurant Employee Area,Banned,4,Ranking,2006-11-15,2007-05-01,"(34.865970280000454, -111.76381127699972)",15GRP,232,167,False,False,5,3,0.6,"['Nevada', 'Utah', 'Colorado']",Nevada,4621.0,0.5249999999999999,West,1975-01-01,31.871321013004792,167,Restaurants - Type of Restriction in Restaurant Employee Area,1,0,1,0.0,0.0,1.0,0.0,0.0,0.0,0.0,0.0,0.0,0.0,0.0,1.0,0.0
2007,2,AZ,Arizona,Legislation - Smokefree Indoor Air,Smokefree Indoor Air – Other Sites,Restriction Areas,Substance Use - Residential Facilities,Banned,4,Ranking,2006-11-07,2007-05-01,"(34.865970280000454, -111.76381127699972)",15GRP,339,175,False,False,5,0,0.0,[],,,0.0,West,2001-04-12,5.5715263518138265,175,Smokefree Indoor Air – Other Sites - Substance Use - Residential Facilities,0,0,1,0.0,0.0,1.0,0.0,0.0,0.0,0.0,0.0,0.0,0.0,0.0,0.0,1.0
2007,1,LA,Louisiana,Legislation - Smokefree Indoor Air,Restaurants,Restriction Areas,Type of Restriction in Restaurant Bar Area,Banned,4,Ranking,2006-06-30,2007-01-01,"(31.31266064400046, -92.44568007099969)",15GRP,231,185,False,False,3,0,0.0,[],,,0.0,South,1975-01-01,31.49349760438056,185,Restaurants - Type of Restriction in Restaurant Bar Area,1,0,1,0.0,1.0,0.0,0.0,0.0,0.0,0.0,0.0,0.0,0.0,0.0,1.0,0.0
2007,2,LA,Louisiana,Legislation - Smokefree Indoor Air,Smokefree Indoor Air – Other Sites,Restriction Areas,Prisons,Banned,4,Ranking,2006-06-30,2007-01-01,"(31.31266064400046, -92.44568007099969)",15GRP,101,185,False,False,3,0,0.0,[],,,0.0,South,1990-04-27,16.175222450376456,185,Smokefree Indoor Air – Other Sites - Prisons,0,0,1,0.0,1.0,0.0,0.0,0.0,0.0,0.0,0.0,0.0,0.0,0.0,0.0,1.0
2007,1,LA,Louisiana,Legislation - Smokefree Indoor Air,Hotels and Motels,Restrictions,Type of Restriction in Lobby and Common Area of Hotel and Motel,Banned,4,Ranking,2006-06-30,2007-01-01,"(31.31266064400046, -92.44568007099969)",10GRP,81,185,False,True,3,1,0.3333333333333333,['Arkansas'],Arkansas,84.0,0.5571461187214611,South,1990-01-09,16.470910335386723,185,Hotels and Motels - Type of Restriction in Lobby and Common Area of Hotel and Motel,0,0,1,0.0,1.0,0.0,0.0,0.0,0.0,0.0,1.0,0.0,0.0,0.0,0.0,0.0
2007,1,DC,District of Columbia,Legislation - Smokefree Indoor Air,Bars,Restriction Areas,Type of Restriction in Bar Employee Area,Banned,4,Ranking,2006-01-31,2007-01-01,"(38.89037138500049, -77.03196112699965)",15GRP,236,335,False,False,2,0,0.0,[],,,0.0,South,1979-01-01,27.082819986310746,335,Bars - Type of Restriction in Bar Employee Area,0,0,1,0.0,1.0,0.0,0.0,0.0,0.0,0.0,0.0,0.0,0.0,0.0,0.0,0.0
2007,2,AZ,Arizona,Legislation - Smokefree Indoor Air,Commercial Day Care Centers,Restrictions,Type of Restriction in Commercial Day Care,Banned,4,Ranking,2006-11-07,2007-05-01,"(34.865970280000454, -111.76381127699972)",10GRP,50,175,False,False,5,4,0.8,"['California', 'Nevada', 'Utah', 'Colorado']",California,7419.0,0.7,West,1963-07-12,43.32375085557837,175,Commercial Day Care Centers - Type of Restriction in Commercial Day Care,0,0,1,0.0,0.0,1.0,1.0,0.0,0.0,0.0,0.0,0.0,0.0,0.0,0.0,0.0
2007,1,LA,Louisiana,Legislation - Smokefree Indoor Air,Smokefree Indoor Air – Other Sites,Restriction Areas,Substance Use - Residential Facilities,Designated Areas,3,Ranking,2006-06-30,2007-01-01,"(31.31266064400046, -92.44568007099969)",15GRP,339,185,False,False,3,0,0.0,[],,,0.0,South,2001-04-12,5.215605749486653,185,Smokefree Indoor Air – Other Sites - Substance Use - Residential Facilities,0,0,0,0.0,1.0,0.0,0.0,0.0,0.0,0.0,0.0,0.0,0.0,0.0,0.0,1.0
2007,2,DC,District of Columbia,Legislation - Smokefree Indoor Air,Restaurants,Restriction Areas,Type of Restriction in Restaurant Patron Area,Banned,4,Ranking,2006-01-31,2007-01-01,"(38.89037138500049, -77.03196112699965)",15GRP,233,335,False,False,2,0,0.0,[],,,0.0,South,1975-01-01,31.082819986310746,335,Restaurants - Type of Restriction in Restaurant Patron Area,1,0,1,0.0,1.0,0.0,0.0,0.0,0.0,0.0,0.0,0.0,0.0,0.0,1.0,0.0
2007,1,LA,Louisiana,Legislation - Smokefree Indoor Air,Smokefree Indoor Air – Other Sites,Restriction Areas,Enclosed Arenas,Designated Areas,3,Ranking,2006-06-30,2007-01-01,"(31.31266064400046, -92.44568007099969)",15GRP,98,185,False,False,3,0,0.0,[],,,0.0,South,1975-06-02,31.077344284736483,185,Smokefree Indoor Air – Other Sites - Enclosed Arenas,0,0,0,0.0,1.0,0.0,0.0,0.0,0.0,0.0,0.0,0.0,0.0,0.0,0.0,1.0
2007,2,LA,Louisiana,Legislation - Smokefree Indoor Air,Private Worksites,Vehicles,Type of Restriction in Private Worksite Vehicle,Banned,4,Ranking,2006-06-30,2007-01-01,"(31.31266064400046, -92.44568007099969)",30GRP,34,185,False,False,3,0,0.0,[],,,0.0,South,1987-06-04,19.071868583162217,185,Private Worksites - Type of Restriction in Private Worksite Vehicle,0,1,1,0.0,1.0,0.0,0.0,0.0,0.0,0.0,0.0,0.0,0.0,1.0,0.0,0.0
2007,2,AZ,Arizona,Legislation - Smokefree Indoor Air,Private Worksites,Restrictions,Type of Restriction in Private Worksite,Banned,4,Ranking,2006-11-07,2007-05-01,"(34.865970280000454, -111.76381127699972)",10GRP,20,175,False,True,5,3,0.6,"['Nevada', 'Utah', 'Colorado']",Nevada,236.0,0.7280136986301369,West,1975-06-02,31.433264887063654,175,Private Worksites - Type of Restriction in Private Worksite,0,1,1,0.0,0.0,1.0,0.0,0.0,0.0,0.0,0.0,0.0,0.0,1.0,0.0,0.0
2007,2,LA,Louisiana,Legislation - Smokefree Indoor Air,Smokefree Indoor Air – Other Sites,Restriction Areas,Grocery Stores,Banned,4,Ranking,2006-06-30,2007-01-01,"(31.31266064400046, -92.44568007099969)",15GRP,97,185,False,True,3,1,0.3333333333333333,['Arkansas'],Arkansas,84.0,0.5571461187214611,South,1975-06-02,31.077344284736483,185,Smokefree Indoor Air – Other Sites - Grocery Stores,0,0,1,0.0,1.0,0.0,0.0,0.0,0.0,0.0,0.0,0.0,0.0,0.0,0.0,1.0
2007,2,AZ,Arizona,Legislation - Smokefree Indoor Air,Private Multi-Unit Housing,Restrictions,Type of Restriction in Lobby and Common Area of Private Multi-Unit Housing,Banned,4,Ranking,2006-11-07,2007-05-01,"(34.865970280000454, -111.76381127699972)",10GRP,125,175,False,False,5,1,0.2,['Colorado'],Colorado,225.0,0.3825342465753424,West,2002-05-31,4.438056125941136,175,Private Multi-Unit Housing - Type of Restriction in Lobby and Common Area of Private Multi-Unit Housing,0,0,1,0.0,0.0,1.0,0.0,0.0,0.0,0.0,0.0,0.0,1.0,0.0,0.0,0.0
2007,2,AZ,Arizona,Legislation - Smokefree Indoor Air,Hotels and Motels,Additional Requirements,Sleeping Room Designation (Type),Smoking Room,3,Ranking,2006-12-07,2007-05-01,"(34.865970280000454, -111.76381127699972)",20GRP,83,145,False,False,5,2,0.4,"['California', 'Utah']",California,4643.0,0.35,West,1990-01-01,16.930869267624914,145,Hotels and Motels - Sleeping Room Designation (Type),0,0,0,0.0,0.0,1.0,0.0,0.0,0.0,0.0,1.0,0.0,0.0,0.0,0.0,0.0
2007,1,LA,Louisiana,Legislation - Smokefree Indoor Air,Restaurants,Restrictions,Type of Restriction in Restaurant (Summary),Banned,4,Ranking,2006-06-30,2007-01-01,"(31.31266064400046, -92.44568007099969)",10GRP,37,185,False,False,3,0,0.0,[],,,0.0,South,1975-01-01,31.49349760438056,185,Restaurants - Type of Restriction in Restaurant (Summary),1,0,1,0.0,1.0,0.0,0.0,0.0,0.0,0.0,0.0,0.0,0.0,0.0,1.0,0.0
2007,2,LA,Louisiana,Legislation - Smokefree Indoor Air,Smokefree Indoor Air – Other Sites,Restriction Areas,Mental Health - Residential Facilities,Designated Areas,3,Ranking,2006-06-30,2007-01-01,"(31.31266064400046, -92.44568007099969)",15GRP,341,185,False,False,3,0,0.0,[],,,0.0,South,2001-04-12,5.215605749486653,185,Smokefree Indoor Air – Other Sites - Mental Health - Residential Facilities,0,0,0,0.0,1.0,0.0,0.0,0.0,0.0,0.0,0.0,0.0,0.0,0.0,0.0,1.0
2007,2,AZ,Arizona,Legislation - Smokefree Indoor Air,Bars,Restriction Areas,Type of Restriction in Bar Employee Area,Banned,4,Ranking,2006-11-15,2007-05-01,"(34.865970280000454, -111.76381127699972)",15GRP,236,167,False,False,5,1,0.2,['Colorado'],Colorado,233.0,0.3792465753424657,West,1979-01-01,27.871321013004792,167,Bars - Type of Restriction in Bar Employee Area,0,0,1,0.0,0.0,1.0,0.0,0.0,0.0,0.0,0.0,0.0,0.0,0.0,0.0,0.0
2007,2,AZ,Arizona,Legislation - Smokefree Indoor Air,Smokefree Indoor Air – Other Sites,Restriction Areas,Public Transportation,Banned,4,Ranking,2006-11-07,2007-05-01,"(34.865970280000454, -111.76381127699972)",15GRP,99,175,False,False,5,3,0.6,"['Nevada', 'Utah', 'Colorado']",Nevada,4613.0,0.5249999999999999,West,1973-05-04,33.51129363449692,175,Smokefree Indoor Air – Other Sites - Public Transportation,0,0,1,0.0,0.0,1.0,0.0,0.0,0.0,0.0,0.0,0.0,0.0,0.0,0.0,1.0
2007,2,NM,New Mexico,Legislation - Smokefree Indoor Air,Restaurants,Restrictions,Type of Restriction in Restaurant (Summary),Banned,4,Ranking,2007-03-13,2007-06-15,"(34.52088095200048, -106.24058098499967)",10GRP,37,94,False,False,5,3,0.6,"['Arizona', 'Utah', 'Colorado']",Arizona,4739.0,0.5249999999999999,West,1975-01-01,32.19438740588638,94,Restaurants - Type of Restriction in Restaurant (Summary),1,0,1,0.0,0.0,1.0,0.0,0.0,0.0,0.0,0.0,0.0,0.0,0.0,1.0,0.0
2007,3,LA,Louisiana,Legislation - Smokefree Indoor Air,Commercial Day Care Centers,Vehicles,Type of Restriction in Commercial Day Care Vehicle,Banned,4,Ranking,2006-06-30,2007-01-01,"(31.31266064400046, -92.44568007099969)",30GRP,61,185,False,True,3,1,0.3333333333333333,['Arkansas'],Arkansas,81.0,0.5583789954337899,South,2000-07-13,5.963039014373717,185,Commercial Day Care Centers - Type of Restriction in Commercial Day Care Vehicle,0,0,1,0.0,1.0,0.0,1.0,0.0,0.0,0.0,0.0,0.0,0.0,0.0,0.0,0.0
2007,4,LA,Louisiana,Legislation - Smokefree Indoor Air,Home-based Day Care Centers,Vehicles,Type of Restriction in Home-Based Day Care Vehicle,Banned,4,Ranking,2006-06-30,2007-01-01,"(31.31266064400046, -92.44568007099969)",30GRP,77,185,False,False,3,0,0.0,[],,,0.0,South,2002-05-31,4.082135523613963,185,Home-based Day Care Centers - Type of Restriction in Home-Based Day Care Vehicle,0,0,1,0.0,1.0,0.0,0.0,0.0,0.0,1.0,0.0,0.0,0.0,0.0,0.0,0.0
2007,3,AZ,Arizona,Legislation - Smokefree Indoor Air,Government Multi-Unit Housing,Restrictions,Type of Restriction in Lobby and Common Area of Government Multi-Unit Housing,Banned,4,Ranking,2006-11-07,2007-05-01,"(34.865970280000454, -111.76381127699972)",10GRP,115,175,False,False,5,1,0.2,['Colorado'],Colorado,225.0,0.3825342465753424,West,1990-04-27,16.531143052703626,175,Government Multi-Unit Housing - Type of Restriction in Lobby and Common Area of Government Multi-Unit Housing,0,0,1,0.0,0.0,1.0,0.0,1.0,0.0,0.0,0.0,0.0,0.0,0.0,0.0,0.0
2007,4,MN,Minnesota,Legislation - Smokefree Indoor Air,Smokefree Indoor Air – Other Sites,Restriction Areas,Enclosed Arenas,Banned,4,Ranking,2007-05-16,2007-10-01,"(46.35564873600049, -94.79420050299967)",15GRP,98,138,False,True,4,2,0.5,"['South Dakota', 'North Dakota']",South Dakota,1909.0,0.4375,Midwest,1975-06-02,31.953456536618756,138,Smokefree Indoor Air – Other Sites - Enclosed Arenas,0,0,1,0.0,0.0,0.0,0.0,0.0,0.0,0.0,0.0,0.0,0.0,0.0,0.0,1.0
2007,3,NM,New Mexico,Legislation - Smokefree Indoor Air,Private Worksites,Restrictions,Type of Restriction in Private Worksite,Banned,4,Ranking,2007-03-13,2007-06-15,"(34.52088095200048, -106.24058098499967)",10GRP,20,94,False,True,5,3,0.6,"['Arizona', 'Utah', 'Colorado']",Arizona,362.0,0.6762328767123287,West,1975-06-02,31.7782340862423,94,Private Worksites - Type of Restriction in Private Worksite,0,1,1,0.0,0.0,1.0,0.0,0.0,0.0,0.0,0.0,0.0,0.0,1.0,0.0,0.0
2007,4,MN,Minnesota,Legislation - Smokefree Indoor Air,Smokefree Indoor Air – Other Sites,Restriction Areas,Grocery Stores,Banned,4,Ranking,2007-05-16,2007-10-01,"(46.35564873600049, -94.79420050299967)",15GRP,97,138,False,True,4,2,0.5,"['South Dakota', 'North Dakota']",South Dakota,1909.0,0.4375,Midwest,1975-06-02,31.953456536618756,138,Smokefree Indoor Air – Other Sites - Grocery Stores,0,0,1,0.0,0.0,0.0,0.0,0.0,0.0,0.0,0.0,0.0,0.0,0.0,0.0,1.0
2007,4,MN,Minnesota,Legislation - Smokefree Indoor Air,Restaurants,Restrictions,Type of Restriction in Restaurant (Summary),Banned,4,Ranking,2007-05-16,2007-10-01,"(46.35564873600049, -94.79420050299967)",10GRP,37,138,False,False,4,0,0.0,[],,,0.0,Midwest,1975-01-01,32.369609856262834,138,Restaurants - Type of Restriction in Restaurant (Summary),1,0,1,0.0,0.0,0.0,0.0,0.0,0.0,0.0,0.0,0.0,0.0,0.0,1.0,0.0
2007,4,MN,Minnesota,Legislation - Smokefree Indoor Air,Bars,Restriction Areas,Type of Restriction in Bar Employee Area,Banned,4,Ranking,2007-05-16,2007-10-01,"(46.35564873600049, -94.79420050299967)",15GRP,236,138,False,False,4,0,0.0,[],,,0.0,Midwest,1979-01-01,28.369609856262834,138,Bars - Type of Restriction in Bar Employee Area,0,0,1,0.0,0.0,0.0,0.0,0.0,0.0,0.0,0.0,0.0,0.0,0.0,0.0,0.0
2007,4,NC,North Carolina,Legislation - Smokefree Indoor Air,Smokefree Indoor Air – Other Sites,Restriction Areas,Mental Health - Residential Facilities,Banned,4,Ranking,2007-08-28,2007-10-01,"(35.466220975000454, -79.15925046299964)",15GRP,341,34,False,False,4,1,0.25,['Tennessee'],Tennessee,78.0,0.486695205479452,South,2001-04-12,6.376454483230664,34,Smokefree Indoor Air – Other Sites - Mental Health - Residential Facilities,0,0,1,0.0,1.0,0.0,0.0,0.0,0.0,0.0,0.0,0.0,0.0,0.0,0.0,1.0
2007,3,NM,New Mexico,Legislation - Smokefree Indoor Air,Restaurants,Restriction Areas,Type of Restriction in Restaurant Bar Area,Banned,4,Ranking,2007-03-13,2007-06-15,"(34.52088095200048, -106.24058098499967)",15GRP,231,94,False,False,5,3,0.6,"['Arizona', 'Utah', 'Colorado']",Arizona,4739.0,0.5249999999999999,West,1975-01-01,32.19438740588638,94,Restaurants - Type of Restriction in Restaurant Bar Area,1,0,1,0.0,0.0,1.0,0.0,0.0,0.0,0.0,0.0,0.0,0.0,0.0,1.0,0.0
2007,4,MN,Minnesota,Legislation - Smokefree Indoor Air,Restaurants,Restriction Areas,Type of Restriction in Restaurant Employee Area,Banned,4,Ranking,2007-05-16,2007-10-01,"(46.35564873600049, -94.79420050299967)",15GRP,232,138,False,True,4,2,0.5,"['South Dakota', 'North Dakota']",South Dakota,1909.0,0.4375,Midwest,1975-01-01,32.369609856262834,138,Restaurants - Type of Restriction in Restaurant Employee Area,1,0,1,0.0,0.0,0.0,0.0,0.0,0.0,0.0,0.0,0.0,0.0,0.0,1.0,0.0
2007,4,LA,Louisiana,Legislation - Smokefree Indoor Air,Home-based Day Care Centers,Restrictions,Type of Restriction in Home-Based Day Care,Banned,4,Ranking,2006-06-30,2007-01-01,"(31.31266064400046, -92.44568007099969)",10GRP,65,185,False,True,3,1,0.3333333333333333,['Arkansas'],Arkansas,84.0,0.5571461187214611,South,1987-06-04,19.071868583162217,185,Home-based Day Care Centers - Type of Restriction in Home-Based Day Care,0,0,1,0.0,1.0,0.0,0.0,0.0,0.0,1.0,0.0,0.0,0.0,0.0,0.0,0.0
2007,3,AZ,Arizona,Legislation - Smokefree Indoor Air,Hotels and Motels,Restrictions,Type of Restriction in Lobby and Common Area of Hotel and Motel,Banned,4,Ranking,2006-12-07,2007-05-01,"(34.865970280000454, -111.76381127699972)",10GRP,81,145,False,False,5,3,0.6,"['Nevada', 'Utah', 'Colorado']",Nevada,4643.0,0.5249999999999999,West,1990-01-09,16.908966461327857,145,Hotels and Motels - Type of Restriction in Lobby and Common Area of Hotel and Motel,0,0,1,0.0,0.0,1.0,0.0,0.0,0.0,0.0,1.0,0.0,0.0,0.0,0.0,0.0
2007,4,LA,Louisiana,Legislation - Smokefree Indoor Air,Smokefree Indoor Air – Other Sites,Restriction Areas,Public Transportation,Banned,4,Ranking,2006-06-30,2007-01-01,"(31.31266064400046, -92.44568007099969)",15GRP,99,185,False,True,3,1,0.3333333333333333,['Arkansas'],Arkansas,84.0,0.5571461187214611,South,1973-05-04,33.15537303216975,185,Smokefree Indoor Air – Other Sites - Public Transportation,0,0,1,0.0,1.0,0.0,0.0,0.0,0.0,0.0,0.0,0.0,0.0,0.0,0.0,1.0
2007,4,LA,Louisiana,Legislation - Smokefree Indoor Air,Restaurants,Restriction Areas,Type of Restriction in Restaurant Employee Area,Banned,4,Ranking,2006-06-30,2007-01-01,"(31.31266064400046, -92.44568007099969)",15GRP,232,185,False,False,3,0,0.0,[],,,0.0,South,1975-01-01,31.49349760438056,185,Restaurants - Type of Restriction in Restaurant Employee Area,1,0,1,0.0,1.0,0.0,0.0,0.0,0.0,0.0,0.0,0.0,0.0,0.0,1.0,0.0
2007,3,NM,New Mexico,Legislation - Smokefree Indoor Air,Commercial Day Care Centers,Restrictions,Type of Restriction in Commercial Day Care,Banned,4,Ranking,2007-03-13,2007-06-15,"(34.52088095200048, -106.24058098499967)",10GRP,50,94,False,False,5,3,0.6,"['Arizona', 'Utah', 'Colorado']",Arizona,4739.0,0.5249999999999999,West,1963-07-12,43.66872005475702,94,Commercial Day Care Centers - Type of Restriction in Commercial Day Care,0,0,1,0.0,0.0,1.0,1.0,0.0,0.0,0.0,0.0,0.0,0.0,0.0,0.0,0.0
2007,4,MN,Minnesota,Legislation - Smokefree Indoor Air,Hotels and Motels,Restrictions,Type of Restriction in Lobby and Common Area of Hotel and Motel,Banned,4,Ranking,2007-05-14,2007-10-01,"(46.35564873600049, -94.79420050299967)",10GRP,81,140,False,True,4,2,0.5,"['South Dakota', 'North Dakota']",South Dakota,1907.0,0.4375,Midwest,1990-01-09,17.34154688569473,140,Hotels and Motels - Type of Restriction in Lobby and Common Area of Hotel and Motel,0,0,1,0.0,0.0,0.0,0.0,0.0,0.0,0.0,1.0,0.0,0.0,0.0,0.0,0.0
2007,4,MN,Minnesota,Legislation - Smokefree Indoor Air,Government Multi-Unit Housing,Restrictions,Type of Restriction in Lobby and Common Area of Government Multi-Unit Housing,Banned,4,Ranking,2007-05-16,2007-10-01,"(46.35564873600049, -94.79420050299967)",10GRP,115,138,False,False,4,1,0.25,['North Dakota'],North Dakota,751.0,0.21875,Midwest,1990-04-27,17.05133470225873,138,Government Multi-Unit Housing - Type of Restriction in Lobby and Common Area of Government Multi-Unit Housing,0,0,1,0.0,0.0,0.0,0.0,1.0,0.0,0.0,0.0,0.0,0.0,0.0,0.0,0.0
2007,3,LA,Louisiana,Legislation - Smokefree Indoor Air,Smokefree Indoor Air – Other Sites,Restriction Areas,Bingo Halls,Designated Areas,3,Ranking,2006-06-30,2007-01-01,"(31.31266064400046, -92.44568007099969)",15GRP,337,185,False,False,3,0,0.0,[],,,0.0,South,2003-03-26,3.263518138261465,185,Smokefree Indoor Air – Other Sites - Bingo Halls,0,0,0,0.0,1.0,0.0,0.0,0.0,0.0,0.0,0.0,0.0,0.0,0.0,0.0,1.0
2007,2,NM,New Mexico,Legislation - Smokefree Indoor Air,Smokefree Indoor Air – Other Sites,Restriction Areas,Malls,Banned,4,Ranking,2007-03-13,2007-06-15,"(34.52088095200048, -106.24058098499967)",15GRP,96,94,False,False,5,4,0.8,"['Arizona', 'Utah', 'Colorado', 'Oklahoma']",Arizona,4739.0,0.7,West,1985-05-10,21.83983572895277,94,Smokefree Indoor Air – Other Sites - Malls,0,0,1,0.0,0.0,1.0,0.0,0.0,0.0,0.0,0.0,0.0,0.0,0.0,0.0,1.0
2007,4,NC,North Carolina,Legislation - Smokefree Indoor Air,Smokefree Indoor Air – Other Sites,Restriction Areas,Substance Use - Outpatient Facilities,Banned,4,Ranking,2007-08-28,2007-10-01,"(35.466220975000454, -79.15925046299964)",15GRP,338,34,False,False,4,1,0.25,['Tennessee'],Tennessee,78.0,0.486695205479452,South,2002-05-31,5.242984257357974,34,Smokefree Indoor Air – Other Sites - Substance Use - Outpatient Facilities,0,0,1,0.0,1.0,0.0,0.0,0.0,0.0,0.0,0.0,0.0,0.0,0.0,0.0,1.0
2007,3,AZ,Arizona,Legislation - Smokefree Indoor Air,Smokefree Indoor Air – Other Sites,Restriction Areas,Hospitals,Banned,4,Ranking,2006-11-07,2007-05-01,"(34.865970280000454, -111.76381127699972)",15GRP,100,175,False,True,5,2,0.4,"['Nevada', 'Colorado']",Nevada,225.0,0.5575342465753425,West,1975-05-05,31.509924709103355,175,Smokefree Indoor Air – Other Sites - Hospitals,0,0,1,0.0,0.0,1.0,0.0,0.0,0.0,0.0,0.0,0.0,0.0,0.0,0.0,1.0
2007,4,LA,Louisiana,Legislation - Smokefree Indoor Air,Private Worksites,Restrictions,Type of Restriction in Private Worksite,Banned,4,Ranking,2006-06-30,2007-01-01,"(31.31266064400046, -92.44568007099969)",10GRP,20,185,False,True,3,1,0.3333333333333333,['Arkansas'],Arkansas,84.0,0.5571461187214611,South,1975-06-02,31.077344284736483,185,Private Worksites - Type of Restriction in Private Worksite,0,1,1,0.0,1.0,0.0,0.0,0.0,0.0,0.0,0.0,0.0,0.0,1.0,0.0,0.0
2007,3,NM,New Mexico,Legislation - Smokefree Indoor Air,Bars,Restriction Areas,Type of Restriction in Bar Employee Area,Banned,4,Ranking,2007-03-13,2007-06-15,"(34.52088095200048, -106.24058098499967)",15GRP,236,94,False,True,5,3,0.6,"['Arizona', 'Utah', 'Colorado']",Arizona,351.0,0.6807534246575342,West,1979-01-01,28.194387405886378,94,Bars - Type of Restriction in Bar Employee Area,0,0,1,0.0,0.0,1.0,0.0,0.0,0.0,0.0,0.0,0.0,0.0,0.0,0.0,0.0
2007,4,MD,Maryland,Legislation - Smokefree Indoor Air,Home-based Day Care Centers,Vehicles,Type of Restriction in Home-Based Day Care Vehicle,Banned,4,Ranking,2007-05-17,2007-10-01,"(39.29058096400047, -76.60926011099963)",30GRP,77,137,False,True,5,2,0.4,"['District of Columbia', 'Delaware']",District of Columbia,1812.0,0.35,South,2002-05-31,4.960985626283367,137,Home-based Day Care Centers - Type of Restriction in Home-Based Day Care Vehicle,0,0,1,0.0,1.0,0.0,0.0,0.0,0.0,1.0,0.0,0.0,0.0,0.0,0.0,0.0
2007,4,AZ,Arizona,Legislation - Smokefree Indoor Air,Smokefree Indoor Air – Other Sites,Restriction Areas,Grocery Stores,Banned,4,Ranking,2006-11-07,2007-05-01,"(34.865970280000454, -111.76381127699972)",15GRP,97,175,False,False,5,3,0.6,"['Nevada', 'Utah', 'Colorado']",Nevada,4613.0,0.5249999999999999,West,1975-06-02,31.433264887063654,175,Smokefree Indoor Air – Other Sites - Grocery Stores,0,0,1,0.0,0.0,1.0,0.0,0.0,0.0,0.0,0.0,0.0,0.0,0.0,0.0,1.0
2007,3,LA,Louisiana,Legislation - Smokefree Indoor Air,Smokefree Indoor Air – Other Sites,Restriction Areas,Mental Health - Outpatient Facilities,Designated Areas,3,Ranking,2006-06-30,2007-01-01,"(31.31266064400046, -92.44568007099969)",15GRP,340,185,False,False,3,0,0.0,[],,,0.0,South,1999-01-01,7.493497604380561,185,Smokefree Indoor Air – Other Sites - Mental Health - Outpatient Facilities,0,0,0,0.0,1.0,0.0,0.0,0.0,0.0,0.0,0.0,0.0,0.0,0.0,0.0,1.0
2007,2,NM,New Mexico,Legislation - Smokefree Indoor Air,Smokefree Indoor Air – Other Sites,Restriction Areas,Hospitals,Banned,4,Ranking,2007-03-13,2007-06-15,"(34.52088095200048, -106.24058098499967)",15GRP,100,94,False,True,5,2,0.4,"['Arizona', 'Colorado']",Arizona,351.0,0.5057534246575343,West,1975-05-05,31.854893908281998,94,Smokefree Indoor Air – Other Sites - Hospitals,0,0,1,0.0,0.0,1.0,0.0,0.0,0.0,0.0,0.0,0.0,0.0,0.0,0.0,1.0
2007,3,NM,New Mexico,Legislation - Smokefree Indoor Air,Smokefree Indoor Air – Other Sites,Restriction Areas,Public Transportation,Banned,4,Ranking,2007-03-13,2007-06-15,"(34.52088095200048, -106.24058098499967)",15GRP,99,94,False,False,5,4,0.8,"['Arizona', 'Utah', 'Colorado', 'Oklahoma']",Arizona,4739.0,0.7,West,1973-05-04,33.856262833675565,94,Smokefree Indoor Air – Other Sites - Public Transportation,0,0,1,0.0,0.0,1.0,0.0,0.0,0.0,0.0,0.0,0.0,0.0,0.0,0.0,1.0
2007,4,AZ,Arizona,Legislation - Smokefree Indoor Air,Restaurants,Restrictions,Type of Restriction in Restaurant (Summary),Banned,4,Ranking,2006-11-07,2007-05-01,"(34.865970280000454, -111.76381127699972)",10GRP,37,175,False,False,5,3,0.6,"['Nevada', 'Utah', 'Colorado']",Nevada,4613.0,0.5249999999999999,West,1975-01-01,31.849418206707735,175,Restaurants - Type of Restriction in Restaurant (Summary),1,0,1,0.0,0.0,1.0,0.0,0.0,0.0,0.0,0.0,0.0,0.0,0.0,1.0,0.0
2007,3,AZ,Arizona,Legislation - Smokefree Indoor Air,Smokefree Indoor Air – Other Sites,Restriction Areas,Malls,Banned,4,Ranking,2006-11-07,2007-05-01,"(34.865970280000454, -111.76381127699972)",15GRP,96,175,False,False,5,3,0.6,"['Nevada', 'Utah', 'Colorado']",Nevada,4613.0,0.5249999999999999,West,1985-05-10,21.49486652977413,175,Smokefree Indoor Air – Other Sites - Malls,0,0,1,0.0,0.0,1.0,0.0,0.0,0.0,0.0,0.0,0.0,0.0,0.0,0.0,1.0
2007,4,MN,Minnesota,Legislation - Smokefree Indoor Air,Restaurants,Restriction Areas,Type of Restriction in Restaurant Bar Area,Banned,4,Ranking,2007-05-16,2007-10-01,"(46.35564873600049, -94.79420050299967)",15GRP,231,138,False,False,4,0,0.0,[],,,0.0,Midwest,1975-01-01,32.369609856262834,138,Restaurants - Type of Restriction in Restaurant Bar Area,1,0,1,0.0,0.0,0.0,0.0,0.0,0.0,0.0,0.0,0.0,0.0,0.0,1.0,0.0
2007,4,AZ,Arizona,Legislation - Smokefree Indoor Air,Smokefree Indoor Air – Other Sites,Restriction Areas,Enclosed Arenas,Banned,4,Ranking,2006-11-07,2007-05-01,"(34.865970280000454, -111.76381127699972)",15GRP,98,175,False,False,5,3,0.6,"['Nevada', 'Utah', 'Colorado']",Nevada,4613.0,0.5249999999999999,West,1975-06-02,31.433264887063654,175,Smokefree Indoor Air – Other Sites - Enclosed Arenas,0,0,1,0.0,0.0,1.0,0.0,0.0,0.0,0.0,0.0,0.0,0.0,0.0,0.0,1.0
2007,4,LA,Louisiana,Legislation - Smokefree Indoor Air,Restaurants,Restriction Areas,Type of Restriction in Restaurant Patron Area,Banned,4,Ranking,2006-06-30,2007-01-01,"(31.31266064400046, -92.44568007099969)",15GRP,233,185,False,False,3,0,0.0,[],,,0.0,South,1975-01-01,31.49349760438056,185,Restaurants - Type of Restriction in Restaurant Patron Area,1,0,1,0.0,1.0,0.0,0.0,0.0,0.0,0.0,0.0,0.0,0.0,0.0,1.0,0.0
2007,3,DC,District of Columbia,Legislation - Smokefree Indoor Air,Bars,Restrictions,Type of Restriction in Bar (Summary),Banned,4,Ranking,2006-01-31,2007-01-01,"(38.89037138500049, -77.03196112699965)",10GRP,234,335,False,False,2,0,0.0,[],,,0.0,South,1979-01-01,27.082819986310746,335,Bars - Type of Restriction in Bar (Summary),0,0,1,0.0,1.0,0.0,0.0,0.0,0.0,0.0,0.0,0.0,0.0,0.0,0.0,0.0
2007,4,MN,Minnesota,Legislation - Smokefree Indoor Air,Bars,Restriction Areas,Type of Restriction in Bar Patron Area,Banned,4,Ranking,2007-05-16,2007-10-01,"(46.35564873600049, -94.79420050299967)",15GRP,235,138,False,False,4,0,0.0,[],,,0.0,Midwest,1979-01-01,28.369609856262834,138,Bars - Type of Restriction in Bar Patron Area,0,0,1,0.0,0.0,0.0,0.0,0.0,0.0,0.0,0.0,0.0,0.0,0.0,0.0,0.0
2007,2,NM,New Mexico,Legislation - Smokefree Indoor Air,Restaurants,Restriction Areas,Type of Restriction in Restaurant Patron Area,Banned,4,Ranking,2007-03-13,2007-06-15,"(34.52088095200048, -106.24058098499967)",15GRP,233,94,False,False,5,3,0.6,"['Arizona', 'Utah', 'Colorado']",Arizona,4739.0,0.5249999999999999,West,1975-01-01,32.19438740588638,94,Restaurants - Type of Restriction in Restaurant Patron Area,1,0,1,0.0,0.0,1.0,0.0,0.0,0.0,0.0,0.0,0.0,0.0,0.0,1.0,0.0
2007,4,LA,Louisiana,Legislation - Smokefree Indoor Air,Government Worksites,Restrictions,Type of Restriction in Government Worksite,Banned,4,Ranking,2006-06-30,2007-01-01,"(31.31266064400046, -92.44568007099969)",10GRP,1,185,False,True,3,2,0.6666666666666666,"['Arkansas', 'Mississippi']",Arkansas,99.0,0.8426484018264839,South,1975-06-02,31.077344284736483,185,Government Worksites - Type of Restriction in Government Worksite,0,1,1,0.0,1.0,0.0,0.0,0.0,1.0,0.0,0.0,0.0,0.0,0.0,0.0,0.0
2007,2,NM,New Mexico,Legislation - Smokefree Indoor Air,Hotels and Motels,Additional Requirements,Sleeping Room Designation (Type),Smoking Room,3,Ranking,2007-03-13,2007-06-15,"(34.52088095200048, -106.24058098499967)",20GRP,83,94,False,False,5,3,0.6,"['Arizona', 'Utah', 'Oklahoma']",Arizona,4739.0,0.5249999999999999,West,1990-01-01,17.193702943189596,94,Hotels and Motels - Sleeping Room Designation (Type),0,0,0,0.0,0.0,1.0,0.0,0.0,0.0,0.0,1.0,0.0,0.0,0.0,0.0,0.0
2007,4,MN,Minnesota,Legislation - Smokefree Indoor Air,Smokefree Indoor Air – Other Sites,Restriction Areas,Mental Health - Outpatient Facilities,Designated Areas,3,Ranking,2007-05-16,2007-10-01,"(46.35564873600049, -94.79420050299967)",15GRP,340,138,False,False,4,0,0.0,[],,,0.0,Midwest,1999-01-01,8.369609856262834,138,Smokefree Indoor Air – Other Sites - Mental Health - Outpatient Facilities,0,0,0,0.0,0.0,0.0,0.0,0.0,0.0,0.0,0.0,0.0,0.0,0.0,0.0,1.0
2007,3,AZ,Arizona,Legislation - Smokefree Indoor Air,Smokefree Indoor Air – Other Sites,Restriction Areas,Substance Use - Outpatient Facilities,Banned,4,Ranking,2006-11-07,2007-05-01,"(34.865970280000454, -111.76381127699972)",15GRP,338,175,False,False,5,0,0.0,[],,,0.0,West,2002-05-31,4.438056125941136,175,Smokefree Indoor Air – Other Sites - Substance Use - Outpatient Facilities,0,0,1,0.0,0.0,1.0,0.0,0.0,0.0,0.0,0.0,0.0,0.0,0.0,0.0,1.0
2007,3,NM,New Mexico,Legislation - Smokefree Indoor Air,Bars,Restriction Areas,Type of Restriction in Bar Patron Area,Banned,4,Ranking,2007-03-13,2007-06-15,"(34.52088095200048, -106.24058098499967)",15GRP,235,94,False,True,5,3,0.6,"['Arizona', 'Utah', 'Colorado']",Arizona,351.0,0.6807534246575342,West,1979-01-01,28.194387405886378,94,Bars - Type of Restriction in Bar Patron Area,0,0,1,0.0,0.0,1.0,0.0,0.0,0.0,0.0,0.0,0.0,0.0,0.0,0.0,0.0
2007,4,LA,Louisiana,Legislation - Smokefree Indoor Air,Commercial Day Care Centers,Restrictions,Type of Restriction in Commercial Day Care,Banned,4,Ranking,2006-06-30,2007-01-01,"(31.31266064400046, -92.44568007099969)",10GRP,50,185,False,False,3,1,0.3333333333333333,['Arkansas'],Arkansas,7757.0,0.2916666666666666,South,1963-07-12,42.9678302532512,185,Commercial Day Care Centers - Type of Restriction in Commercial Day Care,0,0,1,0.0,1.0,0.0,1.0,0.0,0.0,0.0,0.0,0.0,0.0,0.0,0.0,0.0
2007,4,MN,Minnesota,Legislation - Smokefree Indoor Air,Smokefree Indoor Air – Other Sites,Restriction Areas,Bingo Halls,Banned,4,Ranking,2007-05-16,2007-10-01,"(46.35564873600049, -94.79420050299967)",15GRP,337,138,False,False,4,1,0.25,['North Dakota'],North Dakota,751.0,0.21875,Midwest,2003-03-26,4.139630390143737,138,Smokefree Indoor Air – Other Sites - Bingo Halls,0,0,1,0.0,0.0,0.0,0.0,0.0,0.0,0.0,0.0,0.0,0.0,0.0,0.0,1.0
2007,2,NM,New Mexico,Legislation - Smokefree Indoor Air,Restaurants,Restriction Areas,Type of Restriction in Restaurant Employee Area,Banned,4,Ranking,2007-03-13,2007-06-15,"(34.52088095200048, -106.24058098499967)",15GRP,232,94,False,False,5,3,0.6,"['Arizona', 'Utah', 'Colorado']",Arizona,4739.0,0.5249999999999999,West,1975-01-01,32.19438740588638,94,Restaurants - Type of Restriction in Restaurant Employee Area,1,0,1,0.0,0.0,1.0,0.0,0.0,0.0,0.0,0.0,0.0,0.0,0.0,1.0,0.0
2007,4,MN,Minnesota,Legislation - Smokefree Indoor Air,Hotels and Motels,Additional Requirements,Sleeping Room Designation (Type),Smoking Room,3,Ranking,2007-05-14,2007-10-01,"(46.35564873600049, -94.79420050299967)",20GRP,83,140,False,True,4,2,0.5,"['South Dakota', 'North Dakota']",South Dakota,1907.0,0.4375,Midwest,1990-01-01,17.363449691991786,140,Hotels and Motels - Sleeping Room Designation (Type),0,0,0,0.0,0.0,0.0,0.0,0.0,0.0,0.0,1.0,0.0,0.0,0.0,0.0,0.0
2007,3,AZ,Arizona,Legislation - Smokefree Indoor Air,Restaurants,Restriction Areas,Type of Restriction in Restaurant Patron Area,Banned,4,Ranking,2006-11-15,2007-05-01,"(34.865970280000454, -111.76381127699972)",15GRP,233,167,False,False,5,4,0.8,"['California', 'Nevada', 'Utah', 'Colorado']",California,4621.0,0.7,West,1975-01-01,31.871321013004792,167,Restaurants - Type of Restriction in Restaurant Patron Area,1,0,1,0.0,0.0,1.0,0.0,0.0,0.0,0.0,0.0,0.0,0.0,0.0,1.0,0.0
2007,3,DC,District of Columbia,Legislation - Smokefree Indoor Air,Restaurants,Restrictions,Type of Restriction in Restaurant (Summary),Banned,4,Ranking,2006-01-31,2007-01-01,"(38.89037138500049, -77.03196112699965)",10GRP,37,335,False,False,2,0,0.0,[],,,0.0,South,1975-01-01,31.082819986310746,335,Restaurants - Type of Restriction in Restaurant (Summary),1,0,1,0.0,1.0,0.0,0.0,0.0,0.0,0.0,0.0,0.0,0.0,0.0,1.0,0.0
2007,3,NH,New Hampshire,Legislation - Smokefree Indoor Air,Restaurants,Restriction Areas,Type of Restriction in Restaurant Patron Area,Banned,4,Ranking,2007-06-19,2007-09-17,"(43.65595011300047, -71.50036091999965)",15GRP,233,90,False,False,3,3,1.0,"['Vermont', 'Maine', 'Massachusetts']",Vermont,5135.0,0.7,Northeast,1975-01-01,32.46269678302532,90,Restaurants - Type of Restriction in Restaurant Patron Area,1,0,1,1.0,0.0,0.0,0.0,0.0,0.0,0.0,0.0,0.0,0.0,0.0,1.0,0.0
2007,2,NM,New Mexico,Legislation - Smokefree Indoor Air,Home-based Day Care Centers,Restrictions,Type of Restriction in Home-Based Day Care,Banned,4,Ranking,2007-03-13,2007-06-15,"(34.52088095200048, -106.24058098499967)",10GRP,65,94,False,False,5,4,0.8,"['Arizona', 'Utah', 'Colorado', 'Oklahoma']",Arizona,4739.0,0.7,West,1987-06-04,19.772758384668034,94,Home-based Day Care Centers - Type of Restriction in Home-Based Day Care,0,0,1,0.0,0.0,1.0,0.0,0.0,0.0,1.0,0.0,0.0,0.0,0.0,0.0,0.0
2007,3,DC,District of Columbia,Legislation - Smokefree Indoor Air,Restaurants,Restriction Areas,Type of Restriction in Restaurant Employee Area,Banned,4,Ranking,2006-01-31,2007-01-01,"(38.89037138500049, -77.03196112699965)",15GRP,232,335,False,False,2,0,0.0,[],,,0.0,South,1975-01-01,31.082819986310746,335,Restaurants - Type of Restriction in Restaurant Employee Area,1,0,1,0.0,1.0,0.0,0.0,0.0,0.0,0.0,0.0,0.0,0.0,0.0,1.0,0.0
2007,4,NH,New Hampshire,Legislation - Smokefree Indoor Air,Restaurants,Restrictions,Type of Restriction in Restaurant (Summary),Banned,4,Ranking,2007-06-19,2007-09-17,"(43.65595011300047, -71.50036091999965)",10GRP,37,90,False,True,3,2,0.6666666666666666,"['Maine', 'Massachusetts']",Maine,1456.0,0.5833333333333333,Northeast,1975-01-01,32.46269678302532,90,Restaurants - Type of Restriction in Restaurant (Summary),1,0,1,1.0,0.0,0.0,0.0,0.0,0.0,0.0,0.0,0.0,0.0,0.0,1.0,0.0
2007,4,NM,New Mexico,Legislation - Smokefree Indoor Air,Government Worksites,Restrictions,Type of Restriction in Government Worksite,Banned,4,Ranking,2007-03-13,2007-06-15,"(34.52088095200048, -106.24058098499967)",10GRP,1,94,False,False,5,3,0.6,"['Arizona', 'Utah', 'Colorado']",Arizona,4739.0,0.5249999999999999,West,1975-06-02,31.7782340862423,94,Government Worksites - Type of Restriction in Government Worksite,0,1,1,0.0,0.0,1.0,0.0,0.0,1.0,0.0,0.0,0.0,0.0,0.0,0.0,0.0
2007,4,TN,Tennessee,Legislation - Smokefree Indoor Air,Government Multi-Unit Housing,Restrictions,Type of Restriction in Lobby and Common Area of Government Multi-Unit Housing,Banned,4,Ranking,2007-06-11,2007-10-01,"(35.68094058000048, -85.77449091399967)",10GRP,115,112,False,False,7,0,0.0,[],,,0.0,South,1990-04-27,17.12251882272416,112,Government Multi-Unit Housing - Type of Restriction in Lobby and Common Area of Government Multi-Unit Housing,0,0,1,0.0,1.0,0.0,0.0,1.0,0.0,0.0,0.0,0.0,0.0,0.0,0.0,0.0
2007,4,TN,Tennessee,Legislation - Smokefree Indoor Air,Private Multi-Unit Housing,Restrictions,Type of Restriction in Lobby and Common Area of Private Multi-Unit Housing,Banned,4,Ranking,2007-06-11,2007-10-01,"(35.68094058000048, -85.77449091399967)",10GRP,125,112,False,False,7,0,0.0,[],,,0.0,South,2002-05-31,5.02943189596167,112,Private Multi-Unit Housing - Type of Restriction in Lobby and Common Area of Private Multi-Unit Housing,0,0,1,0.0,1.0,0.0,0.0,0.0,0.0,0.0,0.0,0.0,1.0,0.0,0.0,0.0
2007,4,TN,Tennessee,Legislation - Smokefree Indoor Air,Smokefree Indoor Air – Other Sites,Restriction Areas,Mental Health - Outpatient Facilities,Banned,4,Ranking,2007-06-11,2007-10-01,"(35.68094058000048, -85.77449091399967)",15GRP,340,112,False,False,7,0,0.0,[],,,0.0,South,1999-01-01,8.44079397672827,112,Smokefree Indoor Air – Other Sites - Mental Health - Outpatient Facilities,0,0,1,0.0,1.0,0.0,0.0,0.0,0.0,0.0,0.0,0.0,0.0,0.0,0.0,1.0
2007,4,TN,Tennessee,Legislation - Smokefree Indoor Air,Smokefree Indoor Air – Other Sites,Restriction Areas,Malls,Banned,4,Ranking,2007-06-11,2007-10-01,"(35.68094058000048, -85.77449091399967)",15GRP,96,112,False,False,7,1,0.1428571428571428,['Arkansas'],Arkansas,430.0,0.2482876712328766,South,1985-05-10,22.086242299794662,112,Smokefree Indoor Air – Other Sites - Malls,0,0,1,0.0,1.0,0.0,0.0,0.0,0.0,0.0,0.0,0.0,0.0,0.0,0.0,1.0
2007,4,NM,New Mexico,Legislation - Smokefree Indoor Air,Smokefree Indoor Air – Other Sites,Restriction Areas,Enclosed Arenas,Banned,4,Ranking,2007-03-13,2007-06-15,"(34.52088095200048, -106.24058098499967)",15GRP,98,94,False,False,5,3,0.6,"['Arizona', 'Utah', 'Colorado']",Arizona,4739.0,0.5249999999999999,West,1975-06-02,31.7782340862423,94,Smokefree Indoor Air – Other Sites - Enclosed Arenas,0,0,1,0.0,0.0,1.0,0.0,0.0,0.0,0.0,0.0,0.0,0.0,0.0,0.0,1.0
2007,4,TN,Tennessee,Legislation - Smokefree Indoor Air,Hotels and Motels,Restrictions,Type of Restriction in Lobby and Common Area of Hotel and Motel,Banned,4,Ranking,2007-06-11,2007-10-01,"(35.68094058000048, -85.77449091399967)",10GRP,81,112,False,False,7,2,0.2857142857142857,"['Georgia', 'Arkansas']",Georgia,763.0,0.2499999999999999,South,1990-01-09,17.418206707734427,112,Hotels and Motels - Type of Restriction in Lobby and Common Area of Hotel and Motel,0,0,1,0.0,1.0,0.0,0.0,0.0,0.0,0.0,1.0,0.0,0.0,0.0,0.0,0.0
2007,4,NH,New Hampshire,Legislation - Smokefree Indoor Air,Restaurants,Restriction Areas,Type of Restriction in Restaurant Employee Area,Banned,4,Ranking,2007-06-19,2007-09-17,"(43.65595011300047, -71.50036091999965)",15GRP,232,90,False,True,3,2,0.6666666666666666,"['Maine', 'Massachusetts']",Maine,1456.0,0.5833333333333333,Northeast,1975-01-01,32.46269678302532,90,Restaurants - Type of Restriction in Restaurant Employee Area,1,0,1,1.0,0.0,0.0,0.0,0.0,0.0,0.0,0.0,0.0,0.0,0.0,1.0,0.0
2007,4,TN,Tennessee,Legislation - Smokefree Indoor Air,Smokefree Indoor Air – Other Sites,Restriction Areas,Public Transportation,Banned,4,Ranking,2007-06-11,2007-10-01,"(35.68094058000048, -85.77449091399967)",15GRP,99,112,False,False,7,2,0.2857142857142857,"['Georgia', 'Arkansas']",Georgia,3345.0,0.2499999999999999,South,1973-05-04,34.10266940451746,112,Smokefree Indoor Air – Other Sites - Public Transportation,0,0,1,0.0,1.0,0.0,0.0,0.0,0.0,0.0,0.0,0.0,0.0,0.0,0.0,1.0
2007,4,NM,New Mexico,Legislation - Smokefree Indoor Air,Bars,Restrictions,Type of Restriction in Bar (Summary),Banned,4,Ranking,2007-03-13,2007-06-15,"(34.52088095200048, -106.24058098499967)",10GRP,234,94,False,True,5,3,0.6,"['Arizona', 'Utah', 'Colorado']",Arizona,351.0,0.6807534246575342,West,1979-01-01,28.194387405886378,94,Bars - Type of Restriction in Bar (Summary),0,0,1,0.0,0.0,1.0,0.0,0.0,0.0,0.0,0.0,0.0,0.0,0.0,0.0,0.0
2007,4,TN,Tennessee,Legislation - Smokefree Indoor Air,Home-based Day Care Centers,Restrictions,Type of Restriction in Home-Based Day Care,Banned,4,Ranking,2007-06-11,2007-10-01,"(35.68094058000048, -85.77449091399967)",10GRP,65,112,False,False,7,3,0.4285714285714285,"['Georgia', 'Arkansas', 'Missouri']",Georgia,5109.0,0.3749999999999999,South,1987-06-04,20.019164955509925,112,Home-based Day Care Centers - Type of Restriction in Home-Based Day Care,0,0,1,0.0,1.0,0.0,0.0,0.0,0.0,1.0,0.0,0.0,0.0,0.0,0.0,0.0
2007,4,TN,Tennessee,Legislation - Smokefree Indoor Air,Restaurants,Restriction Areas,Type of Restriction in Restaurant Bar Area,Designated Areas,3,Ranking,2007-06-11,2007-10-01,"(35.68094058000048, -85.77449091399967)",15GRP,231,112,False,False,7,3,0.4285714285714285,"['Georgia', 'Arkansas', 'Missouri']",Georgia,5478.0,0.3749999999999999,South,1975-01-01,32.440793976728266,112,Restaurants - Type of Restriction in Restaurant Bar Area,1,0,0,0.0,1.0,0.0,0.0,0.0,0.0,0.0,0.0,0.0,0.0,0.0,1.0,0.0
2007,4,TN,Tennessee,Legislation - Smokefree Indoor Air,Government Worksites,Vehicles,Type of Restriction in Government Worksite Vehicle,Banned,4,Ranking,2007-06-21,2007-07-01,"(35.68094058000048, -85.77449091399967)",30GRP,17,10,False,False,7,1,0.1428571428571428,['Arkansas'],Arkansas,440.0,0.2441780821917808,South,1979-01-01,28.468172484599588,10,Government Worksites - Type of Restriction in Government Worksite Vehicle,0,1,1,0.0,1.0,0.0,0.0,0.0,1.0,0.0,0.0,0.0,0.0,0.0,0.0,0.0
2007,4,TN,Tennessee,Legislation - Smokefree Indoor Air,Restaurants,Restrictions,Type of Restriction in Restaurant (Summary),Designated Areas,3,Ranking,2007-06-11,2007-10-01,"(35.68094058000048, -85.77449091399967)",10GRP,37,112,False,False,7,4,0.5714285714285714,"['Virginia', 'Georgia', 'Arkansas', 'Missouri']",Virginia,6263.0,0.4999999999999999,South,1975-01-01,32.440793976728266,112,Restaurants - Type of Restriction in Restaurant (Summary),1,0,0,0.0,1.0,0.0,0.0,0.0,0.0,0.0,0.0,0.0,0.0,0.0,1.0,0.0
2007,4,TN,Tennessee,Legislation - Smokefree Indoor Air,Private Worksites,Restrictions,Type of Restriction in Private Worksite,Banned,4,Ranking,2007-06-11,2007-10-01,"(35.68094058000048, -85.77449091399967)",10GRP,20,112,False,False,7,1,0.1428571428571428,['Arkansas'],Arkansas,430.0,0.2482876712328766,South,1975-06-02,32.02464065708419,112,Private Worksites - Type of Restriction in Private Worksite,0,1,1,0.0,1.0,0.0,0.0,0.0,0.0,0.0,0.0,0.0,0.0,1.0,0.0,0.0
2007,4,TN,Tennessee,Legislation - Smokefree Indoor Air,Hotels and Motels,Additional Requirements,Sleeping Room Designation (Type),Smoking Room,3,Ranking,2007-06-11,2007-10-01,"(35.68094058000048, -85.77449091399967)",20GRP,83,112,False,True,7,3,0.4285714285714285,"['Georgia', 'Alabama', 'Arkansas']",Georgia,1459.0,0.3749999999999999,South,1990-01-01,17.440109514031484,112,Hotels and Motels - Sleeping Room Designation (Type),0,0,0,0.0,1.0,0.0,0.0,0.0,0.0,0.0,1.0,0.0,0.0,0.0,0.0,0.0
2007,4,NM,New Mexico,Legislation - Smokefree Indoor Air,Hotels and Motels,Restrictions,Type of Restriction in Lobby and Common Area of Hotel and Motel,Banned,4,Ranking,2007-03-13,2007-03-13,"(34.52088095200048, -106.24058098499967)",10GRP,81,0,False,False,5,4,0.8,"['Arizona', 'Utah', 'Colorado', 'Oklahoma']",Arizona,4739.0,0.7,West,1990-01-09,17.17180013689254,0,Hotels and Motels - Type of Restriction in Lobby and Common Area of Hotel and Motel,0,0,1,0.0,0.0,1.0,0.0,0.0,0.0,0.0,1.0,0.0,0.0,0.0,0.0,0.0
2007,4,TN,Tennessee,Legislation - Smokefree Indoor Air,Smokefree Indoor Air – Other Sites,Restriction Areas,Hospitals,Banned,4,Ranking,2007-06-11,2007-10-01,"(35.68094058000048, -85.77449091399967)",15GRP,100,112,False,False,7,1,0.1428571428571428,['Arkansas'],Arkansas,850.0,0.1249999999999999,South,1975-05-05,32.101300479123886,112,Smokefree Indoor Air – Other Sites - Hospitals,0,0,1,0.0,1.0,0.0,0.0,0.0,0.0,0.0,0.0,0.0,0.0,0.0,0.0,1.0
2007,4,TN,Tennessee,Legislation - Smokefree Indoor Air,Smokefree Indoor Air – Other Sites,Restriction Areas,Substance Use - Outpatient Facilities,Banned,4,Ranking,2007-06-11,2007-10-01,"(35.68094058000048, -85.77449091399967)",15GRP,338,112,False,False,7,0,0.0,[],,,0.0,South,2002-05-31,5.02943189596167,112,Smokefree Indoor Air – Other Sites - Substance Use - Outpatient Facilities,0,0,1,0.0,1.0,0.0,0.0,0.0,0.0,0.0,0.0,0.0,0.0,0.0,0.0,1.0
2007,4,NH,New Hampshire,Legislation - Smokefree Indoor Air,Restaurants,Restriction Areas,Type of Restriction in Restaurant Bar Area,Banned,4,Ranking,2007-06-19,2007-09-17,"(43.65595011300047, -71.50036091999965)",15GRP,231,90,False,False,3,3,1.0,"['Vermont', 'Maine', 'Massachusetts']",Vermont,5135.0,0.7,Northeast,1975-01-01,32.46269678302532,90,Restaurants - Type of Restriction in Restaurant Bar Area,1,0,1,1.0,0.0,0.0,0.0,0.0,0.0,0.0,0.0,0.0,0.0,0.0,1.0,0.0
2007,4,TN,Tennessee,Legislation - Smokefree Indoor Air,Commercial Day Care Centers,Restrictions,Type of Restriction in Commercial Day Care,Banned,4,Ranking,2007-06-11,2007-10-01,"(35.68094058000048, -85.77449091399967)",10GRP,50,112,False,False,7,3,0.4285714285714285,"['Georgia', 'Arkansas', 'Missouri']",Georgia,8103.0,0.3749999999999999,South,1963-07-12,43.9151266255989,112,Commercial Day Care Centers - Type of Restriction in Commercial Day Care,0,0,1,0.0,1.0,0.0,1.0,0.0,0.0,0.0,0.0,0.0,0.0,0.0,0.0,0.0
2007,4,TN,Tennessee,Legislation - Smokefree Indoor Air,Smokefree Indoor Air – Other Sites,Restriction Areas,Substance Use - Residential Facilities,Banned,4,Ranking,2007-06-11,2007-10-01,"(35.68094058000048, -85.77449091399967)",15GRP,339,112,False,False,7,0,0.0,[],,,0.0,South,2001-04-12,6.16290212183436,112,Smokefree Indoor Air – Other Sites - Substance Use - Residential Facilities,0,0,1,0.0,1.0,0.0,0.0,0.0,0.0,0.0,0.0,0.0,0.0,0.0,0.0,1.0
2007,4,TN,Tennessee,Legislation - Smokefree Indoor Air,Government Worksites,Restrictions,Type of Restriction in Government Worksite,Banned,4,Ranking,2007-06-11,2007-10-01,"(35.68094058000048, -85.77449091399967)",10GRP,1,112,False,False,7,2,0.2857142857142857,"['Mississippi', 'Arkansas']",Mississippi,445.0,0.3671232876712328,South,1975-06-02,32.02464065708419,112,Government Worksites - Type of Restriction in Government Worksite,0,1,1,0.0,1.0,0.0,0.0,0.0,1.0,0.0,0.0,0.0,0.0,0.0,0.0,0.0
2007,4,NM,New Mexico,Legislation - Smokefree Indoor Air,Smokefree Indoor Air – Other Sites,Restriction Areas,Grocery Stores,Banned,4,Ranking,2007-03-13,2007-06-15,"(34.52088095200048, -106.24058098499967)",15GRP,97,94,False,False,5,3,0.6,"['Arizona', 'Utah', 'Colorado']",Arizona,4739.0,0.5249999999999999,West,1975-06-02,31.7782340862423,94,Smokefree Indoor Air – Other Sites - Grocery Stores,0,0,1,0.0,0.0,1.0,0.0,0.0,0.0,0.0,0.0,0.0,0.0,0.0,0.0,1.0
2007,4,TN,Tennessee,Legislation - Smokefree Indoor Air,Smokefree Indoor Air – Other Sites,Restriction Areas,Mental Health - Residential Facilities,Banned,4,Ranking,2007-06-11,2007-10-01,"(35.68094058000048, -85.77449091399967)",15GRP,341,112,False,False,7,0,0.0,[],,,0.0,South,2001-04-12,6.16290212183436,112,Smokefree Indoor Air – Other Sites - Mental Health - Residential Facilities,0,0,1,0.0,1.0,0.0,0.0,0.0,0.0,0.0,0.0,0.0,0.0,0.0,0.0,1.0
2007,4,TN,Tennessee,Legislation - Smokefree Indoor Air,Smokefree Indoor Air – Other Sites,Restriction Areas,Grocery Stores,Banned,4,Ranking,2007-06-11,2007-10-01,"(35.68094058000048, -85.77449091399967)",15GRP,97,112,False,False,7,1,0.1428571428571428,['Arkansas'],Arkansas,430.0,0.2482876712328766,South,1975-06-02,32.02464065708419,112,Smokefree Indoor Air – Other Sites - Grocery Stores,0,0,1,0.0,1.0,0.0,0.0,0.0,0.0,0.0,0.0,0.0,0.0,0.0,0.0,1.0
2007,4,LA,Louisiana,Legislation - Smokefree Indoor Air,Government Worksites,Vehicles,Type of Restriction in Government Worksite Vehicle,Banned,4,Ranking,2006-06-30,2007-01-01,"(31.31266064400046, -92.44568007099969)",30GRP,17,185,False,True,3,1,0.3333333333333333,['Arkansas'],Arkansas,84.0,0.5571461187214611,South,1979-01-01,27.49349760438056,185,Government Worksites - Type of Restriction in Government Worksite Vehicle,0,1,1,0.0,1.0,0.0,0.0,0.0,1.0,0.0,0.0,0.0,0.0,0.0,0.0,0.0
2007,4,AZ,Arizona,Legislation - Smokefree Indoor Air,Private Worksites,Vehicles,Type of Restriction in Private Worksite Vehicle,Banned,4,Ranking,2006-11-07,2007-05-01,"(34.865970280000454, -111.76381127699972)",30GRP,34,175,False,False,5,0,0.0,[],,,0.0,West,1987-06-04,19.42778918548939,175,Private Worksites - Type of Restriction in Private Worksite Vehicle,0,1,1,0.0,0.0,1.0,0.0,0.0,0.0,0.0,0.0,0.0,0.0,1.0,0.0,0.0
2007,4,MN,Minnesota,Legislation - Smokefree Indoor Air,Restaurants,Restriction Areas,Type of Restriction in Restaurant Patron Area,Banned,4,Ranking,2007-05-16,2007-10-01,"(46.35564873600049, -94.79420050299967)",15GRP,233,138,False,True,4,2,0.5,"['South Dakota', 'North Dakota']",South Dakota,1909.0,0.4375,Midwest,1975-01-01,32.369609856262834,138,Restaurants - Type of Restriction in Restaurant Patron Area,1,0,1,0.0,0.0,0.0,0.0,0.0,0.0,0.0,0.0,0.0,0.0,0.0,1.0,0.0
2007,3,AZ,Arizona,Legislation - Smokefree Indoor Air,Smokefree Indoor Air – Other Sites,Restriction Areas,Mental Health - Residential Facilities,Banned,4,Ranking,2006-11-07,2007-05-01,"(34.865970280000454, -111.76381127699972)",15GRP,341,175,False,False,5,0,0.0,[],,,0.0,West,2001-04-12,5.5715263518138265,175,Smokefree Indoor Air – Other Sites - Mental Health - Residential Facilities,0,0,1,0.0,0.0,1.0,0.0,0.0,0.0,0.0,0.0,0.0,0.0,0.0,0.0,1.0
2007,1,LA,Louisiana,Legislation - Smokefree Indoor Air,Smokefree Indoor Air – Other Sites,Restriction Areas,Casinos (Racetrack),Designated Areas,3,Ranking,2006-06-30,2007-01-01,"(31.31266064400046, -92.44568007099969)",15GRP,336,185,False,True,3,1,0.3333333333333333,['Arkansas'],Arkansas,84.0,0.5571461187214611,South,2002-05-31,4.082135523613963,185,Smokefree Indoor Air – Other Sites - Casinos (Racetrack),0,0,0,0.0,1.0,0.0,0.0,0.0,0.0,0.0,0.0,0.0,0.0,0.0,0.0,1.0
2007,4,MD,Maryland,Legislation - Smokefree Indoor Air,Hotels and Motels,Restrictions,Type of Restriction in Lobby and Common Area of Hotel and Motel,Banned,4,Ranking,2007-05-17,2007-10-01,"(39.29058096400047, -76.60926011099963)",10GRP,81,137,False,True,5,2,0.4,"['District of Columbia', 'Delaware']",District of Columbia,1812.0,0.35,South,1990-01-09,17.349760438056126,137,Hotels and Motels - Type of Restriction in Lobby and Common Area of Hotel and Motel,0,0,1,0.0,1.0,0.0,0.0,0.0,0.0,0.0,1.0,0.0,0.0,0.0,0.0,0.0
2007,4,MN,Minnesota,Legislation - Smokefree Indoor Air,Government Worksites,Restrictions,Type of Restriction in Government Worksite,Banned,4,Ranking,2007-05-16,2007-10-01,"(46.35564873600049, -94.79420050299967)",10GRP,1,138,False,False,4,2,0.5,"['South Dakota', 'North Dakota']",South Dakota,5374.0,0.4375,Midwest,1975-06-02,31.953456536618756,138,Government Worksites - Type of Restriction in Government Worksite,0,1,1,0.0,0.0,0.0,0.0,0.0,1.0,0.0,0.0,0.0,0.0,0.0,0.0,0.0
2007,4,AZ,Arizona,Legislation - Smokefree Indoor Air,Smokefree Indoor Air – Other Sites,Restriction Areas,Mental Health - Outpatient Facilities,Banned,4,Ranking,2006-11-07,2007-05-01,"(34.865970280000454, -111.76381127699972)",15GRP,340,175,False,False,5,0,0.0,[],,,0.0,West,1999-01-01,7.8494182067077345,175,Smokefree Indoor Air – Other Sites - Mental Health - Outpatient Facilities,0,0,1,0.0,0.0,1.0,0.0,0.0,0.0,0.0,0.0,0.0,0.0,0.0,0.0,1.0
2007,4,TN,Tennessee,Legislation - Smokefree Indoor Air,Restaurants,Restriction Areas,Type of Restriction in Restaurant Patron Area,Designated Areas,3,Ranking,2007-06-11,2007-10-01,"(35.68094058000048, -85.77449091399967)",15GRP,233,112,False,False,7,4,0.5714285714285714,"['Virginia', 'Georgia', 'Arkansas', 'Missouri']",Virginia,6263.0,0.4999999999999999,South,1975-01-01,32.440793976728266,112,Restaurants - Type of Restriction in Restaurant Patron Area,1,0,0,0.0,1.0,0.0,0.0,0.0,0.0,0.0,0.0,0.0,0.0,0.0,1.0,0.0
2007,4,MD,Maryland,Legislation - Smokefree Indoor Air,Commercial Day Care Centers,Vehicles,Type of Restriction in Commercial Day Care Vehicle,Banned,4,Ranking,2007-05-17,2007-10-01,"(39.29058096400047, -76.60926011099963)",30GRP,61,137,False,True,5,2,0.4,"['District of Columbia', 'Delaware']",District of Columbia,1812.0,0.35,South,2000-07-13,6.841889117043121,137,Commercial Day Care Centers - Type of Restriction in Commercial Day Care Vehicle,0,0,1,0.0,1.0,0.0,1.0,0.0,0.0,0.0,0.0,0.0,0.0,0.0,0.0,0.0
2007,4,TN,Tennessee,Legislation - Smokefree Indoor Air,Smokefree Indoor Air – Other Sites,Restriction Areas,Enclosed Arenas,Banned,4,Ranking,2007-06-11,2007-10-01,"(35.68094058000048, -85.77449091399967)",15GRP,98,112,False,False,7,1,0.1428571428571428,['Arkansas'],Arkansas,430.0,0.2482876712328766,South,1975-06-02,32.02464065708419,112,Smokefree Indoor Air – Other Sites - Enclosed Arenas,0,0,1,0.0,1.0,0.0,0.0,0.0,0.0,0.0,0.0,0.0,0.0,0.0,0.0,1.0
2007,4,TN,Tennessee,Legislation - Smokefree Indoor Air,Restaurants,Restriction Areas,Type of Restriction in Restaurant Employee Area,Designated Areas,3,Ranking,2007-06-11,2007-10-01,"(35.68094058000048, -85.77449091399967)",15GRP,232,112,False,False,7,3,0.4285714285714285,"['Virginia', 'Arkansas', 'Missouri']",Virginia,6263.0,0.3749999999999999,South,1975-01-01,32.440793976728266,112,Restaurants - Type of Restriction in Restaurant Employee Area,1,0,0,0.0,1.0,0.0,0.0,0.0,0.0,0.0,0.0,0.0,0.0,0.0,1.0,0.0
2007,4,LA,Louisiana,Legislation - Smokefree Indoor Air,Smokefree Indoor Air – Other Sites,Restriction Areas,Malls,Banned,4,Ranking,2006-06-30,2007-01-01,"(31.31266064400046, -92.44568007099969)",15GRP,96,185,False,True,3,1,0.3333333333333333,['Arkansas'],Arkansas,84.0,0.5571461187214611,South,1985-05-10,21.138945927446954,185,Smokefree Indoor Air – Other Sites - Malls,0,0,1,0.0,1.0,0.0,0.0,0.0,0.0,0.0,0.0,0.0,0.0,0.0,0.0,1.0
2007,4,MN,Minnesota,Legislation - Smokefree Indoor Air,Private Worksites,Restrictions,Type of Restriction in Private Worksite,Banned,4,Ranking,2007-05-16,2007-10-01,"(46.35564873600049, -94.79420050299967)",10GRP,20,138,False,True,4,2,0.5,"['South Dakota', 'North Dakota']",South Dakota,1909.0,0.4375,Midwest,1975-06-02,31.953456536618756,138,Private Worksites - Type of Restriction in Private Worksite,0,1,1,0.0,0.0,0.0,0.0,0.0,0.0,0.0,0.0,0.0,0.0,1.0,0.0,0.0
2007,2,AZ,Arizona,Legislation - Smokefree Indoor Air,Bars,Restrictions,Type of Restriction in Bar (Summary),Banned,4,Ranking,2006-11-15,2007-05-01,"(34.865970280000454, -111.76381127699972)",10GRP,234,167,False,False,5,1,0.2,['Colorado'],Colorado,233.0,0.3792465753424657,West,1979-01-01,27.871321013004792,167,Bars - Type of Restriction in Bar (Summary),0,0,1,0.0,0.0,1.0,0.0,0.0,0.0,0.0,0.0,0.0,0.0,0.0,0.0,0.0
2007,1,DC,District of Columbia,Legislation - Smokefree Indoor Air,Restaurants,Restriction Areas,Type of Restriction in Restaurant Bar Area,Banned,4,Ranking,2006-01-31,2007-01-01,"(38.89037138500049, -77.03196112699965)",15GRP,231,335,False,False,2,0,0.0,[],,,0.0,South,1975-01-01,31.082819986310746,335,Restaurants - Type of Restriction in Restaurant Bar Area,1,0,1,0.0,1.0,0.0,0.0,0.0,0.0,0.0,0.0,0.0,0.0,0.0,1.0,0.0
2007,2,AZ,Arizona,Legislation - Smokefree Indoor Air,Government Worksites,Vehicles,Type of Restriction in Government Worksite Vehicle,Banned,4,Ranking,2006-11-07,2007-05-01,"(34.865970280000454, -111.76381127699972)",30GRP,17,175,False,False,5,1,0.2,['California'],California,4775.0,0.175,West,1979-01-01,27.849418206707735,175,Government Worksites - Type of Restriction in Government Worksite Vehicle,0,1,1,0.0,0.0,1.0,0.0,0.0,1.0,0.0,0.0,0.0,0.0,0.0,0.0,0.0
2007,2,AZ,Arizona,Legislation - Smokefree Indoor Air,Government Worksites,Restrictions,Type of Restriction in Government Worksite,Banned,4,Ranking,2006-11-07,2007-05-01,"(34.865970280000454, -111.76381127699972)",10GRP,1,175,False,False,5,3,0.6,"['Nevada', 'Utah', 'Colorado']",Nevada,4613.0,0.5249999999999999,West,1975-06-02,31.433264887063654,175,Government Worksites - Type of Restriction in Government Worksite,0,1,1,0.0,0.0,1.0,0.0,0.0,1.0,0.0,0.0,0.0,0.0,0.0,0.0,0.0
2007,1,DC,District of Columbia,Legislation - Smokefree Indoor Air,Bars,Restriction Areas,Type of Restriction in Bar Patron Area,Banned,4,Ranking,2006-01-31,2007-01-01,"(38.89037138500049, -77.03196112699965)",15GRP,235,335,False,False,2,0,0.0,[],,,0.0,South,1979-01-01,27.082819986310746,335,Bars - Type of Restriction in Bar Patron Area,0,0,1,0.0,1.0,0.0,0.0,0.0,0.0,0.0,0.0,0.0,0.0,0.0,0.0,0.0
2007,3,AZ,Arizona,Legislation - Smokefree Indoor Air,Bars,Restriction Areas,Type of Restriction in Bar Patron Area,Banned,4,Ranking,2006-11-15,2007-05-01,"(34.865970280000454, -111.76381127699972)",15GRP,235,167,False,False,5,2,0.4,"['California', 'Colorado']",California,3701.0,0.35,West,1979-01-01,27.871321013004792,167,Bars - Type of Restriction in Bar Patron Area,0,0,1,0.0,0.0,1.0,0.0,0.0,0.0,0.0,0.0,0.0,0.0,0.0,0.0,0.0
2007,4,NC,North Carolina,Legislation - Smokefree Indoor Air,Smokefree Indoor Air – Other Sites,Restriction Areas,Mental Health - Outpatient Facilities,Banned,4,Ranking,2007-08-28,2007-10-01,"(35.466220975000454, -79.15925046299964)",15GRP,340,34,False,False,4,1,0.25,['Tennessee'],Tennessee,78.0,0.486695205479452,South,1999-01-01,8.654346338124572,34,Smokefree Indoor Air – Other Sites - Mental Health - Outpatient Facilities,0,0,1,0.0,1.0,0.0,0.0,0.0,0.0,0.0,0.0,0.0,0.0,0.0,0.0,1.0
2007,4,NC,North Carolina,Legislation - Smokefree Indoor Air,Smokefree Indoor Air – Other Sites,Restriction Areas,Substance Use - Residential Facilities,Banned,4,Ranking,2007-08-28,2007-10-01,"(35.466220975000454, -79.15925046299964)",15GRP,339,34,False,False,4,1,0.25,['Tennessee'],Tennessee,78.0,0.486695205479452,South,2001-04-12,6.376454483230664,34,Smokefree Indoor Air – Other Sites - Substance Use - Residential Facilities,0,0,1,0.0,1.0,0.0,0.0,0.0,0.0,0.0,0.0,0.0,0.0,0.0,0.0,1.0
2007,4,MN,Minnesota,Legislation - Smokefree Indoor Air,Bars,Restrictions,Type of Restriction in Bar (Summary),Banned,4,Ranking,2007-05-16,2007-10-01,"(46.35564873600049, -94.79420050299967)",10GRP,234,138,False,False,4,0,0.0,[],,,0.0,Midwest,1979-01-01,28.369609856262834,138,Bars - Type of Restriction in Bar (Summary),0,0,1,0.0,0.0,0.0,0.0,0.0,0.0,0.0,0.0,0.0,0.0,0.0,0.0,0.0
2007,4,MD,Maryland,Legislation - Smokefree Indoor Air,Hotels and Motels,Additional Requirements,Sleeping Room Designation (Type),Smoking Room,3,Ranking,2007-05-17,2007-10-01,"(39.29058096400047, -76.60926011099963)",20GRP,83,137,False,False,5,1,0.2,['District of Columbia'],District of Columbia,471.0,0.2814383561643835,South,1990-01-01,17.371663244353183,137,Hotels and Motels - Sleeping Room Designation (Type),0,0,0,0.0,1.0,0.0,0.0,0.0,0.0,0.0,1.0,0.0,0.0,0.0,0.0,0.0
2007,4,MN,Minnesota,Legislation - Smokefree Indoor Air,Private Multi-Unit Housing,Restrictions,Type of Restriction in Lobby and Common Area of Private Multi-Unit Housing,Banned,4,Ranking,2007-05-16,2007-10-01,"(46.35564873600049, -94.79420050299967)",10GRP,125,138,False,False,4,1,0.25,['North Dakota'],North Dakota,751.0,0.21875,Midwest,2002-05-31,4.958247775496235,138,Private Multi-Unit Housing - Type of Restriction in Lobby and Common Area of Private Multi-Unit Housing,0,0,1,0.0,0.0,0.0,0.0,0.0,0.0,0.0,0.0,0.0,1.0,0.0,0.0,0.0
2007,2,AZ,Arizona,Legislation - Smokefree Indoor Air,Restaurants,Restrictions,Type of Restriction in Restaurant (Summary),Banned,4,Ranking,2006-11-15,2007-05-01,"(34.865970280000454, -111.76381127699972)",10GRP,37,167,False,False,5,3,0.6,"['Nevada', 'Utah', 'Colorado']",Nevada,4621.0,0.5249999999999999,West,1975-01-01,31.871321013004792,167,Restaurants - Type of Restriction in Restaurant (Summary),1,0,1,0.0,0.0,1.0,0.0,0.0,0.0,0.0,0.0,0.0,0.0,0.0,1.0,0.0
2007,4,MN,Minnesota,Legislation - Smokefree Indoor Air,Smokefree Indoor Air – Other Sites,Restriction Areas,Public Transportation,Banned,4,Ranking,2007-05-16,2007-10-01,"(46.35564873600049, -94.79420050299967)",15GRP,99,138,False,True,4,2,0.5,"['South Dakota', 'North Dakota']",South Dakota,1909.0,0.4375,Midwest,1973-05-04,34.03148528405202,138,Smokefree Indoor Air – Other Sites - Public Transportation,0,0,1,0.0,0.0,0.0,0.0,0.0,0.0,0.0,0.0,0.0,0.0,0.0,0.0,1.0
2007,2,AZ,Arizona,Legislation - Smokefree Indoor Air,Restaurants,Restriction Areas,Type of Restriction in Restaurant Bar Area,Banned,4,Ranking,2006-11-15,2007-05-01,"(34.865970280000454, -111.76381127699972)",15GRP,231,167,False,False,5,4,0.8,"['California', 'Nevada', 'Utah', 'Colorado']",California,4621.0,0.7,West,1975-01-01,31.871321013004792,167,Restaurants - Type of Restriction in Restaurant Bar Area,1,0,1,0.0,0.0,1.0,0.0,0.0,0.0,0.0,0.0,0.0,0.0,0.0,1.0,0.0
2007,4,MN,Minnesota,Legislation - Smokefree Indoor Air,Smokefree Indoor Air – Other Sites,Restriction Areas,Malls,Banned,4,Ranking,2007-05-16,2007-10-01,"(46.35564873600049, -94.79420050299967)",15GRP,96,138,False,False,4,1,0.25,['South Dakota'],South Dakota,1909.0,0.21875,Midwest,1985-05-10,22.015058179329227,138,Smokefree Indoor Air – Other Sites - Malls,0,0,1,0.0,0.0,0.0,0.0,0.0,0.0,0.0,0.0,0.0,0.0,0.0,0.0,1.0
2008,3,MD,Maryland,Legislation - Smokefree Indoor Air,Private Worksites,Restrictions,Type of Restriction in Private Worksite,Banned,4,Ranking,2007-05-17,2008-02-01,"(39.29058096400047, -76.60926011099963)",10GRP,20,260,False,True,5,2,0.4,"['District of Columbia', 'Delaware']",District of Columbia,1812.0,0.35,South,1975-06-02,31.956194387405887,260,Private Worksites - Type of Restriction in Private Worksite,0,1,1,0.0,1.0,0.0,0.0,0.0,0.0,0.0,0.0,0.0,0.0,1.0,0.0,0.0
2008,3,MI,Michigan,Legislation - Smokefree Indoor Air,Smokefree Indoor Air – Other Sites,Restriction Areas,Prisons,Banned,4,Ranking,2008-07-01,2008-07-01,"(44.6613195430005, -84.71439026999968)",15GRP,101,0,False,False,3,0,0.0,[],,,0.0,Midwest,1990-04-27,18.17932922655715,0,Smokefree Indoor Air – Other Sites - Prisons,0,0,1,0.0,0.0,0.0,0.0,0.0,0.0,0.0,0.0,0.0,0.0,0.0,0.0,1.0
2008,3,IL,Illinois,Legislation - Smokefree Indoor Air,Government Worksites,Restrictions,Type of Restriction in Government Worksite,Banned,4,Ranking,2007-07-23,2008-01-01,"(40.48501028300046, -88.99771017799969)",10GRP,1,162,False,False,4,0,0.0,[],,,0.0,Midwest,1975-06-02,32.139630390143736,162,Government Worksites - Type of Restriction in Government Worksite,0,1,1,0.0,0.0,0.0,0.0,0.0,1.0,0.0,0.0,0.0,0.0,0.0,0.0,0.0
2008,4,IL,Illinois,Legislation - Smokefree Indoor Air,Restaurants,Restrictions,Type of Restriction in Restaurant (Summary),Banned,4,Ranking,2007-07-23,2008-01-01,"(40.48501028300046, -88.99771017799969)",10GRP,37,162,False,False,4,0,0.0,[],,,0.0,Midwest,1975-01-01,32.55578370978782,162,Restaurants - Type of Restriction in Restaurant (Summary),1,0,1,0.0,0.0,0.0,0.0,0.0,0.0,0.0,0.0,0.0,0.0,0.0,1.0,0.0
2008,4,MD,Maryland,Legislation - Smokefree Indoor Air,Smokefree Indoor Air – Other Sites,Restriction Areas,Grocery Stores,Banned,4,Ranking,2007-05-17,2008-02-01,"(39.29058096400047, -76.60926011099963)",15GRP,97,260,False,False,5,2,0.4,"['District of Columbia', 'Delaware']",District of Columbia,4706.0,0.35,South,1975-06-02,31.956194387405887,260,Smokefree Indoor Air – Other Sites - Grocery Stores,0,0,1,0.0,1.0,0.0,0.0,0.0,0.0,0.0,0.0,0.0,0.0,0.0,0.0,1.0
2008,3,IL,Illinois,Legislation - Smokefree Indoor Air,Private Worksites,Restrictions,Type of Restriction in Private Worksite,Banned,4,Ranking,2007-07-23,2008-01-01,"(40.48501028300046, -88.99771017799969)",10GRP,20,162,False,False,4,0,0.0,[],,,0.0,Midwest,1975-06-02,32.139630390143736,162,Private Worksites - Type of Restriction in Private Worksite,0,1,1,0.0,0.0,0.0,0.0,0.0,0.0,0.0,0.0,0.0,0.0,1.0,0.0,0.0
2008,4,IA,Iowa,Legislation - Smokefree Indoor Air,Smokefree Indoor Air – Other Sites,Restriction Areas,Malls,Banned,4,Ranking,2008-04-15,2008-07-01,"(42.46940091300047, -93.81649055599968)",15GRP,96,77,False,True,6,4,0.6666666666666666,"['Minnesota', 'Illinois', 'Nebraska', 'South Dakota']",Minnesota,2244.0,0.5833333333333333,Midwest,1985-05-10,22.93223819301848,77,Smokefree Indoor Air – Other Sites - Malls,0,0,1,0.0,0.0,0.0,0.0,0.0,0.0,0.0,0.0,0.0,0.0,0.0,0.0,1.0
2008,3,IA,Iowa,Legislation - Smokefree Indoor Air,Home-based Day Care Centers,Restrictions,Type of Restriction in Home-Based Day Care,Banned,4,Ranking,2008-04-15,2008-07-01,"(42.46940091300047, -93.81649055599968)",10GRP,65,77,False,False,6,5,0.8333333333333334,"['Minnesota', 'Illinois', 'Missouri', 'Nebraska', 'South Dakota']",Minnesota,7621.0,0.7,Midwest,1987-06-04,20.865160848733744,77,Home-based Day Care Centers - Type of Restriction in Home-Based Day Care,0,0,1,0.0,0.0,0.0,0.0,0.0,0.0,1.0,0.0,0.0,0.0,0.0,0.0,0.0
2008,4,IA,Iowa,Legislation - Smokefree Indoor Air,Smokefree Indoor Air – Other Sites,Restriction Areas,Prisons,Designated Areas,3,Ranking,2008-04-15,2008-07-01,"(42.46940091300047, -93.81649055599968)",15GRP,101,77,False,False,6,0,0.0,[],,,0.0,Midwest,1990-04-27,17.968514715947983,77,Smokefree Indoor Air – Other Sites - Prisons,0,0,0,0.0,0.0,0.0,0.0,0.0,0.0,0.0,0.0,0.0,0.0,0.0,0.0,1.0
2008,4,MD,Maryland,Legislation - Smokefree Indoor Air,Smokefree Indoor Air – Other Sites,Restriction Areas,Hospitals,Banned,4,Ranking,2007-05-17,2008-02-01,"(39.29058096400047, -76.60926011099963)",15GRP,100,260,False,False,5,2,0.4,"['District of Columbia', 'Delaware']",District of Columbia,4706.0,0.35,South,1975-05-05,32.03285420944559,260,Smokefree Indoor Air – Other Sites - Hospitals,0,0,1,0.0,1.0,0.0,0.0,0.0,0.0,0.0,0.0,0.0,0.0,0.0,0.0,1.0
2008,4,IA,Iowa,Legislation - Smokefree Indoor Air,Private Worksites,Restrictions,Type of Restriction in Private Worksite,Banned,4,Ranking,2008-04-15,2008-07-01,"(42.46940091300047, -93.81649055599968)",10GRP,20,77,False,True,6,4,0.6666666666666666,"['Minnesota', 'Illinois', 'Nebraska', 'South Dakota']",Minnesota,2244.0,0.5833333333333333,Midwest,1975-06-02,32.87063655030801,77,Private Worksites - Type of Restriction in Private Worksite,0,1,1,0.0,0.0,0.0,0.0,0.0,0.0,0.0,0.0,0.0,0.0,1.0,0.0,0.0
2008,4,IA,Iowa,Legislation - Smokefree Indoor Air,Smokefree Indoor Air – Other Sites,Restriction Areas,Casinos,Designated Areas,3,Ranking,2008-04-15,2008-07-01,"(42.46940091300047, -93.81649055599968)",15GRP,335,77,False,False,6,0,0.0,[],,,0.0,Midwest,2003-03-26,5.0568104038329915,77,Smokefree Indoor Air – Other Sites - Casinos,0,0,0,0.0,0.0,0.0,0.0,0.0,0.0,0.0,0.0,0.0,0.0,0.0,0.0,1.0
2008,3,MD,Maryland,Legislation - Smokefree Indoor Air,Smokefree Indoor Air – Other Sites,Restriction Areas,Enclosed Arenas,Banned,4,Ranking,2007-05-17,2008-02-01,"(39.29058096400047, -76.60926011099963)",15GRP,98,260,False,True,5,2,0.4,"['District of Columbia', 'Delaware']",District of Columbia,1812.0,0.35,South,1975-06-02,31.956194387405887,260,Smokefree Indoor Air – Other Sites - Enclosed Arenas,0,0,1,0.0,1.0,0.0,0.0,0.0,0.0,0.0,0.0,0.0,0.0,0.0,0.0,1.0
2008,4,IL,Illinois,Legislation - Smokefree Indoor Air,Smokefree Indoor Air – Other Sites,Restriction Areas,Mental Health - Residential Facilities,Banned,4,Ranking,2007-07-23,2008-01-01,"(40.48501028300046, -88.99771017799969)",15GRP,341,162,False,False,4,0,0.0,[],,,0.0,Midwest,2001-04-12,6.277891854893908,162,Smokefree Indoor Air – Other Sites - Mental Health - Residential Facilities,0,0,1,0.0,0.0,0.0,0.0,0.0,0.0,0.0,0.0,0.0,0.0,0.0,0.0,1.0
2008,3,IL,Illinois,Legislation - Smokefree Indoor Air,Smokefree Indoor Air – Other Sites,Restriction Areas,Malls,Banned,4,Ranking,2007-07-23,2008-01-01,"(40.48501028300046, -88.99771017799969)",15GRP,96,162,False,False,4,0,0.0,[],,,0.0,Midwest,1985-05-10,22.20123203285421,162,Smokefree Indoor Air – Other Sites - Malls,0,0,1,0.0,0.0,0.0,0.0,0.0,0.0,0.0,0.0,0.0,0.0,0.0,0.0,1.0
2008,4,IA,Iowa,Legislation - Smokefree Indoor Air,Government Worksites,Vehicles,Type of Restriction in Government Worksite Vehicle,Banned,4,Ranking,2008-04-15,2008-07-01,"(42.46940091300047, -93.81649055599968)",30GRP,17,77,False,False,6,3,0.5,"['Minnesota', 'Illinois', 'Nebraska']",Minnesota,10557.0,0.4375,Midwest,1979-01-01,29.286789869952088,77,Government Worksites - Type of Restriction in Government Worksite Vehicle,0,1,1,0.0,0.0,0.0,0.0,0.0,1.0,0.0,0.0,0.0,0.0,0.0,0.0,0.0
2008,3,MD,Maryland,Legislation - Smokefree Indoor Air,Restaurants,Restriction Areas,Type of Restriction in Restaurant Patron Area,Banned,4,Ranking,2007-05-17,2008-02-01,"(39.29058096400047, -76.60926011099963)",15GRP,233,260,False,True,5,2,0.4,"['District of Columbia', 'Delaware']",District of Columbia,1812.0,0.35,South,1975-01-01,32.37234770704997,260,Restaurants - Type of Restriction in Restaurant Patron Area,1,0,1,0.0,1.0,0.0,0.0,0.0,0.0,0.0,0.0,0.0,0.0,0.0,1.0,0.0
2008,3,IA,Iowa,Legislation - Smokefree Indoor Air,Smokefree Indoor Air – Other Sites,Restriction Areas,Public Transportation,Banned,4,Ranking,2008-04-15,2008-07-01,"(42.46940091300047, -93.81649055599968)",15GRP,99,77,False,True,6,4,0.6666666666666666,"['Minnesota', 'Illinois', 'Nebraska', 'South Dakota']",Minnesota,2244.0,0.5833333333333333,Midwest,1973-05-04,34.94866529774127,77,Smokefree Indoor Air – Other Sites - Public Transportation,0,0,1,0.0,0.0,0.0,0.0,0.0,0.0,0.0,0.0,0.0,0.0,0.0,0.0,1.0
2008,4,CA,California,Legislation - Smokefree Indoor Air,Commercial Day Care Centers,Vehicles,Type of Restriction in Commercial Day Care Vehicle,Banned,4,Ranking,2007-12-04,2008-01-01,"(37.63864012300047, -120.99999953799971)",30GRP,61,28,False,False,3,0,0.0,[],,,0.0,West,2000-07-13,7.392197125256674,28,Commercial Day Care Centers - Type of Restriction in Commercial Day Care Vehicle,0,0,1,0.0,0.0,1.0,1.0,0.0,0.0,0.0,0.0,0.0,0.0,0.0,0.0,0.0
2008,3,IL,Illinois,Legislation - Smokefree Indoor Air,Smokefree Indoor Air – Other Sites,Restriction Areas,Substance Use - Outpatient Facilities,Banned,4,Ranking,2007-07-23,2008-01-01,"(40.48501028300046, -88.99771017799969)",15GRP,338,162,False,False,4,0,0.0,[],,,0.0,Midwest,2002-05-31,5.144421629021219,162,Smokefree Indoor Air – Other Sites - Substance Use - Outpatient Facilities,0,0,1,0.0,0.0,0.0,0.0,0.0,0.0,0.0,0.0,0.0,0.0,0.0,0.0,1.0
2008,3,MD,Maryland,Legislation - Smokefree Indoor Air,Smokefree Indoor Air – Other Sites,Restriction Areas,Malls,Banned,4,Ranking,2007-05-17,2008-02-01,"(39.29058096400047, -76.60926011099963)",15GRP,96,260,False,True,5,2,0.4,"['District of Columbia', 'Delaware']",District of Columbia,1812.0,0.35,South,1985-05-10,22.017796030116358,260,Smokefree Indoor Air – Other Sites - Malls,0,0,1,0.0,1.0,0.0,0.0,0.0,0.0,0.0,0.0,0.0,0.0,0.0,0.0,1.0
2008,3,IL,Illinois,Legislation - Smokefree Indoor Air,Government Worksites,Vehicles,Type of Restriction in Government Worksite Vehicle,Banned,4,Ranking,2007-07-23,2008-01-01,"(40.48501028300046, -88.99771017799969)",30GRP,17,162,False,False,4,0,0.0,[],,,0.0,Midwest,1979-01-01,28.555783709787818,162,Government Worksites - Type of Restriction in Government Worksite Vehicle,0,1,1,0.0,0.0,0.0,0.0,0.0,1.0,0.0,0.0,0.0,0.0,0.0,0.0,0.0
2008,4,IL,Illinois,Legislation - Smokefree Indoor Air,Hotels and Motels,Restrictions,Type of Restriction in Lobby and Common Area of Hotel and Motel,Banned,4,Ranking,2007-07-23,2008-01-01,"(40.48501028300046, -88.99771017799969)",10GRP,81,162,False,False,4,0,0.0,[],,,0.0,Midwest,1990-01-09,17.533196440793976,162,Hotels and Motels - Type of Restriction in Lobby and Common Area of Hotel and Motel,0,0,1,0.0,0.0,0.0,0.0,0.0,0.0,0.0,1.0,0.0,0.0,0.0,0.0,0.0
2008,3,IL,Illinois,Legislation - Smokefree Indoor Air,Smokefree Indoor Air – Other Sites,Restriction Areas,Casinos,Banned,4,Ranking,2007-07-23,2008-01-01,"(40.48501028300046, -88.99771017799969)",15GRP,335,162,False,False,4,0,0.0,[],,,0.0,Midwest,2003-03-26,4.32580424366872,162,Smokefree Indoor Air – Other Sites - Casinos,0,0,1,0.0,0.0,0.0,0.0,0.0,0.0,0.0,0.0,0.0,0.0,0.0,0.0,1.0
2008,4,IA,Iowa,Legislation - Smokefree Indoor Air,Smokefree Indoor Air – Other Sites,Restriction Areas,Grocery Stores,Banned,4,Ranking,2008-04-15,2008-07-01,"(42.46940091300047, -93.81649055599968)",15GRP,97,77,False,True,6,4,0.6666666666666666,"['Minnesota', 'Illinois', 'Nebraska', 'South Dakota']",Minnesota,2244.0,0.5833333333333333,Midwest,1975-06-02,32.87063655030801,77,Smokefree Indoor Air – Other Sites - Grocery Stores,0,0,1,0.0,0.0,0.0,0.0,0.0,0.0,0.0,0.0,0.0,0.0,0.0,0.0,1.0
2008,3,IA,Iowa,Legislation - Smokefree Indoor Air,Hotels and Motels,Additional Requirements,Sleeping Room Designation (Type),Smoking Room,3,Ranking,2008-04-15,2008-07-01,"(42.46940091300047, -93.81649055599968)",20GRP,83,77,False,False,6,4,0.6666666666666666,"['Minnesota', 'Illinois', 'Nebraska', 'South Dakota']",Minnesota,6679.0,0.5833333333333333,Midwest,1990-01-01,18.286105407255306,77,Hotels and Motels - Sleeping Room Designation (Type),0,0,0,0.0,0.0,0.0,0.0,0.0,0.0,0.0,1.0,0.0,0.0,0.0,0.0,0.0
2008,3,IL,Illinois,Legislation - Smokefree Indoor Air,Hotels and Motels,Additional Requirements,Sleeping Room Designation (Type),Smoking Room,3,Ranking,2007-07-23,2008-01-01,"(40.48501028300046, -88.99771017799969)",20GRP,83,162,False,False,4,0,0.0,[],,,0.0,Midwest,1990-01-01,17.555099247091032,162,Hotels and Motels - Sleeping Room Designation (Type),0,0,0,0.0,0.0,0.0,0.0,0.0,0.0,0.0,1.0,0.0,0.0,0.0,0.0,0.0
2008,3,MD,Maryland,Legislation - Smokefree Indoor Air,Bars,Restrictions,Type of Restriction in Bar (Summary),Banned,4,Ranking,2007-05-17,2008-02-01,"(39.29058096400047, -76.60926011099963)",10GRP,234,260,False,True,5,2,0.4,"['District of Columbia', 'Delaware']",District of Columbia,1812.0,0.35,South,1979-01-01,28.372347707049965,260,Bars - Type of Restriction in Bar (Summary),0,0,1,0.0,1.0,0.0,0.0,0.0,0.0,0.0,0.0,0.0,0.0,0.0,0.0,0.0
2008,4,IL,Illinois,Legislation - Smokefree Indoor Air,Smokefree Indoor Air – Other Sites,Restriction Areas,Grocery Stores,Banned,4,Ranking,2007-07-23,2008-01-01,"(40.48501028300046, -88.99771017799969)",15GRP,97,162,False,False,4,0,0.0,[],,,0.0,Midwest,1975-06-02,32.139630390143736,162,Smokefree Indoor Air – Other Sites - Grocery Stores,0,0,1,0.0,0.0,0.0,0.0,0.0,0.0,0.0,0.0,0.0,0.0,0.0,0.0,1.0
2008,4,IA,Iowa,Legislation - Smokefree Indoor Air,Government Worksites,Restrictions,Type of Restriction in Government Worksite,Banned,4,Ranking,2008-04-15,2008-07-01,"(42.46940091300047, -93.81649055599968)",10GRP,1,77,False,False,6,4,0.6666666666666666,"['Minnesota', 'Illinois', 'Nebraska', 'South Dakota']",Minnesota,5709.0,0.5833333333333333,Midwest,1975-06-02,32.87063655030801,77,Government Worksites - Type of Restriction in Government Worksite,0,1,1,0.0,0.0,0.0,0.0,0.0,1.0,0.0,0.0,0.0,0.0,0.0,0.0,0.0
2008,3,IA,Iowa,Legislation - Smokefree Indoor Air,Bars,Restriction Areas,Type of Restriction in Bar Patron Area,Banned,4,Ranking,2008-04-15,2008-07-01,"(42.46940091300047, -93.81649055599968)",15GRP,235,77,False,True,6,3,0.5,"['Minnesota', 'Illinois', 'Nebraska']",Minnesota,335.0,0.5998287671232876,Midwest,1979-01-01,29.286789869952088,77,Bars - Type of Restriction in Bar Patron Area,0,0,1,0.0,0.0,0.0,0.0,0.0,0.0,0.0,0.0,0.0,0.0,0.0,0.0,0.0
2008,4,IA,Iowa,Legislation - Smokefree Indoor Air,Restaurants,Restriction Areas,Type of Restriction in Restaurant Patron Area,Banned,4,Ranking,2008-04-15,2008-07-01,"(42.46940091300047, -93.81649055599968)",15GRP,233,77,False,True,6,4,0.6666666666666666,"['Minnesota', 'Illinois', 'Nebraska', 'South Dakota']",Minnesota,2244.0,0.5833333333333333,Midwest,1975-01-01,33.28678986995209,77,Restaurants - Type of Restriction in Restaurant Patron Area,1,0,1,0.0,0.0,0.0,0.0,0.0,0.0,0.0,0.0,0.0,0.0,0.0,1.0,0.0
2008,4,IA,Iowa,Legislation - Smokefree Indoor Air,Private Worksites,Vehicles,Type of Restriction in Private Worksite Vehicle,Banned,4,Ranking,2008-04-15,2008-07-01,"(42.46940091300047, -93.81649055599968)",30GRP,34,77,False,False,6,1,0.1666666666666666,['Minnesota'],Minnesota,7621.0,0.1458333333333333,Midwest,1987-06-04,20.865160848733744,77,Private Worksites - Type of Restriction in Private Worksite Vehicle,0,1,1,0.0,0.0,0.0,0.0,0.0,0.0,0.0,0.0,0.0,0.0,1.0,0.0,0.0
2008,3,IA,Iowa,Legislation - Smokefree Indoor Air,Smokefree Indoor Air – Other Sites,Restriction Areas,Mental Health - Outpatient Facilities,Designated Areas,3,Ranking,2008-04-15,2008-07-01,"(42.46940091300047, -93.81649055599968)",15GRP,340,77,False,False,6,1,0.1666666666666666,['Minnesota'],Minnesota,335.0,0.3081621004566209,Midwest,1999-01-01,9.286789869952088,77,Smokefree Indoor Air – Other Sites - Mental Health - Outpatient Facilities,0,0,0,0.0,0.0,0.0,0.0,0.0,0.0,0.0,0.0,0.0,0.0,0.0,0.0,1.0
2008,3,IA,Iowa,Legislation - Smokefree Indoor Air,Smokefree Indoor Air – Other Sites,Restriction Areas,Enclosed Arenas,Banned,4,Ranking,2008-04-15,2008-07-01,"(42.46940091300047, -93.81649055599968)",15GRP,98,77,False,True,6,4,0.6666666666666666,"['Minnesota', 'Illinois', 'Nebraska', 'South Dakota']",Minnesota,2244.0,0.5833333333333333,Midwest,1975-06-02,32.87063655030801,77,Smokefree Indoor Air – Other Sites - Enclosed Arenas,0,0,1,0.0,0.0,0.0,0.0,0.0,0.0,0.0,0.0,0.0,0.0,0.0,0.0,1.0
2008,4,MD,Maryland,Legislation - Smokefree Indoor Air,Commercial Day Care Centers,Restrictions,Type of Restriction in Commercial Day Care,Banned,4,Ranking,2007-05-17,2008-02-01,"(39.29058096400047, -76.60926011099963)",10GRP,50,260,False,False,5,2,0.4,"['District of Columbia', 'Delaware']",District of Columbia,4706.0,0.35,South,1963-07-12,43.846680355920604,260,Commercial Day Care Centers - Type of Restriction in Commercial Day Care,0,0,1,0.0,1.0,0.0,1.0,0.0,0.0,0.0,0.0,0.0,0.0,0.0,0.0,0.0
2008,3,PA,Pennsylvania,Legislation - Smokefree Indoor Air,Smokefree Indoor Air – Other Sites,Restriction Areas,Mental Health - Residential Facilities,Designated Areas,3,Ranking,2008-06-13,2008-09-11,"(40.79373015200048, -77.86070029399963)",15GRP,341,90,False,False,6,1,0.1666666666666666,['New York'],New York,1906.0,0.1458333333333333,Northeast,2001-04-12,7.170431211498974,90,Smokefree Indoor Air – Other Sites - Mental Health - Residential Facilities,0,0,0,1.0,0.0,0.0,0.0,0.0,0.0,0.0,0.0,0.0,0.0,0.0,0.0,1.0
2008,4,IL,Illinois,Legislation - Smokefree Indoor Air,Restaurants,Restriction Areas,Type of Restriction in Restaurant Employee Area,Banned,4,Ranking,2007-07-23,2008-01-01,"(40.48501028300046, -88.99771017799969)",15GRP,232,162,False,False,4,0,0.0,[],,,0.0,Midwest,1975-01-01,32.55578370978782,162,Restaurants - Type of Restriction in Restaurant Employee Area,1,0,1,0.0,0.0,0.0,0.0,0.0,0.0,0.0,0.0,0.0,0.0,0.0,1.0,0.0
2008,3,PA,Pennsylvania,Legislation - Smokefree Indoor Air,Smokefree Indoor Air – Other Sites,Restriction Areas,Grocery Stores,Banned,4,Ranking,2008-06-13,2008-09-11,"(40.79373015200048, -77.86070029399963)",15GRP,97,90,False,False,6,5,0.8333333333333334,"['New York', 'New Jersey', 'Delaware', 'Maryland', 'Ohio']",New York,8402.0,0.7,Northeast,1975-06-02,33.0321697467488,90,Smokefree Indoor Air – Other Sites - Grocery Stores,0,0,1,1.0,0.0,0.0,0.0,0.0,0.0,0.0,0.0,0.0,0.0,0.0,0.0,1.0
2008,4,MD,Maryland,Legislation - Smokefree Indoor Air,Restaurants,Restriction Areas,Type of Restriction in Restaurant Employee Area,Banned,4,Ranking,2007-05-17,2008-02-01,"(39.29058096400047, -76.60926011099963)",15GRP,232,260,False,True,5,2,0.4,"['District of Columbia', 'Delaware']",District of Columbia,1812.0,0.35,South,1975-01-01,32.37234770704997,260,Restaurants - Type of Restriction in Restaurant Employee Area,1,0,1,0.0,1.0,0.0,0.0,0.0,0.0,0.0,0.0,0.0,0.0,0.0,1.0,0.0
2008,3,IA,Iowa,Legislation - Smokefree Indoor Air,Bars,Restrictions,Type of Restriction in Bar (Summary),Banned,4,Ranking,2008-04-15,2008-07-01,"(42.46940091300047, -93.81649055599968)",10GRP,234,77,False,True,6,3,0.5,"['Minnesota', 'Illinois', 'Nebraska']",Minnesota,335.0,0.5998287671232876,Midwest,1979-01-01,29.286789869952088,77,Bars - Type of Restriction in Bar (Summary),0,0,1,0.0,0.0,0.0,0.0,0.0,0.0,0.0,0.0,0.0,0.0,0.0,0.0,0.0
2008,3,SD,South Dakota,Legislation - Smokefree Indoor Air,Restaurants,Restrictions,Type of Restriction in Restaurant (Summary),Banned,4,Ranking,2008-03-13,2008-07-01,"(44.353130053000484, -100.3735306369997)",10GRP,37,110,False,True,5,3,0.6,"['Minnesota', 'Nebraska', 'Montana']",Minnesota,1060.0,0.5249999999999999,Midwest,1975-01-01,33.19644079397673,110,Restaurants - Type of Restriction in Restaurant (Summary),1,0,1,0.0,0.0,0.0,0.0,0.0,0.0,0.0,0.0,0.0,0.0,0.0,1.0,0.0
2008,4,MD,Maryland,Legislation - Smokefree Indoor Air,Restaurants,Restrictions,Type of Restriction in Restaurant (Summary),Banned,4,Ranking,2007-05-17,2008-02-01,"(39.29058096400047, -76.60926011099963)",10GRP,37,260,False,True,5,2,0.4,"['District of Columbia', 'Delaware']",District of Columbia,1812.0,0.35,South,1975-01-01,32.37234770704997,260,Restaurants - Type of Restriction in Restaurant (Summary),1,0,1,0.0,1.0,0.0,0.0,0.0,0.0,0.0,0.0,0.0,0.0,0.0,1.0,0.0
2008,4,IL,Illinois,Legislation - Smokefree Indoor Air,Smokefree Indoor Air – Other Sites,Restriction Areas,Bingo Halls,Banned,4,Ranking,2007-07-23,2008-01-01,"(40.48501028300046, -88.99771017799969)",15GRP,337,162,False,False,4,0,0.0,[],,,0.0,Midwest,2003-03-26,4.32580424366872,162,Smokefree Indoor Air – Other Sites - Bingo Halls,0,0,1,0.0,0.0,0.0,0.0,0.0,0.0,0.0,0.0,0.0,0.0,0.0,0.0,1.0
2008,3,IA,Iowa,Legislation - Smokefree Indoor Air,Commercial Day Care Centers,Restrictions,Type of Restriction in Commercial Day Care,Banned,4,Ranking,2008-04-15,2008-07-01,"(42.46940091300047, -93.81649055599968)",10GRP,50,77,False,False,6,6,1.0,"['Minnesota', 'Wisconsin', 'Illinois', 'Missouri', 'Nebraska', 'South Dakota']",Minnesota,7621.0,0.7,Midwest,1963-07-12,44.761122518822724,77,Commercial Day Care Centers - Type of Restriction in Commercial Day Care,0,0,1,0.0,0.0,0.0,1.0,0.0,0.0,0.0,0.0,0.0,0.0,0.0,0.0,0.0
2008,4,IA,Iowa,Legislation - Smokefree Indoor Air,Smokefree Indoor Air – Other Sites,Restriction Areas,Bingo Halls,Banned,4,Ranking,2008-04-15,2008-07-01,"(42.46940091300047, -93.81649055599968)",15GRP,337,77,False,True,6,2,0.3333333333333333,"['Minnesota', 'Illinois']",Minnesota,335.0,0.4539954337899543,Midwest,2003-03-26,5.0568104038329915,77,Smokefree Indoor Air – Other Sites - Bingo Halls,0,0,1,0.0,0.0,0.0,0.0,0.0,0.0,0.0,0.0,0.0,0.0,0.0,0.0,1.0
2008,3,MD,Maryland,Legislation - Smokefree Indoor Air,Government Worksites,Restrictions,Type of Restriction in Government Worksite,Banned,4,Ranking,2007-05-17,2008-02-01,"(39.29058096400047, -76.60926011099963)",10GRP,1,260,False,True,5,2,0.4,"['District of Columbia', 'Delaware']",District of Columbia,1812.0,0.35,South,1975-06-02,31.956194387405887,260,Government Worksites - Type of Restriction in Government Worksite,0,1,1,0.0,1.0,0.0,0.0,0.0,1.0,0.0,0.0,0.0,0.0,0.0,0.0,0.0
2008,3,IA,Iowa,Legislation - Smokefree Indoor Air,Smokefree Indoor Air – Other Sites,Restriction Areas,Mental Health - Residential Facilities,Designated Areas,3,Ranking,2008-04-15,2008-07-01,"(42.46940091300047, -93.81649055599968)",15GRP,341,77,False,False,6,0,0.0,[],,,0.0,Midwest,2001-04-12,7.008898015058179,77,Smokefree Indoor Air – Other Sites - Mental Health - Residential Facilities,0,0,0,0.0,0.0,0.0,0.0,0.0,0.0,0.0,0.0,0.0,0.0,0.0,0.0,1.0
2008,4,MD,Maryland,Legislation - Smokefree Indoor Air,Bars,Restriction Areas,Type of Restriction in Bar Employee Area,Banned,4,Ranking,2007-05-17,2008-02-01,"(39.29058096400047, -76.60926011099963)",15GRP,236,260,False,True,5,2,0.4,"['District of Columbia', 'Delaware']",District of Columbia,1812.0,0.35,South,1979-01-01,28.372347707049965,260,Bars - Type of Restriction in Bar Employee Area,0,0,1,0.0,1.0,0.0,0.0,0.0,0.0,0.0,0.0,0.0,0.0,0.0,0.0,0.0
2008,3,IL,Illinois,Legislation - Smokefree Indoor Air,Smokefree Indoor Air – Other Sites,Restriction Areas,Substance Use - Residential Facilities,Banned,4,Ranking,2007-07-23,2008-01-01,"(40.48501028300046, -88.99771017799969)",15GRP,339,162,False,False,4,0,0.0,[],,,0.0,Midwest,2001-04-12,6.277891854893908,162,Smokefree Indoor Air – Other Sites - Substance Use - Residential Facilities,0,0,1,0.0,0.0,0.0,0.0,0.0,0.0,0.0,0.0,0.0,0.0,0.0,0.0,1.0
2008,3,PA,Pennsylvania,Legislation - Smokefree Indoor Air,Smokefree Indoor Air – Other Sites,Restriction Areas,Prisons,Banned,4,Ranking,2008-06-13,2008-09-11,"(40.79373015200048, -77.86070029399963)",15GRP,101,90,False,False,6,1,0.1666666666666666,['West Virginia'],West Virginia,4070.0,0.1458333333333333,Northeast,1990-04-27,18.130047912388775,90,Smokefree Indoor Air – Other Sites - Prisons,0,0,1,1.0,0.0,0.0,0.0,0.0,0.0,0.0,0.0,0.0,0.0,0.0,0.0,1.0
2008,3,IL,Illinois,Legislation - Smokefree Indoor Air,Bars,Restrictions,Type of Restriction in Bar (Summary),Banned,4,Ranking,2007-07-23,2008-01-01,"(40.48501028300046, -88.99771017799969)",10GRP,234,162,False,False,4,0,0.0,[],,,0.0,Midwest,1979-01-01,28.555783709787818,162,Bars - Type of Restriction in Bar (Summary),0,0,1,0.0,0.0,0.0,0.0,0.0,0.0,0.0,0.0,0.0,0.0,0.0,0.0,0.0
2008,3,IL,Illinois,Legislation - Smokefree Indoor Air,Bars,Restriction Areas,Type of Restriction in Bar Patron Area,Banned,4,Ranking,2007-07-23,2008-01-01,"(40.48501028300046, -88.99771017799969)",15GRP,235,162,False,False,4,0,0.0,[],,,0.0,Midwest,1979-01-01,28.555783709787818,162,Bars - Type of Restriction in Bar Patron Area,0,0,1,0.0,0.0,0.0,0.0,0.0,0.0,0.0,0.0,0.0,0.0,0.0,0.0,0.0
2008,3,NC,North Carolina,Legislation - Smokefree Indoor Air,Government Worksites,Restrictions,Type of Restriction in Government Worksite,Banned,4,Ranking,2007-07-08,2008-01-01,"(35.466220975000454, -79.15925046299964)",10GRP,1,177,False,False,4,1,0.25,['Tennessee'],Tennessee,391.0,0.3580650684931507,South,1975-06-02,32.09856262833676,177,Government Worksites - Type of Restriction in Government Worksite,0,1,1,0.0,1.0,0.0,0.0,0.0,1.0,0.0,0.0,0.0,0.0,0.0,0.0,0.0
2008,4,IL,Illinois,Legislation - Smokefree Indoor Air,Smokefree Indoor Air – Other Sites,Restriction Areas,Hospital Campuses,Designated Areas,3,Ranking,2007-07-23,2008-01-01,"(40.48501028300046, -88.99771017799969)",15GRP,342,162,False,False,4,0,0.0,[],,,0.0,Midwest,2001-04-12,6.277891854893908,162,Smokefree Indoor Air – Other Sites - Hospital Campuses,0,0,0,0.0,0.0,0.0,0.0,0.0,0.0,0.0,0.0,0.0,0.0,0.0,0.0,1.0
2008,4,IA,Iowa,Legislation - Smokefree Indoor Air,Restaurants,Restriction Areas,Type of Restriction in Restaurant Employee Area,Banned,4,Ranking,2008-04-15,2008-07-01,"(42.46940091300047, -93.81649055599968)",15GRP,232,77,False,True,6,4,0.6666666666666666,"['Minnesota', 'Illinois', 'Nebraska', 'South Dakota']",Minnesota,2244.0,0.5833333333333333,Midwest,1975-01-01,33.28678986995209,77,Restaurants - Type of Restriction in Restaurant Employee Area,1,0,1,0.0,0.0,0.0,0.0,0.0,0.0,0.0,0.0,0.0,0.0,0.0,1.0,0.0
2008,4,PA,Pennsylvania,Legislation - Smokefree Indoor Air,Hotels and Motels,Additional Requirements,Sleeping Room Designation (Type),Smoking Room,3,Ranking,2008-06-13,2008-09-11,"(40.79373015200048, -77.86070029399963)",20GRP,83,90,False,False,6,4,0.6666666666666666,"['New York', 'New Jersey', 'Maryland', 'Ohio']",New York,4796.0,0.5833333333333333,Northeast,1990-01-01,18.4476386036961,90,Hotels and Motels - Sleeping Room Designation (Type),0,0,0,1.0,0.0,0.0,0.0,0.0,0.0,0.0,1.0,0.0,0.0,0.0,0.0,0.0
2008,4,PA,Pennsylvania,Legislation - Smokefree Indoor Air,Smokefree Indoor Air – Other Sites,Restriction Areas,Substance Use - Residential Facilities,Designated Areas,3,Ranking,2008-06-13,2008-09-11,"(40.79373015200048, -77.86070029399963)",15GRP,339,90,False,False,6,1,0.1666666666666666,['New York'],New York,1906.0,0.1458333333333333,Northeast,2001-04-12,7.170431211498974,90,Smokefree Indoor Air – Other Sites - Substance Use - Residential Facilities,0,0,0,1.0,0.0,0.0,0.0,0.0,0.0,0.0,0.0,0.0,0.0,0.0,0.0,1.0
2008,4,PA,Pennsylvania,Legislation - Smokefree Indoor Air,Restaurants,Restriction Areas,Type of Restriction in Restaurant Employee Area,Banned,4,Ranking,2008-06-13,2008-09-11,"(40.79373015200048, -77.86070029399963)",15GRP,232,90,False,True,6,5,0.8333333333333334,"['New York', 'New Jersey', 'Delaware', 'Maryland', 'Ohio']",New York,2205.0,0.7,Northeast,1975-01-01,33.44832306639288,90,Restaurants - Type of Restriction in Restaurant Employee Area,1,0,1,1.0,0.0,0.0,0.0,0.0,0.0,0.0,0.0,0.0,0.0,0.0,1.0,0.0
2008,4,PA,Pennsylvania,Legislation - Smokefree Indoor Air,Home-based Day Care Centers,Restrictions,Type of Restriction in Home-Based Day Care,Banned,4,Ranking,2008-06-13,2008-09-11,"(40.79373015200048, -77.86070029399963)",10GRP,65,90,False,True,6,5,0.8333333333333334,"['New York', 'New Jersey', 'Delaware', 'Maryland', 'Ohio']",New York,2205.0,0.7,Northeast,1987-06-04,21.026694045174537,90,Home-based Day Care Centers - Type of Restriction in Home-Based Day Care,0,0,1,1.0,0.0,0.0,0.0,0.0,0.0,1.0,0.0,0.0,0.0,0.0,0.0,0.0
2008,3,IL,Illinois,Legislation - Smokefree Indoor Air,Smokefree Indoor Air – Other Sites,Restriction Areas,Public Transportation,Banned,4,Ranking,2007-07-23,2008-01-01,"(40.48501028300046, -88.99771017799969)",15GRP,99,162,False,False,4,0,0.0,[],,,0.0,Midwest,1973-05-04,34.217659137577,162,Smokefree Indoor Air – Other Sites - Public Transportation,0,0,1,0.0,0.0,0.0,0.0,0.0,0.0,0.0,0.0,0.0,0.0,0.0,0.0,1.0
2008,4,PA,Pennsylvania,Legislation - Smokefree Indoor Air,Commercial Day Care Centers,Restrictions,Type of Restriction in Commercial Day Care,Banned,4,Ranking,2008-06-13,2008-09-11,"(40.79373015200048, -77.86070029399963)",10GRP,50,90,False,False,6,5,0.8333333333333334,"['New York', 'New Jersey', 'Delaware', 'Maryland', 'Ohio']",New York,5099.0,0.7,Northeast,1963-07-12,44.92265571526352,90,Commercial Day Care Centers - Type of Restriction in Commercial Day Care,0,0,1,1.0,0.0,0.0,1.0,0.0,0.0,0.0,0.0,0.0,0.0,0.0,0.0,0.0
2008,3,IA,Iowa,Legislation - Smokefree Indoor Air,Hotels and Motels,Restrictions,Type of Restriction in Lobby and Common Area of Hotel and Motel,Banned,4,Ranking,2008-04-15,2008-07-01,"(42.46940091300047, -93.81649055599968)",10GRP,81,77,False,True,6,4,0.6666666666666666,"['Minnesota', 'Illinois', 'Nebraska', 'South Dakota']",Minnesota,2244.0,0.5833333333333333,Midwest,1990-01-09,18.26420260095825,77,Hotels and Motels - Type of Restriction in Lobby and Common Area of Hotel and Motel,0,0,1,0.0,0.0,0.0,0.0,0.0,0.0,0.0,1.0,0.0,0.0,0.0,0.0,0.0
2008,3,PA,Pennsylvania,Legislation - Smokefree Indoor Air,Smokefree Indoor Air – Other Sites,Restriction Areas,Public Transportation,Banned,4,Ranking,2008-06-13,2008-09-11,"(40.79373015200048, -77.86070029399963)",15GRP,99,90,False,False,6,6,1.0,"['New York', 'New Jersey', 'Delaware', 'Maryland', 'West Virginia', 'Ohio']",New York,8462.0,0.7,Northeast,1973-05-04,35.110198494182065,90,Smokefree Indoor Air – Other Sites - Public Transportation,0,0,1,1.0,0.0,0.0,0.0,0.0,0.0,0.0,0.0,0.0,0.0,0.0,0.0,1.0
2008,4,PA,Pennsylvania,Legislation - Smokefree Indoor Air,Smokefree Indoor Air – Other Sites,Restriction Areas,Enclosed Arenas,Banned,4,Ranking,2008-06-13,2008-09-11,"(40.79373015200048, -77.86070029399963)",15GRP,98,90,False,True,6,5,0.8333333333333334,"['New York', 'New Jersey', 'Delaware', 'Maryland', 'Ohio']",New York,2205.0,0.7,Northeast,1975-06-02,33.0321697467488,90,Smokefree Indoor Air – Other Sites - Enclosed Arenas,0,0,1,1.0,0.0,0.0,0.0,0.0,0.0,0.0,0.0,0.0,0.0,0.0,0.0,1.0
2008,4,PA,Pennsylvania,Legislation - Smokefree Indoor Air,Smokefree Indoor Air – Other Sites,Restriction Areas,Hospitals,Banned,4,Ranking,2008-06-13,2008-09-11,"(40.79373015200048, -77.86070029399963)",15GRP,100,90,False,False,6,5,0.8333333333333334,"['New York', 'New Jersey', 'Delaware', 'Maryland', 'Ohio']",New York,5099.0,0.7,Northeast,1975-05-05,33.1088295687885,90,Smokefree Indoor Air – Other Sites - Hospitals,0,0,1,1.0,0.0,0.0,0.0,0.0,0.0,0.0,0.0,0.0,0.0,0.0,0.0,1.0
2008,4,PA,Pennsylvania,Legislation - Smokefree Indoor Air,Hotels and Motels,Restrictions,Type of Restriction in Lobby and Common Area of Hotel and Motel,Banned,4,Ranking,2008-06-13,2008-09-11,"(40.79373015200048, -77.86070029399963)",10GRP,81,90,False,False,6,5,0.8333333333333334,"['New York', 'New Jersey', 'Delaware', 'Maryland', 'Ohio']",New York,4796.0,0.7,Northeast,1990-01-09,18.425735797399042,90,Hotels and Motels - Type of Restriction in Lobby and Common Area of Hotel and Motel,0,0,1,1.0,0.0,0.0,0.0,0.0,0.0,0.0,1.0,0.0,0.0,0.0,0.0,0.0
2008,4,SD,South Dakota,Legislation - Smokefree Indoor Air,Restaurants,Restriction Areas,Type of Restriction in Restaurant Bar Area,Banned,4,Ranking,2008-03-13,2008-07-01,"(44.353130053000484, -100.3735306369997)",15GRP,231,110,False,True,5,3,0.6,"['Minnesota', 'Nebraska', 'Montana']",Minnesota,1060.0,0.5249999999999999,Midwest,1975-01-01,33.19644079397673,110,Restaurants - Type of Restriction in Restaurant Bar Area,1,0,1,0.0,0.0,0.0,0.0,0.0,0.0,0.0,0.0,0.0,0.0,0.0,1.0,0.0
2008,4,PA,Pennsylvania,Legislation - Smokefree Indoor Air,Restaurants,Restriction Areas,Type of Restriction in Restaurant Patron Area,Banned,4,Ranking,2008-06-13,2008-09-11,"(40.79373015200048, -77.86070029399963)",15GRP,233,90,False,True,6,5,0.8333333333333334,"['New York', 'New Jersey', 'Delaware', 'Maryland', 'Ohio']",New York,2205.0,0.7,Northeast,1975-01-01,33.44832306639288,90,Restaurants - Type of Restriction in Restaurant Patron Area,1,0,1,1.0,0.0,0.0,0.0,0.0,0.0,0.0,0.0,0.0,0.0,0.0,1.0,0.0
2008,4,PA,Pennsylvania,Legislation - Smokefree Indoor Air,Government Worksites,Restrictions,Type of Restriction in Government Worksite,Banned,4,Ranking,2008-06-13,2008-09-11,"(40.79373015200048, -77.86070029399963)",10GRP,1,90,False,False,6,5,0.8333333333333334,"['New York', 'New Jersey', 'Delaware', 'Maryland', 'Ohio']",New York,5635.0,0.7,Northeast,1975-06-02,33.0321697467488,90,Government Worksites - Type of Restriction in Government Worksite,0,1,1,1.0,0.0,0.0,0.0,0.0,1.0,0.0,0.0,0.0,0.0,0.0,0.0,0.0
2008,4,PA,Pennsylvania,Legislation - Smokefree Indoor Air,Smokefree Indoor Air – Other Sites,Restriction Areas,Malls,Banned,4,Ranking,2008-06-13,2008-09-11,"(40.79373015200048, -77.86070029399963)",15GRP,96,90,False,True,6,5,0.8333333333333334,"['New York', 'New Jersey', 'Delaware', 'Maryland', 'Ohio']",New York,2205.0,0.7,Northeast,1985-05-10,23.093771389459274,90,Smokefree Indoor Air – Other Sites - Malls,0,0,1,1.0,0.0,0.0,0.0,0.0,0.0,0.0,0.0,0.0,0.0,0.0,0.0,1.0
2008,4,PA,Pennsylvania,Legislation - Smokefree Indoor Air,Private Worksites,Restrictions,Type of Restriction in Private Worksite,Banned,4,Ranking,2008-06-13,2008-09-11,"(40.79373015200048, -77.86070029399963)",10GRP,20,90,False,True,6,5,0.8333333333333334,"['New York', 'New Jersey', 'Delaware', 'Maryland', 'Ohio']",New York,2205.0,0.7,Northeast,1975-06-02,33.0321697467488,90,Private Worksites - Type of Restriction in Private Worksite,0,1,1,1.0,0.0,0.0,0.0,0.0,0.0,0.0,0.0,0.0,0.0,1.0,0.0,0.0
2008,4,PA,Pennsylvania,Legislation - Smokefree Indoor Air,Home-based Day Care Centers,Vehicles,Type of Restriction in Home-Based Day Care Vehicle,Banned,4,Ranking,2008-06-13,2008-09-11,"(40.79373015200048, -77.86070029399963)",30GRP,77,90,False,True,6,2,0.3333333333333333,"['Delaware', 'Maryland']",Delaware,2205.0,0.2916666666666666,Northeast,2002-05-31,6.036960985626283,90,Home-based Day Care Centers - Type of Restriction in Home-Based Day Care Vehicle,0,0,1,1.0,0.0,0.0,0.0,0.0,0.0,1.0,0.0,0.0,0.0,0.0,0.0,0.0
2008,4,IL,Illinois,Legislation - Smokefree Indoor Air,Restaurants,Restriction Areas,Type of Restriction in Restaurant Patron Area,Banned,4,Ranking,2007-07-23,2008-01-01,"(40.48501028300046, -88.99771017799969)",15GRP,233,162,False,False,4,0,0.0,[],,,0.0,Midwest,1975-01-01,32.55578370978782,162,Restaurants - Type of Restriction in Restaurant Patron Area,1,0,1,0.0,0.0,0.0,0.0,0.0,0.0,0.0,0.0,0.0,0.0,0.0,1.0,0.0
2008,4,IA,Iowa,Legislation - Smokefree Indoor Air,Smokefree Indoor Air – Other Sites,Restriction Areas,Hospitals,Banned,4,Ranking,2008-04-15,2008-07-01,"(42.46940091300047, -93.81649055599968)",15GRP,100,77,False,False,6,5,0.8333333333333334,"['Minnesota', 'Wisconsin', 'Illinois', 'Nebraska', 'South Dakota']",Minnesota,12006.0,0.7,Midwest,1975-05-05,32.94729637234771,77,Smokefree Indoor Air – Other Sites - Hospitals,0,0,1,0.0,0.0,0.0,0.0,0.0,0.0,0.0,0.0,0.0,0.0,0.0,0.0,1.0
2008,3,IL,Illinois,Legislation - Smokefree Indoor Air,Smokefree Indoor Air – Other Sites,Restriction Areas,Enclosed Arenas,Banned,4,Ranking,2007-07-23,2008-01-01,"(40.48501028300046, -88.99771017799969)",15GRP,98,162,False,False,4,0,0.0,[],,,0.0,Midwest,1975-06-02,32.139630390143736,162,Smokefree Indoor Air – Other Sites - Enclosed Arenas,0,0,1,0.0,0.0,0.0,0.0,0.0,0.0,0.0,0.0,0.0,0.0,0.0,0.0,1.0
2008,4,MD,Maryland,Legislation - Smokefree Indoor Air,Home-based Day Care Centers,Restrictions,Type of Restriction in Home-Based Day Care,Banned,4,Ranking,2007-05-17,2008-02-01,"(39.29058096400047, -76.60926011099963)",10GRP,65,260,False,True,5,2,0.4,"['District of Columbia', 'Delaware']",District of Columbia,1812.0,0.35,South,1987-06-04,19.95071868583162,260,Home-based Day Care Centers - Type of Restriction in Home-Based Day Care,0,0,1,0.0,1.0,0.0,0.0,0.0,0.0,1.0,0.0,0.0,0.0,0.0,0.0,0.0
2008,4,IL,Illinois,Legislation - Smokefree Indoor Air,Smokefree Indoor Air – Other Sites,Restriction Areas,Hospitals,Banned,4,Ranking,2007-07-23,2008-01-01,"(40.48501028300046, -88.99771017799969)",15GRP,100,162,False,False,4,1,0.25,['Wisconsin'],Wisconsin,8496.0,0.21875,Midwest,1975-05-05,32.21629021218344,162,Smokefree Indoor Air – Other Sites - Hospitals,0,0,1,0.0,0.0,0.0,0.0,0.0,0.0,0.0,0.0,0.0,0.0,0.0,0.0,1.0
2008,3,IA,Iowa,Legislation - Smokefree Indoor Air,Restaurants,Restrictions,Type of Restriction in Restaurant (Summary),Banned,4,Ranking,2008-04-15,2008-07-01,"(42.46940091300047, -93.81649055599968)",10GRP,37,77,False,True,6,4,0.6666666666666666,"['Minnesota', 'Illinois', 'Nebraska', 'South Dakota']",Minnesota,335.0,0.7456621004566208,Midwest,1975-01-01,33.28678986995209,77,Restaurants - Type of Restriction in Restaurant (Summary),1,0,1,0.0,0.0,0.0,0.0,0.0,0.0,0.0,0.0,0.0,0.0,0.0,1.0,0.0
2008,4,IA,Iowa,Legislation - Smokefree Indoor Air,Restaurants,Restriction Areas,Type of Restriction in Restaurant Bar Area,Banned,4,Ranking,2008-04-15,2008-07-01,"(42.46940091300047, -93.81649055599968)",15GRP,231,77,False,True,6,4,0.6666666666666666,"['Minnesota', 'Illinois', 'Nebraska', 'South Dakota']",Minnesota,335.0,0.7456621004566208,Midwest,1975-01-01,33.28678986995209,77,Restaurants - Type of Restriction in Restaurant Bar Area,1,0,1,0.0,0.0,0.0,0.0,0.0,0.0,0.0,0.0,0.0,0.0,0.0,1.0,0.0
2008,4,IL,Illinois,Legislation - Smokefree Indoor Air,Smokefree Indoor Air – Other Sites,Restriction Areas,Mental Health - Outpatient Facilities,Banned,4,Ranking,2007-07-23,2008-01-01,"(40.48501028300046, -88.99771017799969)",15GRP,340,162,False,False,4,0,0.0,[],,,0.0,Midwest,1999-01-01,8.555783709787816,162,Smokefree Indoor Air – Other Sites - Mental Health - Outpatient Facilities,0,0,1,0.0,0.0,0.0,0.0,0.0,0.0,0.0,0.0,0.0,0.0,0.0,0.0,1.0
2008,3,CA,California,Legislation - Smokefree Indoor Air,Personal Vehicles,Restrictions,Type of Restriction in Personal Vehicle,Banned,4,Ranking,2007-12-04,2008-01-01,"(37.63864012300047, -120.99999953799971)",10GRP,102,28,False,False,3,0,0.0,[],,,0.0,West,2006-04-10,1.6509240246406571,28,Personal Vehicles - Type of Restriction in Personal Vehicle,0,0,1,0.0,0.0,1.0,0.0,0.0,0.0,0.0,0.0,1.0,0.0,0.0,0.0,0.0
2008,3,MD,Maryland,Legislation - Smokefree Indoor Air,Smokefree Indoor Air – Other Sites,Restriction Areas,Public Transportation,Banned,4,Ranking,2007-05-17,2008-02-01,"(39.29058096400047, -76.60926011099963)",15GRP,99,260,False,False,5,2,0.4,"['West Virginia', 'Delaware']",West Virginia,8069.0,0.35,South,1973-05-04,34.03422313483915,260,Smokefree Indoor Air – Other Sites - Public Transportation,0,0,1,0.0,1.0,0.0,0.0,0.0,0.0,0.0,0.0,0.0,0.0,0.0,0.0,1.0
2008,4,IL,Illinois,Legislation - Smokefree Indoor Air,Restaurants,Restriction Areas,Type of Restriction in Restaurant Bar Area,Banned,4,Ranking,2007-07-23,2008-01-01,"(40.48501028300046, -88.99771017799969)",15GRP,231,162,False,False,4,0,0.0,[],,,0.0,Midwest,1975-01-01,32.55578370978782,162,Restaurants - Type of Restriction in Restaurant Bar Area,1,0,1,0.0,0.0,0.0,0.0,0.0,0.0,0.0,0.0,0.0,0.0,0.0,1.0,0.0
2008,3,IA,Iowa,Legislation - Smokefree Indoor Air,Government Multi-Unit Housing,Restrictions,Type of Restriction in Lobby and Common Area of Government Multi-Unit Housing,Banned,4,Ranking,2008-04-15,2008-07-01,"(42.46940091300047, -93.81649055599968)",10GRP,115,77,False,False,6,1,0.1666666666666666,['Minnesota'],Minnesota,335.0,0.3081621004566209,Midwest,1990-04-27,17.968514715947983,77,Government Multi-Unit Housing - Type of Restriction in Lobby and Common Area of Government Multi-Unit Housing,0,0,1,0.0,0.0,0.0,0.0,1.0,0.0,0.0,0.0,0.0,0.0,0.0,0.0,0.0
2008,4,ME,Maine,Legislation - Smokefree Indoor Air,Personal Vehicles,Restrictions,Type of Restriction in Personal Vehicle,Banned,4,Ranking,2008-04-10,2008-09-01,"(45.254228894000505, -68.98503133599962)",10GRP,102,144,False,False,1,0,0.0,[],,,0.0,Northeast,2006-04-10,2.001368925393566,144,Personal Vehicles - Type of Restriction in Personal Vehicle,0,0,1,1.0,0.0,0.0,0.0,0.0,0.0,0.0,0.0,1.0,0.0,0.0,0.0,0.0
2008,2,IL,Illinois,Legislation - Smokefree Indoor Air,Bars,Restriction Areas,Type of Restriction in Bar Employee Area,Banned,4,Ranking,2007-07-23,2008-01-01,"(40.48501028300046, -88.99771017799969)",15GRP,236,162,False,False,4,0,0.0,[],,,0.0,Midwest,1979-01-01,28.555783709787818,162,Bars - Type of Restriction in Bar Employee Area,0,0,1,0.0,0.0,0.0,0.0,0.0,0.0,0.0,0.0,0.0,0.0,0.0,0.0,0.0
2008,1,MD,Maryland,Legislation - Smokefree Indoor Air,Restaurants,Restriction Areas,Type of Restriction in Restaurant Bar Area,Banned,4,Ranking,2007-05-17,2008-02-01,"(39.29058096400047, -76.60926011099963)",15GRP,231,260,False,True,5,2,0.4,"['District of Columbia', 'Delaware']",District of Columbia,1812.0,0.35,South,1975-01-01,32.37234770704997,260,Restaurants - Type of Restriction in Restaurant Bar Area,1,0,1,0.0,1.0,0.0,0.0,0.0,0.0,0.0,0.0,0.0,0.0,0.0,1.0,0.0
2008,1,MD,Maryland,Legislation - Smokefree Indoor Air,Bars,Restriction Areas,Type of Restriction in Bar Patron Area,Banned,4,Ranking,2007-05-17,2008-02-01,"(39.29058096400047, -76.60926011099963)",15GRP,235,260,False,True,5,2,0.4,"['District of Columbia', 'Delaware']",District of Columbia,1812.0,0.35,South,1979-01-01,28.372347707049965,260,Bars - Type of Restriction in Bar Patron Area,0,0,1,0.0,1.0,0.0,0.0,0.0,0.0,0.0,0.0,0.0,0.0,0.0,0.0,0.0
2008,4,IA,Iowa,Legislation - Smokefree Indoor Air,Bars,Restriction Areas,Type of Restriction in Bar Employee Area,Banned,4,Ranking,2008-04-15,2008-07-01,"(42.46940091300047, -93.81649055599968)",15GRP,236,77,False,True,6,3,0.5,"['Minnesota', 'Illinois', 'Nebraska']",Minnesota,335.0,0.5998287671232876,Midwest,1979-01-01,29.286789869952088,77,Bars - Type of Restriction in Bar Employee Area,0,0,1,0.0,0.0,0.0,0.0,0.0,0.0,0.0,0.0,0.0,0.0,0.0,0.0,0.0
2008,3,PA,Pennsylvania,Legislation - Smokefree Indoor Air,Smokefree Indoor Air – Other Sites,Restriction Areas,Casinos (Racetrack),Designated Areas,3,Ranking,2008-06-13,2008-09-11,"(40.79373015200048, -77.86070029399963)",15GRP,336,90,False,False,6,0,0.0,[],,,0.0,Northeast,2002-05-31,6.036960985626283,90,Smokefree Indoor Air – Other Sites - Casinos (Racetrack),0,0,0,1.0,0.0,0.0,0.0,0.0,0.0,0.0,0.0,0.0,0.0,0.0,0.0,1.0
2008,3,IA,Iowa,Legislation - Smokefree Indoor Air,Smokefree Indoor Air – Other Sites,Restriction Areas,Casinos (Racetrack),Designated Areas,3,Ranking,2008-04-15,2008-07-01,"(42.46940091300047, -93.81649055599968)",15GRP,336,77,False,False,6,0,0.0,[],,,0.0,Midwest,2002-05-31,5.87542778918549,77,Smokefree Indoor Air – Other Sites - Casinos (Racetrack),0,0,0,0.0,0.0,0.0,0.0,0.0,0.0,0.0,0.0,0.0,0.0,0.0,0.0,1.0
2009,3,VT,Vermont,Legislation - Smokefree Indoor Air,Smokefree Indoor Air – Other Sites,Restriction Areas,Malls,Banned,4,Ranking,2009-05-09,2009-07-01,"(43.62538123900049, -72.51764079099962)",15GRP,96,53,False,True,3,1,0.3333333333333333,['New York'],New York,2236.0,0.2916666666666666,Northeast,1985-05-10,23.99726214921287,53,Smokefree Indoor Air – Other Sites - Malls,0,0,1,1.0,0.0,0.0,0.0,0.0,0.0,0.0,0.0,0.0,0.0,0.0,0.0,1.0
2009,2,OR,Oregon,Legislation - Smokefree Indoor Air,Smokefree Indoor Air – Other Sites,Restriction Areas,Hospitals,Banned,4,Ranking,2007-06-26,2009-01-01,"(44.56744942400047, -120.15503132599969)",15GRP,100,555,False,True,4,3,0.75,"['Nevada', 'Idaho', 'Washington']",Nevada,1180.0,0.65625,West,1975-05-05,32.14236824093087,555,Smokefree Indoor Air – Other Sites - Hospitals,0,0,1,0.0,0.0,1.0,0.0,0.0,0.0,0.0,0.0,0.0,0.0,0.0,0.0,1.0
2009,3,VT,Vermont,Legislation - Smokefree Indoor Air,Smokefree Indoor Air – Other Sites,Restriction Areas,Enclosed Arenas,Banned,4,Ranking,2009-05-09,2009-07-01,"(43.62538123900049, -72.51764079099962)",15GRP,98,53,False,True,3,2,0.6666666666666666,"['New York', 'Massachusetts']",New York,2236.0,0.5833333333333333,Northeast,1975-06-02,33.935660506502394,53,Smokefree Indoor Air – Other Sites - Enclosed Arenas,0,0,1,1.0,0.0,0.0,0.0,0.0,0.0,0.0,0.0,0.0,0.0,0.0,0.0,1.0
2009,4,ME,Maine,Legislation - Smokefree Indoor Air,Smokefree Indoor Air – Other Sites,Restriction Areas,Public Transportation,Banned,4,Ranking,2009-06-08,2009-09-11,"(45.254228894000505, -68.98503133599962)",15GRP,99,95,False,False,1,1,1.0,['New Hampshire'],New Hampshire,6982.0,0.7,Northeast,1973-05-04,36.09582477754962,95,Smokefree Indoor Air – Other Sites - Public Transportation,0,0,1,1.0,0.0,0.0,0.0,0.0,0.0,0.0,0.0,0.0,0.0,0.0,0.0,1.0
2009,3,ME,Maine,Legislation - Smokefree Indoor Air,Private Worksites,Restrictions,Type of Restriction in Private Worksite,Banned,4,Ranking,2009-06-08,2009-09-11,"(45.254228894000505, -68.98503133599962)",10GRP,20,95,False,False,1,0,0.0,[],,,0.0,Northeast,1975-06-02,34.01779603011636,95,Private Worksites - Type of Restriction in Private Worksite,0,1,1,1.0,0.0,0.0,0.0,0.0,0.0,0.0,0.0,0.0,0.0,1.0,0.0,0.0
2009,4,NC,North Carolina,Legislation - Smokefree Indoor Air,Government Worksites,Vehicles,Type of Restriction in Government Worksite Vehicle,Banned,4,Ranking,2008-08-02,2009-01-01,"(35.466220975000454, -79.15925046299964)",30GRP,17,152,False,False,4,1,0.25,['Tennessee'],Tennessee,408.0,0.3510787671232876,South,1979-01-01,29.585215605749486,152,Government Worksites - Type of Restriction in Government Worksite Vehicle,0,1,1,0.0,1.0,0.0,0.0,0.0,1.0,0.0,0.0,0.0,0.0,0.0,0.0,0.0
2009,3,UT,Utah,Legislation - Smokefree Indoor Air,Bars,Restriction Areas,Type of Restriction in Bar Patron Area,Banned,4,Ranking,2007-02-27,2009-01-01,"(39.360700171000474, -111.58713063499971)",15GRP,235,674,False,True,5,2,0.4,"['Colorado', 'Arizona']",Colorado,337.0,0.5115068493150685,West,1979-01-01,28.15605749486653,674,Bars - Type of Restriction in Bar Patron Area,0,0,1,0.0,0.0,1.0,0.0,0.0,0.0,0.0,0.0,0.0,0.0,0.0,0.0,0.0
2009,3,OR,Oregon,Legislation - Smokefree Indoor Air,Restaurants,Restriction Areas,Type of Restriction in Restaurant Employee Area,Banned,4,Ranking,2007-06-26,2009-01-01,"(44.56744942400047, -120.15503132599969)",15GRP,232,555,False,True,4,3,0.75,"['Nevada', 'Idaho', 'Washington']",Nevada,1180.0,0.65625,West,1975-01-01,32.48186173853525,555,Restaurants - Type of Restriction in Restaurant Employee Area,1,0,1,0.0,0.0,1.0,0.0,0.0,0.0,0.0,0.0,0.0,0.0,0.0,1.0,0.0
2009,3,ME,Maine,Legislation - Smokefree Indoor Air,Smokefree Indoor Air – Other Sites,Restriction Areas,Grocery Stores,Banned,4,Ranking,2009-06-08,2009-09-11,"(45.254228894000505, -68.98503133599962)",15GRP,97,95,False,False,1,0,0.0,[],,,0.0,Northeast,1975-06-02,34.01779603011636,95,Smokefree Indoor Air – Other Sites - Grocery Stores,0,0,1,1.0,0.0,0.0,0.0,0.0,0.0,0.0,0.0,0.0,0.0,0.0,0.0,1.0
2009,2,OR,Oregon,Legislation - Smokefree Indoor Air,Bars,Restriction Areas,Type of Restriction in Bar Patron Area,Banned,4,Ranking,2007-06-26,2009-01-01,"(44.56744942400047, -120.15503132599969)",15GRP,235,555,False,False,4,2,0.5,"['California', 'Washington']",California,3924.0,0.4375,West,1979-01-01,28.48186173853525,555,Bars - Type of Restriction in Bar Patron Area,0,0,1,0.0,0.0,1.0,0.0,0.0,0.0,0.0,0.0,0.0,0.0,0.0,0.0,0.0
2009,3,OR,Oregon,Legislation - Smokefree Indoor Air,Smokefree Indoor Air – Other Sites,Restriction Areas,Enclosed Arenas,Banned,4,Ranking,2007-06-26,2009-01-01,"(44.56744942400047, -120.15503132599969)",15GRP,98,555,False,True,4,3,0.75,"['Nevada', 'Idaho', 'Washington']",Nevada,1180.0,0.65625,West,1975-06-02,32.06570841889117,555,Smokefree Indoor Air – Other Sites - Enclosed Arenas,0,0,1,0.0,0.0,1.0,0.0,0.0,0.0,0.0,0.0,0.0,0.0,0.0,0.0,1.0
2009,3,OR,Oregon,Legislation - Smokefree Indoor Air,Hotels and Motels,Additional Requirements,Sleeping Room Designation (Type),Smoking Room,3,Ranking,2007-06-26,2009-01-01,"(44.56744942400047, -120.15503132599969)",20GRP,83,555,False,False,4,2,0.5,"['California', 'Idaho']",California,4723.0,0.4375,West,1990-01-01,17.481177275838466,555,Hotels and Motels - Sleeping Room Designation (Type),0,0,0,0.0,0.0,1.0,0.0,0.0,0.0,0.0,1.0,0.0,0.0,0.0,0.0,0.0
2009,3,VT,Vermont,Legislation - Smokefree Indoor Air,Bars,Restrictions,Type of Restriction in Bar (Summary),Banned,4,Ranking,2009-05-09,2009-07-01,"(43.62538123900049, -72.51764079099962)",10GRP,234,53,False,True,3,2,0.6666666666666666,"['New York', 'Massachusetts']",New York,2236.0,0.5833333333333333,Northeast,1979-01-01,30.351813826146476,53,Bars - Type of Restriction in Bar (Summary),0,0,1,1.0,0.0,0.0,0.0,0.0,0.0,0.0,0.0,0.0,0.0,0.0,0.0,0.0
2009,3,OR,Oregon,Legislation - Smokefree Indoor Air,Private Worksites,Restrictions,Type of Restriction in Private Worksite,Banned,4,Ranking,2007-06-26,2009-01-01,"(44.56744942400047, -120.15503132599969)",10GRP,20,555,False,True,4,2,0.5,"['Nevada', 'Washington']",Nevada,595.0,0.4929794520547945,West,1975-06-02,32.06570841889117,555,Private Worksites - Type of Restriction in Private Worksite,0,1,1,0.0,0.0,1.0,0.0,0.0,0.0,0.0,0.0,0.0,0.0,1.0,0.0,0.0
2009,3,OR,Oregon,Legislation - Smokefree Indoor Air,Commercial Day Care Centers,Restrictions,Type of Restriction in Commercial Day Care,Banned,4,Ranking,2007-06-26,2009-01-01,"(44.56744942400047, -120.15503132599969)",10GRP,50,555,False,False,4,4,1.0,"['California', 'Nevada', 'Idaho', 'Washington']",California,7650.0,0.7,West,1963-07-12,43.95619438740589,555,Commercial Day Care Centers - Type of Restriction in Commercial Day Care,0,0,1,0.0,0.0,1.0,1.0,0.0,0.0,0.0,0.0,0.0,0.0,0.0,0.0,0.0
2009,4,MT,Montana,Legislation - Smokefree Indoor Air,Bars,Restrictions,Type of Restriction in Bar (Summary),Banned,4,Ranking,2005-04-18,2009-10-01,"(47.06652897200047, -109.42442064499971)",10GRP,234,1627,False,False,3,0,0.0,[],,,0.0,West,1979-01-01,26.2943189596167,1627,Bars - Type of Restriction in Bar (Summary),0,0,1,0.0,0.0,1.0,0.0,0.0,0.0,0.0,0.0,0.0,0.0,0.0,0.0,0.0
2009,4,NE,Nebraska,Legislation - Smokefree Indoor Air,Smokefree Indoor Air – Other Sites,Restriction Areas,Mental Health - Outpatient Facilities,Banned,4,Ranking,2008-02-26,2009-06-01,"(41.6410409880005, -99.36572062299967)",15GRP,340,461,False,False,5,0,0.0,[],,,0.0,Midwest,1999-01-01,9.152635181382614,461,Smokefree Indoor Air – Other Sites - Mental Health - Outpatient Facilities,0,0,1,0.0,0.0,0.0,0.0,0.0,0.0,0.0,0.0,0.0,0.0,0.0,0.0,1.0
2009,3,NE,Nebraska,Legislation - Smokefree Indoor Air,Home-based Day Care Centers,Restrictions,Type of Restriction in Home-Based Day Care,Banned,4,Ranking,2008-02-26,2009-06-01,"(41.6410409880005, -99.36572062299967)",10GRP,65,461,False,False,5,4,0.8,"['South Dakota', 'Missouri', 'Kansas', 'Colorado']",South Dakota,5369.0,0.7,Midwest,1987-06-04,20.73100616016427,461,Home-based Day Care Centers - Type of Restriction in Home-Based Day Care,0,0,1,0.0,0.0,0.0,0.0,0.0,0.0,1.0,0.0,0.0,0.0,0.0,0.0,0.0
2009,4,ME,Maine,Legislation - Smokefree Indoor Air,Smokefree Indoor Air – Other Sites,Restriction Areas,Hospitals,Banned,4,Ranking,2009-06-08,2009-09-11,"(45.254228894000505, -68.98503133599962)",15GRP,100,95,False,False,1,1,1.0,['New Hampshire'],New Hampshire,6982.0,0.7,Northeast,1975-05-05,34.09445585215606,95,Smokefree Indoor Air – Other Sites - Hospitals,0,0,1,1.0,0.0,0.0,0.0,0.0,0.0,0.0,0.0,0.0,0.0,0.0,0.0,1.0
2009,3,UT,Utah,Legislation - Smokefree Indoor Air,Bars,Restriction Areas,Type of Restriction in Bar Employee Area,Banned,4,Ranking,2007-02-27,2009-01-01,"(39.360700171000474, -111.58713063499971)",15GRP,236,674,False,True,5,2,0.4,"['Colorado', 'Arizona']",Colorado,337.0,0.5115068493150685,West,1979-01-01,28.15605749486653,674,Bars - Type of Restriction in Bar Employee Area,0,0,1,0.0,0.0,1.0,0.0,0.0,0.0,0.0,0.0,0.0,0.0,0.0,0.0,0.0
2009,2,NE,Nebraska,Legislation - Smokefree Indoor Air,Smokefree Indoor Air – Other Sites,Restriction Areas,Public Transportation,Banned,4,Ranking,2008-02-26,2009-06-01,"(41.6410409880005, -99.36572062299967)",15GRP,99,461,False,False,5,3,0.6,"['South Dakota', 'Kansas', 'Colorado']",South Dakota,7623.0,0.5249999999999999,Midwest,1973-05-04,34.8145106091718,461,Smokefree Indoor Air – Other Sites - Public Transportation,0,0,1,0.0,0.0,0.0,0.0,0.0,0.0,0.0,0.0,0.0,0.0,0.0,0.0,1.0
2009,3,NE,Nebraska,Legislation - Smokefree Indoor Air,Smokefree Indoor Air – Other Sites,Restriction Areas,Enclosed Arenas,Banned,4,Ranking,2008-02-26,2009-06-01,"(41.6410409880005, -99.36572062299967)",15GRP,98,461,False,True,5,2,0.4,"['South Dakota', 'Colorado']",South Dakota,2195.0,0.35,Midwest,1975-06-02,32.73648186173853,461,Smokefree Indoor Air – Other Sites - Enclosed Arenas,0,0,1,0.0,0.0,0.0,0.0,0.0,0.0,0.0,0.0,0.0,0.0,0.0,0.0,1.0
2009,2,NE,Nebraska,Legislation - Smokefree Indoor Air,Bars,Restriction Areas,Type of Restriction in Bar Employee Area,Banned,4,Ranking,2008-02-26,2009-06-01,"(41.6410409880005, -99.36572062299967)",15GRP,236,461,False,False,5,1,0.2,['Colorado'],Colorado,701.0,0.186917808219178,Midwest,1979-01-01,29.152635181382614,461,Bars - Type of Restriction in Bar Employee Area,0,0,1,0.0,0.0,0.0,0.0,0.0,0.0,0.0,0.0,0.0,0.0,0.0,0.0,0.0
2009,2,NE,Nebraska,Legislation - Smokefree Indoor Air,Private Worksites,Restrictions,Type of Restriction in Private Worksite,Banned,4,Ranking,2008-02-26,2009-06-01,"(41.6410409880005, -99.36572062299967)",10GRP,20,461,False,True,5,2,0.4,"['South Dakota', 'Colorado']",South Dakota,2195.0,0.35,Midwest,1975-06-02,32.73648186173853,461,Private Worksites - Type of Restriction in Private Worksite,0,1,1,0.0,0.0,0.0,0.0,0.0,0.0,0.0,0.0,0.0,0.0,1.0,0.0,0.0
2009,4,NE,Nebraska,Legislation - Smokefree Indoor Air,Restaurants,Restriction Areas,Type of Restriction in Restaurant Employee Area,Banned,4,Ranking,2008-02-26,2009-06-01,"(41.6410409880005, -99.36572062299967)",15GRP,232,461,False,True,5,2,0.4,"['South Dakota', 'Colorado']",South Dakota,2195.0,0.35,Midwest,1975-01-01,33.152635181382614,461,Restaurants - Type of Restriction in Restaurant Employee Area,1,0,1,0.0,0.0,0.0,0.0,0.0,0.0,0.0,0.0,0.0,0.0,0.0,1.0,0.0
2009,2,NE,Nebraska,Legislation - Smokefree Indoor Air,Smokefree Indoor Air – Other Sites,Restriction Areas,Substance Use - Residential Facilities,Banned,4,Ranking,2008-02-26,2009-06-01,"(41.6410409880005, -99.36572062299967)",15GRP,339,461,False,False,5,0,0.0,[],,,0.0,Midwest,2001-04-12,6.874743326488707,461,Smokefree Indoor Air – Other Sites - Substance Use - Residential Facilities,0,0,1,0.0,0.0,0.0,0.0,0.0,0.0,0.0,0.0,0.0,0.0,0.0,0.0,1.0
2009,2,UT,Utah,Legislation - Smokefree Indoor Air,Bars,Restrictions,Type of Restriction in Bar (Summary),Banned,4,Ranking,2007-02-27,2009-01-01,"(39.360700171000474, -111.58713063499971)",10GRP,234,674,False,True,5,2,0.4,"['Colorado', 'Arizona']",Colorado,337.0,0.5115068493150685,West,1979-01-01,28.15605749486653,674,Bars - Type of Restriction in Bar (Summary),0,0,1,0.0,0.0,1.0,0.0,0.0,0.0,0.0,0.0,0.0,0.0,0.0,0.0,0.0
2009,3,NE,Nebraska,Legislation - Smokefree Indoor Air,Hotels and Motels,Restrictions,Type of Restriction in Lobby and Common Area of Hotel and Motel,Banned,4,Ranking,2008-02-26,2009-06-01,"(41.6410409880005, -99.36572062299967)",10GRP,81,461,False,True,5,2,0.4,"['South Dakota', 'Colorado']",South Dakota,2195.0,0.35,Midwest,1990-01-09,18.130047912388775,461,Hotels and Motels - Type of Restriction in Lobby and Common Area of Hotel and Motel,0,0,1,0.0,0.0,0.0,0.0,0.0,0.0,0.0,1.0,0.0,0.0,0.0,0.0,0.0
2009,2,NE,Nebraska,Legislation - Smokefree Indoor Air,Smokefree Indoor Air – Other Sites,Restriction Areas,Malls,Banned,4,Ranking,2008-02-26,2009-06-01,"(41.6410409880005, -99.36572062299967)",15GRP,96,461,False,True,5,2,0.4,"['South Dakota', 'Colorado']",South Dakota,2195.0,0.35,Midwest,1985-05-10,22.798083504449007,461,Smokefree Indoor Air – Other Sites - Malls,0,0,1,0.0,0.0,0.0,0.0,0.0,0.0,0.0,0.0,0.0,0.0,0.0,0.0,1.0
2009,2,NE,Nebraska,Legislation - Smokefree Indoor Air,Restaurants,Restriction Areas,Type of Restriction in Restaurant Bar Area,Banned,4,Ranking,2008-02-26,2009-06-01,"(41.6410409880005, -99.36572062299967)",15GRP,231,461,False,False,5,1,0.2,['Colorado'],Colorado,701.0,0.186917808219178,Midwest,1975-01-01,33.152635181382614,461,Restaurants - Type of Restriction in Restaurant Bar Area,1,0,1,0.0,0.0,0.0,0.0,0.0,0.0,0.0,0.0,0.0,0.0,0.0,1.0,0.0
2009,3,NE,Nebraska,Legislation - Smokefree Indoor Air,Restaurants,Restrictions,Type of Restriction in Restaurant (Summary),Banned,4,Ranking,2008-02-26,2009-06-01,"(41.6410409880005, -99.36572062299967)",10GRP,37,461,False,False,5,1,0.2,['Colorado'],Colorado,701.0,0.186917808219178,Midwest,1975-01-01,33.152635181382614,461,Restaurants - Type of Restriction in Restaurant (Summary),1,0,1,0.0,0.0,0.0,0.0,0.0,0.0,0.0,0.0,0.0,0.0,0.0,1.0,0.0
2009,2,NE,Nebraska,Legislation - Smokefree Indoor Air,Smokefree Indoor Air – Other Sites,Restriction Areas,Substance Use - Outpatient Facilities,Banned,4,Ranking,2008-02-26,2009-06-01,"(41.6410409880005, -99.36572062299967)",15GRP,338,461,False,False,5,0,0.0,[],,,0.0,Midwest,2002-05-31,5.7412731006160165,461,Smokefree Indoor Air – Other Sites - Substance Use - Outpatient Facilities,0,0,1,0.0,0.0,0.0,0.0,0.0,0.0,0.0,0.0,0.0,0.0,0.0,0.0,1.0
2009,2,OR,Oregon,Legislation - Smokefree Indoor Air,Smokefree Indoor Air – Other Sites,Restriction Areas,Prisons,Banned,4,Ranking,2007-06-26,2009-01-01,"(44.56744942400047, -120.15503132599969)",15GRP,101,555,False,False,4,1,0.25,['California'],California,1002.0,0.21875,West,1990-04-27,17.163586584531142,555,Smokefree Indoor Air – Other Sites - Prisons,0,0,1,0.0,0.0,1.0,0.0,0.0,0.0,0.0,0.0,0.0,0.0,0.0,0.0,1.0
2009,3,ME,Maine,Legislation - Smokefree Indoor Air,Smokefree Indoor Air – Other Sites,Restriction Areas,Malls,Banned,4,Ranking,2009-06-08,2009-09-11,"(45.254228894000505, -68.98503133599962)",15GRP,96,95,False,False,1,0,0.0,[],,,0.0,Northeast,1985-05-10,24.079397672826833,95,Smokefree Indoor Air – Other Sites - Malls,0,0,1,1.0,0.0,0.0,0.0,0.0,0.0,0.0,0.0,0.0,0.0,0.0,0.0,1.0
2009,2,OR,Oregon,Legislation - Smokefree Indoor Air,Bars,Restrictions,Type of Restriction in Bar (Summary),Banned,4,Ranking,2007-06-26,2009-01-01,"(44.56744942400047, -120.15503132599969)",10GRP,234,555,False,False,4,1,0.25,['Washington'],Washington,595.0,0.2742294520547945,West,1979-01-01,28.48186173853525,555,Bars - Type of Restriction in Bar (Summary),0,0,1,0.0,0.0,1.0,0.0,0.0,0.0,0.0,0.0,0.0,0.0,0.0,0.0,0.0
2009,3,OR,Oregon,Legislation - Smokefree Indoor Air,Restaurants,Restriction Areas,Type of Restriction in Restaurant Patron Area,Banned,4,Ranking,2007-06-26,2009-01-01,"(44.56744942400047, -120.15503132599969)",15GRP,233,555,False,False,4,4,1.0,"['California', 'Nevada', 'Idaho', 'Washington']",California,4723.0,0.7,West,1975-01-01,32.48186173853525,555,Restaurants - Type of Restriction in Restaurant Patron Area,1,0,1,0.0,0.0,1.0,0.0,0.0,0.0,0.0,0.0,0.0,0.0,0.0,1.0,0.0
2009,3,OR,Oregon,Legislation - Smokefree Indoor Air,Home-based Day Care Centers,Restrictions,Type of Restriction in Home-Based Day Care,Banned,4,Ranking,2007-06-26,2009-01-01,"(44.56744942400047, -120.15503132599969)",10GRP,65,555,False,False,4,4,1.0,"['California', 'Nevada', 'Idaho', 'Washington']",California,4723.0,0.7,West,1987-06-04,20.060232717316907,555,Home-based Day Care Centers - Type of Restriction in Home-Based Day Care,0,0,1,0.0,0.0,1.0,0.0,0.0,0.0,1.0,0.0,0.0,0.0,0.0,0.0,0.0
2009,3,OR,Oregon,Legislation - Smokefree Indoor Air,Smokefree Indoor Air – Other Sites,Restriction Areas,Public Transportation,Banned,4,Ranking,2007-06-26,2009-01-01,"(44.56744942400047, -120.15503132599969)",15GRP,99,555,False,False,4,3,0.75,"['Nevada', 'Idaho', 'Washington']",Nevada,8082.0,0.65625,West,1973-05-04,34.143737166324435,555,Smokefree Indoor Air – Other Sites - Public Transportation,0,0,1,0.0,0.0,1.0,0.0,0.0,0.0,0.0,0.0,0.0,0.0,0.0,0.0,1.0
2009,3,VT,Vermont,Legislation - Smokefree Indoor Air,Smokefree Indoor Air – Other Sites,Restriction Areas,Grocery Stores,Banned,4,Ranking,2009-05-09,2009-07-01,"(43.62538123900049, -72.51764079099962)",15GRP,97,53,False,False,3,2,0.6666666666666666,"['New York', 'Massachusetts']",New York,7786.0,0.5833333333333333,Northeast,1975-06-02,33.935660506502394,53,Smokefree Indoor Air – Other Sites - Grocery Stores,0,0,1,1.0,0.0,0.0,0.0,0.0,0.0,0.0,0.0,0.0,0.0,0.0,0.0,1.0
2009,2,OR,Oregon,Legislation - Smokefree Indoor Air,Private Worksites,Vehicles,Type of Restriction in Private Worksite Vehicle,Banned,4,Ranking,2007-06-26,2009-01-01,"(44.56744942400047, -120.15503132599969)",30GRP,34,555,False,False,4,0,0.0,[],,,0.0,West,1987-06-04,20.060232717316907,555,Private Worksites - Type of Restriction in Private Worksite Vehicle,0,1,1,0.0,0.0,1.0,0.0,0.0,0.0,0.0,0.0,0.0,0.0,1.0,0.0,0.0
2009,3,OR,Oregon,Legislation - Smokefree Indoor Air,Government Worksites,Restrictions,Type of Restriction in Government Worksite,Banned,4,Ranking,2007-06-26,2009-01-01,"(44.56744942400047, -120.15503132599969)",10GRP,1,555,False,False,4,3,0.75,"['Nevada', 'Idaho', 'Washington']",Nevada,6875.0,0.65625,West,1975-06-02,32.06570841889117,555,Government Worksites - Type of Restriction in Government Worksite,0,1,1,0.0,0.0,1.0,0.0,0.0,1.0,0.0,0.0,0.0,0.0,0.0,0.0,0.0
2009,2,OR,Oregon,Legislation - Smokefree Indoor Air,Smokefree Indoor Air – Other Sites,Restriction Areas,Grocery Stores,Banned,4,Ranking,2007-06-26,2009-01-01,"(44.56744942400047, -120.15503132599969)",15GRP,97,555,False,True,4,3,0.75,"['Nevada', 'Idaho', 'Washington']",Nevada,1180.0,0.65625,West,1975-06-02,32.06570841889117,555,Smokefree Indoor Air – Other Sites - Grocery Stores,0,0,1,0.0,0.0,1.0,0.0,0.0,0.0,0.0,0.0,0.0,0.0,0.0,0.0,1.0
2009,3,VT,Vermont,Legislation - Smokefree Indoor Air,Smokefree Indoor Air – Other Sites,Restriction Areas,Hospitals,Banned,4,Ranking,2009-05-09,2009-07-01,"(43.62538123900049, -72.51764079099962)",15GRP,100,53,False,False,3,3,1.0,"['New York', 'New Hampshire', 'Massachusetts']",New York,6952.0,0.7,Northeast,1975-05-05,34.012320328542096,53,Smokefree Indoor Air – Other Sites - Hospitals,0,0,1,1.0,0.0,0.0,0.0,0.0,0.0,0.0,0.0,0.0,0.0,0.0,0.0,1.0
2009,4,MT,Montana,Legislation - Smokefree Indoor Air,Bars,Restriction Areas,Type of Restriction in Bar Patron Area,Banned,4,Ranking,2005-04-18,2009-10-01,"(47.06652897200047, -109.42442064499971)",15GRP,235,1627,False,False,3,0,0.0,[],,,0.0,West,1979-01-01,26.2943189596167,1627,Bars - Type of Restriction in Bar Patron Area,0,0,1,0.0,0.0,1.0,0.0,0.0,0.0,0.0,0.0,0.0,0.0,0.0,0.0,0.0
2009,3,VT,Vermont,Legislation - Smokefree Indoor Air,Government Worksites,Restrictions,Type of Restriction in Government Worksite,Banned,4,Ranking,2009-05-09,2009-07-01,"(43.62538123900049, -72.51764079099962)",10GRP,1,53,False,False,3,2,0.6666666666666666,"['New York', 'Massachusetts']",New York,4272.0,0.5833333333333333,Northeast,1975-06-02,33.935660506502394,53,Government Worksites - Type of Restriction in Government Worksite,0,1,1,1.0,0.0,0.0,0.0,0.0,1.0,0.0,0.0,0.0,0.0,0.0,0.0,0.0
2009,4,ME,Maine,Legislation - Smokefree Indoor Air,Government Multi-Unit Housing,Restrictions,Type of Restriction in Lobby and Common Area of Government Multi-Unit Housing,Banned,4,Ranking,2009-06-08,2009-09-11,"(45.254228894000505, -68.98503133599962)",10GRP,115,95,False,False,1,0,0.0,[],,,0.0,Northeast,1990-04-27,19.11567419575633,95,Government Multi-Unit Housing - Type of Restriction in Lobby and Common Area of Government Multi-Unit Housing,0,0,1,1.0,0.0,0.0,0.0,1.0,0.0,0.0,0.0,0.0,0.0,0.0,0.0,0.0
2009,4,VT,Vermont,Legislation - Smokefree Indoor Air,Restaurants,Restriction Areas,Type of Restriction in Restaurant Employee Area,Banned,4,Ranking,2009-05-09,2009-07-01,"(43.62538123900049, -72.51764079099962)",15GRP,232,53,False,True,3,3,1.0,"['New York', 'New Hampshire', 'Massachusetts']",New York,2236.0,0.7,Northeast,1975-01-01,34.351813826146476,53,Restaurants - Type of Restriction in Restaurant Employee Area,1,0,1,1.0,0.0,0.0,0.0,0.0,0.0,0.0,0.0,0.0,0.0,0.0,1.0,0.0
2009,4,VA,Virginia,Legislation - Smokefree Indoor Air,Smokefree Indoor Air – Other Sites,Restriction Areas,Grocery Stores,Designated Areas,3,Ranking,2009-03-09,2009-12-01,"(37.54268067400045, -78.45789046299967)",15GRP,97,267,False,False,5,1,0.2,['District of Columbia'],District of Columbia,10836.0,0.175,South,1975-06-02,33.76865160848734,267,Smokefree Indoor Air – Other Sites - Grocery Stores,0,0,0,0.0,1.0,0.0,0.0,0.0,0.0,0.0,0.0,0.0,0.0,0.0,0.0,1.0
2009,4,OR,Oregon,Legislation - Smokefree Indoor Air,Restaurants,Restriction Areas,Type of Restriction in Restaurant Bar Area,Banned,4,Ranking,2007-06-26,2009-01-01,"(44.56744942400047, -120.15503132599969)",15GRP,231,555,False,False,4,4,1.0,"['California', 'Nevada', 'Idaho', 'Washington']",California,3924.0,0.7,West,1975-01-01,32.48186173853525,555,Restaurants - Type of Restriction in Restaurant Bar Area,1,0,1,0.0,0.0,1.0,0.0,0.0,0.0,0.0,0.0,0.0,0.0,0.0,1.0,0.0
2009,4,VT,Vermont,Legislation - Smokefree Indoor Air,Restaurants,Restrictions,Type of Restriction in Restaurant (Summary),Banned,4,Ranking,2009-05-09,2009-07-01,"(43.62538123900049, -72.51764079099962)",10GRP,37,53,False,True,3,3,1.0,"['New York', 'New Hampshire', 'Massachusetts']",New York,2236.0,0.7,Northeast,1975-01-01,34.351813826146476,53,Restaurants - Type of Restriction in Restaurant (Summary),1,0,1,1.0,0.0,0.0,0.0,0.0,0.0,0.0,0.0,0.0,0.0,0.0,1.0,0.0
2009,4,MT,Montana,Legislation - Smokefree Indoor Air,Bars,Restriction Areas,Type of Restriction in Bar Employee Area,Banned,4,Ranking,2005-04-18,2009-10-01,"(47.06652897200047, -109.42442064499971)",15GRP,236,1627,False,False,3,0,0.0,[],,,0.0,West,1979-01-01,26.2943189596167,1627,Bars - Type of Restriction in Bar Employee Area,0,0,1,0.0,0.0,1.0,0.0,0.0,0.0,0.0,0.0,0.0,0.0,0.0,0.0,0.0
2009,3,OR,Oregon,Legislation - Smokefree Indoor Air,Government Worksites,Vehicles,Type of Restriction in Government Worksite Vehicle,Banned,4,Ranking,2007-06-26,2009-01-01,"(44.56744942400047, -120.15503132599969)",30GRP,17,555,False,False,4,1,0.25,['California'],California,5006.0,0.21875,West,1979-01-01,28.48186173853525,555,Government Worksites - Type of Restriction in Government Worksite Vehicle,0,1,1,0.0,0.0,1.0,0.0,0.0,1.0,0.0,0.0,0.0,0.0,0.0,0.0,0.0
2009,3,VT,Vermont,Legislation - Smokefree Indoor Air,Private Worksites,Restrictions,Type of Restriction in Private Worksite,Banned,4,Ranking,2009-05-09,2009-07-01,"(43.62538123900049, -72.51764079099962)",10GRP,20,53,False,True,3,2,0.6666666666666666,"['New York', 'Massachusetts']",New York,2236.0,0.5833333333333333,Northeast,1975-06-02,33.935660506502394,53,Private Worksites - Type of Restriction in Private Worksite,0,1,1,1.0,0.0,0.0,0.0,0.0,0.0,0.0,0.0,0.0,0.0,1.0,0.0,0.0
2009,4,ME,Maine,Legislation - Smokefree Indoor Air,Smokefree Indoor Air – Other Sites,Restriction Areas,Enclosed Arenas,Banned,4,Ranking,2009-06-08,2009-09-11,"(45.254228894000505, -68.98503133599962)",15GRP,98,95,False,False,1,0,0.0,[],,,0.0,Northeast,1975-06-02,34.01779603011636,95,Smokefree Indoor Air – Other Sites - Enclosed Arenas,0,0,1,1.0,0.0,0.0,0.0,0.0,0.0,0.0,0.0,0.0,0.0,0.0,0.0,1.0
2009,2,OR,Oregon,Legislation - Smokefree Indoor Air,Restaurants,Restrictions,Type of Restriction in Restaurant (Summary),Banned,4,Ranking,2007-06-26,2009-01-01,"(44.56744942400047, -120.15503132599969)",10GRP,37,555,False,True,4,3,0.75,"['Nevada', 'Idaho', 'Washington']",Nevada,1180.0,0.65625,West,1975-01-01,32.48186173853525,555,Restaurants - Type of Restriction in Restaurant (Summary),1,0,1,0.0,0.0,1.0,0.0,0.0,0.0,0.0,0.0,0.0,0.0,0.0,1.0,0.0
2009,4,ME,Maine,Legislation - Smokefree Indoor Air,Government Worksites,Restrictions,Type of Restriction in Government Worksite,Banned,4,Ranking,2009-06-08,2009-09-11,"(45.254228894000505, -68.98503133599962)",10GRP,1,95,False,False,1,0,0.0,[],,,0.0,Northeast,1975-06-02,34.01779603011636,95,Government Worksites - Type of Restriction in Government Worksite,0,1,1,1.0,0.0,0.0,0.0,0.0,1.0,0.0,0.0,0.0,0.0,0.0,0.0,0.0
2009,3,WA,Washington,Legislation - Smokefree Indoor Air,Smokefree Indoor Air – Other Sites,Restriction Areas,Public Transportation,Designated Areas,3,Ranking,2009-04-21,2009-07-26,"(47.52227862900048, -120.47001078999972)",15GRP,99,96,False,False,2,1,0.5,['Idaho'],Idaho,8807.0,0.4375,West,1973-05-04,35.964407939767284,96,Smokefree Indoor Air – Other Sites - Public Transportation,0,0,0,0.0,0.0,1.0,0.0,0.0,0.0,0.0,0.0,0.0,0.0,0.0,0.0,1.0
2009,3,OR,Oregon,Legislation - Smokefree Indoor Air,Bars,Restriction Areas,Type of Restriction in Bar Employee Area,Banned,4,Ranking,2007-06-26,2009-01-01,"(44.56744942400047, -120.15503132599969)",15GRP,236,555,False,False,4,1,0.25,['Washington'],Washington,595.0,0.2742294520547945,West,1979-01-01,28.48186173853525,555,Bars - Type of Restriction in Bar Employee Area,0,0,1,0.0,0.0,1.0,0.0,0.0,0.0,0.0,0.0,0.0,0.0,0.0,0.0,0.0
2009,3,NE,Nebraska,Legislation - Smokefree Indoor Air,Bars,Restrictions,Type of Restriction in Bar (Summary),Banned,4,Ranking,2008-02-26,2009-06-01,"(41.6410409880005, -99.36572062299967)",10GRP,234,461,False,False,5,1,0.2,['Colorado'],Colorado,701.0,0.186917808219178,Midwest,1979-01-01,29.152635181382614,461,Bars - Type of Restriction in Bar (Summary),0,0,1,0.0,0.0,0.0,0.0,0.0,0.0,0.0,0.0,0.0,0.0,0.0,0.0,0.0
2009,2,NE,Nebraska,Legislation - Smokefree Indoor Air,Smokefree Indoor Air – Other Sites,Restriction Areas,Mental Health - Residential Facilities,Banned,4,Ranking,2008-02-26,2009-06-01,"(41.6410409880005, -99.36572062299967)",15GRP,341,461,False,False,5,0,0.0,[],,,0.0,Midwest,2001-04-12,6.874743326488707,461,Smokefree Indoor Air – Other Sites - Mental Health - Residential Facilities,0,0,1,0.0,0.0,0.0,0.0,0.0,0.0,0.0,0.0,0.0,0.0,0.0,0.0,1.0
2009,3,NE,Nebraska,Legislation - Smokefree Indoor Air,Hotels and Motels,Additional Requirements,Sleeping Room Designation (Type),Smoking Room,3,Ranking,2008-02-26,2009-06-01,"(41.6410409880005, -99.36572062299967)",20GRP,83,461,False,False,5,1,0.2,['South Dakota'],South Dakota,2195.0,0.175,Midwest,1990-01-01,18.151950718685832,461,Hotels and Motels - Sleeping Room Designation (Type),0,0,0,0.0,0.0,0.0,0.0,0.0,0.0,0.0,1.0,0.0,0.0,0.0,0.0,0.0
2009,1,OR,Oregon,Legislation - Smokefree Indoor Air,Smokefree Indoor Air – Other Sites,Restriction Areas,Malls,Banned,4,Ranking,2007-06-26,2009-01-01,"(44.56744942400047, -120.15503132599969)",15GRP,96,555,False,True,4,3,0.75,"['Nevada', 'Idaho', 'Washington']",Nevada,1180.0,0.65625,West,1985-05-10,22.127310061601644,555,Smokefree Indoor Air – Other Sites - Malls,0,0,1,0.0,0.0,1.0,0.0,0.0,0.0,0.0,0.0,0.0,0.0,0.0,0.0,1.0
2009,3,NE,Nebraska,Legislation - Smokefree Indoor Air,Smokefree Indoor Air – Other Sites,Restriction Areas,Hospitals,Banned,4,Ranking,2008-02-26,2009-06-01,"(41.6410409880005, -99.36572062299967)",15GRP,100,461,False,True,5,2,0.4,"['South Dakota', 'Colorado']",South Dakota,2195.0,0.35,Midwest,1975-05-05,32.813141683778234,461,Smokefree Indoor Air – Other Sites - Hospitals,0,0,1,0.0,0.0,0.0,0.0,0.0,0.0,0.0,0.0,0.0,0.0,0.0,0.0,1.0
2009,4,NE,Nebraska,Legislation - Smokefree Indoor Air,Commercial Day Care Centers,Restrictions,Type of Restriction in Commercial Day Care,Banned,4,Ranking,2008-02-26,2009-06-01,"(41.6410409880005, -99.36572062299967)",10GRP,50,461,False,False,5,3,0.6,"['South Dakota', 'Missouri', 'Colorado']",South Dakota,5369.0,0.5249999999999999,Midwest,1963-07-12,44.62696783025325,461,Commercial Day Care Centers - Type of Restriction in Commercial Day Care,0,0,1,0.0,0.0,0.0,1.0,0.0,0.0,0.0,0.0,0.0,0.0,0.0,0.0,0.0
2009,2,NE,Nebraska,Legislation - Smokefree Indoor Air,Government Worksites,Restrictions,Type of Restriction in Government Worksite,Banned,4,Ranking,2008-02-26,2009-06-01,"(41.6410409880005, -99.36572062299967)",10GRP,1,461,False,False,5,2,0.4,"['South Dakota', 'Colorado']",South Dakota,5660.0,0.35,Midwest,1975-06-02,32.73648186173853,461,Government Worksites - Type of Restriction in Government Worksite,0,1,1,0.0,0.0,0.0,0.0,0.0,1.0,0.0,0.0,0.0,0.0,0.0,0.0,0.0
2009,3,VT,Vermont,Legislation - Smokefree Indoor Air,Bars,Restriction Areas,Type of Restriction in Bar Employee Area,Banned,4,Ranking,2009-05-09,2009-07-01,"(43.62538123900049, -72.51764079099962)",15GRP,236,53,False,True,3,2,0.6666666666666666,"['New York', 'Massachusetts']",New York,2236.0,0.5833333333333333,Northeast,1979-01-01,30.351813826146476,53,Bars - Type of Restriction in Bar Employee Area,0,0,1,1.0,0.0,0.0,0.0,0.0,0.0,0.0,0.0,0.0,0.0,0.0,0.0,0.0
2009,2,NE,Nebraska,Legislation - Smokefree Indoor Air,Smokefree Indoor Air – Other Sites,Restriction Areas,Prisons,Banned,4,Ranking,2008-02-26,2009-06-01,"(41.6410409880005, -99.36572062299967)",15GRP,101,461,False,False,5,0,0.0,[],,,0.0,Midwest,1990-04-27,17.83436002737851,461,Smokefree Indoor Air – Other Sites - Prisons,0,0,1,0.0,0.0,0.0,0.0,0.0,0.0,0.0,0.0,0.0,0.0,0.0,0.0,1.0
2009,2,NE,Nebraska,Legislation - Smokefree Indoor Air,Bars,Restriction Areas,Type of Restriction in Bar Patron Area,Banned,4,Ranking,2008-02-26,2009-06-01,"(41.6410409880005, -99.36572062299967)",15GRP,235,461,False,False,5,1,0.2,['Colorado'],Colorado,701.0,0.186917808219178,Midwest,1979-01-01,29.152635181382614,461,Bars - Type of Restriction in Bar Patron Area,0,0,1,0.0,0.0,0.0,0.0,0.0,0.0,0.0,0.0,0.0,0.0,0.0,0.0,0.0
2009,3,NE,Nebraska,Legislation - Smokefree Indoor Air,Restaurants,Restriction Areas,Type of Restriction in Restaurant Patron Area,Banned,4,Ranking,2008-02-26,2009-06-01,"(41.6410409880005, -99.36572062299967)",15GRP,233,461,False,True,5,2,0.4,"['South Dakota', 'Colorado']",South Dakota,2195.0,0.35,Midwest,1975-01-01,33.152635181382614,461,Restaurants - Type of Restriction in Restaurant Patron Area,1,0,1,0.0,0.0,0.0,0.0,0.0,0.0,0.0,0.0,0.0,0.0,0.0,1.0,0.0
2009,4,NE,Nebraska,Legislation - Smokefree Indoor Air,Smokefree Indoor Air – Other Sites,Restriction Areas,Grocery Stores,Banned,4,Ranking,2008-02-26,2009-06-01,"(41.6410409880005, -99.36572062299967)",15GRP,97,461,False,True,5,2,0.4,"['South Dakota', 'Colorado']",South Dakota,2195.0,0.35,Midwest,1975-06-02,32.73648186173853,461,Smokefree Indoor Air – Other Sites - Grocery Stores,0,0,1,0.0,0.0,0.0,0.0,0.0,0.0,0.0,0.0,0.0,0.0,0.0,0.0,1.0
2009,4,VA,Virginia,Legislation - Smokefree Indoor Air,Commercial Day Care Centers,Restrictions,Type of Restriction in Commercial Day Care,Designated Areas,3,Ranking,2009-03-09,2009-12-01,"(37.54268067400045, -78.45789046299967)",10GRP,50,267,False,False,5,2,0.4,"['Tennessee', 'District of Columbia']",Tennessee,16677.0,0.35,South,1963-07-12,45.659137577002056,267,Commercial Day Care Centers - Type of Restriction in Commercial Day Care,0,0,0,0.0,1.0,0.0,1.0,0.0,0.0,0.0,0.0,0.0,0.0,0.0,0.0,0.0
2009,4,VA,Virginia,Legislation - Smokefree Indoor Air,Smokefree Indoor Air – Other Sites,Restriction Areas,Enclosed Arenas,Designated Areas,3,Ranking,2009-03-09,2009-12-01,"(37.54268067400045, -78.45789046299967)",15GRP,98,267,False,False,5,0,0.0,[],,,0.0,South,1975-06-02,33.76865160848734,267,Smokefree Indoor Air – Other Sites - Enclosed Arenas,0,0,0,0.0,1.0,0.0,0.0,0.0,0.0,0.0,0.0,0.0,0.0,0.0,0.0,1.0
2009,4,VA,Virginia,Legislation - Smokefree Indoor Air,Smokefree Indoor Air – Other Sites,Restriction Areas,Hospitals,Designated Areas,3,Ranking,2009-03-09,2009-12-01,"(37.54268067400045, -78.45789046299967)",15GRP,100,267,False,False,5,2,0.4,"['Tennessee', 'District of Columbia']",Tennessee,10836.0,0.35,South,1975-05-05,33.84531143052703,267,Smokefree Indoor Air – Other Sites - Hospitals,0,0,0,0.0,1.0,0.0,0.0,0.0,0.0,0.0,0.0,0.0,0.0,0.0,0.0,1.0
2009,4,VA,Virginia,Legislation - Smokefree Indoor Air,Smokefree Indoor Air – Other Sites,Restriction Areas,Malls,Designated Areas,3,Ranking,2009-03-09,2009-12-01,"(37.54268067400045, -78.45789046299967)",15GRP,96,267,False,False,5,0,0.0,[],,,0.0,South,1985-05-10,23.83025325119781,267,Smokefree Indoor Air – Other Sites - Malls,0,0,0,0.0,1.0,0.0,0.0,0.0,0.0,0.0,0.0,0.0,0.0,0.0,0.0,1.0
2009,4,VA,Virginia,Legislation - Smokefree Indoor Air,Smokefree Indoor Air – Other Sites,Restriction Areas,Prisons,Designated Areas,3,Ranking,2009-03-09,2009-12-01,"(37.54268067400045, -78.45789046299967)",15GRP,101,267,False,False,5,0,0.0,[],,,0.0,South,1990-04-27,18.86652977412731,267,Smokefree Indoor Air – Other Sites - Prisons,0,0,0,0.0,1.0,0.0,0.0,0.0,0.0,0.0,0.0,0.0,0.0,0.0,0.0,1.0
2009,4,VA,Virginia,Legislation - Smokefree Indoor Air,Government Worksites,Restrictions,Type of Restriction in Government Worksite,Designated Areas,3,Ranking,2009-03-09,2009-12-01,"(37.54268067400045, -78.45789046299967)",10GRP,1,267,False,False,5,1,0.2,['District of Columbia'],District of Columbia,10836.0,0.175,South,1975-06-02,33.76865160848734,267,Government Worksites - Type of Restriction in Government Worksite,0,1,0,0.0,1.0,0.0,0.0,0.0,1.0,0.0,0.0,0.0,0.0,0.0,0.0,0.0
2009,4,VA,Virginia,Legislation - Smokefree Indoor Air,Home-based Day Care Centers,Restrictions,Type of Restriction in Home-Based Day Care,Designated Areas,3,Ranking,2009-03-09,2009-12-01,"(37.54268067400045, -78.45789046299967)",10GRP,65,267,False,False,5,0,0.0,[],,,0.0,South,1987-06-04,21.763175906913073,267,Home-based Day Care Centers - Type of Restriction in Home-Based Day Care,0,0,0,0.0,1.0,0.0,0.0,0.0,0.0,1.0,0.0,0.0,0.0,0.0,0.0,0.0
2010,4,NC,North Carolina,Legislation - Smokefree Indoor Air,Restaurants,Restriction Areas,Type of Restriction in Restaurant Patron Area,Banned,4,Ranking,2009-05-19,2010-01-02,"(35.466220975000454, -79.15925046299964)",15GRP,233,228,False,False,4,0,0.0,[],,,0.0,South,1975-01-01,34.379192334017795,228,Restaurants - Type of Restriction in Restaurant Patron Area,1,0,1,0.0,1.0,0.0,0.0,0.0,0.0,0.0,0.0,0.0,0.0,0.0,1.0,0.0
2010,3,WI,Wisconsin,Legislation - Smokefree Indoor Air,Private Worksites,Restrictions,Type of Restriction in Private Worksite,Banned,4,Ranking,2009-05-18,2010-07-05,"(44.39319117400049, -89.81637074199966)",10GRP,20,413,False,True,4,3,0.75,"['Minnesota', 'Iowa', 'Illinois']",Minnesota,733.0,0.65625,Midwest,1975-06-02,33.960301163586585,413,Private Worksites - Type of Restriction in Private Worksite,0,1,1,0.0,0.0,0.0,0.0,0.0,0.0,0.0,0.0,0.0,0.0,1.0,0.0,0.0
2010,3,MI,Michigan,Legislation - Smokefree Indoor Air,Bars,Restrictions,Type of Restriction in Bar (Summary),Banned,4,Ranking,2009-12-18,2010-05-01,"(44.6613195430005, -84.71439026999968)",10GRP,234,134,False,True,3,2,0.6666666666666666,"['Wisconsin', 'Ohio']",Wisconsin,1137.0,0.5833333333333333,Midwest,1979-01-01,30.962354551676935,134,Bars - Type of Restriction in Bar (Summary),0,0,1,0.0,0.0,0.0,0.0,0.0,0.0,0.0,0.0,0.0,0.0,0.0,0.0,0.0
2010,4,NC,North Carolina,Legislation - Smokefree Indoor Air,Hotels and Motels,Additional Requirements,Sleeping Room Designation (Type),Smoking Room,3,Ranking,2009-05-19,2010-01-02,"(35.466220975000454, -79.15925046299964)",20GRP,83,228,False,True,4,2,0.5,"['Tennessee', 'Georgia']",Tennessee,1471.0,0.4375,South,1990-01-01,19.378507871321013,228,Hotels and Motels - Sleeping Room Designation (Type),0,0,0,0.0,1.0,0.0,0.0,0.0,0.0,0.0,1.0,0.0,0.0,0.0,0.0,0.0
2010,3,KS,Kansas,Legislation - Smokefree Indoor Air,Smokefree Indoor Air – Other Sites,Restriction Areas,Grocery Stores,Banned,4,Ranking,2010-03-12,2010-07-01,"(38.34774030000045, -98.20078122699965)",15GRP,97,111,False,True,4,2,0.5,"['Nebraska', 'Colorado']",Nebraska,1446.0,0.4375,Midwest,1975-06-02,34.776180698151954,111,Smokefree Indoor Air – Other Sites - Grocery Stores,0,0,1,0.0,0.0,0.0,0.0,0.0,0.0,0.0,0.0,0.0,0.0,0.0,0.0,1.0
2010,4,MI,Michigan,Legislation - Smokefree Indoor Air,Government Worksites,Restrictions,Type of Restriction in Government Worksite,Banned,4,Ranking,2009-12-18,2010-05-01,"(44.6613195430005, -84.71439026999968)",10GRP,1,134,False,False,3,2,0.6666666666666666,"['Wisconsin', 'Ohio']",Wisconsin,6188.0,0.5833333333333333,Midwest,1975-06-02,34.54620123203286,134,Government Worksites - Type of Restriction in Government Worksite,0,1,1,0.0,0.0,0.0,0.0,0.0,1.0,0.0,0.0,0.0,0.0,0.0,0.0,0.0
2010,4,KS,Kansas,Legislation - Smokefree Indoor Air,Bars,Restriction Areas,Type of Restriction in Bar Employee Area,Banned,4,Ranking,2010-03-12,2010-07-01,"(38.34774030000045, -98.20078122699965)",15GRP,236,111,False,True,4,2,0.5,"['Nebraska', 'Colorado']",Nebraska,1446.0,0.4375,Midwest,1979-01-01,31.19233401779603,111,Bars - Type of Restriction in Bar Employee Area,0,0,1,0.0,0.0,0.0,0.0,0.0,0.0,0.0,0.0,0.0,0.0,0.0,0.0,0.0
2010,3,KS,Kansas,Legislation - Smokefree Indoor Air,Smokefree Indoor Air – Other Sites,Restriction Areas,Public Transportation,Banned,4,Ranking,2010-03-12,2010-07-01,"(38.34774030000045, -98.20078122699965)",15GRP,99,111,False,True,4,3,0.75,"['Nebraska', 'Oklahoma', 'Colorado']",Nebraska,2471.0,0.65625,Midwest,1973-05-04,36.85420944558521,111,Smokefree Indoor Air – Other Sites - Public Transportation,0,0,1,0.0,0.0,0.0,0.0,0.0,0.0,0.0,0.0,0.0,0.0,0.0,0.0,1.0
2010,3,KS,Kansas,Legislation - Smokefree Indoor Air,Government Worksites,Restrictions,Type of Restriction in Government Worksite,Banned,4,Ranking,2010-03-12,2010-07-01,"(38.34774030000045, -98.20078122699965)",10GRP,1,111,False,False,4,2,0.5,"['Nebraska', 'Colorado']",Nebraska,4000.0,0.4375,Midwest,1975-06-02,34.776180698151954,111,Government Worksites - Type of Restriction in Government Worksite,0,1,1,0.0,0.0,0.0,0.0,0.0,1.0,0.0,0.0,0.0,0.0,0.0,0.0,0.0
2010,3,KS,Kansas,Legislation - Smokefree Indoor Air,Private Multi-Unit Housing,Restrictions,Type of Restriction in Lobby and Common Area of Private Multi-Unit Housing,Banned,4,Ranking,2010-03-12,2010-07-01,"(38.34774030000045, -98.20078122699965)",10GRP,125,111,False,False,4,1,0.25,['Colorado'],Colorado,1446.0,0.21875,Midwest,2002-05-31,7.780971937029432,111,Private Multi-Unit Housing - Type of Restriction in Lobby and Common Area of Private Multi-Unit Housing,0,0,1,0.0,0.0,0.0,0.0,0.0,0.0,0.0,0.0,0.0,1.0,0.0,0.0,0.0
2010,3,KS,Kansas,Legislation - Smokefree Indoor Air,Commercial Day Care Centers,Restrictions,Type of Restriction in Commercial Day Care,Banned,4,Ranking,2010-03-12,2010-07-01,"(38.34774030000045, -98.20078122699965)",10GRP,50,111,False,False,4,3,0.75,"['Nebraska', 'Missouri', 'Colorado']",Nebraska,6114.0,0.65625,Midwest,1963-07-12,46.666666666666664,111,Commercial Day Care Centers - Type of Restriction in Commercial Day Care,0,0,1,0.0,0.0,0.0,1.0,0.0,0.0,0.0,0.0,0.0,0.0,0.0,0.0,0.0
2010,4,KS,Kansas,Legislation - Smokefree Indoor Air,Restaurants,Restrictions,Type of Restriction in Restaurant (Summary),Banned,4,Ranking,2010-03-12,2010-07-01,"(38.34774030000045, -98.20078122699965)",10GRP,37,111,False,True,4,2,0.5,"['Nebraska', 'Colorado']",Nebraska,1446.0,0.4375,Midwest,1975-01-01,35.19233401779603,111,Restaurants - Type of Restriction in Restaurant (Summary),1,0,1,0.0,0.0,0.0,0.0,0.0,0.0,0.0,0.0,0.0,0.0,0.0,1.0,0.0
2010,3,WI,Wisconsin,Legislation - Smokefree Indoor Air,Government Multi-Unit Housing,Restrictions,Type of Restriction in Lobby and Common Area of Government Multi-Unit Housing,Banned,4,Ranking,2009-05-18,2010-07-05,"(44.39319117400049, -89.81637074199966)",10GRP,115,413,False,True,4,2,0.5,"['Minnesota', 'Iowa']",Minnesota,733.0,0.4375,Midwest,1990-04-27,19.058179329226558,413,Government Multi-Unit Housing - Type of Restriction in Lobby and Common Area of Government Multi-Unit Housing,0,0,1,0.0,0.0,0.0,0.0,1.0,0.0,0.0,0.0,0.0,0.0,0.0,0.0,0.0
2010,3,MI,Michigan,Legislation - Smokefree Indoor Air,Restaurants,Restrictions,Type of Restriction in Restaurant (Summary),Banned,4,Ranking,2009-12-18,2010-05-01,"(44.6613195430005, -84.71439026999968)",10GRP,37,134,False,True,3,2,0.6666666666666666,"['Wisconsin', 'Ohio']",Wisconsin,1137.0,0.5833333333333333,Midwest,1975-01-01,34.96235455167693,134,Restaurants - Type of Restriction in Restaurant (Summary),1,0,1,0.0,0.0,0.0,0.0,0.0,0.0,0.0,0.0,0.0,0.0,0.0,1.0,0.0
2010,3,NC,North Carolina,Legislation - Smokefree Indoor Air,Bars,Restrictions,Type of Restriction in Bar (Summary),Banned,4,Ranking,2009-05-19,2010-01-02,"(35.466220975000454, -79.15925046299964)",10GRP,234,228,False,False,4,0,0.0,[],,,0.0,South,1979-01-01,30.379192334017795,228,Bars - Type of Restriction in Bar (Summary),0,0,1,0.0,1.0,0.0,0.0,0.0,0.0,0.0,0.0,0.0,0.0,0.0,0.0,0.0
2010,3,WI,Wisconsin,Legislation - Smokefree Indoor Air,Private Multi-Unit Housing,Restrictions,Type of Restriction in Lobby and Common Area of Private Multi-Unit Housing,Banned,4,Ranking,2009-05-18,2010-07-05,"(44.39319117400049, -89.81637074199966)",10GRP,125,413,False,False,4,1,0.25,['Minnesota'],Minnesota,733.0,0.21875,Midwest,2002-05-31,6.965092402464066,413,Private Multi-Unit Housing - Type of Restriction in Lobby and Common Area of Private Multi-Unit Housing,0,0,1,0.0,0.0,0.0,0.0,0.0,0.0,0.0,0.0,0.0,1.0,0.0,0.0,0.0
2010,4,MI,Michigan,Legislation - Smokefree Indoor Air,Smokefree Indoor Air – Other Sites,Restriction Areas,Enclosed Arenas,Banned,4,Ranking,2009-12-18,2010-05-01,"(44.6613195430005, -84.71439026999968)",15GRP,98,134,False,True,3,2,0.6666666666666666,"['Wisconsin', 'Ohio']",Wisconsin,1137.0,0.5833333333333333,Midwest,1975-06-02,34.54620123203286,134,Smokefree Indoor Air – Other Sites - Enclosed Arenas,0,0,1,0.0,0.0,0.0,0.0,0.0,0.0,0.0,0.0,0.0,0.0,0.0,0.0,1.0
2010,3,MI,Michigan,Legislation - Smokefree Indoor Air,Restaurants,Restriction Areas,Type of Restriction in Restaurant Employee Area,Banned,4,Ranking,2009-12-18,2010-05-01,"(44.6613195430005, -84.71439026999968)",15GRP,232,134,False,True,3,2,0.6666666666666666,"['Wisconsin', 'Ohio']",Wisconsin,1137.0,0.5833333333333333,Midwest,1975-01-01,34.96235455167693,134,Restaurants - Type of Restriction in Restaurant Employee Area,1,0,1,0.0,0.0,0.0,0.0,0.0,0.0,0.0,0.0,0.0,0.0,0.0,1.0,0.0
2010,3,NC,North Carolina,Legislation - Smokefree Indoor Air,Restaurants,Restriction Areas,Type of Restriction in Restaurant Employee Area,Banned,4,Ranking,2009-05-19,2010-01-02,"(35.466220975000454, -79.15925046299964)",15GRP,232,228,False,False,4,0,0.0,[],,,0.0,South,1975-01-01,34.379192334017795,228,Restaurants - Type of Restriction in Restaurant Employee Area,1,0,1,0.0,1.0,0.0,0.0,0.0,0.0,0.0,0.0,0.0,0.0,0.0,1.0,0.0
2010,3,KS,Kansas,Legislation - Smokefree Indoor Air,Restaurants,Restriction Areas,Type of Restriction in Restaurant Patron Area,Banned,4,Ranking,2010-03-12,2010-07-01,"(38.34774030000045, -98.20078122699965)",15GRP,233,111,False,True,4,2,0.5,"['Nebraska', 'Colorado']",Nebraska,1446.0,0.4375,Midwest,1975-01-01,35.19233401779603,111,Restaurants - Type of Restriction in Restaurant Patron Area,1,0,1,0.0,0.0,0.0,0.0,0.0,0.0,0.0,0.0,0.0,0.0,0.0,1.0,0.0
2010,3,PA,Pennsylvania,Legislation - Smokefree Indoor Air,Smokefree Indoor Air – Other Sites,Restriction Areas,Casinos,Designated Areas,3,Ranking,2010-01-07,2010-01-07,"(40.79373015200048, -77.86070029399963)",15GRP,335,0,False,False,6,0,0.0,[],,,0.0,Northeast,2003-03-26,6.787132101300479,0,Smokefree Indoor Air – Other Sites - Casinos,0,0,0,1.0,0.0,0.0,0.0,0.0,0.0,0.0,0.0,0.0,0.0,0.0,0.0,1.0
2010,3,DC,District of Columbia,Legislation - Smokefree Indoor Air,Hotels and Motels,Restrictions,Type of Restriction in Lobby and Common Area of Hotel and Motel,Banned,4,Ranking,2010-04-02,2010-05-27,"(38.89037138500049, -77.03196112699965)",10GRP,81,55,False,False,2,1,0.5,['Maryland'],Maryland,5454.0,0.4375,South,1990-01-09,20.227241615331966,55,Hotels and Motels - Type of Restriction in Lobby and Common Area of Hotel and Motel,0,0,1,0.0,1.0,0.0,0.0,0.0,0.0,0.0,1.0,0.0,0.0,0.0,0.0,0.0
2010,3,KS,Kansas,Legislation - Smokefree Indoor Air,Smokefree Indoor Air – Other Sites,Restriction Areas,Enclosed Arenas,Banned,4,Ranking,2010-03-12,2010-07-01,"(38.34774030000045, -98.20078122699965)",15GRP,98,111,False,True,4,2,0.5,"['Nebraska', 'Colorado']",Nebraska,1446.0,0.4375,Midwest,1975-06-02,34.776180698151954,111,Smokefree Indoor Air – Other Sites - Enclosed Arenas,0,0,1,0.0,0.0,0.0,0.0,0.0,0.0,0.0,0.0,0.0,0.0,0.0,0.0,1.0
2010,3,MI,Michigan,Legislation - Smokefree Indoor Air,Smokefree Indoor Air – Other Sites,Restriction Areas,Hospitals,Banned,4,Ranking,2009-12-18,2010-05-01,"(44.6613195430005, -84.71439026999968)",15GRP,100,134,False,False,3,2,0.6666666666666666,"['Wisconsin', 'Ohio']",Wisconsin,9375.0,0.5833333333333333,Midwest,1975-05-05,34.62286105407255,134,Smokefree Indoor Air – Other Sites - Hospitals,0,0,1,0.0,0.0,0.0,0.0,0.0,0.0,0.0,0.0,0.0,0.0,0.0,0.0,1.0
2010,3,KS,Kansas,Legislation - Smokefree Indoor Air,Smokefree Indoor Air – Other Sites,Restriction Areas,Mental Health - Outpatient Facilities,Designated Areas,3,Ranking,2010-03-12,2010-07-01,"(38.34774030000045, -98.20078122699965)",15GRP,340,111,False,False,4,0,0.0,[],,,0.0,Midwest,1999-01-01,11.19233401779603,111,Smokefree Indoor Air – Other Sites - Mental Health - Outpatient Facilities,0,0,0,0.0,0.0,0.0,0.0,0.0,0.0,0.0,0.0,0.0,0.0,0.0,0.0,1.0
2010,3,WI,Wisconsin,Legislation - Smokefree Indoor Air,Bars,Restriction Areas,Type of Restriction in Bar Employee Area,Banned,4,Ranking,2009-05-18,2010-07-05,"(44.39319117400049, -89.81637074199966)",15GRP,236,413,False,True,4,3,0.75,"['Minnesota', 'Iowa', 'Illinois']",Minnesota,733.0,0.65625,Midwest,1979-01-01,30.376454483230663,413,Bars - Type of Restriction in Bar Employee Area,0,0,1,0.0,0.0,0.0,0.0,0.0,0.0,0.0,0.0,0.0,0.0,0.0,0.0,0.0
2010,4,MI,Michigan,Legislation - Smokefree Indoor Air,Bars,Restriction Areas,Type of Restriction in Bar Patron Area,Banned,4,Ranking,2009-12-18,2010-05-01,"(44.6613195430005, -84.71439026999968)",15GRP,235,134,False,True,3,2,0.6666666666666666,"['Wisconsin', 'Ohio']",Wisconsin,1137.0,0.5833333333333333,Midwest,1979-01-01,30.962354551676935,134,Bars - Type of Restriction in Bar Patron Area,0,0,1,0.0,0.0,0.0,0.0,0.0,0.0,0.0,0.0,0.0,0.0,0.0,0.0,0.0
2010,3,MI,Michigan,Legislation - Smokefree Indoor Air,Private Worksites,Restrictions,Type of Restriction in Private Worksite,Banned,4,Ranking,2009-12-18,2010-05-01,"(44.6613195430005, -84.71439026999968)",10GRP,20,134,False,True,3,2,0.6666666666666666,"['Wisconsin', 'Ohio']",Wisconsin,1137.0,0.5833333333333333,Midwest,1975-06-02,34.54620123203286,134,Private Worksites - Type of Restriction in Private Worksite,0,1,1,0.0,0.0,0.0,0.0,0.0,0.0,0.0,0.0,0.0,0.0,1.0,0.0,0.0
2010,4,MI,Michigan,Legislation - Smokefree Indoor Air,Smokefree Indoor Air – Other Sites,Restriction Areas,Casinos,Designated Areas,3,Ranking,2009-12-18,2010-05-01,"(44.6613195430005, -84.71439026999968)",15GRP,335,134,False,False,3,0,0.0,[],,,0.0,Midwest,2003-03-26,6.7323750855578375,134,Smokefree Indoor Air – Other Sites - Casinos,0,0,0,0.0,0.0,0.0,0.0,0.0,0.0,0.0,0.0,0.0,0.0,0.0,0.0,1.0
2010,3,KS,Kansas,Legislation - Smokefree Indoor Air,Private Worksites,Restrictions,Type of Restriction in Private Worksite,Banned,4,Ranking,2010-03-12,2010-07-01,"(38.34774030000045, -98.20078122699965)",10GRP,20,111,False,True,4,2,0.5,"['Nebraska', 'Colorado']",Nebraska,1446.0,0.4375,Midwest,1975-06-02,34.776180698151954,111,Private Worksites - Type of Restriction in Private Worksite,0,1,1,0.0,0.0,0.0,0.0,0.0,0.0,0.0,0.0,0.0,0.0,1.0,0.0,0.0
2010,3,WI,Wisconsin,Legislation - Smokefree Indoor Air,Bars,Restriction Areas,Type of Restriction in Bar Patron Area,Banned,4,Ranking,2009-05-18,2010-07-05,"(44.39319117400049, -89.81637074199966)",15GRP,235,413,False,True,4,3,0.75,"['Minnesota', 'Iowa', 'Illinois']",Minnesota,733.0,0.65625,Midwest,1979-01-01,30.376454483230663,413,Bars - Type of Restriction in Bar Patron Area,0,0,1,0.0,0.0,0.0,0.0,0.0,0.0,0.0,0.0,0.0,0.0,0.0,0.0,0.0
2010,4,KS,Kansas,Legislation - Smokefree Indoor Air,Smokefree Indoor Air – Other Sites,Restriction Areas,Hospitals,Designated Areas,3,Ranking,2010-03-12,2010-07-01,"(38.34774030000045, -98.20078122699965)",15GRP,100,111,False,False,4,4,1.0,"['Nebraska', 'Missouri', 'Oklahoma', 'Colorado']",Nebraska,11942.0,0.7,Midwest,1975-05-05,34.85284052019165,111,Smokefree Indoor Air – Other Sites - Hospitals,0,0,0,0.0,0.0,0.0,0.0,0.0,0.0,0.0,0.0,0.0,0.0,0.0,0.0,1.0
2010,3,WI,Wisconsin,Legislation - Smokefree Indoor Air,Restaurants,Restriction Areas,Type of Restriction in Restaurant Bar Area,Banned,4,Ranking,2009-05-18,2010-07-05,"(44.39319117400049, -89.81637074199966)",15GRP,231,413,False,True,4,3,0.75,"['Minnesota', 'Iowa', 'Illinois']",Minnesota,733.0,0.65625,Midwest,1975-01-01,34.37645448323067,413,Restaurants - Type of Restriction in Restaurant Bar Area,1,0,1,0.0,0.0,0.0,0.0,0.0,0.0,0.0,0.0,0.0,0.0,0.0,1.0,0.0
2010,3,KS,Kansas,Legislation - Smokefree Indoor Air,Bars,Restrictions,Type of Restriction in Bar (Summary),Banned,4,Ranking,2010-03-12,2010-07-01,"(38.34774030000045, -98.20078122699965)",10GRP,234,111,False,True,4,2,0.5,"['Nebraska', 'Colorado']",Nebraska,1446.0,0.4375,Midwest,1979-01-01,31.19233401779603,111,Bars - Type of Restriction in Bar (Summary),0,0,1,0.0,0.0,0.0,0.0,0.0,0.0,0.0,0.0,0.0,0.0,0.0,0.0,0.0
2010,3,MI,Michigan,Legislation - Smokefree Indoor Air,Smokefree Indoor Air – Other Sites,Restriction Areas,Public Transportation,Banned,4,Ranking,2009-12-18,2010-05-01,"(44.6613195430005, -84.71439026999968)",15GRP,99,134,False,True,3,2,0.6666666666666666,"['Wisconsin', 'Ohio']",Wisconsin,1137.0,0.5833333333333333,Midwest,1973-05-04,36.62422997946612,134,Smokefree Indoor Air – Other Sites - Public Transportation,0,0,1,0.0,0.0,0.0,0.0,0.0,0.0,0.0,0.0,0.0,0.0,0.0,0.0,1.0
2010,3,NC,North Carolina,Legislation - Smokefree Indoor Air,Bars,Restriction Areas,Type of Restriction in Bar Patron Area,Banned,4,Ranking,2009-05-19,2010-01-02,"(35.466220975000454, -79.15925046299964)",15GRP,235,228,False,False,4,0,0.0,[],,,0.0,South,1979-01-01,30.379192334017795,228,Bars - Type of Restriction in Bar Patron Area,0,0,1,0.0,1.0,0.0,0.0,0.0,0.0,0.0,0.0,0.0,0.0,0.0,0.0,0.0
2010,3,MI,Michigan,Legislation - Smokefree Indoor Air,Hotels and Motels,Restrictions,Type of Restriction in Lobby and Common Area of Hotel and Motel,Banned,4,Ranking,2009-12-18,2010-05-01,"(44.6613195430005, -84.71439026999968)",10GRP,81,134,False,True,3,2,0.6666666666666666,"['Wisconsin', 'Ohio']",Wisconsin,1137.0,0.5833333333333333,Midwest,1990-01-09,19.939767282683093,134,Hotels and Motels - Type of Restriction in Lobby and Common Area of Hotel and Motel,0,0,1,0.0,0.0,0.0,0.0,0.0,0.0,0.0,1.0,0.0,0.0,0.0,0.0,0.0
2010,3,WI,Wisconsin,Legislation - Smokefree Indoor Air,Restaurants,Restrictions,Type of Restriction in Restaurant (Summary),Banned,4,Ranking,2009-05-18,2010-07-05,"(44.39319117400049, -89.81637074199966)",10GRP,37,413,False,True,4,3,0.75,"['Minnesota', 'Iowa', 'Illinois']",Minnesota,733.0,0.65625,Midwest,1975-01-01,34.37645448323067,413,Restaurants - Type of Restriction in Restaurant (Summary),1,0,1,0.0,0.0,0.0,0.0,0.0,0.0,0.0,0.0,0.0,0.0,0.0,1.0,0.0
2010,3,WI,Wisconsin,Legislation - Smokefree Indoor Air,Smokefree Indoor Air – Other Sites,Restriction Areas,Public Transportation,Banned,4,Ranking,2009-05-18,2010-07-05,"(44.39319117400049, -89.81637074199966)",15GRP,99,413,False,True,4,3,0.75,"['Minnesota', 'Iowa', 'Illinois']",Minnesota,733.0,0.65625,Midwest,1973-05-04,36.03832991101985,413,Smokefree Indoor Air – Other Sites - Public Transportation,0,0,1,0.0,0.0,0.0,0.0,0.0,0.0,0.0,0.0,0.0,0.0,0.0,0.0,1.0
2010,3,KS,Kansas,Legislation - Smokefree Indoor Air,Smokefree Indoor Air – Other Sites,Restriction Areas,Mental Health - Residential Facilities,Designated Areas,3,Ranking,2010-03-12,2010-07-01,"(38.34774030000045, -98.20078122699965)",15GRP,341,111,False,False,4,0,0.0,[],,,0.0,Midwest,2001-04-12,8.914442162902121,111,Smokefree Indoor Air – Other Sites - Mental Health - Residential Facilities,0,0,0,0.0,0.0,0.0,0.0,0.0,0.0,0.0,0.0,0.0,0.0,0.0,0.0,1.0
2010,4,MI,Michigan,Legislation - Smokefree Indoor Air,Bars,Restriction Areas,Type of Restriction in Bar Employee Area,Banned,4,Ranking,2009-12-18,2010-05-01,"(44.6613195430005, -84.71439026999968)",15GRP,236,134,False,True,3,2,0.6666666666666666,"['Wisconsin', 'Ohio']",Wisconsin,1137.0,0.5833333333333333,Midwest,1979-01-01,30.962354551676935,134,Bars - Type of Restriction in Bar Employee Area,0,0,1,0.0,0.0,0.0,0.0,0.0,0.0,0.0,0.0,0.0,0.0,0.0,0.0,0.0
2010,3,WI,Wisconsin,Legislation - Smokefree Indoor Air,Government Worksites,Restrictions,Type of Restriction in Government Worksite,Banned,4,Ranking,2009-05-18,2010-07-05,"(44.39319117400049, -89.81637074199966)",10GRP,1,413,False,False,4,4,1.0,"['Michigan', 'Minnesota', 'Iowa', 'Illinois']",Michigan,6270.0,0.7,Midwest,1975-06-02,33.960301163586585,413,Government Worksites - Type of Restriction in Government Worksite,0,1,1,0.0,0.0,0.0,0.0,0.0,1.0,0.0,0.0,0.0,0.0,0.0,0.0,0.0
2010,3,MI,Michigan,Legislation - Smokefree Indoor Air,Smokefree Indoor Air – Other Sites,Restriction Areas,Malls,Banned,4,Ranking,2009-12-18,2010-05-01,"(44.6613195430005, -84.71439026999968)",15GRP,96,134,False,True,3,2,0.6666666666666666,"['Wisconsin', 'Ohio']",Wisconsin,1137.0,0.5833333333333333,Midwest,1985-05-10,24.607802874743328,134,Smokefree Indoor Air – Other Sites - Malls,0,0,1,0.0,0.0,0.0,0.0,0.0,0.0,0.0,0.0,0.0,0.0,0.0,0.0,1.0
2010,3,WI,Wisconsin,Legislation - Smokefree Indoor Air,Restaurants,Restriction Areas,Type of Restriction in Restaurant Patron Area,Banned,4,Ranking,2009-05-18,2010-07-05,"(44.39319117400049, -89.81637074199966)",15GRP,233,413,False,True,4,3,0.75,"['Minnesota', 'Iowa', 'Illinois']",Minnesota,733.0,0.65625,Midwest,1975-01-01,34.37645448323067,413,Restaurants - Type of Restriction in Restaurant Patron Area,1,0,1,0.0,0.0,0.0,0.0,0.0,0.0,0.0,0.0,0.0,0.0,0.0,1.0,0.0
2010,3,KS,Kansas,Legislation - Smokefree Indoor Air,Restaurants,Restriction Areas,Type of Restriction in Restaurant Bar Area,Banned,4,Ranking,2010-03-12,2010-07-01,"(38.34774030000045, -98.20078122699965)",15GRP,231,111,False,True,4,2,0.5,"['Nebraska', 'Colorado']",Nebraska,1446.0,0.4375,Midwest,1975-01-01,35.19233401779603,111,Restaurants - Type of Restriction in Restaurant Bar Area,1,0,1,0.0,0.0,0.0,0.0,0.0,0.0,0.0,0.0,0.0,0.0,0.0,1.0,0.0
2010,4,KS,Kansas,Legislation - Smokefree Indoor Air,Hotels and Motels,Restrictions,Type of Restriction in Lobby and Common Area of Hotel and Motel,Banned,4,Ranking,2010-03-12,2010-07-01,"(38.34774030000045, -98.20078122699965)",10GRP,81,111,False,True,4,3,0.75,"['Nebraska', 'Oklahoma', 'Colorado']",Nebraska,2471.0,0.65625,Midwest,1990-01-09,20.16974674880219,111,Hotels and Motels - Type of Restriction in Lobby and Common Area of Hotel and Motel,0,0,1,0.0,0.0,0.0,0.0,0.0,0.0,0.0,1.0,0.0,0.0,0.0,0.0,0.0
2010,3,WI,Wisconsin,Legislation - Smokefree Indoor Air,Smokefree Indoor Air – Other Sites,Restriction Areas,Grocery Stores,Banned,4,Ranking,2009-05-18,2010-07-05,"(44.39319117400049, -89.81637074199966)",15GRP,97,413,False,True,4,3,0.75,"['Minnesota', 'Iowa', 'Illinois']",Minnesota,733.0,0.65625,Midwest,1975-06-02,33.960301163586585,413,Smokefree Indoor Air – Other Sites - Grocery Stores,0,0,1,0.0,0.0,0.0,0.0,0.0,0.0,0.0,0.0,0.0,0.0,0.0,0.0,1.0
2010,4,KS,Kansas,Legislation - Smokefree Indoor Air,Home-based Day Care Centers,Restrictions,Type of Restriction in Home-Based Day Care,Banned,4,Ranking,2010-03-12,2010-07-01,"(38.34774030000045, -98.20078122699965)",10GRP,65,111,False,False,4,4,1.0,"['Nebraska', 'Missouri', 'Oklahoma', 'Colorado']",Nebraska,6114.0,0.7,Midwest,1987-06-04,22.770704996577688,111,Home-based Day Care Centers - Type of Restriction in Home-Based Day Care,0,0,1,0.0,0.0,0.0,0.0,0.0,0.0,1.0,0.0,0.0,0.0,0.0,0.0,0.0
2010,4,SD,South Dakota,Legislation - Smokefree Indoor Air,Bars,Restrictions,Type of Restriction in Bar (Summary),Banned,4,Ranking,2010-11-02,2010-11-10,"(44.353130053000484, -100.3735306369997)",10GRP,234,8,False,True,5,4,0.8,"['Minnesota', 'Iowa', 'Nebraska', 'Montana']",Minnesota,2024.0,0.7,Midwest,1979-01-01,31.835728952772072,8,Bars - Type of Restriction in Bar (Summary),0,0,1,0.0,0.0,0.0,0.0,0.0,0.0,0.0,0.0,0.0,0.0,0.0,0.0,0.0
2010,4,SD,South Dakota,Legislation - Smokefree Indoor Air,Restaurants,Restrictions,Type of Restriction in Restaurant (Summary),Banned,4,Ranking,2010-11-02,2010-11-10,"(44.353130053000484, -100.3735306369997)",10GRP,37,8,False,True,5,4,0.8,"['Minnesota', 'Iowa', 'Nebraska', 'Montana']",Minnesota,2024.0,0.7,Midwest,1975-01-01,35.83572895277207,8,Restaurants - Type of Restriction in Restaurant (Summary),1,0,1,0.0,0.0,0.0,0.0,0.0,0.0,0.0,0.0,0.0,0.0,0.0,1.0,0.0
2010,4,WI,Wisconsin,Legislation - Smokefree Indoor Air,Smokefree Indoor Air – Other Sites,Restriction Areas,Prisons,Banned,4,Ranking,2009-05-18,2010-07-05,"(44.39319117400049, -89.81637074199966)",15GRP,101,413,False,False,4,2,0.5,"['Michigan', 'Minnesota']",Michigan,4794.0,0.4375,Midwest,1990-04-27,19.058179329226558,413,Smokefree Indoor Air – Other Sites - Prisons,0,0,1,0.0,0.0,0.0,0.0,0.0,0.0,0.0,0.0,0.0,0.0,0.0,0.0,1.0
2010,4,SD,South Dakota,Legislation - Smokefree Indoor Air,Home-based Day Care Centers,Restrictions,Type of Restriction in Home-Based Day Care,Banned,4,Ranking,2010-11-02,2010-11-10,"(44.353130053000484, -100.3735306369997)",10GRP,65,8,False,False,5,5,1.0,"['North Dakota', 'Minnesota', 'Iowa', 'Nebraska', 'Montana']",North Dakota,8552.0,0.7,Midwest,1987-06-04,23.41409993155373,8,Home-based Day Care Centers - Type of Restriction in Home-Based Day Care,0,0,1,0.0,0.0,0.0,0.0,0.0,0.0,1.0,0.0,0.0,0.0,0.0,0.0,0.0
2010,4,SD,South Dakota,Legislation - Smokefree Indoor Air,Smokefree Indoor Air – Other Sites,Restriction Areas,Hospitals,Banned,4,Ranking,2010-11-02,2010-11-10,"(44.353130053000484, -100.3735306369997)",15GRP,100,8,False,False,5,5,1.0,"['North Dakota', 'Minnesota', 'Iowa', 'Nebraska', 'Montana']",North Dakota,12937.0,0.7,Midwest,1975-05-05,35.49623545516769,8,Smokefree Indoor Air – Other Sites - Hospitals,0,0,1,0.0,0.0,0.0,0.0,0.0,0.0,0.0,0.0,0.0,0.0,0.0,0.0,1.0
2010,4,WI,Wisconsin,Legislation - Smokefree Indoor Air,Restaurants,Restriction Areas,Type of Restriction in Restaurant Employee Area,Banned,4,Ranking,2009-05-18,2010-07-05,"(44.39319117400049, -89.81637074199966)",15GRP,232,413,False,True,4,3,0.75,"['Minnesota', 'Iowa', 'Illinois']",Minnesota,733.0,0.65625,Midwest,1975-01-01,34.37645448323067,413,Restaurants - Type of Restriction in Restaurant Employee Area,1,0,1,0.0,0.0,0.0,0.0,0.0,0.0,0.0,0.0,0.0,0.0,0.0,1.0,0.0
2010,4,SD,South Dakota,Legislation - Smokefree Indoor Air,Hotels and Motels,Restrictions,Type of Restriction in Lobby and Common Area of Hotel and Motel,Banned,4,Ranking,2010-11-02,2010-11-10,"(44.353130053000484, -100.3735306369997)",10GRP,81,8,False,True,5,5,1.0,"['North Dakota', 'Minnesota', 'Iowa', 'Nebraska', 'Montana']",North Dakota,2024.0,0.7,Midwest,1990-01-09,20.813141683778234,8,Hotels and Motels - Type of Restriction in Lobby and Common Area of Hotel and Motel,0,0,1,0.0,0.0,0.0,0.0,0.0,0.0,0.0,1.0,0.0,0.0,0.0,0.0,0.0
2010,4,WI,Wisconsin,Legislation - Smokefree Indoor Air,Smokefree Indoor Air – Other Sites,Restriction Areas,Mental Health - Residential Facilities,Banned,4,Ranking,2009-06-09,2010-07-05,"(44.39319117400049, -89.81637074199966)",15GRP,341,391,False,False,4,1,0.25,['Illinois'],Illinois,687.0,0.2364212328767123,Midwest,2001-04-12,8.158795345653662,391,Smokefree Indoor Air – Other Sites - Mental Health - Residential Facilities,0,0,1,0.0,0.0,0.0,0.0,0.0,0.0,0.0,0.0,0.0,0.0,0.0,0.0,1.0
2010,4,SD,South Dakota,Legislation - Smokefree Indoor Air,Restaurants,Restriction Areas,Type of Restriction in Restaurant Patron Area,Banned,4,Ranking,2010-11-02,2010-11-10,"(44.353130053000484, -100.3735306369997)",15GRP,233,8,False,True,5,5,1.0,"['North Dakota', 'Minnesota', 'Iowa', 'Nebraska', 'Montana']",North Dakota,2024.0,0.7,Midwest,1975-01-01,35.83572895277207,8,Restaurants - Type of Restriction in Restaurant Patron Area,1,0,1,0.0,0.0,0.0,0.0,0.0,0.0,0.0,0.0,0.0,0.0,0.0,1.0,0.0
2010,4,SD,South Dakota,Legislation - Smokefree Indoor Air,Smokefree Indoor Air – Other Sites,Restriction Areas,Public Transportation,Banned,4,Ranking,2010-11-02,2010-11-10,"(44.353130053000484, -100.3735306369997)",15GRP,99,8,False,True,5,5,1.0,"['North Dakota', 'Minnesota', 'Iowa', 'Nebraska', 'Montana']",North Dakota,2025.0,0.7,Midwest,1973-05-04,37.497604380561256,8,Smokefree Indoor Air – Other Sites - Public Transportation,0,0,1,0.0,0.0,0.0,0.0,0.0,0.0,0.0,0.0,0.0,0.0,0.0,0.0,1.0
2010,4,SD,South Dakota,Legislation - Smokefree Indoor Air,Private Worksites,Restrictions,Type of Restriction in Private Worksite,Banned,4,Ranking,2010-11-02,2010-11-10,"(44.353130053000484, -100.3735306369997)",10GRP,20,8,False,True,5,5,1.0,"['North Dakota', 'Minnesota', 'Iowa', 'Nebraska', 'Montana']",North Dakota,2027.0,0.7,Midwest,1975-06-02,35.419575633128,8,Private Worksites - Type of Restriction in Private Worksite,0,1,1,0.0,0.0,0.0,0.0,0.0,0.0,0.0,0.0,0.0,0.0,1.0,0.0,0.0
2010,4,WI,Wisconsin,Legislation - Smokefree Indoor Air,Smokefree Indoor Air – Other Sites,Restriction Areas,Mental Health - Outpatient Facilities,Banned,4,Ranking,2009-06-09,2010-07-05,"(44.39319117400049, -89.81637074199966)",15GRP,340,391,False,True,4,2,0.5,"['Minnesota', 'Illinois']",Minnesota,2196.0,0.4375,Midwest,1999-01-01,10.43668720054757,391,Smokefree Indoor Air – Other Sites - Mental Health - Outpatient Facilities,0,0,1,0.0,0.0,0.0,0.0,0.0,0.0,0.0,0.0,0.0,0.0,0.0,0.0,1.0
2010,4,SD,South Dakota,Legislation - Smokefree Indoor Air,Restaurants,Restriction Areas,Type of Restriction in Restaurant Bar Area,Banned,4,Ranking,2010-11-02,2010-11-10,"(44.353130053000484, -100.3735306369997)",15GRP,231,8,False,True,5,4,0.8,"['Minnesota', 'Iowa', 'Nebraska', 'Montana']",Minnesota,2024.0,0.7,Midwest,1975-01-01,35.83572895277207,8,Restaurants - Type of Restriction in Restaurant Bar Area,1,0,1,0.0,0.0,0.0,0.0,0.0,0.0,0.0,0.0,0.0,0.0,0.0,1.0,0.0
2010,4,WI,Wisconsin,Legislation - Smokefree Indoor Air,Smokefree Indoor Air – Other Sites,Restriction Areas,Malls,Banned,4,Ranking,2009-05-18,2010-07-05,"(44.39319117400049, -89.81637074199966)",15GRP,96,413,False,True,4,3,0.75,"['Minnesota', 'Iowa', 'Illinois']",Minnesota,733.0,0.65625,Midwest,1985-05-10,24.021902806297057,413,Smokefree Indoor Air – Other Sites - Malls,0,0,1,0.0,0.0,0.0,0.0,0.0,0.0,0.0,0.0,0.0,0.0,0.0,0.0,1.0
2010,4,SD,South Dakota,Legislation - Smokefree Indoor Air,Smokefree Indoor Air – Other Sites,Restriction Areas,Grocery Stores,Banned,4,Ranking,2010-11-02,2010-11-10,"(44.353130053000484, -100.3735306369997)",15GRP,97,8,False,True,5,5,1.0,"['North Dakota', 'Minnesota', 'Iowa', 'Nebraska', 'Montana']",North Dakota,2025.0,0.7,Midwest,1975-06-02,35.419575633128,8,Smokefree Indoor Air – Other Sites - Grocery Stores,0,0,1,0.0,0.0,0.0,0.0,0.0,0.0,0.0,0.0,0.0,0.0,0.0,0.0,1.0
2010,4,SD,South Dakota,Legislation - Smokefree Indoor Air,Government Worksites,Restrictions,Type of Restriction in Government Worksite,Banned,4,Ranking,2010-11-02,2010-11-10,"(44.353130053000484, -100.3735306369997)",10GRP,1,8,False,False,5,5,1.0,"['North Dakota', 'Minnesota', 'Iowa', 'Nebraska', 'Montana']",North Dakota,4235.0,0.7,Midwest,1975-06-02,35.419575633128,8,Government Worksites - Type of Restriction in Government Worksite,0,1,1,0.0,0.0,0.0,0.0,0.0,1.0,0.0,0.0,0.0,0.0,0.0,0.0,0.0
2010,4,SD,South Dakota,Legislation - Smokefree Indoor Air,Smokefree Indoor Air – Other Sites,Restriction Areas,Malls,Banned,4,Ranking,2010-11-02,2010-11-10,"(44.353130053000484, -100.3735306369997)",15GRP,96,8,False,True,5,4,0.8,"['Minnesota', 'Iowa', 'Nebraska', 'Montana']",Minnesota,2025.0,0.7,Midwest,1985-05-10,25.481177275838466,8,Smokefree Indoor Air – Other Sites - Malls,0,0,1,0.0,0.0,0.0,0.0,0.0,0.0,0.0,0.0,0.0,0.0,0.0,0.0,1.0
2010,4,WI,Wisconsin,Legislation - Smokefree Indoor Air,Smokefree Indoor Air – Other Sites,Restriction Areas,Substance Use - Outpatient Facilities,Banned,4,Ranking,2009-06-09,2010-07-05,"(44.39319117400049, -89.81637074199966)",15GRP,338,391,False,True,4,2,0.5,"['Minnesota', 'Illinois']",Minnesota,2196.0,0.4375,Midwest,2002-05-31,7.025325119780972,391,Smokefree Indoor Air – Other Sites - Substance Use - Outpatient Facilities,0,0,1,0.0,0.0,0.0,0.0,0.0,0.0,0.0,0.0,0.0,0.0,0.0,0.0,1.0
2010,4,WI,Wisconsin,Legislation - Smokefree Indoor Air,Smokefree Indoor Air – Other Sites,Restriction Areas,Substance Use - Residential Facilities,Banned,4,Ranking,2009-06-09,2010-07-05,"(44.39319117400049, -89.81637074199966)",15GRP,339,391,False,False,4,1,0.25,['Illinois'],Illinois,687.0,0.2364212328767123,Midwest,2001-04-12,8.158795345653662,391,Smokefree Indoor Air – Other Sites - Substance Use - Residential Facilities,0,0,1,0.0,0.0,0.0,0.0,0.0,0.0,0.0,0.0,0.0,0.0,0.0,0.0,1.0
2010,4,SD,South Dakota,Legislation - Smokefree Indoor Air,Bars,Restriction Areas,Type of Restriction in Bar Patron Area,Banned,4,Ranking,2010-11-02,2010-11-10,"(44.353130053000484, -100.3735306369997)",15GRP,235,8,False,True,5,4,0.8,"['Minnesota', 'Iowa', 'Nebraska', 'Montana']",Minnesota,2024.0,0.7,Midwest,1979-01-01,31.835728952772072,8,Bars - Type of Restriction in Bar Patron Area,0,0,1,0.0,0.0,0.0,0.0,0.0,0.0,0.0,0.0,0.0,0.0,0.0,0.0,0.0
2010,4,SD,South Dakota,Legislation - Smokefree Indoor Air,Restaurants,Restriction Areas,Type of Restriction in Restaurant Employee Area,Banned,4,Ranking,2010-11-02,2010-11-10,"(44.353130053000484, -100.3735306369997)",15GRP,232,8,False,True,5,5,1.0,"['North Dakota', 'Minnesota', 'Iowa', 'Nebraska', 'Montana']",North Dakota,2024.0,0.7,Midwest,1975-01-01,35.83572895277207,8,Restaurants - Type of Restriction in Restaurant Employee Area,1,0,1,0.0,0.0,0.0,0.0,0.0,0.0,0.0,0.0,0.0,0.0,0.0,1.0,0.0
2010,4,SD,South Dakota,Legislation - Smokefree Indoor Air,Bars,Restriction Areas,Type of Restriction in Bar Employee Area,Banned,4,Ranking,2010-11-02,2010-11-10,"(44.353130053000484, -100.3735306369997)",15GRP,236,8,False,True,5,4,0.8,"['Minnesota', 'Iowa', 'Nebraska', 'Montana']",Minnesota,2024.0,0.7,Midwest,1979-01-01,31.835728952772072,8,Bars - Type of Restriction in Bar Employee Area,0,0,1,0.0,0.0,0.0,0.0,0.0,0.0,0.0,0.0,0.0,0.0,0.0,0.0,0.0
2010,4,WI,Wisconsin,Legislation - Smokefree Indoor Air,Bars,Restrictions,Type of Restriction in Bar (Summary),Banned,4,Ranking,2009-05-18,2010-07-05,"(44.39319117400049, -89.81637074199966)",10GRP,234,413,False,True,4,3,0.75,"['Minnesota', 'Iowa', 'Illinois']",Minnesota,733.0,0.65625,Midwest,1979-01-01,30.376454483230663,413,Bars - Type of Restriction in Bar (Summary),0,0,1,0.0,0.0,0.0,0.0,0.0,0.0,0.0,0.0,0.0,0.0,0.0,0.0,0.0
2010,4,KS,Kansas,Legislation - Smokefree Indoor Air,Restaurants,Restriction Areas,Type of Restriction in Restaurant Employee Area,Banned,4,Ranking,2010-03-12,2010-07-01,"(38.34774030000045, -98.20078122699965)",15GRP,232,111,False,True,4,2,0.5,"['Nebraska', 'Colorado']",Nebraska,1446.0,0.4375,Midwest,1975-01-01,35.19233401779603,111,Restaurants - Type of Restriction in Restaurant Employee Area,1,0,1,0.0,0.0,0.0,0.0,0.0,0.0,0.0,0.0,0.0,0.0,0.0,1.0,0.0
2010,3,NC,North Carolina,Legislation - Smokefree Indoor Air,Restaurants,Restrictions,Type of Restriction in Restaurant (Summary),Banned,4,Ranking,2009-05-19,2010-01-02,"(35.466220975000454, -79.15925046299964)",10GRP,37,228,False,False,4,0,0.0,[],,,0.0,South,1975-01-01,34.379192334017795,228,Restaurants - Type of Restriction in Restaurant (Summary),1,0,1,0.0,1.0,0.0,0.0,0.0,0.0,0.0,0.0,0.0,0.0,0.0,1.0,0.0
2010,4,MI,Michigan,Legislation - Smokefree Indoor Air,Restaurants,Restriction Areas,Type of Restriction in Restaurant Patron Area,Banned,4,Ranking,2009-12-18,2010-05-01,"(44.6613195430005, -84.71439026999968)",15GRP,233,134,False,True,3,2,0.6666666666666666,"['Wisconsin', 'Ohio']",Wisconsin,1137.0,0.5833333333333333,Midwest,1975-01-01,34.96235455167693,134,Restaurants - Type of Restriction in Restaurant Patron Area,1,0,1,0.0,0.0,0.0,0.0,0.0,0.0,0.0,0.0,0.0,0.0,0.0,1.0,0.0
2010,4,KS,Kansas,Legislation - Smokefree Indoor Air,Bars,Restriction Areas,Type of Restriction in Bar Patron Area,Banned,4,Ranking,2010-03-12,2010-07-01,"(38.34774030000045, -98.20078122699965)",15GRP,235,111,False,True,4,2,0.5,"['Nebraska', 'Colorado']",Nebraska,1446.0,0.4375,Midwest,1979-01-01,31.19233401779603,111,Bars - Type of Restriction in Bar Patron Area,0,0,1,0.0,0.0,0.0,0.0,0.0,0.0,0.0,0.0,0.0,0.0,0.0,0.0,0.0
2010,3,WI,Wisconsin,Legislation - Smokefree Indoor Air,Hotels and Motels,Restrictions,Type of Restriction in Lobby and Common Area of Hotel and Motel,Banned,4,Ranking,2009-05-18,2010-07-05,"(44.39319117400049, -89.81637074199966)",10GRP,81,413,False,True,4,3,0.75,"['Minnesota', 'Iowa', 'Illinois']",Minnesota,735.0,0.65625,Midwest,1990-01-09,19.353867214236825,413,Hotels and Motels - Type of Restriction in Lobby and Common Area of Hotel and Motel,0,0,1,0.0,0.0,0.0,0.0,0.0,0.0,0.0,1.0,0.0,0.0,0.0,0.0,0.0
2010,3,KS,Kansas,Legislation - Smokefree Indoor Air,Smokefree Indoor Air – Other Sites,Restriction Areas,Malls,Banned,4,Ranking,2010-03-12,2010-07-01,"(38.34774030000045, -98.20078122699965)",15GRP,96,111,False,True,4,3,0.75,"['Nebraska', 'Oklahoma', 'Colorado']",Nebraska,2471.0,0.65625,Midwest,1985-05-10,24.83778234086242,111,Smokefree Indoor Air – Other Sites - Malls,0,0,1,0.0,0.0,0.0,0.0,0.0,0.0,0.0,0.0,0.0,0.0,0.0,0.0,1.0
2010,4,NC,North Carolina,Legislation - Smokefree Indoor Air,Restaurants,Restriction Areas,Type of Restriction in Restaurant Bar Area,Banned,4,Ranking,2009-05-19,2010-01-02,"(35.466220975000454, -79.15925046299964)",15GRP,231,228,False,False,4,0,0.0,[],,,0.0,South,1975-01-01,34.379192334017795,228,Restaurants - Type of Restriction in Restaurant Bar Area,1,0,1,0.0,1.0,0.0,0.0,0.0,0.0,0.0,0.0,0.0,0.0,0.0,1.0,0.0
2010,2,NC,North Carolina,Legislation - Smokefree Indoor Air,Bars,Restriction Areas,Type of Restriction in Bar Employee Area,Banned,4,Ranking,2009-05-19,2010-01-02,"(35.466220975000454, -79.15925046299964)",15GRP,236,228,False,False,4,0,0.0,[],,,0.0,South,1979-01-01,30.379192334017795,228,Bars - Type of Restriction in Bar Employee Area,0,0,1,0.0,1.0,0.0,0.0,0.0,0.0,0.0,0.0,0.0,0.0,0.0,0.0,0.0
2010,4,MI,Michigan,Legislation - Smokefree Indoor Air,Restaurants,Restriction Areas,Type of Restriction in Restaurant Bar Area,Banned,4,Ranking,2009-12-18,2010-05-01,"(44.6613195430005, -84.71439026999968)",15GRP,231,134,False,True,3,2,0.6666666666666666,"['Wisconsin', 'Ohio']",Wisconsin,1137.0,0.5833333333333333,Midwest,1975-01-01,34.96235455167693,134,Restaurants - Type of Restriction in Restaurant Bar Area,1,0,1,0.0,0.0,0.0,0.0,0.0,0.0,0.0,0.0,0.0,0.0,0.0,1.0,0.0
2010,3,KS,Kansas,Legislation - Smokefree Indoor Air,Government Multi-Unit Housing,Restrictions,Type of Restriction in Lobby and Common Area of Government Multi-Unit Housing,Banned,4,Ranking,2010-03-12,2010-07-01,"(38.34774030000045, -98.20078122699965)",10GRP,115,111,False,False,4,1,0.25,['Colorado'],Colorado,1446.0,0.21875,Midwest,1990-04-27,19.874058863791923,111,Government Multi-Unit Housing - Type of Restriction in Lobby and Common Area of Government Multi-Unit Housing,0,0,1,0.0,0.0,0.0,0.0,1.0,0.0,0.0,0.0,0.0,0.0,0.0,0.0,0.0
2010,3,WI,Wisconsin,Legislation - Smokefree Indoor Air,Smokefree Indoor Air – Other Sites,Restriction Areas,Enclosed Arenas,Banned,4,Ranking,2009-05-18,2010-07-05,"(44.39319117400049, -89.81637074199966)",15GRP,98,413,False,True,4,3,0.75,"['Minnesota', 'Iowa', 'Illinois']",Minnesota,733.0,0.65625,Midwest,1975-06-02,33.960301163586585,413,Smokefree Indoor Air – Other Sites - Enclosed Arenas,0,0,1,0.0,0.0,0.0,0.0,0.0,0.0,0.0,0.0,0.0,0.0,0.0,0.0,1.0
2010,4,SD,South Dakota,Legislation - Smokefree Indoor Air,Smokefree Indoor Air – Other Sites,Restriction Areas,Enclosed Arenas,Banned,4,Ranking,2010-11-02,2010-11-10,"(44.353130053000484, -100.3735306369997)",15GRP,98,8,False,True,5,5,1.0,"['North Dakota', 'Minnesota', 'Iowa', 'Nebraska', 'Montana']",North Dakota,2025.0,0.7,Midwest,1975-06-02,35.419575633128,8,Smokefree Indoor Air – Other Sites - Enclosed Arenas,0,0,1,0.0,0.0,0.0,0.0,0.0,0.0,0.0,0.0,0.0,0.0,0.0,0.0,1.0
2010,4,SD,South Dakota,Legislation - Smokefree Indoor Air,Commercial Day Care Centers,Restrictions,Type of Restriction in Commercial Day Care,Banned,4,Ranking,2010-11-02,2010-11-10,"(44.353130053000484, -100.3735306369997)",10GRP,50,8,False,False,5,5,1.0,"['North Dakota', 'Minnesota', 'Iowa', 'Nebraska', 'Montana']",North Dakota,8552.0,0.7,Midwest,1963-07-12,47.31006160164271,8,Commercial Day Care Centers - Type of Restriction in Commercial Day Care,0,0,1,0.0,0.0,0.0,1.0,0.0,0.0,0.0,0.0,0.0,0.0,0.0,0.0,0.0
2010,4,SD,South Dakota,Legislation - Smokefree Indoor Air,Hotels and Motels,Additional Requirements,Sleeping Room Designation (Type),Smoking Room,3,Ranking,2010-11-02,2010-11-10,"(44.353130053000484, -100.3735306369997)",20GRP,83,8,False,True,5,5,1.0,"['North Dakota', 'Minnesota', 'Iowa', 'Nebraska', 'Montana']",North Dakota,2024.0,0.7,Midwest,1990-01-01,20.83504449007529,8,Hotels and Motels - Sleeping Room Designation (Type),0,0,0,0.0,0.0,0.0,0.0,0.0,0.0,0.0,1.0,0.0,0.0,0.0,0.0,0.0
2010,4,SD,South Dakota,Legislation - Smokefree Indoor Air,Smokefree Indoor Air – Other Sites,Restriction Areas,Casinos,Banned,4,Ranking,2010-11-02,2010-11-02,"(44.353130053000484, -100.3735306369997)",15GRP,335,0,False,False,5,0,0.0,[],,,0.0,Midwest,2003-03-26,7.605749486652978,0,Smokefree Indoor Air – Other Sites - Casinos,0,0,1,0.0,0.0,0.0,0.0,0.0,0.0,0.0,0.0,0.0,0.0,0.0,0.0,1.0
2011,4,OH,Ohio,Legislation - Smokefree Indoor Air,Smokefree Indoor Air – Other Sites,Restriction Areas,Casinos,Banned,4,Ranking,2010-09-10,2011-07-01,"(40.06021014100048, -82.40426005599966)",15GRP,335,294,False,False,4,0,0.0,[],,,0.0,Midwest,2003-03-26,7.460643394934976,294,Smokefree Indoor Air – Other Sites - Casinos,0,0,1,0.0,0.0,0.0,0.0,0.0,0.0,0.0,0.0,0.0,0.0,0.0,0.0,1.0
2011,4,NV,Nevada,Legislation - Smokefree Indoor Air,Restaurants,Restriction Areas,Type of Restriction in Restaurant Bar Area,Banned,4,Ranking,2011-06-17,2011-06-17,"(39.493240390000494, -117.07184056399967)",15GRP,231,0,False,False,5,5,1.0,"['Idaho', 'Utah', 'Arizona', 'California', 'Oregon']",Idaho,6296.0,0.7,West,1975-01-01,36.45722108145106,0,Restaurants - Type of Restriction in Restaurant Bar Area,1,0,1,0.0,0.0,1.0,0.0,0.0,0.0,0.0,0.0,0.0,0.0,0.0,1.0,0.0
2011,3,ME,Maine,Legislation - Smokefree Indoor Air,Smokefree Indoor Air – Other Sites,Restriction Areas,Casinos,Banned,4,Ranking,2011-07-01,2011-07-01,"(45.254228894000505, -68.98503133599962)",15GRP,335,0,False,False,1,0,0.0,[],,,0.0,Northeast,2003-03-26,8.265571526351813,0,Smokefree Indoor Air – Other Sites - Casinos,0,0,1,1.0,0.0,0.0,0.0,0.0,0.0,0.0,0.0,0.0,0.0,0.0,0.0,1.0
2011,3,AR,Arkansas,Legislation - Smokefree Indoor Air,Commercial Day Care Centers,Vehicles,Type of Restriction in Commercial Day Care Vehicle,Banned,4,Ranking,2011-03-30,2011-07-27,"(34.74865012400045, -92.27449074299966)",30GRP,61,119,False,False,6,1,0.1666666666666666,['Louisiana'],Louisiana,1734.0,0.1458333333333333,South,2000-07-13,10.710472279260781,119,Commercial Day Care Centers - Type of Restriction in Commercial Day Care Vehicle,0,0,1,0.0,1.0,0.0,1.0,0.0,0.0,0.0,0.0,0.0,0.0,0.0,0.0,0.0
2012,4,IN,Indiana,Legislation - Smokefree Indoor Air,Smokefree Indoor Air – Other Sites,Restriction Areas,Grocery Stores,Banned,4,Ranking,2012-03-19,2012-07-01,"(39.766910452000445, -86.14996019399968)",15GRP,97,104,False,True,3,2,0.6666666666666666,"['Ohio', 'Illinois']",Ohio,1959.0,0.5833333333333333,Midwest,1975-06-02,36.79671457905544,104,Smokefree Indoor Air – Other Sites - Grocery Stores,0,0,1,0.0,0.0,0.0,0.0,0.0,0.0,0.0,0.0,0.0,0.0,0.0,0.0,1.0
2012,1,MA,Massachusetts,Legislation - Smokefree Indoor Air,Smokefree Indoor Air – Other Sites,Restriction Areas,Casinos,Banned,4,Ranking,2011-11-22,2012-02-20,"(42.27687047000046, -72.08269067499964)",15GRP,335,90,False,False,5,1,0.2,['New York'],New York,3163.0,0.175,Northeast,2003-03-26,8.659822039698836,90,Smokefree Indoor Air – Other Sites - Casinos,0,0,1,1.0,0.0,0.0,0.0,0.0,0.0,0.0,0.0,0.0,0.0,0.0,0.0,1.0
2012,4,IN,Indiana,Legislation - Smokefree Indoor Air,Commercial Day Care Centers,Restrictions,Type of Restriction in Commercial Day Care,Banned,4,Ranking,2012-03-19,2012-07-01,"(39.766910452000445, -86.14996019399968)",10GRP,50,104,False,False,3,3,1.0,"['Michigan', 'Ohio', 'Illinois']",Michigan,6817.0,0.7,Midwest,1963-07-12,48.68720054757016,104,Commercial Day Care Centers - Type of Restriction in Commercial Day Care,0,0,1,0.0,0.0,0.0,1.0,0.0,0.0,0.0,0.0,0.0,0.0,0.0,0.0,0.0
2012,4,IN,Indiana,Legislation - Smokefree Indoor Air,Smokefree Indoor Air – Other Sites,Restriction Areas,Malls,Banned,4,Ranking,2012-03-19,2012-07-01,"(39.766910452000445, -86.14996019399968)",15GRP,96,104,False,True,3,3,1.0,"['Michigan', 'Ohio', 'Illinois']",Michigan,1959.0,0.7,Midwest,1985-05-10,26.858316221765914,104,Smokefree Indoor Air – Other Sites - Malls,0,0,1,0.0,0.0,0.0,0.0,0.0,0.0,0.0,0.0,0.0,0.0,0.0,0.0,1.0
2012,4,ND,North Dakota,Legislation - Smokefree Indoor Air,Government Worksites,Vehicles,Type of Restriction in Government Worksite Vehicle,Banned,4,Ranking,2012-11-05,2012-12-05,"(47.47531977900047, -100.11842104899966)",30GRP,17,30,False,False,3,1,0.3333333333333333,['Minnesota'],Minnesota,9286.0,0.2916666666666666,Midwest,1979-01-01,33.84531143052703,30,Government Worksites - Type of Restriction in Government Worksite Vehicle,0,1,1,0.0,0.0,0.0,0.0,0.0,1.0,0.0,0.0,0.0,0.0,0.0,0.0,0.0
2012,4,ND,North Dakota,Legislation - Smokefree Indoor Air,Smokefree Indoor Air – Other Sites,Restriction Areas,Substance Use - Residential Facilities,Banned,4,Ranking,2012-11-05,2012-12-05,"(47.47531977900047, -100.11842104899966)",15GRP,339,30,False,True,3,1,0.3333333333333333,['Montana'],Montana,2761.0,0.2916666666666666,Midwest,2001-04-12,11.567419575633128,30,Smokefree Indoor Air – Other Sites - Substance Use - Residential Facilities,0,0,1,0.0,0.0,0.0,0.0,0.0,0.0,0.0,0.0,0.0,0.0,0.0,0.0,1.0
2012,3,IN,Indiana,Legislation - Smokefree Indoor Air,Government Worksites,Vehicles,Type of Restriction in Government Worksite Vehicle,Banned,4,Ranking,2012-03-19,2012-07-01,"(39.766910452000445, -86.14996019399968)",30GRP,17,104,False,True,3,2,0.6666666666666666,"['Ohio', 'Illinois']",Ohio,1959.0,0.5833333333333333,Midwest,1979-01-01,33.21286789869952,104,Government Worksites - Type of Restriction in Government Worksite Vehicle,0,1,1,0.0,0.0,0.0,0.0,0.0,1.0,0.0,0.0,0.0,0.0,0.0,0.0,0.0
2012,4,ND,North Dakota,Legislation - Smokefree Indoor Air,Smokefree Indoor Air – Other Sites,Restriction Areas,Substance Use - Outpatient Facilities,Banned,4,Ranking,2012-11-05,2012-12-05,"(47.47531977900047, -100.11842104899966)",15GRP,338,30,False,True,3,2,0.6666666666666666,"['Minnesota', 'Montana']",Minnesota,3441.0,0.5833333333333333,Midwest,2002-05-31,10.433949349760438,30,Smokefree Indoor Air – Other Sites - Substance Use - Outpatient Facilities,0,0,1,0.0,0.0,0.0,0.0,0.0,0.0,0.0,0.0,0.0,0.0,0.0,0.0,1.0
2012,4,ND,North Dakota,Legislation - Smokefree Indoor Air,Smokefree Indoor Air – Other Sites,Restriction Areas,Prisons,Banned,4,Ranking,2012-11-05,2012-12-05,"(47.47531977900047, -100.11842104899966)",15GRP,101,30,False,False,3,1,0.3333333333333333,['Minnesota'],Minnesota,6061.0,0.2916666666666666,Midwest,1990-04-27,22.527036276522928,30,Smokefree Indoor Air – Other Sites - Prisons,0,0,1,0.0,0.0,0.0,0.0,0.0,0.0,0.0,0.0,0.0,0.0,0.0,0.0,1.0
2012,3,IN,Indiana,Legislation - Smokefree Indoor Air,Restaurants,Restriction Areas,Type of Restriction in Restaurant Employee Area,Banned,4,Ranking,2012-03-19,2012-07-01,"(39.766910452000445, -86.14996019399968)",15GRP,232,104,False,True,3,3,1.0,"['Michigan', 'Ohio', 'Illinois']",Michigan,1959.0,0.7,Midwest,1975-01-01,37.21286789869952,104,Restaurants - Type of Restriction in Restaurant Employee Area,1,0,1,0.0,0.0,0.0,0.0,0.0,0.0,0.0,0.0,0.0,0.0,0.0,1.0,0.0
2012,4,ND,North Dakota,Legislation - Smokefree Indoor Air,Bars,Restrictions,Type of Restriction in Bar (Summary),Banned,4,Ranking,2012-11-05,2012-12-05,"(47.47531977900047, -100.11842104899966)",10GRP,234,30,False,True,3,3,1.0,"['Minnesota', 'South Dakota', 'Montana']",Minnesota,2758.0,0.7,Midwest,1979-01-01,33.84531143052703,30,Bars - Type of Restriction in Bar (Summary),0,0,1,0.0,0.0,0.0,0.0,0.0,0.0,0.0,0.0,0.0,0.0,0.0,0.0,0.0
2012,3,OK,Oklahoma,Legislation - Smokefree Indoor Air,Government Worksites,Vehicles,Type of Restriction in Government Worksite Vehicle,Banned,4,Ranking,2012-02-06,2012-08-06,"(35.47203135600046, -97.52107021399968)",30GRP,17,182,False,False,6,1,0.1666666666666666,['Arkansas'],Arkansas,2131.0,0.1458333333333333,South,1979-01-01,33.097878165639976,182,Government Worksites - Type of Restriction in Government Worksite Vehicle,0,1,1,0.0,1.0,0.0,0.0,0.0,1.0,0.0,0.0,0.0,0.0,0.0,0.0,0.0
2012,4,MD,Maryland,Legislation - Smokefree Indoor Air,Smokefree Indoor Air – Other Sites,Restriction Areas,Casinos,Banned,4,Ranking,2012-11-05,2012-12-05,"(39.29058096400047, -76.60926011099963)",15GRP,335,30,False,False,5,0,0.0,[],,,0.0,South,2003-03-26,9.61533196440794,30,Smokefree Indoor Air – Other Sites - Casinos,0,0,1,0.0,1.0,0.0,0.0,0.0,0.0,0.0,0.0,0.0,0.0,0.0,0.0,1.0
2012,3,OK,Oklahoma,Legislation - Smokefree Indoor Air,Government Worksites,Restrictions,Type of Restriction in Government Worksite,Banned,4,Ranking,2012-02-06,2012-08-06,"(35.47203135600046, -97.52107021399968)",10GRP,1,182,False,True,6,4,0.6666666666666666,"['Kansas', 'Arkansas', 'New Mexico', 'Colorado']",Kansas,2142.0,0.5833333333333333,South,1975-06-02,36.681724845995895,182,Government Worksites - Type of Restriction in Government Worksite,0,1,1,0.0,1.0,0.0,0.0,0.0,1.0,0.0,0.0,0.0,0.0,0.0,0.0,0.0
2012,3,IN,Indiana,Legislation - Smokefree Indoor Air,Private Worksites,Restrictions,Type of Restriction in Private Worksite,Banned,4,Ranking,2012-03-19,2012-07-01,"(39.766910452000445, -86.14996019399968)",10GRP,20,104,False,True,3,3,1.0,"['Michigan', 'Ohio', 'Illinois']",Michigan,1959.0,0.7,Midwest,1975-06-02,36.79671457905544,104,Private Worksites - Type of Restriction in Private Worksite,0,1,1,0.0,0.0,0.0,0.0,0.0,0.0,0.0,0.0,0.0,0.0,1.0,0.0,0.0
2012,3,IN,Indiana,Legislation - Smokefree Indoor Air,Restaurants,Restriction Areas,Type of Restriction in Restaurant Patron Area,Banned,4,Ranking,2012-03-19,2012-07-01,"(39.766910452000445, -86.14996019399968)",15GRP,233,104,False,True,3,3,1.0,"['Michigan', 'Ohio', 'Illinois']",Michigan,1959.0,0.7,Midwest,1975-01-01,37.21286789869952,104,Restaurants - Type of Restriction in Restaurant Patron Area,1,0,1,0.0,0.0,0.0,0.0,0.0,0.0,0.0,0.0,0.0,0.0,0.0,1.0,0.0
2012,4,IN,Indiana,Legislation - Smokefree Indoor Air,Smokefree Indoor Air – Other Sites,Restriction Areas,Enclosed Arenas,Banned,4,Ranking,2012-03-19,2012-07-01,"(39.766910452000445, -86.14996019399968)",15GRP,98,104,False,True,3,3,1.0,"['Michigan', 'Ohio', 'Illinois']",Michigan,1959.0,0.7,Midwest,1975-06-02,36.79671457905544,104,Smokefree Indoor Air – Other Sites - Enclosed Arenas,0,0,1,0.0,0.0,0.0,0.0,0.0,0.0,0.0,0.0,0.0,0.0,0.0,0.0,1.0
2012,4,ND,North Dakota,Legislation - Smokefree Indoor Air,Bars,Restriction Areas,Type of Restriction in Bar Employee Area,Banned,4,Ranking,2012-11-05,2012-12-05,"(47.47531977900047, -100.11842104899966)",15GRP,236,30,False,True,3,3,1.0,"['Minnesota', 'South Dakota', 'Montana']",Minnesota,2758.0,0.7,Midwest,1979-01-01,33.84531143052703,30,Bars - Type of Restriction in Bar Employee Area,0,0,1,0.0,0.0,0.0,0.0,0.0,0.0,0.0,0.0,0.0,0.0,0.0,0.0,0.0
2012,4,IN,Indiana,Legislation - Smokefree Indoor Air,Restaurants,Restriction Areas,Type of Restriction in Restaurant Bar Area,Banned,4,Ranking,2012-03-19,2012-07-01,"(39.766910452000445, -86.14996019399968)",15GRP,231,104,False,True,3,3,1.0,"['Michigan', 'Ohio', 'Illinois']",Michigan,1959.0,0.7,Midwest,1975-01-01,37.21286789869952,104,Restaurants - Type of Restriction in Restaurant Bar Area,1,0,1,0.0,0.0,0.0,0.0,0.0,0.0,0.0,0.0,0.0,0.0,0.0,1.0,0.0
2012,3,IN,Indiana,Legislation - Smokefree Indoor Air,Smokefree Indoor Air – Other Sites,Restriction Areas,Hospitals,Banned,4,Ranking,2012-03-19,2012-07-01,"(39.766910452000445, -86.14996019399968)",15GRP,100,104,False,True,3,3,1.0,"['Michigan', 'Ohio', 'Illinois']",Michigan,1959.0,0.7,Midwest,1975-05-05,36.87337440109514,104,Smokefree Indoor Air – Other Sites - Hospitals,0,0,1,0.0,0.0,0.0,0.0,0.0,0.0,0.0,0.0,0.0,0.0,0.0,0.0,1.0
2012,4,IN,Indiana,Legislation - Smokefree Indoor Air,Hotels and Motels,Restrictions,Type of Restriction in Lobby and Common Area of Hotel and Motel,Banned,4,Ranking,2012-03-13,2012-07-01,"(39.766910452000445, -86.14996019399968)",10GRP,81,110,False,True,3,3,1.0,"['Michigan', 'Ohio', 'Illinois']",Michigan,1953.0,0.7,Midwest,1990-01-09,22.17385352498289,110,Hotels and Motels - Type of Restriction in Lobby and Common Area of Hotel and Motel,0,0,1,0.0,0.0,0.0,0.0,0.0,0.0,0.0,1.0,0.0,0.0,0.0,0.0,0.0
2012,4,ND,North Dakota,Legislation - Smokefree Indoor Air,Restaurants,Restrictions,Type of Restriction in Restaurant (Summary),Banned,4,Ranking,2012-11-05,2012-12-05,"(47.47531977900047, -100.11842104899966)",10GRP,37,30,False,True,3,3,1.0,"['Minnesota', 'South Dakota', 'Montana']",Minnesota,2758.0,0.7,Midwest,1975-01-01,37.84531143052703,30,Restaurants - Type of Restriction in Restaurant (Summary),1,0,1,0.0,0.0,0.0,0.0,0.0,0.0,0.0,0.0,0.0,0.0,0.0,1.0,0.0
2012,3,OK,Oklahoma,Legislation - Smokefree Indoor Air,Government Multi-Unit Housing,Restrictions,Type of Restriction in Living Area of Government Multi-Unit Housing,Banned,4,Ranking,2012-02-06,2012-08-06,"(35.47203135600046, -97.52107021399968)",10GRP,116,182,False,False,6,0,0.0,[],,,0.0,South,2012-02-06,0.0,182,Government Multi-Unit Housing - Type of Restriction in Living Area of Government Multi-Unit Housing,0,0,1,0.0,1.0,0.0,0.0,1.0,0.0,0.0,0.0,0.0,0.0,0.0,0.0,0.0
2012,1,MA,Massachusetts,Legislation - Smokefree Indoor Air,Smokefree Indoor Air – Other Sites,Restriction Areas,Casinos (Racetrack),Banned,4,Ranking,2011-11-22,2012-02-20,"(42.27687047000046, -72.08269067499964)",15GRP,336,90,False,False,5,0,0.0,[],,,0.0,Northeast,2002-05-31,9.478439425051334,90,Smokefree Indoor Air – Other Sites - Casinos (Racetrack),0,0,1,1.0,0.0,0.0,0.0,0.0,0.0,0.0,0.0,0.0,0.0,0.0,0.0,1.0
2012,4,MD,Maryland,Legislation - Smokefree Indoor Air,Smokefree Indoor Air – Other Sites,Restriction Areas,Casinos (Racetrack),Banned,4,Ranking,2012-11-05,2012-12-05,"(39.29058096400047, -76.60926011099963)",15GRP,336,30,False,False,5,1,0.2,['Delaware'],Delaware,3811.0,0.175,South,2002-05-31,10.433949349760438,30,Smokefree Indoor Air – Other Sites - Casinos (Racetrack),0,0,1,0.0,1.0,0.0,0.0,0.0,0.0,0.0,0.0,0.0,0.0,0.0,0.0,1.0
2012,4,OK,Oklahoma,Legislation - Smokefree Indoor Air,Government Multi-Unit Housing,Restrictions,Type of Restriction in Lobby and Common Area of Government Multi-Unit Housing,Banned,4,Ranking,2012-02-06,2012-08-06,"(35.47203135600046, -97.52107021399968)",10GRP,115,182,False,True,6,2,0.3333333333333333,"['Kansas', 'Colorado']",Kansas,2142.0,0.2916666666666666,South,1990-04-27,21.779603011635867,182,Government Multi-Unit Housing - Type of Restriction in Lobby and Common Area of Government Multi-Unit Housing,0,0,1,0.0,1.0,0.0,0.0,1.0,0.0,0.0,0.0,0.0,0.0,0.0,0.0,0.0
2012,3,IN,Indiana,Legislation - Smokefree Indoor Air,Restaurants,Restrictions,Type of Restriction in Restaurant (Summary),Banned,4,Ranking,2012-03-19,2012-07-01,"(39.766910452000445, -86.14996019399968)",10GRP,37,104,False,True,3,3,1.0,"['Michigan', 'Ohio', 'Illinois']",Michigan,1959.0,0.7,Midwest,1975-01-01,37.21286789869952,104,Restaurants - Type of Restriction in Restaurant (Summary),1,0,1,0.0,0.0,0.0,0.0,0.0,0.0,0.0,0.0,0.0,0.0,0.0,1.0,0.0
2012,4,ND,North Dakota,Legislation - Smokefree Indoor Air,Bars,Restriction Areas,Type of Restriction in Bar Patron Area,Banned,4,Ranking,2012-11-05,2012-12-05,"(47.47531977900047, -100.11842104899966)",15GRP,235,30,False,True,3,3,1.0,"['Minnesota', 'South Dakota', 'Montana']",Minnesota,2758.0,0.7,Midwest,1979-01-01,33.84531143052703,30,Bars - Type of Restriction in Bar Patron Area,0,0,1,0.0,0.0,0.0,0.0,0.0,0.0,0.0,0.0,0.0,0.0,0.0,0.0,0.0
2012,4,ND,North Dakota,Legislation - Smokefree Indoor Air,Smokefree Indoor Air – Other Sites,Restriction Areas,Malls,Banned,4,Ranking,2012-11-05,2012-12-05,"(47.47531977900047, -100.11842104899966)",15GRP,96,30,False,False,3,3,1.0,"['Minnesota', 'South Dakota', 'Montana']",Minnesota,3909.0,0.7,Midwest,1985-05-10,27.49075975359343,30,Smokefree Indoor Air – Other Sites - Malls,0,0,1,0.0,0.0,0.0,0.0,0.0,0.0,0.0,0.0,0.0,0.0,0.0,0.0,1.0
2012,4,ND,North Dakota,Legislation - Smokefree Indoor Air,Smokefree Indoor Air – Other Sites,Restriction Areas,Mental Health - Outpatient Facilities,Banned,4,Ranking,2012-11-05,2012-12-05,"(47.47531977900047, -100.11842104899966)",15GRP,340,30,False,True,3,2,0.6666666666666666,"['Minnesota', 'Montana']",Minnesota,3441.0,0.5833333333333333,Midwest,1999-01-01,13.845311430527037,30,Smokefree Indoor Air – Other Sites - Mental Health - Outpatient Facilities,0,0,1,0.0,0.0,0.0,0.0,0.0,0.0,0.0,0.0,0.0,0.0,0.0,0.0,1.0
2012,4,IN,Indiana,Legislation - Smokefree Indoor Air,Smokefree Indoor Air – Other Sites,Restriction Areas,Public Transportation,Banned,4,Ranking,2012-03-19,2012-07-01,"(39.766910452000445, -86.14996019399968)",15GRP,99,104,False,True,3,3,1.0,"['Michigan', 'Ohio', 'Illinois']",Michigan,1959.0,0.7,Midwest,1973-05-04,38.874743326488705,104,Smokefree Indoor Air – Other Sites - Public Transportation,0,0,1,0.0,0.0,0.0,0.0,0.0,0.0,0.0,0.0,0.0,0.0,0.0,0.0,1.0
2012,4,ND,North Dakota,Legislation - Smokefree Indoor Air,Restaurants,Restriction Areas,Type of Restriction in Restaurant Bar Area,Banned,4,Ranking,2012-11-05,2012-12-05,"(47.47531977900047, -100.11842104899966)",15GRP,231,30,False,True,3,3,1.0,"['Minnesota', 'South Dakota', 'Montana']",Minnesota,2758.0,0.7,Midwest,1975-01-01,37.84531143052703,30,Restaurants - Type of Restriction in Restaurant Bar Area,1,0,1,0.0,0.0,0.0,0.0,0.0,0.0,0.0,0.0,0.0,0.0,0.0,1.0,0.0
2012,4,ND,North Dakota,Legislation - Smokefree Indoor Air,Smokefree Indoor Air – Other Sites,Restriction Areas,Mental Health - Residential Facilities,Banned,4,Ranking,2012-11-05,2012-12-05,"(47.47531977900047, -100.11842104899966)",15GRP,341,30,False,True,3,1,0.3333333333333333,['Montana'],Montana,2761.0,0.2916666666666666,Midwest,2001-04-12,11.567419575633128,30,Smokefree Indoor Air – Other Sites - Mental Health - Residential Facilities,0,0,1,0.0,0.0,0.0,0.0,0.0,0.0,0.0,0.0,0.0,0.0,0.0,0.0,1.0
2013,3,AR,Arkansas,Legislation - Smokefree Indoor Air,Smokefree Indoor Air – Other Sites,Restriction Areas,Substance Use - Outpatient Facilities,Banned,4,Ranking,2013-04-08,2013-07-07,"(34.74865012400045, -92.27449074299966)",15GRP,338,90,False,False,6,1,0.1666666666666666,['Tennessee'],Tennessee,2128.0,0.1458333333333333,South,2002-05-31,10.855578370978781,90,Smokefree Indoor Air – Other Sites - Substance Use - Outpatient Facilities,0,0,1,0.0,1.0,0.0,0.0,0.0,0.0,0.0,0.0,0.0,0.0,0.0,0.0,1.0
2013,4,AR,Arkansas,Legislation - Smokefree Indoor Air,Smokefree Indoor Air – Other Sites,Restriction Areas,Mental Health - Residential Facilities,Banned,4,Ranking,2013-04-08,2013-07-07,"(34.74865012400045, -92.27449074299966)",15GRP,341,90,False,False,6,1,0.1666666666666666,['Tennessee'],Tennessee,2128.0,0.1458333333333333,South,2001-04-12,11.989048596851472,90,Smokefree Indoor Air – Other Sites - Mental Health - Residential Facilities,0,0,1,0.0,1.0,0.0,0.0,0.0,0.0,0.0,0.0,0.0,0.0,0.0,0.0,1.0
2013,2,UT,Utah,Legislation - Smokefree Indoor Air,Personal Vehicles,Restrictions,Type of Restriction in Personal Vehicle,Banned,4,Ranking,2013-03-28,2013-06-02,"(39.360700171000474, -111.58713063499971)",10GRP,102,66,False,False,5,0,0.0,[],,,0.0,West,2006-04-10,6.965092402464066,66,Personal Vehicles - Type of Restriction in Personal Vehicle,0,0,1,0.0,0.0,1.0,0.0,0.0,0.0,0.0,0.0,1.0,0.0,0.0,0.0,0.0
2013,3,UT,Utah,Legislation - Smokefree Indoor Air,Home-based Day Care Centers,Vehicles,Type of Restriction in Home-Based Day Care Vehicle,Banned,4,Ranking,2013-06-02,2013-06-02,"(39.360700171000474, -111.58713063499971)",30GRP,77,0,False,False,5,0,0.0,[],,,0.0,West,2002-05-31,11.006160164271048,0,Home-based Day Care Centers - Type of Restriction in Home-Based Day Care Vehicle,0,0,1,0.0,0.0,1.0,0.0,0.0,0.0,1.0,0.0,0.0,0.0,0.0,0.0,0.0
2013,3,AR,Arkansas,Legislation - Smokefree Indoor Air,Smokefree Indoor Air – Other Sites,Restriction Areas,Substance Use - Residential Facilities,Banned,4,Ranking,2013-04-08,2013-07-07,"(34.74865012400045, -92.27449074299966)",15GRP,339,90,False,False,6,1,0.1666666666666666,['Tennessee'],Tennessee,2128.0,0.1458333333333333,South,2001-04-12,11.989048596851472,90,Smokefree Indoor Air – Other Sites - Substance Use - Residential Facilities,0,0,1,0.0,1.0,0.0,0.0,0.0,0.0,0.0,0.0,0.0,0.0,0.0,0.0,1.0
2013,3,AR,Arkansas,Legislation - Smokefree Indoor Air,Smokefree Indoor Air – Other Sites,Restriction Areas,Mental Health - Outpatient Facilities,Banned,4,Ranking,2013-04-08,2013-07-07,"(34.74865012400045, -92.27449074299966)",15GRP,340,90,False,False,6,1,0.1666666666666666,['Tennessee'],Tennessee,2128.0,0.1458333333333333,South,1999-01-01,14.26694045174538,90,Smokefree Indoor Air – Other Sites - Mental Health - Outpatient Facilities,0,0,1,0.0,1.0,0.0,0.0,0.0,0.0,0.0,0.0,0.0,0.0,0.0,0.0,1.0
2013,3,UT,Utah,Legislation - Smokefree Indoor Air,Commercial Day Care Centers,Vehicles,Type of Restriction in Commercial Day Care Vehicle,Banned,4,Ranking,2013-06-02,2013-06-02,"(39.360700171000474, -111.58713063499971)",30GRP,61,0,False,False,5,0,0.0,[],,,0.0,West,2000-07-13,12.8870636550308,0,Commercial Day Care Centers - Type of Restriction in Commercial Day Care Vehicle,0,0,1,0.0,0.0,1.0,1.0,0.0,0.0,0.0,0.0,0.0,0.0,0.0,0.0,0.0
2013,4,OK,Oklahoma,Legislation - Smokefree Indoor Air,Government Worksites,Restrictions,Type of Restriction in Government Worksite,Banned,4,Ranking,2013-04-29,2013-11-01,"(35.47203135600046, -97.52107021399968)",10GRP,1,186,False,True,6,4,0.6666666666666666,"['Kansas', 'Arkansas', 'New Mexico', 'Colorado']",Kansas,2590.0,0.5833333333333333,South,1975-06-02,37.908281998631075,186,Government Worksites - Type of Restriction in Government Worksite,0,1,1,0.0,1.0,0.0,0.0,0.0,1.0,0.0,0.0,0.0,0.0,0.0,0.0,0.0
2013,4,OK,Oklahoma,Legislation - Smokefree Indoor Air,Government Multi-Unit Housing,Restrictions,Type of Restriction in Lobby and Common Area of Government Multi-Unit Housing,Banned,4,Ranking,2013-04-29,2013-11-01,"(35.47203135600046, -97.52107021399968)",10GRP,115,186,False,True,6,2,0.3333333333333333,"['Kansas', 'Colorado']",Kansas,2590.0,0.2916666666666666,South,1990-04-27,23.006160164271048,186,Government Multi-Unit Housing - Type of Restriction in Lobby and Common Area of Government Multi-Unit Housing,0,0,1,0.0,1.0,0.0,0.0,1.0,0.0,0.0,0.0,0.0,0.0,0.0,0.0,0.0
2013,4,NY,New York,Legislation - Smokefree Indoor Air,Smokefree Indoor Air – Other Sites,Restriction Areas,Hospital Campuses,Banned,4,Ranking,2013-07-31,2013-10-29,"(42.82700103200045, -75.54397042699964)",15GRP,342,90,False,False,5,0,0.0,[],,,0.0,Northeast,2001-04-12,12.301163586584531,90,Smokefree Indoor Air – Other Sites - Hospital Campuses,0,0,1,1.0,0.0,0.0,0.0,0.0,0.0,0.0,0.0,0.0,0.0,0.0,0.0,1.0
2013,4,OK,Oklahoma,Legislation - Smokefree Indoor Air,Government Multi-Unit Housing,Restrictions,Type of Restriction in Living Area of Government Multi-Unit Housing,Banned,4,Ranking,2013-04-29,2013-11-01,"(35.47203135600046, -97.52107021399968)",10GRP,116,186,False,False,6,0,0.0,[],,,0.0,South,2012-02-06,1.2265571526351813,186,Government Multi-Unit Housing - Type of Restriction in Living Area of Government Multi-Unit Housing,0,0,1,0.0,1.0,0.0,0.0,1.0,0.0,0.0,0.0,0.0,0.0,0.0,0.0,0.0
2013,4,OK,Oklahoma,Legislation - Smokefree Indoor Air,Government Worksites,Vehicles,Type of Restriction in Government Worksite Vehicle,Banned,4,Ranking,2013-04-29,2013-11-01,"(35.47203135600046, -97.52107021399968)",30GRP,17,186,False,False,6,1,0.1666666666666666,['Arkansas'],Arkansas,2579.0,0.1458333333333333,South,1979-01-01,34.32443531827516,186,Government Worksites - Type of Restriction in Government Worksite Vehicle,0,1,1,0.0,1.0,0.0,0.0,0.0,1.0,0.0,0.0,0.0,0.0,0.0,0.0,0.0
2014,3,OR,Oregon,Legislation - Smokefree Indoor Air,Personal Vehicles,Restrictions,Type of Restriction in Personal Vehicle,Banned,4,Ranking,2013-06-11,2014-01-01,"(44.56744942400047, -120.15503132599969)",10GRP,102,204,False,False,4,1,0.25,['California'],California,2016.0,0.21875,West,2006-04-10,7.170431211498974,204,Personal Vehicles - Type of Restriction in Personal Vehicle,0,0,1,0.0,0.0,1.0,0.0,0.0,0.0,0.0,0.0,1.0,0.0,0.0,0.0,0.0
2014,3,VT,Vermont,Legislation - Smokefree Indoor Air,Home-based Day Care Centers,Restrictions,Type of Restriction in Home-Based Day Care,Banned,4,Ranking,2014-05-22,2014-07-01,"(43.62538123900049, -72.51764079099962)",10GRP,65,40,False,False,3,2,0.6666666666666666,"['New York', 'Massachusetts']",New York,4075.0,0.5833333333333333,Northeast,1987-06-04,26.965092402464066,40,Home-based Day Care Centers - Type of Restriction in Home-Based Day Care,0,0,1,1.0,0.0,0.0,0.0,0.0,0.0,1.0,0.0,0.0,0.0,0.0,0.0,0.0
2014,2,OR,Oregon,Legislation - Smokefree Indoor Air,Home-based Day Care Centers,Vehicles,Type of Restriction in Home-Based Day Care Vehicle,Banned,4,Ranking,2013-06-11,2014-01-01,"(44.56744942400047, -120.15503132599969)",30GRP,77,204,False,False,4,0,0.0,[],,,0.0,West,2002-05-31,11.030800821355236,204,Home-based Day Care Centers - Type of Restriction in Home-Based Day Care Vehicle,0,0,1,0.0,0.0,1.0,0.0,0.0,0.0,1.0,0.0,0.0,0.0,0.0,0.0,0.0
2014,3,VT,Vermont,Legislation - Smokefree Indoor Air,Personal Vehicles,Restrictions,Type of Restriction in Personal Vehicle,Banned,4,Ranking,2014-05-22,2014-07-01,"(43.62538123900049, -72.51764079099962)",10GRP,102,40,False,False,3,0,0.0,[],,,0.0,Northeast,2006-04-10,8.114989733059549,40,Personal Vehicles - Type of Restriction in Personal Vehicle,0,0,1,1.0,0.0,0.0,0.0,0.0,0.0,0.0,0.0,1.0,0.0,0.0,0.0,0.0
2014,3,VT,Vermont,Legislation - Smokefree Indoor Air,Commercial Day Care Centers,Vehicles,Type of Restriction in Commercial Day Care Vehicle,Banned,4,Ranking,2014-05-22,2014-07-01,"(43.62538123900049, -72.51764079099962)",30GRP,61,40,False,False,3,0,0.0,[],,,0.0,Northeast,2000-07-13,13.856262833675565,40,Commercial Day Care Centers - Type of Restriction in Commercial Day Care Vehicle,0,0,1,1.0,0.0,0.0,1.0,0.0,0.0,0.0,0.0,0.0,0.0,0.0,0.0,0.0
2014,4,OR,Oregon,Legislation - Smokefree Indoor Air,Commercial Day Care Centers,Vehicles,Type of Restriction in Commercial Day Care Vehicle,Banned,4,Ranking,2013-06-11,2014-01-01,"(44.56744942400047, -120.15503132599969)",30GRP,61,204,False,False,4,1,0.25,['California'],California,2016.0,0.21875,West,2000-07-13,12.91170431211499,204,Commercial Day Care Centers - Type of Restriction in Commercial Day Care Vehicle,0,0,1,0.0,0.0,1.0,1.0,0.0,0.0,0.0,0.0,0.0,0.0,0.0,0.0,0.0
2014,4,OR,Oregon,Legislation - Smokefree Indoor Air,Smokefree Indoor Air – Other Sites,Restriction Areas,Prisons,Banned,4,Ranking,2012-08-02,2014-12-31,"(44.56744942400047, -120.15503132599969)",15GRP,101,881,False,False,4,1,0.25,['California'],California,2866.0,0.21875,West,1990-04-27,22.26694045174538,881,Smokefree Indoor Air – Other Sites - Prisons,0,0,1,0.0,0.0,1.0,0.0,0.0,0.0,0.0,0.0,0.0,0.0,0.0,0.0,1.0
2014,4,VT,Vermont,Legislation - Smokefree Indoor Air,Commercial Day Care Centers,Restrictions,Type of Restriction in Commercial Day Care,Banned,4,Ranking,2014-05-22,2014-07-01,"(43.62538123900049, -72.51764079099962)",10GRP,50,40,False,False,3,3,1.0,"['New York', 'New Hampshire', 'Massachusetts']",New York,8791.0,0.7,Northeast,1963-07-12,50.861054072553046,40,Commercial Day Care Centers - Type of Restriction in Commercial Day Care,0,0,1,1.0,0.0,0.0,1.0,0.0,0.0,0.0,0.0,0.0,0.0,0.0,0.0,0.0
2014,4,VT,Vermont,Legislation - Smokefree Indoor Air,Home-based Day Care Centers,Vehicles,Type of Restriction in Home-Based Day Care Vehicle,Banned,4,Ranking,2014-05-22,2014-07-01,"(43.62538123900049, -72.51764079099962)",30GRP,77,40,False,False,3,0,0.0,[],,,0.0,Northeast,2002-05-31,11.97535934291581,40,Home-based Day Care Centers - Type of Restriction in Home-Based Day Care Vehicle,0,0,1,1.0,0.0,0.0,0.0,0.0,0.0,1.0,0.0,0.0,0.0,0.0,0.0,0.0
2016,2,CA,California,Legislation - Smokefree Indoor Air,Bars,Restrictions,Type of Restriction in Bar (Summary),Banned,4,Ranking,2016-05-04,2016-06-09,"(37.63864012300047, -120.99999953799971)",10GRP,234,36,False,True,3,2,0.6666666666666666,"['Oregon', 'Arizona']",Oregon,3458.0,0.5833333333333333,West,1979-01-01,37.3388090349076,36,Bars - Type of Restriction in Bar (Summary),0,0,1,0.0,0.0,1.0,0.0,0.0,0.0,0.0,0.0,0.0,0.0,0.0,0.0,0.0
2016,4,CA,California,Legislation - Smokefree Indoor Air,Restaurants,Restriction Areas,Type of Restriction in Restaurant Employee Area,Banned,4,Ranking,2016-05-04,2016-06-09,"(37.63864012300047, -120.99999953799971)",15GRP,232,36,False,True,3,3,1.0,"['Oregon', 'Nevada', 'Arizona']",Oregon,3466.0,0.7,West,1975-01-01,41.3388090349076,36,Restaurants - Type of Restriction in Restaurant Employee Area,1,0,1,0.0,0.0,1.0,0.0,0.0,0.0,0.0,0.0,0.0,0.0,0.0,1.0,0.0
2016,4,CA,California,Legislation - Smokefree Indoor Air,Private Worksites,Restrictions,Type of Restriction in Private Worksite,Banned,4,Ranking,2016-05-04,2016-06-09,"(37.63864012300047, -120.99999953799971)",10GRP,20,36,False,True,3,3,1.0,"['Oregon', 'Nevada', 'Arizona']",Oregon,3466.0,0.7,West,1975-06-02,40.92265571526352,36,Private Worksites - Type of Restriction in Private Worksite,0,1,1,0.0,0.0,1.0,0.0,0.0,0.0,0.0,0.0,0.0,0.0,1.0,0.0,0.0
2016,3,CA,California,Legislation - Smokefree Indoor Air,Smokefree Indoor Air – Other Sites,Restriction Areas,Enclosed Arenas,Banned,4,Ranking,2016-05-04,2016-06-09,"(37.63864012300047, -120.99999953799971)",15GRP,98,36,False,True,3,3,1.0,"['Oregon', 'Nevada', 'Arizona']",Oregon,3466.0,0.7,West,1975-06-02,40.92265571526352,36,Smokefree Indoor Air – Other Sites - Enclosed Arenas,0,0,1,0.0,0.0,1.0,0.0,0.0,0.0,0.0,0.0,0.0,0.0,0.0,0.0,1.0
2016,4,CA,California,Legislation - Smokefree Indoor Air,Bars,Restriction Areas,Type of Restriction in Bar Employee Area,Banned,4,Ranking,2016-05-04,2016-06-09,"(37.63864012300047, -120.99999953799971)",15GRP,236,36,False,True,3,2,0.6666666666666666,"['Oregon', 'Arizona']",Oregon,3458.0,0.5833333333333333,West,1979-01-01,37.3388090349076,36,Bars - Type of Restriction in Bar Employee Area,0,0,1,0.0,0.0,1.0,0.0,0.0,0.0,0.0,0.0,0.0,0.0,0.0,0.0,0.0
2016,4,CA,California,Legislation - Smokefree Indoor Air,Hotels and Motels,Restrictions,Type of Restriction in Lobby and Common Area of Hotel and Motel,Banned,4,Ranking,2016-05-04,2016-06-09,"(37.63864012300047, -120.99999953799971)",10GRP,81,36,False,False,3,3,1.0,"['Oregon', 'Nevada', 'Arizona']",Oregon,5374.0,0.7,West,1990-01-09,26.316221765913756,36,Hotels and Motels - Type of Restriction in Lobby and Common Area of Hotel and Motel,0,0,1,0.0,0.0,1.0,0.0,0.0,0.0,0.0,1.0,0.0,0.0,0.0,0.0,0.0
2016,3,CA,California,Legislation - Smokefree Indoor Air,Restaurants,Restrictions,Type of Restriction in Restaurant (Summary),Banned,4,Ranking,2016-05-04,2016-06-09,"(37.63864012300047, -120.99999953799971)",10GRP,37,36,False,True,3,3,1.0,"['Oregon', 'Nevada', 'Arizona']",Oregon,3466.0,0.7,West,1975-01-01,41.3388090349076,36,Restaurants - Type of Restriction in Restaurant (Summary),1,0,1,0.0,0.0,1.0,0.0,0.0,0.0,0.0,0.0,0.0,0.0,0.0,1.0,0.0
2016,3,CA,California,Legislation - Smokefree Indoor Air,Government Worksites,Restrictions,Type of Restriction in Government Worksite,Banned,4,Ranking,2016-05-04,2016-06-09,"(37.63864012300047, -120.99999953799971)",10GRP,1,36,False,True,3,3,1.0,"['Oregon', 'Nevada', 'Arizona']",Oregon,3466.0,0.7,West,1975-06-02,40.92265571526352,36,Government Worksites - Type of Restriction in Government Worksite,0,1,1,0.0,0.0,1.0,0.0,0.0,1.0,0.0,0.0,0.0,0.0,0.0,0.0,0.0
2016,3,CA,California,Legislation - Smokefree Indoor Air,Smokefree Indoor Air – Other Sites,Restriction Areas,Grocery Stores,Banned,4,Ranking,2016-05-04,2016-06-09,"(37.63864012300047, -120.99999953799971)",15GRP,97,36,False,True,3,3,1.0,"['Oregon', 'Nevada', 'Arizona']",Oregon,3466.0,0.7,West,1975-06-02,40.92265571526352,36,Smokefree Indoor Air – Other Sites - Grocery Stores,0,0,1,0.0,0.0,1.0,0.0,0.0,0.0,0.0,0.0,0.0,0.0,0.0,0.0,1.0
2016,4,VA,Virginia,Legislation - Smokefree Indoor Air,Personal Vehicles,Restrictions,Type of Restriction in Personal Vehicle,Banned,4,Ranking,2016-03-25,2016-07-01,"(37.54268067400045, -78.45789046299967)",10GRP,102,98,False,False,5,0,0.0,[],,,0.0,South,2006-04-10,9.957563312799453,98,Personal Vehicles - Type of Restriction in Personal Vehicle,0,0,1,0.0,1.0,0.0,0.0,0.0,0.0,0.0,0.0,1.0,0.0,0.0,0.0,0.0
2016,4,VA,Virginia,Legislation - Smokefree Indoor Air,Commercial Day Care Centers,Vehicles,Type of Restriction in Commercial Day Care Vehicle,Banned,4,Ranking,2016-03-25,2016-07-01,"(37.54268067400045, -78.45789046299967)",30GRP,61,98,False,False,5,2,0.4,"['Maryland', 'District of Columbia']",Maryland,3706.0,0.35,South,2000-07-13,15.698836413415469,98,Commercial Day Care Centers - Type of Restriction in Commercial Day Care Vehicle,0,0,1,0.0,1.0,0.0,1.0,0.0,0.0,0.0,0.0,0.0,0.0,0.0,0.0,0.0
2016,4,CA,California,Legislation - Smokefree Indoor Air,Smokefree Indoor Air – Other Sites,Restriction Areas,Malls,Banned,4,Ranking,2016-05-04,2016-06-09,"(37.63864012300047, -120.99999953799971)",15GRP,96,36,False,True,3,3,1.0,"['Oregon', 'Nevada', 'Arizona']",Oregon,3466.0,0.7,West,1985-05-10,30.98425735797399,36,Smokefree Indoor Air – Other Sites - Malls,0,0,1,0.0,0.0,1.0,0.0,0.0,0.0,0.0,0.0,0.0,0.0,0.0,0.0,1.0
2017,1,NY,New York,Legislation - Smokefree Indoor Air,Smokefree Indoor Air – Other Sites,Restriction Areas,Casinos,Banned,4,Ranking,2003-03-26,2017-02-01,"(42.82700103200045, -75.54397042699964)",15GRP,335,5061,False,False,5,0,0.0,[],,,0.0,Northeast,2003-03-26,0.0,5061,Smokefree Indoor Air – Other Sites - Casinos,0,0,1,1.0,0.0,0.0,0.0,0.0,0.0,0.0,0.0,0.0,0.0,0.0,0.0,1.0
2017,3,CA,California,Legislation - Smokefree Indoor Air,Home-based Day Care Centers,Vehicles,Type of Restriction in Home-Based Day Care Vehicle,Banned,4,Ranking,2016-05-04,2017-01-01,"(37.63864012300047, -120.99999953799971)",30GRP,77,242,False,True,3,1,0.3333333333333333,['Oregon'],Oregon,1058.0,0.2916666666666666,West,2002-05-31,13.927446954140999,242,Home-based Day Care Centers - Type of Restriction in Home-Based Day Care Vehicle,0,0,1,0.0,0.0,1.0,0.0,0.0,0.0,1.0,0.0,0.0,0.0,0.0,0.0,0.0
2017,3,CA,California,Legislation - Smokefree Indoor Air,Smokefree Indoor Air – Other Sites,Restriction Areas,Hospitals,Designated Areas,3,Ranking,2016-05-04,2017-01-01,"(37.63864012300047, -120.99999953799971)",15GRP,100,242,False,False,3,2,0.6666666666666666,"['Oregon', 'Nevada']",Oregon,14975.0,0.5833333333333333,West,1975-05-05,40.99931553730322,242,Smokefree Indoor Air – Other Sites - Hospitals,0,0,0,0.0,0.0,1.0,0.0,0.0,0.0,0.0,0.0,0.0,0.0,0.0,0.0,1.0
2017,1,CA,California,Legislation - Smokefree Indoor Air,Smokefree Indoor Air – Other Sites,Restriction Areas,Public Transportation,Banned,4,Ranking,2016-05-04,2017-01-01,"(37.63864012300047, -120.99999953799971)",15GRP,99,242,False,True,3,3,1.0,"['Oregon', 'Nevada', 'Arizona']",Oregon,3466.0,0.7,West,1973-05-04,43.00068446269678,242,Smokefree Indoor Air – Other Sites - Public Transportation,0,0,1,0.0,0.0,1.0,0.0,0.0,0.0,0.0,0.0,0.0,0.0,0.0,0.0,1.0
2019,4,TN,Tennessee,Legislation - Smokefree Indoor Air,Smokefree Indoor Air – Other Sites,Restriction Areas,Substance Use - Outpatient Facilities,Designated Areas,3,Ranking,2019-04-17,2019-04-17,"(35.68094058000048, -85.77449091399967)",15GRP,338,0,False,False,7,1,0.1428571428571428,['Georgia'],Georgia,5091.0,0.1249999999999999,South,2002-05-31,16.878850102669404,0,Smokefree Indoor Air – Other Sites - Substance Use - Outpatient Facilities,0,0,0,0.0,1.0,0.0,0.0,0.0,0.0,0.0,0.0,0.0,0.0,0.0,0.0,1.0
2019,4,TN,Tennessee,Legislation - Smokefree Indoor Air,Home-based Day Care Centers,Restrictions,Type of Restriction in Home-Based Day Care,Designated Areas,3,Ranking,2019-04-17,2019-04-17,"(35.68094058000048, -85.77449091399967)",10GRP,65,0,False,False,7,2,0.2857142857142857,"['Virginia', 'Alabama']",Virginia,5781.0,0.2499999999999999,South,1987-06-04,31.86858316221766,0,Home-based Day Care Centers - Type of Restriction in Home-Based Day Care,0,0,0,0.0,1.0,0.0,0.0,0.0,0.0,1.0,0.0,0.0,0.0,0.0,0.0,0.0
2019,4,TN,Tennessee,Legislation - Smokefree Indoor Air,Smokefree Indoor Air – Other Sites,Restriction Areas,Mental Health - Residential Facilities,Designated Areas,3,Ranking,2019-04-17,2019-04-17,"(35.68094058000048, -85.77449091399967)",15GRP,341,0,False,False,7,1,0.1428571428571428,['Georgia'],Georgia,5091.0,0.1249999999999999,South,2001-04-12,18.012320328542096,0,Smokefree Indoor Air – Other Sites - Mental Health - Residential Facilities,0,0,0,0.0,1.0,0.0,0.0,0.0,0.0,0.0,0.0,0.0,0.0,0.0,0.0,1.0
2019,3,DC,District of Columbia,Legislation - Smokefree Indoor Air,Private Multi-Unit Housing,Restrictions,Type of Restriction in Lobby and Common Area of Private Multi-Unit Housing,Designated Areas,3,Ranking,2019-01-18,2019-03-22,"(38.89037138500049, -77.03196112699965)",10GRP,125,63,False,False,2,0,0.0,[],,,0.0,South,2002-05-31,16.635181382614647,63,Private Multi-Unit Housing - Type of Restriction in Lobby and Common Area of Private Multi-Unit Housing,0,0,0,0.0,1.0,0.0,0.0,0.0,0.0,0.0,0.0,0.0,1.0,0.0,0.0,0.0
2019,4,CT,Connecticut,Legislation - Smokefree Indoor Air,Commercial Day Care Centers,Restrictions,Type of Restriction in Commercial Day Care,Banned,4,Ranking,2019-06-18,2019-10-01,"(41.56266102000046, -72.64984095199964)",10GRP,50,105,False,False,3,3,1.0,"['New York', 'Massachusetts', 'Rhode Island']",New York,9093.0,0.7,Northeast,1963-07-12,55.93429158110883,105,Commercial Day Care Centers - Type of Restriction in Commercial Day Care,0,0,1,1.0,0.0,0.0,1.0,0.0,0.0,0.0,0.0,0.0,0.0,0.0,0.0,0.0
2019,4,DC,District of Columbia,Legislation - Smokefree Indoor Air,Government Multi-Unit Housing,Restrictions,Type of Restriction in Lobby and Common Area of Government Multi-Unit Housing,Designated Areas,3,Ranking,2019-01-18,2019-03-22,"(38.89037138500049, -77.03196112699965)",10GRP,115,63,False,False,2,0,0.0,[],,,0.0,South,1990-04-27,28.72826830937714,63,Government Multi-Unit Housing - Type of Restriction in Lobby and Common Area of Government Multi-Unit Housing,0,0,0,0.0,1.0,0.0,0.0,1.0,0.0,0.0,0.0,0.0,0.0,0.0,0.0,0.0
2019,4,TN,Tennessee,Legislation - Smokefree Indoor Air,Smokefree Indoor Air – Other Sites,Restriction Areas,Substance Use - Residential Facilities,Designated Areas,3,Ranking,2019-04-17,2019-04-17,"(35.68094058000048, -85.77449091399967)",15GRP,339,0,False,False,7,1,0.1428571428571428,['Georgia'],Georgia,5091.0,0.1249999999999999,South,2001-04-12,18.012320328542096,0,Smokefree Indoor Air – Other Sites - Substance Use - Residential Facilities,0,0,0,0.0,1.0,0.0,0.0,0.0,0.0,0.0,0.0,0.0,0.0,0.0,0.0,1.0
2019,4,TN,Tennessee,Legislation - Smokefree Indoor Air,Smokefree Indoor Air – Other Sites,Restriction Areas,Mental Health - Outpatient Facilities,Designated Areas,3,Ranking,2019-04-17,2019-04-17,"(35.68094058000048, -85.77449091399967)",15GRP,340,0,False,False,7,1,0.1428571428571428,['Georgia'],Georgia,5091.0,0.1249999999999999,South,1999-01-01,20.290212183436,0,Smokefree Indoor Air – Other Sites - Mental Health - Outpatient Facilities,0,0,0,0.0,1.0,0.0,0.0,0.0,0.0,0.0,0.0,0.0,0.0,0.0,0.0,1.0
2019,4,CT,Connecticut,Legislation - Smokefree Indoor Air,Home-based Day Care Centers,Restrictions,Type of Restriction in Home-Based Day Care,Banned,4,Ranking,2019-06-18,2019-10-01,"(41.56266102000046, -72.64984095199964)",10GRP,65,105,False,False,3,3,1.0,"['New York', 'Massachusetts', 'Rhode Island']",New York,6914.0,0.7,Northeast,1987-06-04,32.03832991101985,105,Home-based Day Care Centers - Type of Restriction in Home-Based Day Care,0,0,1,1.0,0.0,0.0,0.0,0.0,0.0,1.0,0.0,0.0,0.0,0.0,0.0,0.0
2020,4,VA,Virginia,Legislation - Smokefree Indoor Air,Commercial Day Care Centers,Vehicles,Type of Restriction in Commercial Day Care Vehicle,Banned,4,Ranking,2020-04-09,2020-07-01,"(37.54268067400045, -78.45789046299967)",30GRP,61,83,False,False,5,2,0.4,"['Maryland', 'District of Columbia']",Maryland,5182.0,0.35,South,2000-07-13,19.73990417522245,83,Commercial Day Care Centers - Type of Restriction in Commercial Day Care Vehicle,0,0,1,0.0,1.0,0.0,1.0,0.0,0.0,0.0,0.0,0.0,0.0,0.0,0.0,0.0
2020,2,IL,Illinois,Legislation - Smokefree Indoor Air,Personal Vehicles,Restrictions,Type of Restriction in Personal Vehicle,Banned,4,Ranking,2019-08-23,2020-06-01,"(40.48501028300046, -88.99771017799969)",10GRP,102,283,False,False,4,0,0.0,[],,,0.0,Midwest,2006-04-10,13.36892539356605,283,Personal Vehicles - Type of Restriction in Personal Vehicle,0,0,1,0.0,0.0,0.0,0.0,0.0,0.0,0.0,0.0,1.0,0.0,0.0,0.0,0.0
2021,4,CT,Connecticut,Legislation - Smokefree Indoor Air,Smokefree Indoor Air – Other Sites,Restriction Areas,Mental Health - Outpatient Facilities,Banned,4,Ranking,2021-06-22,2021-10-01,"(41.56266102000046, -72.64984095199964)",15GRP,340,101,False,False,3,2,0.6666666666666666,"['New York', 'Massachusetts']",New York,6663.0,0.5833333333333333,Northeast,1999-01-01,22.472279260780287,101,Smokefree Indoor Air – Other Sites - Mental Health - Outpatient Facilities,0,0,1,1.0,0.0,0.0,0.0,0.0,0.0,0.0,0.0,0.0,0.0,0.0,0.0,1.0
2021,4,CT,Connecticut,Legislation - Smokefree Indoor Air,Smokefree Indoor Air – Other Sites,Restriction Areas,Substance Use - Residential Facilities,Banned,4,Ranking,2021-06-22,2021-10-01,"(41.56266102000046, -72.64984095199964)",15GRP,339,101,False,False,3,1,0.3333333333333333,['Massachusetts'],Massachusetts,6213.0,0.2916666666666666,Northeast,2001-04-12,20.194387405886378,101,Smokefree Indoor Air – Other Sites - Substance Use - Residential Facilities,0,0,1,1.0,0.0,0.0,0.0,0.0,0.0,0.0,0.0,0.0,0.0,0.0,0.0,1.0
2021,4,CT,Connecticut,Legislation - Smokefree Indoor Air,Government Worksites,Restrictions,Type of Restriction in Government Worksite,Banned,4,Ranking,2021-06-22,2021-10-01,"(41.56266102000046, -72.64984095199964)",10GRP,1,101,False,False,3,3,1.0,"['New York', 'Massachusetts', 'Rhode Island']",New York,8699.0,0.7,Northeast,1975-06-02,46.05612594113621,101,Government Worksites - Type of Restriction in Government Worksite,0,1,1,1.0,0.0,0.0,0.0,0.0,1.0,0.0,0.0,0.0,0.0,0.0,0.0,0.0
2021,4,CT,Connecticut,Legislation - Smokefree Indoor Air,Bars,Restrictions,Type of Restriction in Bar (Summary),Banned,4,Ranking,2021-06-22,2021-10-01,"(41.56266102000046, -72.64984095199964)",10GRP,234,101,False,False,3,3,1.0,"['New York', 'Massachusetts', 'Rhode Island']",New York,6663.0,0.7,Northeast,1979-01-01,42.47227926078029,101,Bars - Type of Restriction in Bar (Summary),0,0,1,1.0,0.0,0.0,0.0,0.0,0.0,0.0,0.0,0.0,0.0,0.0,0.0,0.0
2021,4,CT,Connecticut,Legislation - Smokefree Indoor Air,Smokefree Indoor Air – Other Sites,Restriction Areas,Prisons,Banned,4,Ranking,2021-06-22,2021-10-01,"(41.56266102000046, -72.64984095199964)",15GRP,101,101,False,False,3,0,0.0,[],,,0.0,Northeast,1990-04-27,31.15400410677618,101,Smokefree Indoor Air – Other Sites - Prisons,0,0,1,1.0,0.0,0.0,0.0,0.0,0.0,0.0,0.0,0.0,0.0,0.0,0.0,1.0
2021,4,CT,Connecticut,Legislation - Smokefree Indoor Air,Private Worksites,Restrictions,Type of Restriction in Private Worksite,Banned,4,Ranking,2021-06-22,2021-10-01,"(41.56266102000046, -72.64984095199964)",10GRP,20,101,False,False,3,3,1.0,"['New York', 'Massachusetts', 'Rhode Island']",New York,6663.0,0.7,Northeast,1975-06-02,46.05612594113621,101,Private Worksites - Type of Restriction in Private Worksite,0,1,1,1.0,0.0,0.0,0.0,0.0,0.0,0.0,0.0,0.0,0.0,1.0,0.0,0.0
2021,4,CT,Connecticut,Legislation - Smokefree Indoor Air,Bars,Restriction Areas,Type of Restriction in Bar Employee Area,Banned,4,Ranking,2021-06-22,2021-10-01,"(41.56266102000046, -72.64984095199964)",15GRP,236,101,False,False,3,3,1.0,"['New York', 'Massachusetts', 'Rhode Island']",New York,6663.0,0.7,Northeast,1979-01-01,42.47227926078029,101,Bars - Type of Restriction in Bar Employee Area,0,0,1,1.0,0.0,0.0,0.0,0.0,0.0,0.0,0.0,0.0,0.0,0.0,0.0,0.0
2021,4,CT,Connecticut,Legislation - Smokefree Indoor Air,Smokefree Indoor Air – Other Sites,Restriction Areas,Mental Health - Residential Facilities,Banned,4,Ranking,2021-06-22,2021-10-01,"(41.56266102000046, -72.64984095199964)",15GRP,341,101,False,False,3,1,0.3333333333333333,['Massachusetts'],Massachusetts,6213.0,0.2916666666666666,Northeast,2001-04-12,20.194387405886378,101,Smokefree Indoor Air – Other Sites - Mental Health - Residential Facilities,0,0,1,1.0,0.0,0.0,0.0,0.0,0.0,0.0,0.0,0.0,0.0,0.0,0.0,1.0
2021,4,CT,Connecticut,Legislation - Smokefree Indoor Air,Restaurants,Restrictions,Type of Restriction in Restaurant (Summary),Banned,4,Ranking,2021-06-22,2021-10-01,"(41.56266102000046, -72.64984095199964)",10GRP,37,101,False,False,3,3,1.0,"['New York', 'Massachusetts', 'Rhode Island']",New York,6663.0,0.7,Northeast,1975-01-01,46.47227926078029,101,Restaurants - Type of Restriction in Restaurant (Summary),1,0,1,1.0,0.0,0.0,0.0,0.0,0.0,0.0,0.0,0.0,0.0,0.0,1.0,0.0
2021,4,CT,Connecticut,Legislation - Smokefree Indoor Air,Restaurants,Restriction Areas,Type of Restriction in Restaurant Employee Area,Banned,4,Ranking,2021-06-22,2021-10-01,"(41.56266102000046, -72.64984095199964)",15GRP,232,101,False,False,3,3,1.0,"['New York', 'Massachusetts', 'Rhode Island']",New York,6663.0,0.7,Northeast,1975-01-01,46.47227926078029,101,Restaurants - Type of Restriction in Restaurant Employee Area,1,0,1,1.0,0.0,0.0,0.0,0.0,0.0,0.0,0.0,0.0,0.0,0.0,1.0,0.0
2021,4,CT,Connecticut,Legislation - Smokefree Indoor Air,Smokefree Indoor Air – Other Sites,Restriction Areas,Substance Use - Outpatient Facilities,Banned,4,Ranking,2021-06-22,2021-10-01,"(41.56266102000046, -72.64984095199964)",15GRP,338,101,False,False,3,2,0.6666666666666666,"['New York', 'Massachusetts']",New York,6663.0,0.5833333333333333,Northeast,2002-05-31,19.06091718001369,101,Smokefree Indoor Air – Other Sites - Substance Use - Outpatient Facilities,0,0,1,1.0,0.0,0.0,0.0,0.0,0.0,0.0,0.0,0.0,0.0,0.0,0.0,1.0
2021,4,CT,Connecticut,Legislation - Smokefree Indoor Air,Smokefree Indoor Air – Other Sites,Restriction Areas,Hospital Campuses,Designated Areas,3,Ranking,2021-06-22,2021-10-01,"(41.56266102000046, -72.64984095199964)",15GRP,342,101,False,False,3,0,0.0,[],,,0.0,Northeast,2001-04-12,20.194387405886378,101,Smokefree Indoor Air – Other Sites - Hospital Campuses,0,0,0,1.0,0.0,0.0,0.0,0.0,0.0,0.0,0.0,0.0,0.0,0.0,0.0,1.0
2021,4,CT,Connecticut,Legislation - Smokefree Indoor Air,Smokefree Indoor Air – Other Sites,Restriction Areas,Malls,Banned,4,Ranking,2021-06-22,2021-10-01,"(41.56266102000046, -72.64984095199964)",15GRP,96,101,False,False,3,1,0.3333333333333333,['New York'],New York,6663.0,0.2916666666666666,Northeast,1985-05-10,36.11772758384668,101,Smokefree Indoor Air – Other Sites - Malls,0,0,1,1.0,0.0,0.0,0.0,0.0,0.0,0.0,0.0,0.0,0.0,0.0,0.0,1.0
2023,4,DE,Delaware,Legislation - Smokefree Indoor Air,Personal Vehicles,Restrictions,Type of Restriction in Personal Vehicle,Banned,4,Ranking,2023-09-20,2023-09-20,"(39.008830667000495, -75.57774116799965)",10GRP,102,0,False,False,3,0,0.0,[],,,0.0,South,2006-04-10,17.44558521560575,0,Personal Vehicles - Type of Restriction in Personal Vehicle,0,0,1,0.0,1.0,0.0,0.0,0.0,0.0,0.0,0.0,1.0,0.0,0.0,0.0,0.0
2023,4,AL,Alabama,Legislation - Smokefree Indoor Air,Personal Vehicles,Restrictions,Type of Restriction in Personal Vehicle,Banned,4,Ranking,2023-05-02,2023-08-01,"(32.84057112200048, -86.63186076199969)",10GRP,102,91,False,False,4,0,0.0,[],,,0.0,South,2006-04-10,17.059548254620122,91,Personal Vehicles - Type of Restriction in Personal Vehicle,0,0,1,0.0,1.0,0.0,0.0,0.0,0.0,0.0,0.0,1.0,0.0,0.0,0.0,0.0
2024,3,WV,West Virginia,Legislation - Smokefree Indoor Air,Personal Vehicles,Restrictions,Type of Restriction in Personal Vehicle,Banned,4,Ranking,2024-03-22,2024-06-05,"(38.66551020200046, -80.71264013499967)",10GRP,102,75,False,False,4,1,0.25,['Virginia'],Virginia,2919.0,0.21875,South,2006-04-10,17.949349760438057,75,Personal Vehicles - Type of Restriction in Personal Vehicle,0,0,1,0.0,1.0,0.0,0.0,0.0,0.0,0.0,0.0,1.0,0.0,0.0,0.0,0.0
